{"v":"5.4.4","fr":24,"ip":0,"op":28,"w":50,"h":50,"nm":"trash-bin","ddd":0,"assets":[],"layers":[{"ddd":0,"ind":1,"ty":4,"nm":"Lid","sr":1,"ks":{"o":{"a":0,"k":100,"ix":11},"r":{"a":1,"k":[{"i":{"x":[0.667],"y":[1]},"o":{"x":[0.333],"y":[0]},"t":9,"s":[0],"e":[12]},{"i":{"x":[0.667],"y":[1]},"o":{"x":[0.333],"y":[0]},"t":16,"s":[12],"e":[0]},{"t":21}],"ix":10},"p":{"a":1,"k":[{"i":{"x":0.667,"y":1},"o":{"x":0.333,"y":0},"t":3,"s":[40,6,0],"e":[40,14,0],"to":[0,0,0],"ti":[0,0,0]},{"i":{"x":0.667,"y":1},"o":{"x":0.333,"y":0},"t":9,"s":[40,14,0],"e":[40,10,0],"to":[0,0,0],"ti":[0,0,0]},{"i":{"x":0.667,"y":0.667},"o":{"x":0.333,"y":0.333},"t":16,"s":[40,10,0],"e":[40,10,0],"to":[0,0,0],"ti":[0,0,0]},{"i":{"x":0.667,"y":1},"o":{"x":0.333,"y":0},"t":21,"s":[40,10,0],"e":[40,6,0],"to":[0,0,0],"ti":[0,0,0]},{"t":25}],"ix":2},"a":{"a":0,"k":[40,6,0],"ix":1},"s":{"a":0,"k":[100,100,100],"ix":6}},"ao":0,"shapes":[{"ty":"gr","it":[{"ind":0,"ty":"sh","ix":1,"ks":{"a":0,"k":{"i":[[0,0],[0,0]],"o":[[0,0],[0,0]],"v":[[8,6],[42,6]],"c":false},"ix":2},"nm":"Path 1","mn":"ADBE Vector Shape - Group","hd":false},{"ty":"st","c":{"a":0,"k":[0,0,0,1],"ix":3},"o":{"a":0,"k":100,"ix":4},"w":{"a":0,"k":2,"ix":5},"lc":2,"lj":1,"ml":10,"bm":0,"nm":"Stroke 1","mn":"ADBE Vector Graphic - Stroke","hd":false},{"ty":"tr","p":{"a":0,"k":[0,0],"ix":2},"a":{"a":0,"k":[0,0],"ix":1},"s":{"a":0,"k":[100,100],"ix":3},"r":{"a":0,"k":0,"ix":6},"o":{"a":0,"k":100,"ix":7},"sk":{"a":0,"k":0,"ix":4},"sa":{"a":0,"k":0,"ix":5},"nm":"Transform"}],"nm":"Group 4","np":2,"cix":2,"bm":0,"ix":1,"mn":"ADBE Vector Group","hd":false},{"ty":"gr","it":[{"ind":0,"ty":"sh","ix":1,"ks":{"a":0,"k":{"i":[[0,0],[0,0],[-1.104,0],[0,0],[0,-1.104],[0,0]],"o":[[0,0],[0,-1.104],[0,0],[1.104,0],[0,0],[0,0]],"v":[[-6,2.5],[-6,-0.5],[-4,-2.5],[4,-2.5],[6,-0.5],[6,2.5]],"c":false},"ix":2},"nm":"Path 1","mn":"ADBE Vector Shape - Group","hd":false},{"ty":"st","c":{"a":0,"k":[0,0,0,1],"ix":3},"o":{"a":0,"k":100,"ix":4},"w":{"a":0,"k":2,"ix":5},"lc":2,"lj":1,"ml":10,"bm":0,"nm":"Stroke 1","mn":"ADBE Vector Graphic - Stroke","hd":false},{"ty":"tr","p":{"a":0,"k":[25,3.5],"ix":2},"a":{"a":0,"k":[0,0],"ix":1},"s":{"a":0,"k":[100,100],"ix":3},"r":{"a":0,"k":0,"ix":6},"o":{"a":0,"k":100,"ix":7},"sk":{"a":0,"k":0,"ix":4},"sa":{"a":0,"k":0,"ix":5},"nm":"Transform"}],"nm":"Group 6","np":2,"cix":2,"bm":0,"ix":2,"mn":"ADBE Vector Group","hd":false}],"ip":0,"op":28,"st":0,"bm":0},{"ddd":0,"ind":2,"ty":4,"nm":"Bin","sr":1,"ks":{"o":{"a":0,"k":100,"ix":11},"r":{"a":0,"k":0,"ix":10},"p":{"a":0,"k":[25,49,0],"ix":2},"a":{"a":0,"k":[25,49,0],"ix":1},"s":{"a":1,"k":[{"i":{"x":[0.667,0.667,0.667],"y":[1,1,1]},"o":{"x":[0.333,0.333,0.333],"y":[0,0,0]},"t":3,"s":[100,100,100],"e":[100,80,100]},{"i":{"x":[0.667,0.667,0.667],"y":[1,1,1]},"o":{"x":[0.333,0.333,0.333],"y":[0,0,0]},"t":9,"s":[100,80,100],"e":[100,90,100]},{"i":{"x":[0.667,0.667,0.667],"y":[1,1,1]},"o":{"x":[0.333,0.333,0.333],"y":[0,0,0]},"t":16,"s":[100,90,100],"e":[100,90,100]},{"i":{"x":[0.667,0.667,0.667],"y":[1,1,1]},"o":{"x":[0.333,0.333,0.333],"y":[0,0,0]},"t":21,"s":[100,90,100],"e":[100,100,100]},{"t":25}],"ix":6}},"ao":0,"shapes":[{"ty":"gr","it":[{"ind":0,"ty":"sh","ix":1,"ks":{"a":1,"k":[{"i":{"x":0.667,"y":1},"o":{"x":0.333,"y":0},"t":3,"s":[{"i":[[0,0],[0,-5.604],[0,0]],"o":[[0,0],[0,5.396],[0,0]],"v":[[19,11],[19,27.813],[19,44]],"c":false}],"e":[{"i":[[0,0],[0,-10.525],[0,0]],"o":[[0,0],[0,10.134],[0,0]],"v":[[19,11],[18.49,28.23],[19,44]],"c":false}]},{"i":{"x":0.667,"y":1},"o":{"x":0.333,"y":0},"t":9,"s":[{"i":[[0,0],[0,-10.525],[0,0]],"o":[[0,0],[0,10.134],[0,0]],"v":[[19,11],[18.49,28.23],[19,44]],"c":false}],"e":[{"i":[[0,0],[0,-7.006],[0,0]],"o":[[0,0],[0,6.746],[0,0]],"v":[[19,11],[19.528,27.932],[19,44]],"c":false}]},{"i":{"x":0.667,"y":1},"o":{"x":0.333,"y":0},"t":16,"s":[{"i":[[0,0],[0,-7.006],[0,0]],"o":[[0,0],[0,6.746],[0,0]],"v":[[19,11],[19.528,27.932],[19,44]],"c":false}],"e":[{"i":[[0,0],[0,-7.107],[0,0]],"o":[[0,0],[0,6.843],[0,0]],"v":[[19,11],[18.654,27.94],[19,44]],"c":false}]},{"i":{"x":0.667,"y":1},"o":{"x":0.333,"y":0},"t":21,"s":[{"i":[[0,0],[0,-7.107],[0,0]],"o":[[0,0],[0,6.843],[0,0]],"v":[[19,11],[18.654,27.94],[19,44]],"c":false}],"e":[{"i":[[0,0],[0,-5.604],[0,0]],"o":[[0,0],[0,5.396],[0,0]],"v":[[19,11],[19,27.813],[19,44]],"c":false}]},{"t":25}],"ix":2},"nm":"Path 1","mn":"ADBE Vector Shape - Group","hd":false},{"ty":"st","c":{"a":0,"k":[0,0,0,1],"ix":3},"o":{"a":0,"k":100,"ix":4},"w":{"a":0,"k":2,"ix":5},"lc":2,"lj":1,"ml":10,"bm":0,"nm":"Stroke 1","mn":"ADBE Vector Graphic - Stroke","hd":false},{"ty":"tr","p":{"a":0,"k":[0,0],"ix":2},"a":{"a":0,"k":[0,0],"ix":1},"s":{"a":0,"k":[100,100],"ix":3},"r":{"a":0,"k":0,"ix":6},"o":{"a":0,"k":100,"ix":7},"sk":{"a":0,"k":0,"ix":4},"sa":{"a":0,"k":0,"ix":5},"nm":"Transform"}],"nm":"Group 1","np":2,"cix":2,"bm":0,"ix":1,"mn":"ADBE Vector Group","hd":false},{"ty":"gr","it":[{"ind":0,"ty":"sh","ix":1,"ks":{"a":1,"k":[{"i":{"x":0.667,"y":1},"o":{"x":0.333,"y":0},"t":3,"s":[{"i":[[0,0],[0,-5.521],[0,0]],"o":[[0,0],[0,5.479],[0,0]],"v":[[31,11],[31,27.563],[31,44]],"c":false}],"e":[{"i":[[0,0],[0,-10.369],[0,0]],"o":[[0,0],[0,10.29],[0,0]],"v":[[31,11],[31.511,27.761],[31,44]],"c":false}]},{"i":{"x":0.667,"y":1},"o":{"x":0.333,"y":0},"t":9,"s":[{"i":[[0,0],[0,-10.369],[0,0]],"o":[[0,0],[0,10.29],[0,0]],"v":[[31,11],[31.511,27.761],[31,44]],"c":false}],"e":[{"i":[[0,0],[0,-6.902],[0,0]],"o":[[0,0],[0,6.85],[0,0]],"v":[[31,11],[30.471,27.619],[31,44]],"c":false}]},{"i":{"x":0.667,"y":1},"o":{"x":0.333,"y":0},"t":16,"s":[{"i":[[0,0],[0,-6.902],[0,0]],"o":[[0,0],[0,6.85],[0,0]],"v":[[31,11],[30.471,27.619],[31,44]],"c":false}],"e":[{"i":[[0,0],[0,-7.001],[0,0]],"o":[[0,0],[0,6.948],[0,0]],"v":[[31,11],[31.347,27.623],[31,44]],"c":false}]},{"i":{"x":0.667,"y":1},"o":{"x":0.333,"y":0},"t":21,"s":[{"i":[[0,0],[0,-7.001],[0,0]],"o":[[0,0],[0,6.948],[0,0]],"v":[[31,11],[31.347,27.623],[31,44]],"c":false}],"e":[{"i":[[0,0],[0,-5.521],[0,0]],"o":[[0,0],[0,5.479],[0,0]],"v":[[31,11],[31,27.563],[31,44]],"c":false}]},{"t":25}],"ix":2},"nm":"Path 1","mn":"ADBE Vector Shape - Group","hd":false},{"ty":"st","c":{"a":0,"k":[0,0,0,1],"ix":3},"o":{"a":0,"k":100,"ix":4},"w":{"a":0,"k":2,"ix":5},"lc":2,"lj":1,"ml":10,"bm":0,"nm":"Stroke 1","mn":"ADBE Vector Graphic - Stroke","hd":false},{"ty":"tr","p":{"a":0,"k":[0,0],"ix":2},"a":{"a":0,"k":[0,0],"ix":1},"s":{"a":0,"k":[100,100],"ix":3},"r":{"a":0,"k":0,"ix":6},"o":{"a":0,"k":100,"ix":7},"sk":{"a":0,"k":0,"ix":4},"sa":{"a":0,"k":0,"ix":5},"nm":"Transform"}],"nm":"Group 2","np":2,"cix":2,"bm":0,"ix":2,"mn":"ADBE Vector Group","hd":false},{"ty":"gr","it":[{"ind":0,"ty":"sh","ix":1,"ks":{"a":1,"k":[{"i":{"x":0.667,"y":1},"o":{"x":0.333,"y":0},"t":3,"s":[{"i":[[0,0],[0,-5.5],[0,0]],"o":[[0,0],[0,5.5],[0,0]],"v":[[25,11],[25,27.5],[25,44]],"c":false}],"e":[{"i":[[0,0],[0,-10.329],[0,0]],"o":[[0,0],[0,10.329],[0,0]],"v":[[25,11],[25.001,27.643],[25,44]],"c":false}]},{"i":{"x":0.667,"y":1},"o":{"x":0.333,"y":0},"t":9,"s":[{"i":[[0,0],[0,-10.329],[0,0]],"o":[[0,0],[0,10.329],[0,0]],"v":[[25,11],[25.001,27.643],[25,44]],"c":false}],"e":[{"i":[[0,0],[0,-6.876],[0,0]],"o":[[0,0],[0,6.876],[0,0]],"v":[[25,11],[24.999,27.541],[25,44]],"c":false}]},{"i":{"x":0.667,"y":1},"o":{"x":0.333,"y":0},"t":16,"s":[{"i":[[0,0],[0,-6.876],[0,0]],"o":[[0,0],[0,6.876],[0,0]],"v":[[25,11],[24.999,27.541],[25,44]],"c":false}],"e":[{"i":[[0,0],[0,-6.975],[0,0]],"o":[[0,0],[0,6.975],[0,0]],"v":[[25,11],[25,27.544],[25,44]],"c":false}]},{"i":{"x":0.667,"y":1},"o":{"x":0.333,"y":0},"t":21,"s":[{"i":[[0,0],[0,-6.975],[0,0]],"o":[[0,0],[0,6.975],[0,0]],"v":[[25,11],[25,27.544],[25,44]],"c":false}],"e":[{"i":[[0,0],[0,-5.5],[0,0]],"o":[[0,0],[0,5.5],[0,0]],"v":[[25,11],[25,27.5],[25,44]],"c":false}]},{"t":25}],"ix":2},"nm":"Path 1","mn":"ADBE Vector Shape - Group","hd":false},{"ty":"st","c":{"a":0,"k":[0,0,0,1],"ix":3},"o":{"a":0,"k":100,"ix":4},"w":{"a":0,"k":2,"ix":5},"lc":2,"lj":1,"ml":10,"bm":0,"nm":"Stroke 1","mn":"ADBE Vector Graphic - Stroke","hd":false},{"ty":"tr","p":{"a":0,"k":[0,0],"ix":2},"a":{"a":0,"k":[0,0],"ix":1},"s":{"a":0,"k":[100,100],"ix":3},"r":{"a":0,"k":0,"ix":6},"o":{"a":0,"k":100,"ix":7},"sk":{"a":0,"k":0,"ix":4},"sa":{"a":0,"k":0,"ix":5},"nm":"Transform"}],"nm":"Group 3","np":2,"cix":2,"bm":0,"ix":3,"mn":"ADBE Vector Group","hd":false},{"ty":"gr","it":[{"ind":0,"ty":"sh","ix":1,"ks":{"a":1,"k":[{"i":{"x":0.667,"y":1},"o":{"x":0.333,"y":0},"t":3,"s":[{"i":[[0,0],[0.646,-7.248],[0,0],[0.861,0],[0,0],[0.078,0.873],[0.59,6.624],[0,0]],"o":[[0,0],[-0.585,6.561],[-0.078,0.873],[0,0],[-0.86,0],[0,0],[-0.64,-7.184],[0,0]],"v":[[15,-21.5],[13.062,0.244],[11.307,19.926],[9.608,21.5],[-9.609,21.5],[-11.308,19.926],[-13.079,0.053],[-15,-21.5]],"c":false}],"e":[{"i":[[0,0],[0.701,-13.612],[0,0],[0.861,0],[0,0],[0.078,0.873],[0.641,12.441],[0,0]],"o":[[0,0],[-0.635,12.321],[-0.078,0.873],[0,0],[-0.86,0],[0,0],[-0.695,-13.493],[0,0]],"v":[[15,-21.5],[14.174,0.602],[11.307,19.926],[9.608,21.5],[-9.609,21.5],[-11.308,19.926],[-14.192,0.243],[-15,-21.5]],"c":false}]},{"i":{"x":0.667,"y":1},"o":{"x":0.333,"y":0},"t":9,"s":[{"i":[[0,0],[0.701,-13.612],[0,0],[0.861,0],[0,0],[0.078,0.873],[0.641,12.441],[0,0]],"o":[[0,0],[-0.635,12.321],[-0.078,0.873],[0,0],[-0.86,0],[0,0],[-0.695,-13.493],[0,0]],"v":[[15,-21.5],[14.174,0.602],[11.307,19.926],[9.608,21.5],[-9.609,21.5],[-11.308,19.926],[-14.192,0.243],[-15,-21.5]],"c":false}],"e":[{"i":[[0,0],[0.589,-9.062],[0,0],[0.861,0],[0,0],[0.078,0.873],[0.538,8.282],[0,0]],"o":[[0,0],[-0.533,8.202],[-0.078,0.873],[0,0],[-0.86,0],[0,0],[-0.584,-8.982],[0,0]],"v":[[15,-21.5],[11.911,0.346],[11.307,19.926],[9.608,21.5],[-9.609,21.5],[-11.308,19.926],[-11.928,0.107],[-15,-21.5]],"c":false}]},{"i":{"x":0.667,"y":1},"o":{"x":0.333,"y":0},"t":16,"s":[{"i":[[0,0],[0.589,-9.062],[0,0],[0.861,0],[0,0],[0.078,0.873],[0.538,8.282],[0,0]],"o":[[0,0],[-0.533,8.202],[-0.078,0.873],[0,0],[-0.86,0],[0,0],[-0.584,-8.982],[0,0]],"v":[[15,-21.5],[11.911,0.346],[11.307,19.926],[9.608,21.5],[-9.609,21.5],[-11.308,19.926],[-11.928,0.107],[-15,-21.5]],"c":false}],"e":[{"i":[[0,0],[0.683,-9.192],[0,0],[0.861,0],[0,0],[0.078,0.873],[0.624,8.401],[0,0]],"o":[[0,0],[-0.619,8.32],[-0.078,0.873],[0,0],[-0.86,0],[0,0],[-0.677,-9.111],[0,0]],"v":[[15,-21.5],[13.817,0.354],[11.307,19.926],[9.608,21.5],[-9.609,21.5],[-11.308,19.926],[-13.834,0.111],[-15,-21.5]],"c":false}]},{"i":{"x":0.667,"y":1},"o":{"x":0.333,"y":0},"t":21,"s":[{"i":[[0,0],[0.683,-9.192],[0,0],[0.861,0],[0,0],[0.078,0.873],[0.624,8.401],[0,0]],"o":[[0,0],[-0.619,8.32],[-0.078,0.873],[0,0],[-0.86,0],[0,0],[-0.677,-9.111],[0,0]],"v":[[15,-21.5],[13.817,0.354],[11.307,19.926],[9.608,21.5],[-9.609,21.5],[-11.308,19.926],[-13.834,0.111],[-15,-21.5]],"c":false}],"e":[{"i":[[0,0],[0.646,-7.248],[0,0],[0.861,0],[0,0],[0.078,0.873],[0.59,6.624],[0,0]],"o":[[0,0],[-0.585,6.561],[-0.078,0.873],[0,0],[-0.86,0],[0,0],[-0.64,-7.184],[0,0]],"v":[[15,-21.5],[13.062,0.244],[11.307,19.926],[9.608,21.5],[-9.609,21.5],[-11.308,19.926],[-13.079,0.053],[-15,-21.5]],"c":false}]},{"t":25}],"ix":2},"nm":"Path 1","mn":"ADBE Vector Shape - Group","hd":false},{"ty":"st","c":{"a":0,"k":[0,0,0,1],"ix":3},"o":{"a":0,"k":100,"ix":4},"w":{"a":0,"k":2,"ix":5},"lc":2,"lj":1,"ml":10,"bm":0,"nm":"Stroke 1","mn":"ADBE Vector Graphic - Stroke","hd":false},{"ty":"tr","p":{"a":0,"k":[25,27.5],"ix":2},"a":{"a":0,"k":[0,0],"ix":1},"s":{"a":0,"k":[100,100],"ix":3},"r":{"a":0,"k":0,"ix":6},"o":{"a":0,"k":100,"ix":7},"sk":{"a":0,"k":0,"ix":4},"sa":{"a":0,"k":0,"ix":5},"nm":"Transform"}],"nm":"Group 5","np":2,"cix":2,"bm":0,"ix":4,"mn":"ADBE Vector Group","hd":false}],"ip":0,"op":28,"st":0,"bm":0}],"markers":[]}