{"v":"5.6.3","fr":24,"ip":0,"op":28,"w":50,"h":50,"nm":"beating-hearts","ddd":0,"assets":[],"layers":[{"ddd":0,"ind":1,"ty":4,"nm":"front heart","sr":1,"ks":{"o":{"a":0,"k":100,"ix":11},"r":{"a":0,"k":0,"ix":10},"p":{"a":0,"k":[25,25,0],"ix":2},"a":{"a":0,"k":[25,25,0],"ix":1},"s":{"a":0,"k":[100,100,100],"ix":6}},"ao":0,"shapes":[{"ty":"gr","it":[{"ind":0,"ty":"sh","ix":1,"ks":{"a":1,"k":[{"i":{"x":0.833,"y":0.833},"o":{"x":0.167,"y":0.167},"t":3,"s":[{"i":[[4.076,1.326],[1.969,-1.559],[2.568,0.837],[1.327,-4.076],[-2.688,-4.277],[-2.803,8.608]],"o":[[-2.565,-0.836],[-0.674,-2.42],[-4.075,-1.326],[-2.803,8.607],[4.691,-1.872],[1.325,-4.075]],"v":[[9.288,-8.016],[2.066,-6.715],[-3.008,-12.021],[-12.788,-7.044],[-4.467,13.346],[14.266,1.764]],"c":true}]},{"i":{"x":0.833,"y":0.833},"o":{"x":0.167,"y":0.167},"t":8,"s":[{"i":[[3.756,1.224],[1.815,-1.437],[2.367,0.77],[1.223,-3.757],[-2.478,-3.942],[-2.58,7.935]],"o":[[-2.364,-0.771],[-0.621,-2.231],[-3.756,-1.222],[-2.584,7.933],[4.324,-1.725],[1.221,-3.756]],"v":[[8.589,-7.364],[1.932,-6.165],[-2.745,-11.056],[-11.759,-6.468],[-4.089,12.326],[13.178,1.65]],"c":true}]},{"i":{"x":0.833,"y":0.833},"o":{"x":0.167,"y":0.167},"t":12,"s":[{"i":[[4.076,1.326],[1.969,-1.559],[2.568,0.837],[1.327,-4.076],[-2.688,-4.277],[-2.803,8.608]],"o":[[-2.565,-0.836],[-0.674,-2.42],[-4.075,-1.326],[-2.803,8.607],[4.691,-1.872],[1.325,-4.075]],"v":[[9.288,-8.016],[2.066,-6.715],[-3.008,-12.021],[-12.788,-7.044],[-4.467,13.346],[14.266,1.764]],"c":true}]},{"i":{"x":0.833,"y":0.833},"o":{"x":0.167,"y":0.167},"t":16,"s":[{"i":[[3.756,1.224],[1.815,-1.437],[2.367,0.77],[1.223,-3.757],[-2.478,-3.942],[-2.58,7.935]],"o":[[-2.364,-0.771],[-0.621,-2.231],[-3.756,-1.222],[-2.584,7.933],[4.324,-1.725],[1.221,-3.756]],"v":[[8.589,-7.364],[1.932,-6.165],[-2.745,-11.056],[-11.759,-6.468],[-4.089,12.326],[13.178,1.65]],"c":true}]},{"t":21,"s":[{"i":[[4.076,1.326],[1.969,-1.559],[2.568,0.837],[1.327,-4.076],[-2.688,-4.277],[-2.803,8.608]],"o":[[-2.565,-0.836],[-0.674,-2.42],[-4.075,-1.326],[-2.803,8.607],[4.691,-1.872],[1.325,-4.075]],"v":[[9.288,-8.016],[2.066,-6.715],[-3.008,-12.021],[-12.788,-7.044],[-4.467,13.346],[14.266,1.764]],"c":true}]}],"ix":2},"nm":"Path 1","mn":"ADBE Vector Shape - Group","hd":false},{"ty":"st","c":{"a":0,"k":[0,0,0,1],"ix":3},"o":{"a":0,"k":100,"ix":4},"w":{"a":0,"k":2,"ix":5},"lc":2,"lj":1,"ml":10,"bm":0,"nm":"Stroke 1","mn":"ADBE Vector Graphic - Stroke","hd":false},{"ty":"tr","p":{"a":0,"k":[34.351,30.403],"ix":2},"a":{"a":0,"k":[0,0],"ix":1},"s":{"a":0,"k":[100,100],"ix":3},"r":{"a":0,"k":0,"ix":6},"o":{"a":0,"k":100,"ix":7},"sk":{"a":0,"k":0,"ix":4},"sa":{"a":0,"k":0,"ix":5},"nm":"Transform"}],"nm":"Group 1","np":2,"cix":2,"bm":0,"ix":1,"mn":"ADBE Vector Group","hd":false}],"ip":0,"op":28,"st":0,"bm":0},{"ddd":0,"ind":2,"ty":4,"nm":"back heart","sr":1,"ks":{"o":{"a":0,"k":100,"ix":11},"r":{"a":0,"k":0,"ix":10},"p":{"a":0,"k":[25,25,0],"ix":2},"a":{"a":0,"k":[25,25,0],"ix":1},"s":{"a":0,"k":[100,100,100],"ix":6}},"ao":0,"shapes":[{"ty":"gr","it":[{"ind":0,"ty":"sh","ix":1,"ks":{"a":1,"k":[{"i":{"x":0.833,"y":0.833},"o":{"x":0.167,"y":0.167},"t":5,"s":[{"i":[[0,0],[0,1.254],[6.025,0],[1.954,-2.942],[3.795,0],[0,-6.024],[-5.455,-4.545],[-1.868,1.287]],"o":[[0.26,-1.142],[0,-6.024],[-3.796,0],[-1.954,-2.942],[-6.025,0],[0,12.728],[1.223,-1.018],[0,0]],"v":[[19.599,-2.999],[20,-6.591],[9.091,-17.5],[0,-12.5],[-9.09,-17.5],[-20,-6.591],[0,17.5],[4.767,14.064]],"c":false}]},{"i":{"x":0.833,"y":0.833},"o":{"x":0.167,"y":0.167},"t":10,"s":[{"i":[[0,0],[0,1.101],[5.291,0],[1.716,-2.583],[3.332,0],[0,-5.29],[-4.79,-3.991],[-1.64,1.13]],"o":[[0.228,-1.003],[0,-5.29],[-3.333,0],[-1.716,-2.583],[-5.291,0],[0,11.177],[1.074,-0.894],[0,0]],"v":[[17.148,-2.688],[17.5,-5.842],[7.921,-15.422],[-0.062,-11.031],[-8.044,-15.422],[-17.625,-5.842],[-0.062,15.313],[4.124,12.296]],"c":false}]},{"i":{"x":0.833,"y":0.833},"o":{"x":0.167,"y":0.167},"t":14,"s":[{"i":[[0,0],[0,1.254],[6.025,0],[1.954,-2.942],[3.795,0],[0,-6.024],[-5.455,-4.545],[-1.868,1.287]],"o":[[0.26,-1.142],[0,-6.024],[-3.796,0],[-1.954,-2.942],[-6.025,0],[0,12.728],[1.223,-1.018],[0,0]],"v":[[19.599,-2.999],[20,-6.591],[9.091,-17.5],[0,-12.5],[-9.09,-17.5],[-20,-6.591],[0,17.5],[4.767,14.064]],"c":false}]},{"i":{"x":0.833,"y":0.833},"o":{"x":0.167,"y":0.167},"t":18,"s":[{"i":[[0,0],[0,1.101],[5.291,0],[1.716,-2.583],[3.332,0],[0,-5.29],[-4.79,-3.991],[-1.64,1.13]],"o":[[0.228,-1.003],[0,-5.29],[-3.333,0],[-1.716,-2.583],[-5.291,0],[0,11.177],[1.074,-0.894],[0,0]],"v":[[17.148,-2.688],[17.5,-5.842],[7.921,-15.422],[-0.062,-11.031],[-8.044,-15.422],[-17.625,-5.842],[-0.062,15.313],[4.124,12.296]],"c":false}]},{"t":23,"s":[{"i":[[0,0],[0,1.254],[6.025,0],[1.954,-2.942],[3.795,0],[0,-6.024],[-5.455,-4.545],[-1.868,1.287]],"o":[[0.26,-1.142],[0,-6.024],[-3.796,0],[-1.954,-2.942],[-6.025,0],[0,12.728],[1.223,-1.018],[0,0]],"v":[[19.599,-2.999],[20,-6.591],[9.091,-17.5],[0,-12.5],[-9.09,-17.5],[-20,-6.591],[0,17.5],[4.767,14.064]],"c":false}]}],"ix":2},"nm":"Path 1","mn":"ADBE Vector Shape - Group","hd":false},{"ty":"st","c":{"a":0,"k":[0,0,0,1],"ix":3},"o":{"a":0,"k":100,"ix":4},"w":{"a":0,"k":2,"ix":5},"lc":2,"lj":1,"ml":10,"bm":0,"nm":"Stroke 1","mn":"ADBE Vector Graphic - Stroke","hd":false},{"ty":"tr","p":{"a":0,"k":[21,24.5],"ix":2},"a":{"a":0,"k":[0,0],"ix":1},"s":{"a":0,"k":[100,100],"ix":3},"r":{"a":0,"k":0,"ix":6},"o":{"a":0,"k":100,"ix":7},"sk":{"a":0,"k":0,"ix":4},"sa":{"a":0,"k":0,"ix":5},"nm":"Transform"}],"nm":"Group 1","np":2,"cix":2,"bm":0,"ix":1,"mn":"ADBE Vector Group","hd":false}],"ip":0,"op":28,"st":0,"bm":0}],"markers":[]}