{"v":"5.4.4","fr":24,"ip":0,"op":28,"w":50,"h":50,"nm":"circles-menu-7","ddd":0,"assets":[],"layers":[{"ddd":0,"ind":1,"ty":4,"nm":"Circle 3","sr":1,"ks":{"o":{"a":0,"k":100,"ix":11},"r":{"a":0,"k":0,"ix":10},"p":{"s":true,"x":{"a":0,"k":41,"ix":3},"y":{"a":0,"k":25,"ix":4}},"a":{"a":0,"k":[25,25,0],"ix":1},"s":{"a":0,"k":[100,100,100],"ix":6}},"ao":0,"shapes":[{"ty":"gr","it":[{"ind":0,"ty":"sh","ix":1,"ks":{"a":1,"k":[{"i":{"x":0.833,"y":0.833},"o":{"x":0.333,"y":0},"t":16,"s":[{"i":[[0,2.762],[2.762,0],[0,-2.761],[-2.761,0]],"o":[[0,-2.761],[-2.761,0],[0,2.762],[2.762,0]],"v":[[5,0],[0,-5],[-5,0],[0,5]],"c":true}],"e":[{"i":[[-0.026,2.433],[3.563,-0.018],[0,-2.352],[-3.469,-0.005]],"o":[[0.027,-2.46],[-3.469,0.018],[0,2.38],[3.656,0.005]],"v":[[5,0],[0,-5.951],[-5,0],[0,5.973]],"c":true}]},{"i":{"x":0.667,"y":1},"o":{"x":0.167,"y":0.167},"t":18,"s":[{"i":[[-0.026,2.433],[3.563,-0.018],[0,-2.352],[-3.469,-0.005]],"o":[[0.027,-2.46],[-3.469,0.018],[0,2.38],[3.656,0.005]],"v":[[5,0],[0,-5.951],[-5,0],[0,5.973]],"c":true}],"e":[{"i":[[-0.061,1.999],[2.762,0],[0,-1.813],[-2.761,0]],"o":[[0.063,-2.063],[-2.761,0],[0,1.875],[2.762,0]],"v":[[5,0],[0,-3],[-5,0],[0,2.98]],"c":true}]},{"i":{"x":0.667,"y":1},"o":{"x":0.333,"y":0},"t":22,"s":[{"i":[[-0.061,1.999],[2.762,0],[0,-1.813],[-2.761,0]],"o":[[0.063,-2.063],[-2.761,0],[0,1.875],[2.762,0]],"v":[[5,0],[0,-3],[-5,0],[0,2.98]],"c":true}],"e":[{"i":[[0,2.762],[2.762,0],[0,-2.761],[-2.761,0]],"o":[[0,-2.761],[-2.761,0],[0,2.762],[2.762,0]],"v":[[5,0],[0,-5],[-5,0],[0,5]],"c":true}]},{"t":26}],"ix":2},"nm":"Path 3","mn":"ADBE Vector Shape - Group","hd":false},{"ty":"st","c":{"a":0,"k":[0,0,0,1],"ix":3},"o":{"a":0,"k":100,"ix":4},"w":{"a":0,"k":2,"ix":5},"lc":1,"lj":1,"ml":10,"bm":0,"nm":"Stroke 1","mn":"ADBE Vector Graphic - Stroke","hd":false},{"ty":"tr","p":{"a":0,"k":[25,25],"ix":2},"a":{"a":0,"k":[0,0],"ix":1},"s":{"a":0,"k":[100,100],"ix":3},"r":{"a":0,"k":0,"ix":6},"o":{"a":0,"k":100,"ix":7},"sk":{"a":0,"k":0,"ix":4},"sa":{"a":0,"k":0,"ix":5},"nm":"Transform"}],"nm":"Group 1","np":2,"cix":2,"bm":0,"ix":1,"mn":"ADBE Vector Group","hd":false}],"ip":0,"op":29,"st":0,"bm":0},{"ddd":0,"ind":2,"ty":4,"nm":"Circle 2","sr":1,"ks":{"o":{"a":0,"k":100,"ix":11},"r":{"a":0,"k":0,"ix":10},"p":{"s":true,"x":{"a":0,"k":25,"ix":3},"y":{"a":0,"k":25,"ix":4}},"a":{"a":0,"k":[25,25,0],"ix":1},"s":{"a":0,"k":[100,100,100],"ix":6}},"ao":0,"shapes":[{"ty":"gr","it":[{"ind":0,"ty":"sh","ix":1,"ks":{"a":1,"k":[{"i":{"x":0.833,"y":0.833},"o":{"x":0.333,"y":0},"t":8,"s":[{"i":[[0,2.762],[2.762,0],[0,-2.761],[-2.761,0]],"o":[[0,-2.761],[-2.761,0],[0,2.762],[2.762,0]],"v":[[30,25],[25,20],[20,25],[25,30]],"c":true}],"e":[{"i":[[-0.026,2.433],[3.563,0.003],[0,-2.352],[-3.375,-0.005]],"o":[[0.027,-2.46],[-3.438,-0.003],[0,2.38],[3.344,0.005]],"v":[[30,25],[25,19.034],[20,25],[25,31.005]],"c":true}]},{"i":{"x":0.667,"y":1},"o":{"x":0.167,"y":0.167},"t":10,"s":[{"i":[[-0.026,2.433],[3.563,0.003],[0,-2.352],[-3.375,-0.005]],"o":[[0.027,-2.46],[-3.438,-0.003],[0,2.38],[3.344,0.005]],"v":[[30,25],[25,19.034],[20,25],[25,31.005]],"c":true}],"e":[{"i":[[-0.061,1.999],[2.762,0],[0,-1.813],[-2.761,0]],"o":[[0.063,-2.063],[-2.761,0],[0,1.875],[2.762,0]],"v":[[30,25],[25,22],[20,25],[25,27.98]],"c":true}]},{"i":{"x":0.667,"y":1},"o":{"x":0.333,"y":0},"t":14,"s":[{"i":[[-0.061,1.999],[2.762,0],[0,-1.813],[-2.761,0]],"o":[[0.063,-2.063],[-2.761,0],[0,1.875],[2.762,0]],"v":[[30,25],[25,22],[20,25],[25,27.98]],"c":true}],"e":[{"i":[[0,2.762],[2.762,0],[0,-2.761],[-2.761,0]],"o":[[0,-2.761],[-2.761,0],[0,2.762],[2.762,0]],"v":[[30,25],[25,20],[20,25],[25,30]],"c":true}]},{"t":18}],"ix":2},"nm":"Path 1","mn":"ADBE Vector Shape - Group","hd":false},{"ty":"st","c":{"a":0,"k":[0,0,0,1],"ix":3},"o":{"a":0,"k":100,"ix":4},"w":{"a":0,"k":2,"ix":5},"lc":1,"lj":1,"ml":10,"bm":0,"nm":"Stroke 1","mn":"ADBE Vector Graphic - Stroke","hd":false},{"ty":"tr","p":{"a":0,"k":[0,0],"ix":2},"a":{"a":0,"k":[0,0],"ix":1},"s":{"a":0,"k":[100,100],"ix":3},"r":{"a":0,"k":0,"ix":6},"o":{"a":0,"k":100,"ix":7},"sk":{"a":0,"k":0,"ix":4},"sa":{"a":0,"k":0,"ix":5},"nm":"Transform"}],"nm":"Group 2","np":2,"cix":2,"bm":0,"ix":1,"mn":"ADBE Vector Group","hd":false}],"ip":0,"op":29,"st":0,"bm":0},{"ddd":0,"ind":3,"ty":4,"nm":"Circle 1","sr":1,"ks":{"o":{"a":0,"k":100,"ix":11},"r":{"a":0,"k":0,"ix":10},"p":{"s":true,"x":{"a":0,"k":-7,"ix":3},"y":{"a":0,"k":25,"ix":4}},"a":{"a":0,"k":[9.031,25,0],"ix":1},"s":{"a":0,"k":[100,100,100],"ix":6}},"ao":0,"shapes":[{"ty":"gr","it":[{"ind":0,"ty":"sh","ix":1,"ks":{"a":1,"k":[{"i":{"x":0.833,"y":0.833},"o":{"x":0.333,"y":0},"t":0,"s":[{"i":[[0,2.762],[2.762,0],[0,-2.761],[-2.761,0]],"o":[[0,-2.761],[-2.761,0],[0,2.762],[2.762,0]],"v":[[30,25],[25,20],[20,25],[25,30]],"c":true}],"e":[{"i":[[-0.026,2.433],[3.453,-0.003],[0,-2.352],[-3.297,0.003]],"o":[[0.027,-2.46],[-3.328,0.002],[0,2.38],[3.422,-0.003]],"v":[[30,25],[25,18.987],[20,25],[25,31.013]],"c":true}]},{"i":{"x":0.667,"y":1},"o":{"x":0.167,"y":0.167},"t":2,"s":[{"i":[[-0.026,2.433],[3.453,-0.003],[0,-2.352],[-3.297,0.003]],"o":[[0.027,-2.46],[-3.328,0.002],[0,2.38],[3.422,-0.003]],"v":[[30,25],[25,18.987],[20,25],[25,31.013]],"c":true}],"e":[{"i":[[-0.061,1.999],[2.762,0],[0,-1.813],[-2.761,0]],"o":[[0.063,-2.063],[-2.761,0],[0,1.875],[2.762,0]],"v":[[30,25],[25,22],[20,25],[25,27.98]],"c":true}]},{"i":{"x":0.667,"y":1},"o":{"x":0.333,"y":0},"t":6,"s":[{"i":[[-0.061,1.999],[2.762,0],[0,-1.813],[-2.761,0]],"o":[[0.063,-2.063],[-2.761,0],[0,1.875],[2.762,0]],"v":[[30,25],[25,22],[20,25],[25,27.98]],"c":true}],"e":[{"i":[[0,2.762],[2.762,0],[0,-2.761],[-2.761,0]],"o":[[0,-2.761],[-2.761,0],[0,2.762],[2.762,0]],"v":[[30,25],[25,20],[20,25],[25,30]],"c":true}]},{"t":10}],"ix":2},"nm":"Path 1","mn":"ADBE Vector Shape - Group","hd":false},{"ty":"st","c":{"a":0,"k":[0,0,0,1],"ix":3},"o":{"a":0,"k":100,"ix":4},"w":{"a":0,"k":2,"ix":5},"lc":1,"lj":1,"ml":10,"bm":0,"nm":"Stroke 1","mn":"ADBE Vector Graphic - Stroke","hd":false},{"ty":"tr","p":{"a":0,"k":[0,0],"ix":2},"a":{"a":0,"k":[0,0],"ix":1},"s":{"a":0,"k":[100,100],"ix":3},"r":{"a":0,"k":0,"ix":6},"o":{"a":0,"k":100,"ix":7},"sk":{"a":0,"k":0,"ix":4},"sa":{"a":0,"k":0,"ix":5},"nm":"Transform"}],"nm":"Group 2","np":2,"cix":2,"bm":0,"ix":1,"mn":"ADBE Vector Group","hd":false}],"ip":0,"op":29,"st":0,"bm":0}],"markers":[]}