{"v":"5.6.3","fr":24,"ip":0,"op":28,"w":50,"h":50,"nm":"money","ddd":0,"assets":[],"layers":[{"ddd":0,"ind":1,"ty":3,"nm":"Rotation Control","sr":1,"ks":{"o":{"a":0,"k":100,"ix":11},"r":{"a":1,"k":[{"i":{"x":[0.35],"y":[1]},"o":{"x":[0.65],"y":[0]},"t":3,"s":[0]},{"i":{"x":[0.35],"y":[1]},"o":{"x":[0.65],"y":[0]},"t":8,"s":[-7]},{"i":{"x":[0.35],"y":[1]},"o":{"x":[0.65],"y":[0]},"t":12,"s":[0]},{"i":{"x":[0.35],"y":[1]},"o":{"x":[0.65],"y":[0]},"t":16,"s":[0]},{"i":{"x":[0.35],"y":[1]},"o":{"x":[0.65],"y":[0]},"t":20,"s":[-7]},{"t":25,"s":[0]}],"ix":10},"p":{"a":1,"k":[{"i":{"x":0.35,"y":1},"o":{"x":0.65,"y":0},"t":3,"s":[2.875,7,0],"to":[0,0,0],"ti":[0,0,0]},{"i":{"x":0.35,"y":1},"o":{"x":0.65,"y":0},"t":8,"s":[1.625,7,0],"to":[0,0,0],"ti":[0,0,0]},{"i":{"x":0.35,"y":0.35},"o":{"x":0.65,"y":0.65},"t":12,"s":[2.875,7,0],"to":[0,0,0],"ti":[0,0,0]},{"i":{"x":0.35,"y":1},"o":{"x":0.65,"y":0},"t":16,"s":[2.875,7,0],"to":[0,0,0],"ti":[0,0,0]},{"i":{"x":0.35,"y":1},"o":{"x":0.65,"y":0},"t":20,"s":[1.625,7,0],"to":[0,0,0],"ti":[0,0,0]},{"t":25,"s":[2.875,7,0]}],"ix":2},"a":{"a":0,"k":[-22.125,-18,0],"ix":1},"s":{"a":0,"k":[100,100,100],"ix":6}},"ao":0,"ip":0,"op":28,"st":0,"bm":0},{"ddd":0,"ind":2,"ty":4,"nm":"Bank Note 1 ","parent":1,"sr":1,"ks":{"o":{"a":0,"k":100,"ix":11},"r":{"a":0,"k":0,"ix":10},"p":{"a":0,"k":[0,0,0],"ix":2},"a":{"a":0,"k":[25,25,0],"ix":1},"s":{"a":0,"k":[100,100,100],"ix":6}},"ao":0,"shapes":[{"ty":"gr","it":[{"ind":0,"ty":"sh","ix":1,"ks":{"a":0,"k":{"i":[[0,0],[0,1.657],[1.657,0],[0,0],[2.761,0],[0,-2.761],[0,0],[0,-1.657],[-1.657,0]],"o":[[1.657,0],[0,-1.657],[0,0],[0,-2.761],[-2.761,0],[0,0],[-1.657,0],[0,1.657],[0,0]],"v":[[6,5.5],[9,2.5],[6,-0.5],[5,-0.5],[0,-5.5],[-5,-0.5],[-6,-0.5],[-9,2.5],[-6,5.5]],"c":false},"ix":2},"nm":"Path 1","mn":"ADBE Vector Shape - Group","hd":false},{"ty":"st","c":{"a":0,"k":[0,0,0,1],"ix":3},"o":{"a":0,"k":100,"ix":4},"w":{"a":0,"k":2,"ix":5},"lc":2,"lj":2,"bm":0,"nm":"Stroke 1","mn":"ADBE Vector Graphic - Stroke","hd":false},{"ty":"tr","p":{"a":0,"k":[25,17.5],"ix":2},"a":{"a":0,"k":[0,0],"ix":1},"s":{"a":0,"k":[100,100],"ix":3},"r":{"a":0,"k":0,"ix":6},"o":{"a":0,"k":100,"ix":7},"sk":{"a":0,"k":0,"ix":4},"sa":{"a":0,"k":0,"ix":5},"nm":"Transform"}],"nm":"Group 1","np":2,"cix":2,"bm":0,"ix":1,"mn":"ADBE Vector Group","hd":false},{"ty":"gr","it":[{"ind":0,"ty":"sh","ix":1,"ks":{"a":0,"k":{"i":[[0,0],[0,0]],"o":[[0,0],[0,0]],"v":[[10,7],[10,31]],"c":false},"ix":2},"nm":"Path 1","mn":"ADBE Vector Shape - Group","hd":false},{"ty":"st","c":{"a":0,"k":[0,0,0,1],"ix":3},"o":{"a":0,"k":100,"ix":4},"w":{"a":0,"k":2,"ix":5},"lc":2,"lj":2,"bm":0,"nm":"Stroke 1","mn":"ADBE Vector Graphic - Stroke","hd":false},{"ty":"tr","p":{"a":0,"k":[0,0],"ix":2},"a":{"a":0,"k":[0,0],"ix":1},"s":{"a":0,"k":[100,100],"ix":3},"r":{"a":0,"k":0,"ix":6},"o":{"a":0,"k":100,"ix":7},"sk":{"a":0,"k":0,"ix":4},"sa":{"a":0,"k":0,"ix":5},"nm":"Transform"}],"nm":"Group 2","np":2,"cix":2,"bm":0,"ix":2,"mn":"ADBE Vector Group","hd":false},{"ty":"gr","it":[{"ind":0,"ty":"sh","ix":1,"ks":{"a":0,"k":{"i":[[0,0],[0,0]],"o":[[0,0],[0,0]],"v":[[40,7],[40,31]],"c":false},"ix":2},"nm":"Path 1","mn":"ADBE Vector Shape - Group","hd":false},{"ty":"st","c":{"a":0,"k":[0,0,0,1],"ix":3},"o":{"a":0,"k":100,"ix":4},"w":{"a":0,"k":2,"ix":5},"lc":2,"lj":2,"bm":0,"nm":"Stroke 1","mn":"ADBE Vector Graphic - Stroke","hd":false},{"ty":"tr","p":{"a":0,"k":[0,0],"ix":2},"a":{"a":0,"k":[0,0],"ix":1},"s":{"a":0,"k":[100,100],"ix":3},"r":{"a":0,"k":0,"ix":6},"o":{"a":0,"k":100,"ix":7},"sk":{"a":0,"k":0,"ix":4},"sa":{"a":0,"k":0,"ix":5},"nm":"Transform"}],"nm":"Group 3","np":2,"cix":2,"bm":0,"ix":3,"mn":"ADBE Vector Group","hd":false},{"ty":"gr","it":[{"ind":0,"ty":"sh","ix":1,"ks":{"a":0,"k":{"i":[[0,0],[0,0],[0,0],[0,0]],"o":[[0,0],[0,0],[0,0],[0,0]],"v":[[-22,-12],[22,-12],[22,12],[-22,12]],"c":true},"ix":2},"nm":"Path 1","mn":"ADBE Vector Shape - Group","hd":false},{"ty":"st","c":{"a":0,"k":[0,0,0,1],"ix":3},"o":{"a":0,"k":100,"ix":4},"w":{"a":0,"k":2,"ix":5},"lc":2,"lj":2,"bm":0,"nm":"Stroke 1","mn":"ADBE Vector Graphic - Stroke","hd":false},{"ty":"tr","p":{"a":0,"k":[25,19],"ix":2},"a":{"a":0,"k":[0,0],"ix":1},"s":{"a":0,"k":[100,100],"ix":3},"r":{"a":0,"k":0,"ix":6},"o":{"a":0,"k":100,"ix":7},"sk":{"a":0,"k":0,"ix":4},"sa":{"a":0,"k":0,"ix":5},"nm":"Transform"}],"nm":"Group 4","np":2,"cix":2,"bm":0,"ix":4,"mn":"ADBE Vector Group","hd":false}],"ip":0,"op":28,"st":0,"bm":0},{"ddd":0,"ind":3,"ty":4,"nm":"Bank Note 2 Mask ","parent":4,"td":1,"sr":1,"ks":{"o":{"a":0,"k":100,"ix":11},"r":{"a":0,"k":0,"ix":10},"p":{"a":0,"k":[25,25,0],"ix":2},"a":{"a":0,"k":[25,25,0],"ix":1},"s":{"a":0,"k":[100,100,100],"ix":6}},"ao":0,"shapes":[{"ty":"gr","it":[{"ind":0,"ty":"sh","ix":1,"ks":{"a":0,"k":{"i":[[0,0],[0,0],[0,0],[0,0]],"o":[[0,0],[0,0],[0,0],[0,0]],"v":[[-25,9],[25,9],[25,-9],[-25,-9]],"c":true},"ix":2},"nm":"Path 1","mn":"ADBE Vector Shape - Group","hd":false},{"ty":"fl","c":{"a":0,"k":[1,0,0,1],"ix":4},"o":{"a":0,"k":100,"ix":5},"r":1,"bm":0,"nm":"Fill 1","mn":"ADBE Vector Graphic - Fill","hd":false},{"ty":"tr","p":{"a":0,"k":[25,24],"ix":2},"a":{"a":0,"k":[0,0],"ix":1},"s":{"a":0,"k":[100,100],"ix":3},"r":{"a":0,"k":0,"ix":6},"o":{"a":0,"k":100,"ix":7},"sk":{"a":0,"k":0,"ix":4},"sa":{"a":0,"k":0,"ix":5},"nm":"Transform"}],"nm":"Group 1","np":2,"cix":2,"bm":0,"ix":1,"mn":"ADBE Vector Group","hd":false}],"ip":0,"op":28,"st":0,"bm":0},{"ddd":0,"ind":4,"ty":4,"nm":"Bank Note 2 ","parent":1,"tt":2,"sr":1,"ks":{"o":{"a":0,"k":100,"ix":11},"r":{"a":0,"k":0,"ix":10},"p":{"a":0,"k":[0,0,0],"ix":2},"a":{"a":0,"k":[25,25,0],"ix":1},"s":{"a":0,"k":[100,100,100],"ix":6}},"ao":0,"shapes":[{"ty":"gr","it":[{"ind":0,"ty":"sh","ix":1,"ks":{"a":1,"k":[{"i":{"x":0.833,"y":0.833},"o":{"x":0.64,"y":0},"t":3,"s":[{"i":[[0,0],[0,0]],"o":[[0,0],[0,0]],"v":[[38,34],[38,37.673]],"c":false}]},{"i":{"x":0.36,"y":1},"o":{"x":0.167,"y":0.167},"t":6,"s":[{"i":[[0,0],[0,0]],"o":[[0,0],[0,0]],"v":[[38,29.817],[38.05,34.311]],"c":false}]},{"i":{"x":0.36,"y":1},"o":{"x":0.64,"y":0},"t":8,"s":[{"i":[[0,0],[0,0]],"o":[[0,0],[0,0]],"v":[[38,28.375],[38,32.048]],"c":false}]},{"i":{"x":0.833,"y":0.833},"o":{"x":0.64,"y":0},"t":20,"s":[{"i":[[0,0],[0,0]],"o":[[0,0],[0,0]],"v":[[38,28.375],[38,32.048]],"c":false}]},{"i":{"x":0.36,"y":1},"o":{"x":0.167,"y":0.167},"t":22,"s":[{"i":[[0,0],[0,0]],"o":[[0,0],[0,0]],"v":[[38,29.817],[38.113,34.317]],"c":false}]},{"t":25,"s":[{"i":[[0,0],[0,0]],"o":[[0,0],[0,0]],"v":[[38,34],[38,37.673]],"c":false}]}],"ix":2},"nm":"Path 1","mn":"ADBE Vector Shape - Group","hd":false},{"ty":"st","c":{"a":0,"k":[0,0,0,1],"ix":3},"o":{"a":0,"k":100,"ix":4},"w":{"a":0,"k":2,"ix":5},"lc":2,"lj":2,"bm":0,"nm":"Stroke 1","mn":"ADBE Vector Graphic - Stroke","hd":false},{"ty":"tr","p":{"a":0,"k":[0,0],"ix":2},"a":{"a":0,"k":[0,0],"ix":1},"s":{"a":0,"k":[100,100],"ix":3},"r":{"a":0,"k":0,"ix":6},"o":{"a":0,"k":100,"ix":7},"sk":{"a":0,"k":0,"ix":4},"sa":{"a":0,"k":0,"ix":5},"nm":"Transform"}],"nm":"Group 1","np":2,"cix":2,"bm":0,"ix":1,"mn":"ADBE Vector Group","hd":false},{"ty":"gr","it":[{"ind":0,"ty":"sh","ix":1,"ks":{"a":1,"k":[{"i":{"x":0.36,"y":1},"o":{"x":0.64,"y":0},"t":3,"s":[{"i":[[0,0],[0,0],[0,0]],"o":[[29.083,0],[0,0],[0,0]],"v":[[-20.5,-3],[20.5,3],[20.5,-3]],"c":false}]},{"i":{"x":0.36,"y":1},"o":{"x":0.64,"y":0},"t":8,"s":[{"i":[[0,0],[0,0],[0,0]],"o":[[29.083,0],[0,0],[0,0]],"v":[[-20.5,-3],[20.5,-3],[20.5,-9]],"c":false}]},{"i":{"x":0.36,"y":1},"o":{"x":0.64,"y":0},"t":20,"s":[{"i":[[0,0],[0,0],[0,0]],"o":[[29.083,0],[0,0],[0,0]],"v":[[-20.5,-3],[20.5,-3],[20.5,-9]],"c":false}]},{"t":25,"s":[{"i":[[0,0],[0,0],[0,0]],"o":[[29.083,0],[0,0],[0,0]],"v":[[-20.5,-3],[20.5,3],[20.5,-3]],"c":false}]}],"ix":2},"nm":"Path 1","mn":"ADBE Vector Shape - Group","hd":false},{"ty":"st","c":{"a":0,"k":[0,0,0,1],"ix":3},"o":{"a":0,"k":100,"ix":4},"w":{"a":0,"k":2,"ix":5},"lc":2,"lj":2,"bm":0,"nm":"Stroke 1","mn":"ADBE Vector Graphic - Stroke","hd":false},{"ty":"tr","p":{"a":0,"k":[23.5,37],"ix":2},"a":{"a":0,"k":[0,0],"ix":1},"s":{"a":0,"k":[100,100],"ix":3},"r":{"a":0,"k":0,"ix":6},"o":{"a":0,"k":100,"ix":7},"sk":{"a":0,"k":0,"ix":4},"sa":{"a":0,"k":0,"ix":5},"nm":"Transform"}],"nm":"Group 2","np":2,"cix":2,"bm":0,"ix":2,"mn":"ADBE Vector Group","hd":false}],"ip":0,"op":28,"st":0,"bm":0},{"ddd":0,"ind":5,"ty":4,"nm":"Bank Note 3 Mask ","parent":6,"td":1,"sr":1,"ks":{"o":{"a":0,"k":100,"ix":11},"r":{"a":0,"k":0,"ix":10},"p":{"a":0,"k":[25,25,0],"ix":2},"a":{"a":0,"k":[25,25,0],"ix":1},"s":{"a":0,"k":[100,100,100],"ix":6}},"ao":0,"shapes":[{"ty":"gr","it":[{"ind":0,"ty":"sh","ix":1,"ks":{"a":0,"k":{"i":[[0,0],[0,0],[0,0],[0,0]],"o":[[0,0],[0,0],[0,0],[0,0]],"v":[[-25,9],[25,9],[25,-9],[-25,-9]],"c":true},"ix":2},"nm":"Path 1","mn":"ADBE Vector Shape - Group","hd":false},{"ty":"fl","c":{"a":0,"k":[1,0,0,1],"ix":4},"o":{"a":0,"k":100,"ix":5},"r":1,"bm":0,"nm":"Fill 1","mn":"ADBE Vector Graphic - Fill","hd":false},{"ty":"tr","p":{"a":0,"k":[25,27],"ix":2},"a":{"a":0,"k":[0,0],"ix":1},"s":{"a":0,"k":[100,100],"ix":3},"r":{"a":0,"k":0,"ix":6},"o":{"a":0,"k":100,"ix":7},"sk":{"a":0,"k":0,"ix":4},"sa":{"a":0,"k":0,"ix":5},"nm":"Transform"}],"nm":"Group 1","np":2,"cix":2,"bm":0,"ix":1,"mn":"ADBE Vector Group","hd":false},{"ty":"gr","it":[{"ind":0,"ty":"sh","ix":1,"ks":{"a":1,"k":[{"i":{"x":0.36,"y":1},"o":{"x":0.64,"y":0},"t":3,"s":[{"i":[[0,0],[0,0]],"o":[[29.083,0],[0,0]],"v":[[-20.5,-3],[20.5,3]],"c":false}]},{"i":{"x":0.36,"y":1},"o":{"x":0.64,"y":0},"t":8,"s":[{"i":[[0,0],[0,0]],"o":[[29.083,0],[0,0]],"v":[[-20.5,-3],[20.5,-3.016]],"c":false}]},{"i":{"x":0.36,"y":1},"o":{"x":0.64,"y":0},"t":20,"s":[{"i":[[0,0],[0,0]],"o":[[29.083,0],[0,0]],"v":[[-20.5,-3],[20.5,-3.016]],"c":false}]},{"i":{"x":0.833,"y":0.833},"o":{"x":0.64,"y":0},"t":25,"s":[{"i":[[0,0],[0,0]],"o":[[29.083,0],[0,0]],"v":[[-20.5,-3],[20.5,3]],"c":false}]},{"i":{"x":0.833,"y":0.833},"o":{"x":0.167,"y":0.167},"t":32,"s":[{"i":[[0,0],[0,0]],"o":[[29.083,0],[0,0]],"v":[[-20.5,-3],[20.5,-3.016]],"c":false}]},{"t":37,"s":[{"i":[[0,0],[0,0]],"o":[[29.083,0],[0,0]],"v":[[-20.5,-3],[20.5,3]],"c":false}]}],"ix":2},"nm":"Path 1","mn":"ADBE Vector Shape - Group","hd":false},{"ty":"st","c":{"a":0,"k":[1,0,0,1],"ix":3},"o":{"a":0,"k":100,"ix":4},"w":{"a":0,"k":2,"ix":5},"lc":2,"lj":2,"bm":0,"nm":"Stroke 1","mn":"ADBE Vector Graphic - Stroke","hd":false},{"ty":"tr","p":{"a":0,"k":[23.5,38],"ix":2},"a":{"a":0,"k":[0,0],"ix":1},"s":{"a":0,"k":[100,100],"ix":3},"r":{"a":0,"k":0,"ix":6},"o":{"a":0,"k":100,"ix":7},"sk":{"a":0,"k":0,"ix":4},"sa":{"a":0,"k":0,"ix":5},"nm":"Transform"}],"nm":"Group 2","np":2,"cix":2,"bm":0,"ix":2,"mn":"ADBE Vector Group","hd":false}],"ip":0,"op":28,"st":0,"bm":0},{"ddd":0,"ind":6,"ty":4,"nm":"Bank Note 3 ","parent":1,"tt":2,"sr":1,"ks":{"o":{"a":0,"k":100,"ix":11},"r":{"a":0,"k":0,"ix":10},"p":{"a":0,"k":[0,0,0],"ix":2},"a":{"a":0,"k":[25,25,0],"ix":1},"s":{"a":0,"k":[100,100,100],"ix":6}},"ao":0,"shapes":[{"ty":"gr","it":[{"ind":0,"ty":"sh","ix":1,"ks":{"a":1,"k":[{"i":{"x":0.833,"y":0.833},"o":{"x":0.64,"y":0},"t":3,"s":[{"i":[[0,0],[0,0]],"o":[[0,0],[0,0]],"v":[[36,40.698],[36,43.673]],"c":false}]},{"i":{"x":0.36,"y":1},"o":{"x":0.167,"y":0.167},"t":6,"s":[{"i":[[0,0],[0,0]],"o":[[0,0],[0,0]],"v":[[36,34.192],[36.033,38.174]],"c":false}]},{"i":{"x":0.36,"y":1},"o":{"x":0.64,"y":0},"t":8,"s":[{"i":[[0,0],[0,0]],"o":[[0,0],[0,0]],"v":[[36,31.948],[36,34.923]],"c":false}]},{"i":{"x":0.833,"y":0.833},"o":{"x":0.64,"y":0},"t":20,"s":[{"i":[[0,0],[0,0]],"o":[[0,0],[0,0]],"v":[[36,31.948],[36,34.923]],"c":false}]},{"i":{"x":0.36,"y":1},"o":{"x":0.167,"y":0.167},"t":22,"s":[{"i":[[0,0],[0,0]],"o":[[0,0],[0,0]],"v":[[36,34.192],[36.045,38.05]],"c":false}]},{"t":25,"s":[{"i":[[0,0],[0,0]],"o":[[0,0],[0,0]],"v":[[36,40.698],[36,43.673]],"c":false}]}],"ix":2},"nm":"Path 1","mn":"ADBE Vector Shape - Group","hd":false},{"ty":"st","c":{"a":0,"k":[0,0,0,1],"ix":3},"o":{"a":0,"k":100,"ix":4},"w":{"a":0,"k":2,"ix":5},"lc":2,"lj":2,"bm":0,"nm":"Stroke 1","mn":"ADBE Vector Graphic - Stroke","hd":false},{"ty":"tr","p":{"a":0,"k":[0,0],"ix":2},"a":{"a":0,"k":[0,0],"ix":1},"s":{"a":0,"k":[100,100],"ix":3},"r":{"a":0,"k":0,"ix":6},"o":{"a":0,"k":100,"ix":7},"sk":{"a":0,"k":0,"ix":4},"sa":{"a":0,"k":0,"ix":5},"nm":"Transform"}],"nm":"Group 1","np":2,"cix":2,"bm":0,"ix":1,"mn":"ADBE Vector Group","hd":false},{"ty":"gr","it":[{"ind":0,"ty":"sh","ix":1,"ks":{"a":1,"k":[{"i":{"x":0.36,"y":1},"o":{"x":0.64,"y":0},"t":3,"s":[{"i":[[0,0],[0,0],[0,0]],"o":[[26.867,0],[0,0],[0,0]],"v":[[-19,-5],[19,5],[19,0]],"c":false}]},{"i":{"x":0.36,"y":1},"o":{"x":0.64,"y":0},"t":8,"s":[{"i":[[0,0],[0,0],[0,0]],"o":[[26.867,0],[0,0],[0,0]],"v":[[-19,-5],[19,-5.031],[19,-10.031]],"c":false}]},{"i":{"x":0.36,"y":1},"o":{"x":0.64,"y":0},"t":20,"s":[{"i":[[0,0],[0,0],[0,0]],"o":[[26.867,0],[0,0],[0,0]],"v":[[-19,-5],[19,-5.031],[19,-10.031]],"c":false}]},{"t":25,"s":[{"i":[[0,0],[0,0],[0,0]],"o":[[26.867,0],[0,0],[0,0]],"v":[[-19,-5],[19,5],[19,0]],"c":false}]}],"ix":2},"nm":"Path 1","mn":"ADBE Vector Shape - Group","hd":false},{"ty":"st","c":{"a":0,"k":[0,0,0,1],"ix":3},"o":{"a":0,"k":100,"ix":4},"w":{"a":0,"k":2,"ix":5},"lc":2,"lj":2,"bm":0,"nm":"Stroke 1","mn":"ADBE Vector Graphic - Stroke","hd":false},{"ty":"tr","p":{"a":0,"k":[22,42],"ix":2},"a":{"a":0,"k":[0,0],"ix":1},"s":{"a":0,"k":[100,100],"ix":3},"r":{"a":0,"k":0,"ix":6},"o":{"a":0,"k":100,"ix":7},"sk":{"a":0,"k":0,"ix":4},"sa":{"a":0,"k":0,"ix":5},"nm":"Transform"}],"nm":"Group 2","np":2,"cix":2,"bm":0,"ix":2,"mn":"ADBE Vector Group","hd":false}],"ip":0,"op":28,"st":0,"bm":0}],"markers":[{"tm":4,"cm":"","dr":0},{"tm":14,"cm":"","dr":0},{"tm":24,"cm":"","dr":0}]}