{"v":"5.4.4","fr":24,"ip":0,"op":28,"w":50,"h":50,"nm":"product","ddd":0,"assets":[],"layers":[{"ddd":0,"ind":1,"ty":4,"nm":"Box","sr":1,"ks":{"o":{"a":0,"k":100,"ix":11},"r":{"a":0,"k":0,"ix":10},"p":{"s":true,"x":{"a":0,"k":25,"ix":3},"y":{"a":1,"k":[{"i":{"x":[0.527],"y":[1]},"o":{"x":[0.244],"y":[0]},"t":11,"s":[45],"e":[41]},{"i":{"x":[0.799],"y":[1]},"o":{"x":[0.622],"y":[0]},"t":16,"s":[41],"e":[45]},{"t":19}],"ix":4}},"a":{"a":0,"k":[25,45,0],"ix":1},"s":{"a":1,"k":[{"i":{"x":[0.667,0.667,0.667],"y":[1,1,1]},"o":{"x":[0.333,0.333,0.333],"y":[0,0,0]},"t":3,"s":[100,100,100],"e":[100,95,100]},{"i":{"x":[0.667,0.667,0.667],"y":[1,1,1]},"o":{"x":[0.333,0.333,0.333],"y":[0,0,0]},"t":10,"s":[100,95,100],"e":[100,95,100]},{"i":{"x":[0.667,0.667,0.667],"y":[1,1,1]},"o":{"x":[0.333,0.333,0.333],"y":[0,0,0]},"t":16,"s":[100,95,100],"e":[100,97.188,100]},{"i":{"x":[0.667,0.667,0.667],"y":[1,1,1]},"o":{"x":[0.333,0.333,0.333],"y":[0,0,0]},"t":21,"s":[100,97.188,100],"e":[100,100,100]},{"t":25}],"ix":6}},"ao":0,"shapes":[{"ty":"gr","it":[{"ind":0,"ty":"sh","ix":1,"ks":{"a":1,"k":[{"i":{"x":0.667,"y":1},"o":{"x":0.333,"y":0},"t":3,"s":[{"i":[[0,0],[0,0],[0,0]],"o":[[0,0],[0,0],[0,0]],"v":[[3,1.5],[-3,1.5],[0,-1.5]],"c":true}],"e":[{"i":[[0,0],[0,0],[0,0]],"o":[[0,0],[0,0],[0,0]],"v":[[2.269,1.5],[-3.244,1.5],[-0.488,-1.5]],"c":true}]},{"i":{"x":0.667,"y":1},"o":{"x":0.333,"y":0},"t":10,"s":[{"i":[[0,0],[0,0],[0,0]],"o":[[0,0],[0,0],[0,0]],"v":[[2.269,1.5],[-3.244,1.5],[-0.488,-1.5]],"c":true}],"e":[{"i":[[0,0],[0,0],[0,0]],"o":[[0,0],[0,0],[0,0]],"v":[[3.675,1.5],[-2.775,1.5],[0.45,-1.5]],"c":true}]},{"i":{"x":0.667,"y":1},"o":{"x":0.333,"y":0},"t":16,"s":[{"i":[[0,0],[0,0],[0,0]],"o":[[0,0],[0,0],[0,0]],"v":[[3.675,1.5],[-2.775,1.5],[0.45,-1.5]],"c":true}],"e":[{"i":[[0,0],[0,0],[0,0]],"o":[[0,0],[0,0],[0,0]],"v":[[2.589,1.5],[-3.137,1.5],[-0.274,-1.5]],"c":true}]},{"i":{"x":0.667,"y":1},"o":{"x":0.333,"y":0},"t":21,"s":[{"i":[[0,0],[0,0],[0,0]],"o":[[0,0],[0,0],[0,0]],"v":[[2.589,1.5],[-3.137,1.5],[-0.274,-1.5]],"c":true}],"e":[{"i":[[0,0],[0,0],[0,0]],"o":[[0,0],[0,0],[0,0]],"v":[[3,1.5],[-3,1.5],[0,-1.5]],"c":true}]},{"t":25}],"ix":2},"nm":"Path 1","mn":"ADBE Vector Shape - Group","hd":false},{"ty":"fl","c":{"a":0,"k":[0,0,0,1],"ix":4},"o":{"a":0,"k":100,"ix":5},"r":1,"bm":0,"nm":"Fill 1","mn":"ADBE Vector Graphic - Fill","hd":false},{"ty":"tr","p":{"a":0,"k":[31,32.5],"ix":2},"a":{"a":0,"k":[0,0],"ix":1},"s":{"a":0,"k":[100,100],"ix":3},"r":{"a":0,"k":0,"ix":6},"o":{"a":0,"k":100,"ix":7},"sk":{"a":0,"k":0,"ix":4},"sa":{"a":0,"k":0,"ix":5},"nm":"Transform"}],"nm":"Group 1","np":2,"cix":2,"bm":0,"ix":1,"mn":"ADBE Vector Group","hd":false},{"ty":"gr","it":[{"ind":0,"ty":"sh","ix":1,"ks":{"a":1,"k":[{"i":{"x":0.667,"y":1},"o":{"x":0.333,"y":0},"t":3,"s":[{"i":[[0,0],[0,0]],"o":[[0,0],[0,0]],"v":[[31,38],[31,33]],"c":false}],"e":[{"i":[[0,0],[0,0]],"o":[[0,0],[0,0]],"v":[[31,38],[30.512,33]],"c":false}]},{"i":{"x":0.667,"y":1},"o":{"x":0.333,"y":0},"t":10,"s":[{"i":[[0,0],[0,0]],"o":[[0,0],[0,0]],"v":[[31,38],[30.512,33]],"c":false}],"e":[{"i":[[0,0],[0,0]],"o":[[0,0],[0,0]],"v":[[31,38],[31.45,33]],"c":false}]},{"i":{"x":0.667,"y":1},"o":{"x":0.333,"y":0},"t":16,"s":[{"i":[[0,0],[0,0]],"o":[[0,0],[0,0]],"v":[[31,38],[31.45,33]],"c":false}],"e":[{"i":[[0,0],[0,0]],"o":[[0,0],[0,0]],"v":[[31,38],[30.726,33]],"c":false}]},{"i":{"x":0.667,"y":1},"o":{"x":0.333,"y":0},"t":21,"s":[{"i":[[0,0],[0,0]],"o":[[0,0],[0,0]],"v":[[31,38],[30.726,33]],"c":false}],"e":[{"i":[[0,0],[0,0]],"o":[[0,0],[0,0]],"v":[[31,38],[31,33]],"c":false}]},{"t":25}],"ix":2},"nm":"Path 1","mn":"ADBE Vector Shape - Group","hd":false},{"ty":"st","c":{"a":0,"k":[0,0,0,1],"ix":3},"o":{"a":0,"k":100,"ix":4},"w":{"a":0,"k":2,"ix":5},"lc":1,"lj":2,"bm":0,"nm":"Stroke 1","mn":"ADBE Vector Graphic - Stroke","hd":false},{"ty":"tr","p":{"a":0,"k":[0,0],"ix":2},"a":{"a":0,"k":[0,0],"ix":1},"s":{"a":0,"k":[100,100],"ix":3},"r":{"a":0,"k":0,"ix":6},"o":{"a":0,"k":100,"ix":7},"sk":{"a":0,"k":0,"ix":4},"sa":{"a":0,"k":0,"ix":5},"nm":"Transform"}],"nm":"Group 2","np":2,"cix":2,"bm":0,"ix":2,"mn":"ADBE Vector Group","hd":false},{"ty":"gr","it":[{"ind":0,"ty":"sh","ix":1,"ks":{"a":1,"k":[{"i":{"x":0.667,"y":1},"o":{"x":0.333,"y":0},"t":3,"s":[{"i":[[0,0],[0,0],[0,0]],"o":[[0,0],[0,0],[0,0]],"v":[[3,1.5],[-3,1.5],[0,-1.5]],"c":true}],"e":[{"i":[[0,0],[0,0],[0,0]],"o":[[0,0],[0,0],[0,0]],"v":[[1.7,1.5],[-3.813,1.5],[-1.056,-1.5]],"c":true}]},{"i":{"x":0.667,"y":1},"o":{"x":0.333,"y":0},"t":10,"s":[{"i":[[0,0],[0,0],[0,0]],"o":[[0,0],[0,0],[0,0]],"v":[[1.7,1.5],[-3.813,1.5],[-1.056,-1.5]],"c":true}],"e":[{"i":[[0,0],[0,0],[0,0]],"o":[[0,0],[0,0],[0,0]],"v":[[4.2,1.5],[-2.25,1.5],[0.975,-1.5]],"c":true}]},{"i":{"x":0.667,"y":1},"o":{"x":0.333,"y":0},"t":16,"s":[{"i":[[0,0],[0,0],[0,0]],"o":[[0,0],[0,0],[0,0]],"v":[[4.2,1.5],[-2.25,1.5],[0.975,-1.5]],"c":true}],"e":[{"i":[[0,0],[0,0],[0,0]],"o":[[0,0],[0,0],[0,0]],"v":[[2.269,1.5],[-3.457,1.5],[-0.594,-1.5]],"c":true}]},{"i":{"x":0.667,"y":1},"o":{"x":0.333,"y":0},"t":21,"s":[{"i":[[0,0],[0,0],[0,0]],"o":[[0,0],[0,0],[0,0]],"v":[[2.269,1.5],[-3.457,1.5],[-0.594,-1.5]],"c":true}],"e":[{"i":[[0,0],[0,0],[0,0]],"o":[[0,0],[0,0],[0,0]],"v":[[3,1.5],[-3,1.5],[0,-1.5]],"c":true}]},{"t":25}],"ix":2},"nm":"Path 1","mn":"ADBE Vector Shape - Group","hd":false},{"ty":"fl","c":{"a":0,"k":[0,0,0,1],"ix":4},"o":{"a":0,"k":100,"ix":5},"r":1,"bm":0,"nm":"Fill 1","mn":"ADBE Vector Graphic - Fill","hd":false},{"ty":"tr","p":{"a":0,"k":[38,32.5],"ix":2},"a":{"a":0,"k":[0,0],"ix":1},"s":{"a":0,"k":[100,100],"ix":3},"r":{"a":0,"k":0,"ix":6},"o":{"a":0,"k":100,"ix":7},"sk":{"a":0,"k":0,"ix":4},"sa":{"a":0,"k":0,"ix":5},"nm":"Transform"}],"nm":"Group 3","np":2,"cix":2,"bm":0,"ix":3,"mn":"ADBE Vector Group","hd":false},{"ty":"gr","it":[{"ind":0,"ty":"sh","ix":1,"ks":{"a":1,"k":[{"i":{"x":0.667,"y":1},"o":{"x":0.333,"y":0},"t":3,"s":[{"i":[[0,0],[0,0]],"o":[[0,0],[0,0]],"v":[[38,38],[38,33]],"c":false}],"e":[{"i":[[0,0],[0,0]],"o":[[0,0],[0,0]],"v":[[38,38],[36.944,33]],"c":false}]},{"i":{"x":0.667,"y":1},"o":{"x":0.333,"y":0},"t":10,"s":[{"i":[[0,0],[0,0]],"o":[[0,0],[0,0]],"v":[[38,38],[36.944,33]],"c":false}],"e":[{"i":[[0,0],[0,0]],"o":[[0,0],[0,0]],"v":[[38,38],[38.975,33]],"c":false}]},{"i":{"x":0.667,"y":1},"o":{"x":0.333,"y":0},"t":16,"s":[{"i":[[0,0],[0,0]],"o":[[0,0],[0,0]],"v":[[38,38],[38.975,33]],"c":false}],"e":[{"i":[[0,0],[0,0]],"o":[[0,0],[0,0]],"v":[[38,38],[37.406,33]],"c":false}]},{"i":{"x":0.667,"y":1},"o":{"x":0.333,"y":0},"t":21,"s":[{"i":[[0,0],[0,0]],"o":[[0,0],[0,0]],"v":[[38,38],[37.406,33]],"c":false}],"e":[{"i":[[0,0],[0,0]],"o":[[0,0],[0,0]],"v":[[38,38],[38,33]],"c":false}]},{"t":25}],"ix":2},"nm":"Path 1","mn":"ADBE Vector Shape - Group","hd":false},{"ty":"st","c":{"a":0,"k":[0,0,0,1],"ix":3},"o":{"a":0,"k":100,"ix":4},"w":{"a":0,"k":2,"ix":5},"lc":1,"lj":2,"bm":0,"nm":"Stroke 1","mn":"ADBE Vector Graphic - Stroke","hd":false},{"ty":"tr","p":{"a":0,"k":[0,0],"ix":2},"a":{"a":0,"k":[0,0],"ix":1},"s":{"a":0,"k":[100,100],"ix":3},"r":{"a":0,"k":0,"ix":6},"o":{"a":0,"k":100,"ix":7},"sk":{"a":0,"k":0,"ix":4},"sa":{"a":0,"k":0,"ix":5},"nm":"Transform"}],"nm":"Group 4","np":2,"cix":2,"bm":0,"ix":4,"mn":"ADBE Vector Group","hd":false},{"ty":"gr","it":[{"ind":0,"ty":"sh","ix":1,"ks":{"a":0,"k":{"i":[[0,0],[0,0]],"o":[[0,0],[0,0]],"v":[[28,40],[41,40]],"c":false},"ix":2},"nm":"Path 1","mn":"ADBE Vector Shape - Group","hd":false},{"ty":"st","c":{"a":0,"k":[0,0,0,1],"ix":3},"o":{"a":0,"k":100,"ix":4},"w":{"a":0,"k":2,"ix":5},"lc":1,"lj":2,"bm":0,"nm":"Stroke 1","mn":"ADBE Vector Graphic - Stroke","hd":false},{"ty":"tr","p":{"a":0,"k":[0,0],"ix":2},"a":{"a":0,"k":[0,0],"ix":1},"s":{"a":0,"k":[100,100],"ix":3},"r":{"a":0,"k":0,"ix":6},"o":{"a":0,"k":100,"ix":7},"sk":{"a":0,"k":0,"ix":4},"sa":{"a":0,"k":0,"ix":5},"nm":"Transform"}],"nm":"Group 5","np":2,"cix":2,"bm":0,"ix":5,"mn":"ADBE Vector Group","hd":false},{"ty":"gr","it":[{"ind":0,"ty":"sh","ix":1,"ks":{"a":1,"k":[{"i":{"x":0.667,"y":1},"o":{"x":0.333,"y":0},"t":10,"s":[{"i":[[0,0],[0,0]],"o":[[0,0],[0,0]],"v":[[25,10],[25,5]],"c":false}],"e":[{"i":[[0,0],[0,0]],"o":[[0,0],[0,0]],"v":[[25,10],[25,6.053]],"c":false}]},{"i":{"x":0.667,"y":1},"o":{"x":0.333,"y":0},"t":16,"s":[{"i":[[0,0],[0,0]],"o":[[0,0],[0,0]],"v":[[25,10],[25,6.053]],"c":false}],"e":[{"i":[[0,0],[0,0]],"o":[[0,0],[0,0]],"v":[[25,10],[25,5]],"c":false}]},{"t":20}],"ix":2},"nm":"Path 1","mn":"ADBE Vector Shape - Group","hd":false},{"ty":"st","c":{"a":0,"k":[0,0,0,1],"ix":3},"o":{"a":0,"k":100,"ix":4},"w":{"a":0,"k":2,"ix":5},"lc":2,"lj":2,"bm":0,"nm":"Stroke 1","mn":"ADBE Vector Graphic - Stroke","hd":false},{"ty":"tr","p":{"a":0,"k":[0,0],"ix":2},"a":{"a":0,"k":[0,0],"ix":1},"s":{"a":0,"k":[100,100],"ix":3},"r":{"a":0,"k":0,"ix":6},"o":{"a":0,"k":100,"ix":7},"sk":{"a":0,"k":0,"ix":4},"sa":{"a":0,"k":0,"ix":5},"nm":"Transform"}],"nm":"Group 6","np":2,"cix":2,"bm":0,"ix":6,"mn":"ADBE Vector Group","hd":false},{"ty":"gr","it":[{"ind":0,"ty":"sh","ix":1,"ks":{"a":1,"k":[{"i":{"x":0.667,"y":1},"o":{"x":0.333,"y":0},"t":3,"s":[{"i":[[-0.8,0],[0,0],[0,0.8],[0.8,0],[0,0],[0,-0.8]],"o":[[0,0],[0.8,0],[0,-0.8],[0,0],[-0.8,0],[0,0.8]],"v":[[-3.5,1.5],[3.5,1.5],[5,0],[3.5,-1.5],[-3.5,-1.5],[-5,0]],"c":true}],"e":[{"i":[[-0.8,0],[0,0],[0,0.8],[0.8,0],[0,0],[0,-0.8]],"o":[[0,0],[0.8,0],[0,-0.8],[0,0],[-0.8,0],[0,0.8]],"v":[[-3.5,1.5],[3.5,1.5],[5,0],[3.5,-1.5],[-3.5,-1.5],[-5,0]],"c":true}]},{"i":{"x":0.667,"y":1},"o":{"x":0.333,"y":0},"t":10,"s":[{"i":[[-0.8,0],[0,0],[0,0.8],[0.8,0],[0,0],[0,-0.8]],"o":[[0,0],[0.8,0],[0,-0.8],[0,0],[-0.8,0],[0,0.8]],"v":[[-3.5,1.5],[3.5,1.5],[5,0],[3.5,-1.5],[-3.5,-1.5],[-5,0]],"c":true}],"e":[{"i":[[-0.8,0],[0,0],[0,0.8],[0.8,0],[0,0],[0,-0.8]],"o":[[0,0],[0.8,0],[0,-0.8],[0,0],[-0.8,0],[0,0.8]],"v":[[-3.5,1.5],[3.5,1.5],[5,0],[3.5,-1.5],[-3.5,-1.5],[-5,0]],"c":true}]},{"i":{"x":0.667,"y":1},"o":{"x":0.333,"y":0},"t":16,"s":[{"i":[[-0.8,0],[0,0],[0,0.8],[0.8,0],[0,0],[0,-0.8]],"o":[[0,0],[0.8,0],[0,-0.8],[0,0],[-0.8,0],[0,0.8]],"v":[[-3.5,1.5],[3.5,1.5],[5,0],[3.5,-1.5],[-3.5,-1.5],[-5,0]],"c":true}],"e":[{"i":[[-0.8,0],[0,0],[0,0.8],[0.8,0],[0,0],[0,-0.8]],"o":[[0,0],[0.8,0],[0,-0.8],[0,0],[-0.8,0],[0,0.8]],"v":[[-3.5,1.5],[3.5,1.5],[5,0],[3.5,-1.5],[-3.5,-1.5],[-5,0]],"c":true}]},{"i":{"x":0.667,"y":1},"o":{"x":0.333,"y":0},"t":21,"s":[{"i":[[-0.8,0],[0,0],[0,0.8],[0.8,0],[0,0],[0,-0.8]],"o":[[0,0],[0.8,0],[0,-0.8],[0,0],[-0.8,0],[0,0.8]],"v":[[-3.5,1.5],[3.5,1.5],[5,0],[3.5,-1.5],[-3.5,-1.5],[-5,0]],"c":true}],"e":[{"i":[[-0.8,0],[0,0],[0,0.8],[0.8,0],[0,0],[0,-0.8]],"o":[[0,0],[0.8,0],[0,-0.8],[0,0],[-0.8,0],[0,0.8]],"v":[[-3.5,1.5],[3.5,1.5],[5,0],[3.5,-1.5],[-3.5,-1.5],[-5,0]],"c":true}]},{"t":25}],"ix":2},"nm":"Path 1","mn":"ADBE Vector Shape - Group","hd":false},{"ty":"st","c":{"a":0,"k":[0,0,0,1],"ix":3},"o":{"a":0,"k":100,"ix":4},"w":{"a":0,"k":2,"ix":5},"lc":2,"lj":2,"bm":0,"nm":"Stroke 1","mn":"ADBE Vector Graphic - Stroke","hd":false},{"ty":"tr","p":{"a":0,"k":[25,17.5],"ix":2},"a":{"a":0,"k":[0,0],"ix":1},"s":{"a":0,"k":[100,100],"ix":3},"r":{"a":0,"k":0,"ix":6},"o":{"a":0,"k":100,"ix":7},"sk":{"a":0,"k":0,"ix":4},"sa":{"a":0,"k":0,"ix":5},"nm":"Transform"}],"nm":"Group 7","np":2,"cix":2,"bm":0,"ix":7,"mn":"ADBE Vector Group","hd":false},{"ty":"gr","it":[{"ind":0,"ty":"sh","ix":1,"ks":{"a":1,"k":[{"i":{"x":0.667,"y":1},"o":{"x":0.333,"y":0},"t":10,"s":[{"i":[[0,0],[0,0],[0,0],[0,0]],"o":[[0,0],[0,0],[0,0],[0,0]],"v":[[-20,2.5],[-14,-2.5],[14,-2.5],[20,2.5]],"c":false}],"e":[{"i":[[0,0],[0,0],[0,0],[0,0]],"o":[[0,0],[0,0],[0,0],[0,0]],"v":[[-20,2.5],[-14,-1.447],[14,-1.447],[20,2.5]],"c":false}]},{"i":{"x":0.667,"y":1},"o":{"x":0.333,"y":0},"t":16,"s":[{"i":[[0,0],[0,0],[0,0],[0,0]],"o":[[0,0],[0,0],[0,0],[0,0]],"v":[[-20,2.5],[-14,-1.447],[14,-1.447],[20,2.5]],"c":false}],"e":[{"i":[[0,0],[0,0],[0,0],[0,0]],"o":[[0,0],[0,0],[0,0],[0,0]],"v":[[-20,2.5],[-14,-2.5],[14,-2.5],[20,2.5]],"c":false}]},{"t":20}],"ix":2},"nm":"Path 1","mn":"ADBE Vector Shape - Group","hd":false},{"ty":"st","c":{"a":0,"k":[0,0,0,1],"ix":3},"o":{"a":0,"k":100,"ix":4},"w":{"a":0,"k":2,"ix":5},"lc":2,"lj":2,"bm":0,"nm":"Stroke 1","mn":"ADBE Vector Graphic - Stroke","hd":false},{"ty":"tr","p":{"a":0,"k":[25,7.5],"ix":2},"a":{"a":0,"k":[0,0],"ix":1},"s":{"a":0,"k":[100,100],"ix":3},"r":{"a":0,"k":0,"ix":6},"o":{"a":0,"k":100,"ix":7},"sk":{"a":0,"k":0,"ix":4},"sa":{"a":0,"k":0,"ix":5},"nm":"Transform"}],"nm":"Group 8","np":2,"cix":2,"bm":0,"ix":8,"mn":"ADBE Vector Group","hd":false},{"ty":"gr","it":[{"ind":0,"ty":"sh","ix":1,"ks":{"a":1,"k":[{"i":{"x":0.667,"y":1},"o":{"x":0.333,"y":0},"t":3,"s":[{"i":[[0,0],[0,0],[0,-10.672],[0,0],[0,0],[0,14.234]],"o":[[0,0],[0,0],[0,14.229],[0,0],[0,0],[0,-10.666]],"v":[[-20,-17.5],[20,-17.5],[20,-3.442],[20,17.5],[-20,17.5],[-20,-3.459]],"c":true}],"e":[{"i":[[0,0],[0,0],[0,-10.672],[0,0],[0,0],[0,14.234]],"o":[[0,0],[0,0],[0,14.229],[0,0],[0,0],[0,-10.666]],"v":[[-20,-17.5],[20,-17.5],[18.375,-3.442],[20,17.5],[-20,17.5],[-18.375,-3.459]],"c":true}]},{"i":{"x":0.667,"y":1},"o":{"x":0.333,"y":0},"t":10,"s":[{"i":[[0,0],[0,0],[0,-10.672],[0,0],[0,0],[0,14.234]],"o":[[0,0],[0,0],[0,14.229],[0,0],[0,0],[0,-10.666]],"v":[[-20,-17.5],[20,-17.5],[18.375,-3.442],[20,17.5],[-20,17.5],[-18.375,-3.459]],"c":true}],"e":[{"i":[[0,0],[0,0],[0,-10.672],[0,0],[0,0],[0,14.234]],"o":[[0,0],[0,0],[0,14.229],[0,0],[0,0],[0,-10.666]],"v":[[-20,-17.5],[20,-17.5],[21.5,-3.442],[20,17.5],[-20,17.5],[-21.5,-3.459]],"c":true}]},{"i":{"x":0.667,"y":1},"o":{"x":0.333,"y":0},"t":16,"s":[{"i":[[0,0],[0,0],[0,-10.672],[0,0],[0,0],[0,14.234]],"o":[[0,0],[0,0],[0,14.229],[0,0],[0,0],[0,-10.666]],"v":[[-20,-17.5],[20,-17.5],[21.5,-3.442],[20,17.5],[-20,17.5],[-21.5,-3.459]],"c":true}],"e":[{"i":[[0,0],[0,0],[0,-10.672],[0,0],[0,0],[0,14.234]],"o":[[0,0],[0,0],[0,14.229],[0,0],[0,0],[0,-10.666]],"v":[[-20,-17.5],[20,-17.5],[19.086,-3.442],[20,17.5],[-20,17.5],[-19.086,-3.459]],"c":true}]},{"i":{"x":0.667,"y":1},"o":{"x":0.333,"y":0},"t":21,"s":[{"i":[[0,0],[0,0],[0,-10.672],[0,0],[0,0],[0,14.234]],"o":[[0,0],[0,0],[0,14.229],[0,0],[0,0],[0,-10.666]],"v":[[-20,-17.5],[20,-17.5],[19.086,-3.442],[20,17.5],[-20,17.5],[-19.086,-3.459]],"c":true}],"e":[{"i":[[0,0],[0,0],[0,-10.672],[0,0],[0,0],[0,14.234]],"o":[[0,0],[0,0],[0,14.229],[0,0],[0,0],[0,-10.666]],"v":[[-20,-17.5],[20,-17.5],[20,-3.442],[20,17.5],[-20,17.5],[-20,-3.459]],"c":true}]},{"t":25}],"ix":2},"nm":"Path 1","mn":"ADBE Vector Shape - Group","hd":false},{"ty":"st","c":{"a":0,"k":[0,0,0,1],"ix":3},"o":{"a":0,"k":100,"ix":4},"w":{"a":0,"k":2,"ix":5},"lc":2,"lj":2,"bm":0,"nm":"Stroke 1","mn":"ADBE Vector Graphic - Stroke","hd":false},{"ty":"tr","p":{"a":0,"k":[25,27.5],"ix":2},"a":{"a":0,"k":[0,0],"ix":1},"s":{"a":0,"k":[100,100],"ix":3},"r":{"a":0,"k":0,"ix":6},"o":{"a":0,"k":100,"ix":7},"sk":{"a":0,"k":0,"ix":4},"sa":{"a":0,"k":0,"ix":5},"nm":"Transform"}],"nm":"Group 9","np":2,"cix":2,"bm":0,"ix":9,"mn":"ADBE Vector Group","hd":false}],"ip":0,"op":28,"st":0,"bm":0}],"markers":[]}