{"v":"5.4.4","fr":24,"ip":0,"op":28,"w":50,"h":50,"nm":"family","ddd":0,"assets":[],"layers":[{"ddd":0,"ind":1,"ty":4,"nm":"Hand","sr":1,"ks":{"o":{"a":0,"k":100,"ix":11},"r":{"a":1,"k":[{"i":{"x":[0.667],"y":[1]},"o":{"x":[0.167],"y":[0.167]},"t":3,"s":[0],"e":[-162]},{"i":{"x":[0.667],"y":[1]},"o":{"x":[0.333],"y":[0]},"t":8,"s":[-162],"e":[-141]},{"i":{"x":[0.667],"y":[1]},"o":{"x":[0.333],"y":[0]},"t":11,"s":[-141],"e":[-162]},{"i":{"x":[0.667],"y":[1]},"o":{"x":[0.333],"y":[0]},"t":14,"s":[-162],"e":[-141]},{"i":{"x":[0.667],"y":[1]},"o":{"x":[0.333],"y":[0]},"t":17,"s":[-141],"e":[-162]},{"i":{"x":[0.833],"y":[0.833]},"o":{"x":[0.333],"y":[0]},"t":20,"s":[-162],"e":[0]},{"t":25}],"ix":10},"p":{"a":1,"k":[{"i":{"x":0.667,"y":1},"o":{"x":0.333,"y":0},"t":3,"s":[43.945,23.738,0],"e":[43.219,21.995,0],"to":[0,0,0],"ti":[0,0,0]},{"i":{"x":0.667,"y":0.667},"o":{"x":0.333,"y":0.333},"t":8,"s":[43.219,21.995,0],"e":[43.219,21.995,0],"to":[0,0,0],"ti":[0,0,0]},{"i":{"x":0.667,"y":1},"o":{"x":0.333,"y":0},"t":20,"s":[43.219,21.995,0],"e":[43.945,23.738,0],"to":[0,0,0],"ti":[0,0,0]},{"t":25}],"ix":2},"a":{"a":0,"k":[43.945,23.738,0],"ix":1},"s":{"a":0,"k":[100,100,100],"ix":6}},"ao":0,"shapes":[{"ty":"gr","it":[{"ind":0,"ty":"sh","ix":1,"ks":{"a":1,"k":[{"i":{"x":0.833,"y":0.833},"o":{"x":0.167,"y":0.167},"t":3,"s":[{"i":[[-1.086,-3.335],[-0.367,-1.134],[1.442,0],[0.257,0.771],[0,0],[0,0]],"o":[[0.726,2.227],[0.465,1.438],[-0.857,0],[0,0],[0,0],[0,0]],"v":[[2.836,0.738],[4.644,6.296],[2.949,9],[1.107,7.673],[1.098,7.676],[-0.214,3.715]],"c":false}],"e":[{"i":[[-0.549,-1.697],[-0.214,-0.663],[1.442,0],[0.257,0.771],[0,0],[0,0]],"o":[[0.374,1.136],[0.47,1.436],[-0.857,0],[0,0],[0,0],[0,0]],"v":[[2.836,0.738],[3.777,3.637],[2.082,6.341],[0.24,5.014],[0.231,5.017],[-0.518,2.779]],"c":false}]},{"i":{"x":0.833,"y":0.833},"o":{"x":0.167,"y":0.167},"t":5,"s":[{"i":[[-0.549,-1.697],[-0.214,-0.663],[1.442,0],[0.257,0.771],[0,0],[0,0]],"o":[[0.374,1.136],[0.47,1.436],[-0.857,0],[0,0],[0,0],[0,0]],"v":[[2.836,0.738],[3.777,3.637],[2.082,6.341],[0.24,5.014],[0.231,5.017],[-0.518,2.779]],"c":false}],"e":[{"i":[[-0.414,-1.287],[-0.175,-0.545],[1.442,0],[0.257,0.771],[0,0],[0,0]],"o":[[0.286,0.864],[0.472,1.436],[-0.857,0],[0,0],[0,0],[0,0]],"v":[[2.836,0.738],[3.561,2.972],[1.865,5.676],[0.023,4.349],[0.014,4.352],[-0.594,2.545]],"c":false}]},{"i":{"x":0.833,"y":0.833},"o":{"x":0.167,"y":0.167},"t":6,"s":[{"i":[[-0.414,-1.287],[-0.175,-0.545],[1.442,0],[0.257,0.771],[0,0],[0,0]],"o":[[0.286,0.864],[0.472,1.436],[-0.857,0],[0,0],[0,0],[0,0]],"v":[[2.836,0.738],[3.561,2.972],[1.865,5.676],[0.023,4.349],[0.014,4.352],[-0.594,2.545]],"c":false}],"e":[{"i":[[-0.004,-0.077],[-0.367,-1.134],[1.442,0],[0.257,0.771],[0,0],[0,0]],"o":[[0.232,0.75],[0.465,1.438],[-0.857,0],[0,0],[0,0],[0,0]],"v":[[3.085,1.495],[3.915,4.069],[2.22,6.773],[0.378,5.446],[0.369,5.449],[-0.856,1.755]],"c":false}]},{"i":{"x":0.833,"y":0.833},"o":{"x":0.167,"y":0.167},"t":8,"s":[{"i":[[-0.004,-0.077],[-0.367,-1.134],[1.442,0],[0.257,0.771],[0,0],[0,0]],"o":[[0.232,0.75],[0.465,1.438],[-0.857,0],[0,0],[0,0],[0,0]],"v":[[3.085,1.495],[3.915,4.069],[2.22,6.773],[0.378,5.446],[0.369,5.449],[-0.856,1.755]],"c":false}],"e":[{"i":[[-0.004,-0.077],[-0.367,-1.134],[1.442,0],[0.257,0.771],[0,0],[0,0]],"o":[[0.232,0.75],[0.465,1.438],[-0.857,0],[0,0],[0,0],[0,0]],"v":[[3.085,1.495],[3.915,4.069],[2.22,6.773],[0.378,5.446],[0.369,5.449],[-0.856,1.755]],"c":false}]},{"i":{"x":0.833,"y":0.833},"o":{"x":0.167,"y":0.167},"t":20,"s":[{"i":[[-0.004,-0.077],[-0.367,-1.134],[1.442,0],[0.257,0.771],[0,0],[0,0]],"o":[[0.232,0.75],[0.465,1.438],[-0.857,0],[0,0],[0,0],[0,0]],"v":[[3.085,1.495],[3.915,4.069],[2.22,6.773],[0.378,5.446],[0.369,5.449],[-0.856,1.755]],"c":false}],"e":[{"i":[[-0.414,-1.287],[-0.175,-0.545],[1.442,0],[0.257,0.771],[0,0],[0,0]],"o":[[0.286,0.864],[0.472,1.436],[-0.857,0],[0,0],[0,0],[0,0]],"v":[[2.836,0.738],[3.561,2.972],[1.866,5.676],[0.023,4.349],[0.014,4.352],[-0.594,2.545]],"c":false}]},{"i":{"x":0.833,"y":0.833},"o":{"x":0.167,"y":0.167},"t":22,"s":[{"i":[[-0.414,-1.287],[-0.175,-0.545],[1.442,0],[0.257,0.771],[0,0],[0,0]],"o":[[0.286,0.864],[0.472,1.436],[-0.857,0],[0,0],[0,0],[0,0]],"v":[[2.836,0.738],[3.561,2.972],[1.866,5.676],[0.023,4.349],[0.014,4.352],[-0.594,2.545]],"c":false}],"e":[{"i":[[-0.549,-1.697],[-0.214,-0.663],[1.442,0],[0.257,0.771],[0,0],[0,0]],"o":[[0.374,1.136],[0.47,1.436],[-0.857,0],[0,0],[0,0],[0,0]],"v":[[2.836,0.738],[3.777,3.637],[2.082,6.341],[0.24,5.014],[0.231,5.017],[-0.518,2.779]],"c":false}]},{"i":{"x":0.833,"y":0.833},"o":{"x":0.167,"y":0.167},"t":23,"s":[{"i":[[-0.549,-1.697],[-0.214,-0.663],[1.442,0],[0.257,0.771],[0,0],[0,0]],"o":[[0.374,1.136],[0.47,1.436],[-0.857,0],[0,0],[0,0],[0,0]],"v":[[2.836,0.738],[3.777,3.637],[2.082,6.341],[0.24,5.014],[0.231,5.017],[-0.518,2.779]],"c":false}],"e":[{"i":[[-1.086,-3.335],[-0.367,-1.134],[1.442,0],[0.257,0.771],[0,0],[0,0]],"o":[[0.726,2.227],[0.465,1.438],[-0.857,0],[0,0],[0,0],[0,0]],"v":[[2.836,0.738],[4.644,6.296],[2.949,9],[1.107,7.673],[1.098,7.676],[-0.214,3.715]],"c":false}]},{"t":25}],"ix":2},"nm":"Path 1","mn":"ADBE Vector Shape - Group","hd":false},{"ty":"st","c":{"a":0,"k":[0,0,0,1],"ix":3},"o":{"a":0,"k":100,"ix":4},"w":{"a":0,"k":2,"ix":5},"lc":2,"lj":2,"bm":0,"nm":"Stroke 1","mn":"ADBE Vector Graphic - Stroke","hd":false},{"ty":"tr","p":{"a":0,"k":[41.109,23],"ix":2},"a":{"a":0,"k":[0,0],"ix":1},"s":{"a":0,"k":[100,100],"ix":3},"r":{"a":0,"k":0,"ix":6},"o":{"a":0,"k":100,"ix":7},"sk":{"a":0,"k":0,"ix":4},"sa":{"a":0,"k":0,"ix":5},"nm":"Transform"}],"nm":"Group 2","np":2,"cix":2,"bm":0,"ix":1,"mn":"ADBE Vector Group","hd":false}],"ip":0,"op":28,"st":0,"bm":0},{"ddd":0,"ind":2,"ty":4,"nm":"Arm","sr":1,"ks":{"o":{"a":0,"k":100,"ix":11},"r":{"a":0,"k":0,"ix":10},"p":{"a":0,"k":[25,25,0],"ix":2},"a":{"a":0,"k":[25,25,0],"ix":1},"s":{"a":0,"k":[100,100,100],"ix":6}},"ao":0,"shapes":[{"ty":"gr","it":[{"ind":0,"ty":"sh","ix":1,"ks":{"a":1,"k":[{"i":{"x":0.833,"y":0.833},"o":{"x":0.167,"y":0.167},"t":3,"s":[{"i":[[0,0],[0,0],[0,0]],"o":[[0,0],[0,0],[0,0]],"v":[[-0.214,3.715],[-1.016,1.296],[-1.773,-0.987]],"c":false}],"e":[{"i":[[0,0],[0.273,0.515],[0,0]],"o":[[-1.307,-0.836],[-0.327,-0.625],[0,0]],"v":[[1.998,4.556],[-0.222,2.365],[-1.773,-0.987]],"c":false}]},{"i":{"x":0.833,"y":0.833},"o":{"x":0.167,"y":0.167},"t":4,"s":[{"i":[[0,0],[0.273,0.515],[0,0]],"o":[[-1.307,-0.836],[-0.327,-0.625],[0,0]],"v":[[1.998,4.556],[-0.222,2.365],[-1.773,-0.987]],"c":false}],"e":[{"i":[[0,0],[0.718,0.626],[0,0]],"o":[[-1.349,0.307],[-0.882,-0.654],[0,0]],"v":[[4.24,3.693],[0.553,3.294],[-1.793,-1.127]],"c":false}]},{"i":{"x":0.833,"y":0.833},"o":{"x":0.167,"y":0.167},"t":5,"s":[{"i":[[0,0],[0.718,0.626],[0,0]],"o":[[-1.349,0.307],[-0.882,-0.654],[0,0]],"v":[[4.24,3.693],[0.553,3.294],[-1.793,-1.127]],"c":false}],"e":[{"i":[[0,0],[1.771,0.628],[0,0]],"o":[[-0.772,0.948],[-2.225,-0.789],[0,0]],"v":[[5.733,1.542],[1.336,3.529],[-1.773,-0.987]],"c":false}]},{"i":{"x":0.833,"y":0.833},"o":{"x":0.167,"y":0.167},"t":6,"s":[{"i":[[0,0],[1.771,0.628],[0,0]],"o":[[-0.772,0.948],[-2.225,-0.789],[0,0]],"v":[[5.733,1.542],[1.336,3.529],[-1.773,-0.987]],"c":false}],"e":[{"i":[[0,0],[2.22,0.151],[0,0]],"o":[[-0.411,1.772],[-3.133,-0.213],[0,0]],"v":[[5.972,-0.232],[2.104,2.893],[-1.773,-0.987]],"c":false}]},{"i":{"x":0.667,"y":1},"o":{"x":0.167,"y":0.167},"t":7,"s":[{"i":[[0,0],[2.22,0.151],[0,0]],"o":[[-0.411,1.772],[-3.133,-0.213],[0,0]],"v":[[5.972,-0.232],[2.104,2.893],[-1.773,-0.987]],"c":false}],"e":[{"i":[[0,0],[1.678,-0.055],[0,0]],"o":[[0.006,1.824],[-3.378,0.11],[0,0]],"v":[[5.945,-0.824],[2.693,2.095],[-1.773,-0.987]],"c":false}]},{"i":{"x":0.667,"y":1},"o":{"x":0.333,"y":0},"t":8,"s":[{"i":[[0,0],[1.678,-0.055],[0,0]],"o":[[0.006,1.824],[-3.378,0.11],[0,0]],"v":[[5.945,-0.824],[2.693,2.095],[-1.773,-0.987]],"c":false}],"e":[{"i":[[0,0],[1.979,-0.001],[0,0]],"o":[[-0.551,0.872],[-3.38,0.001],[0,0]],"v":[[5.622,0.527],[2.095,2.13],[-1.773,-0.987]],"c":false}]},{"i":{"x":0.667,"y":1},"o":{"x":0.333,"y":0},"t":11,"s":[{"i":[[0,0],[1.979,-0.001],[0,0]],"o":[[-0.551,0.872],[-3.38,0.001],[0,0]],"v":[[5.622,0.527],[2.095,2.13],[-1.773,-0.987]],"c":false}],"e":[{"i":[[0,0],[1.678,-0.055],[0,0]],"o":[[0.006,1.824],[-3.378,0.11],[0,0]],"v":[[5.945,-0.824],[2.693,2.095],[-1.773,-0.987]],"c":false}]},{"i":{"x":0.667,"y":1},"o":{"x":0.333,"y":0},"t":14,"s":[{"i":[[0,0],[1.678,-0.055],[0,0]],"o":[[0.006,1.824],[-3.378,0.11],[0,0]],"v":[[5.945,-0.824],[2.693,2.095],[-1.773,-0.987]],"c":false}],"e":[{"i":[[0,0],[1.979,-0.001],[0,0]],"o":[[-0.551,0.872],[-3.38,0.001],[0,0]],"v":[[5.622,0.527],[2.095,2.13],[-1.773,-0.987]],"c":false}]},{"i":{"x":0.667,"y":1},"o":{"x":0.333,"y":0},"t":17,"s":[{"i":[[0,0],[1.979,-0.001],[0,0]],"o":[[-0.551,0.872],[-3.38,0.001],[0,0]],"v":[[5.622,0.527],[2.095,2.13],[-1.773,-0.987]],"c":false}],"e":[{"i":[[0,0],[1.678,-0.055],[0,0]],"o":[[0.006,1.824],[-3.378,0.11],[0,0]],"v":[[5.945,-0.824],[2.693,2.095],[-1.773,-0.987]],"c":false}]},{"i":{"x":0.833,"y":0.833},"o":{"x":0.333,"y":0},"t":20,"s":[{"i":[[0,0],[1.678,-0.055],[0,0]],"o":[[0.006,1.824],[-3.378,0.11],[0,0]],"v":[[5.945,-0.824],[2.693,2.095],[-1.773,-0.987]],"c":false}],"e":[{"i":[[0,0],[2.22,0.151],[0,0]],"o":[[-0.411,1.772],[-3.133,-0.213],[0,0]],"v":[[5.972,-0.232],[2.104,2.893],[-1.773,-0.987]],"c":false}]},{"i":{"x":0.833,"y":0.833},"o":{"x":0.167,"y":0.167},"t":21,"s":[{"i":[[0,0],[2.22,0.151],[0,0]],"o":[[-0.411,1.772],[-3.133,-0.213],[0,0]],"v":[[5.972,-0.232],[2.104,2.893],[-1.773,-0.987]],"c":false}],"e":[{"i":[[0,0],[1.771,0.628],[0,0]],"o":[[-0.772,0.948],[-2.225,-0.789],[0,0]],"v":[[5.733,1.542],[1.336,3.529],[-1.773,-0.987]],"c":false}]},{"i":{"x":0.833,"y":0.833},"o":{"x":0.167,"y":0.167},"t":22,"s":[{"i":[[0,0],[1.771,0.628],[0,0]],"o":[[-0.772,0.948],[-2.225,-0.789],[0,0]],"v":[[5.733,1.542],[1.336,3.529],[-1.773,-0.987]],"c":false}],"e":[{"i":[[0,0],[0.718,0.626],[0,0]],"o":[[-1.349,0.307],[-0.882,-0.654],[0,0]],"v":[[4.24,3.693],[0.553,3.294],[-1.793,-1.127]],"c":false}]},{"i":{"x":0.833,"y":0.833},"o":{"x":0.167,"y":0.167},"t":23,"s":[{"i":[[0,0],[0.718,0.626],[0,0]],"o":[[-1.349,0.307],[-0.882,-0.654],[0,0]],"v":[[4.24,3.693],[0.553,3.294],[-1.793,-1.127]],"c":false}],"e":[{"i":[[0,0],[0.273,0.515],[0,0]],"o":[[-1.307,-0.836],[-0.327,-0.625],[0,0]],"v":[[1.998,4.556],[-0.222,2.365],[-1.773,-0.987]],"c":false}]},{"i":{"x":0.833,"y":0.833},"o":{"x":0.167,"y":0.167},"t":24,"s":[{"i":[[0,0],[0.273,0.515],[0,0]],"o":[[-1.307,-0.836],[-0.327,-0.625],[0,0]],"v":[[1.998,4.556],[-0.222,2.365],[-1.773,-0.987]],"c":false}],"e":[{"i":[[0,0],[0,0],[0,0]],"o":[[0,0],[0,0],[0,0]],"v":[[-0.214,3.715],[-1.016,1.296],[-1.773,-0.987]],"c":false}]},{"t":25}],"ix":2},"nm":"Path 1","mn":"ADBE Vector Shape - Group","hd":false},{"ty":"st","c":{"a":0,"k":[0,0,0,1],"ix":3},"o":{"a":0,"k":100,"ix":4},"w":{"a":0,"k":2,"ix":5},"lc":2,"lj":2,"bm":0,"nm":"Stroke 1","mn":"ADBE Vector Graphic - Stroke","hd":false},{"ty":"tr","p":{"a":0,"k":[41.109,23],"ix":2},"a":{"a":0,"k":[0,0],"ix":1},"s":{"a":0,"k":[100,100],"ix":3},"r":{"a":0,"k":0,"ix":6},"o":{"a":0,"k":100,"ix":7},"sk":{"a":0,"k":0,"ix":4},"sa":{"a":0,"k":0,"ix":5},"nm":"Transform"}],"nm":"Group 3","np":2,"cix":2,"bm":0,"ix":1,"mn":"ADBE Vector Group","hd":false},{"ty":"gr","it":[{"ind":0,"ty":"sh","ix":1,"ks":{"a":1,"k":[{"i":{"x":0.833,"y":0.833},"o":{"x":0.167,"y":0.167},"t":3,"s":[{"i":[[0,0],[0,0],[-0.302,-0.934],[-1.086,-3.335]],"o":[[0,0],[2.417,0],[0,0],[0.726,2.227]],"v":[[-5.109,-9],[-3.109,-9],[0.641,-6],[2.836,0.738]],"c":false}],"e":[{"i":[[0,0],[0,0],[-0.302,-0.934],[-1.151,-3.505]],"o":[[0,0],[2.417,0],[0,0],[0.58,1.776]],"v":[[-5.109,-9],[-3.109,-9],[0.641,-6],[2.671,0.353]],"c":false}]},{"i":{"x":0.833,"y":0.833},"o":{"x":0.167,"y":0.167},"t":4,"s":[{"i":[[0,0],[0,0],[-0.302,-0.934],[-1.151,-3.505]],"o":[[0,0],[2.417,0],[0,0],[0.58,1.776]],"v":[[-5.109,-9],[-3.109,-9],[0.641,-6],[2.671,0.353]],"c":false}],"e":[{"i":[[0,0],[0,0],[-0.302,-0.934],[-1.216,-3.674]],"o":[[0,0],[2.417,0],[0,0],[0.434,1.325]],"v":[[-5.109,-9],[-3.109,-9],[0.641,-6],[2.552,0.039]],"c":false}]},{"i":{"x":0.833,"y":0.833},"o":{"x":0.167,"y":0.167},"t":5,"s":[{"i":[[0,0],[0,0],[-0.302,-0.934],[-1.216,-3.674]],"o":[[0,0],[2.417,0],[0,0],[0.434,1.325]],"v":[[-5.109,-9],[-3.109,-9],[0.641,-6],[2.552,0.039]],"c":false}],"e":[{"i":[[0,0],[0,0],[-0.302,-0.934],[-1.28,-3.844]],"o":[[0,0],[2.417,0],[0,0],[0.288,0.875]],"v":[[-5.109,-9],[-3.109,-9],[0.641,-6],[2.346,-0.419]],"c":false}]},{"i":{"x":0.833,"y":0.833},"o":{"x":0.167,"y":0.167},"t":6,"s":[{"i":[[0,0],[0,0],[-0.302,-0.934],[-1.28,-3.844]],"o":[[0,0],[2.417,0],[0,0],[0.288,0.875]],"v":[[-5.109,-9],[-3.109,-9],[0.641,-6],[2.346,-0.419]],"c":false}],"e":[{"i":[[0,0],[0,0],[-0.302,-0.934],[-1.41,-4.183]],"o":[[0,0],[2.417,0],[0,0],[-0.004,-0.027]],"v":[[-5.109,-9],[-3.109,-9],[0.641,-6],[2.113,-1.785]],"c":false}]},{"i":{"x":0.833,"y":0.833},"o":{"x":0.167,"y":0.167},"t":8,"s":[{"i":[[0,0],[0,0],[-0.302,-0.934],[-1.41,-4.183]],"o":[[0,0],[2.417,0],[0,0],[-0.004,-0.027]],"v":[[-5.109,-9],[-3.109,-9],[0.641,-6],[2.113,-1.785]],"c":false}],"e":[{"i":[[0,0],[0,0],[-0.302,-0.934],[-1.41,-4.183]],"o":[[0,0],[2.417,0],[0,0],[-0.004,-0.027]],"v":[[-5.109,-9],[-3.109,-9],[0.641,-6],[2.113,-1.785]],"c":false}]},{"i":{"x":0.833,"y":0.833},"o":{"x":0.167,"y":0.167},"t":20,"s":[{"i":[[0,0],[0,0],[-0.302,-0.934],[-1.41,-4.183]],"o":[[0,0],[2.417,0],[0,0],[-0.004,-0.027]],"v":[[-5.109,-9],[-3.109,-9],[0.641,-6],[2.113,-1.785]],"c":false}],"e":[{"i":[[0,0],[0,0],[-0.302,-0.934],[-1.28,-3.844]],"o":[[0,0],[2.417,0],[0,0],[0.288,0.875]],"v":[[-5.109,-9],[-3.109,-9],[0.641,-6],[2.346,-0.419]],"c":false}]},{"i":{"x":0.833,"y":0.833},"o":{"x":0.167,"y":0.167},"t":22,"s":[{"i":[[0,0],[0,0],[-0.302,-0.934],[-1.28,-3.844]],"o":[[0,0],[2.417,0],[0,0],[0.288,0.875]],"v":[[-5.109,-9],[-3.109,-9],[0.641,-6],[2.346,-0.419]],"c":false}],"e":[{"i":[[0,0],[0,0],[-0.302,-0.934],[-1.216,-3.674]],"o":[[0,0],[2.417,0],[0,0],[0.434,1.325]],"v":[[-5.109,-9],[-3.109,-9],[0.641,-6],[2.552,0.039]],"c":false}]},{"i":{"x":0.833,"y":0.833},"o":{"x":0.167,"y":0.167},"t":23,"s":[{"i":[[0,0],[0,0],[-0.302,-0.934],[-1.216,-3.674]],"o":[[0,0],[2.417,0],[0,0],[0.434,1.325]],"v":[[-5.109,-9],[-3.109,-9],[0.641,-6],[2.552,0.039]],"c":false}],"e":[{"i":[[0,0],[0,0],[-0.302,-0.934],[-1.151,-3.505]],"o":[[0,0],[2.417,0],[0,0],[0.58,1.776]],"v":[[-5.109,-9],[-3.109,-9],[0.641,-6],[2.671,0.353]],"c":false}]},{"i":{"x":0.833,"y":0.833},"o":{"x":0.167,"y":0.167},"t":24,"s":[{"i":[[0,0],[0,0],[-0.302,-0.934],[-1.151,-3.505]],"o":[[0,0],[2.417,0],[0,0],[0.58,1.776]],"v":[[-5.109,-9],[-3.109,-9],[0.641,-6],[2.671,0.353]],"c":false}],"e":[{"i":[[0,0],[0,0],[-0.302,-0.934],[-1.086,-3.335]],"o":[[0,0],[2.417,0],[0,0],[0.726,2.227]],"v":[[-5.109,-9],[-3.109,-9],[0.641,-6],[2.836,0.738]],"c":false}]},{"t":25}],"ix":2},"nm":"Path 1","mn":"ADBE Vector Shape - Group","hd":false},{"ty":"st","c":{"a":0,"k":[0,0,0,1],"ix":3},"o":{"a":0,"k":100,"ix":4},"w":{"a":0,"k":2,"ix":5},"lc":2,"lj":2,"bm":0,"nm":"Stroke 1","mn":"ADBE Vector Graphic - Stroke","hd":false},{"ty":"tr","p":{"a":0,"k":[41.109,23],"ix":2},"a":{"a":0,"k":[0,0],"ix":1},"s":{"a":0,"k":[100,100],"ix":3},"r":{"a":0,"k":0,"ix":6},"o":{"a":0,"k":100,"ix":7},"sk":{"a":0,"k":0,"ix":4},"sa":{"a":0,"k":0,"ix":5},"nm":"Transform"}],"nm":"Group 2","np":2,"cix":2,"bm":0,"ix":2,"mn":"ADBE Vector Group","hd":false}],"ip":0,"op":28,"st":0,"bm":0},{"ddd":0,"ind":3,"ty":4,"nm":"Family","sr":1,"ks":{"o":{"a":0,"k":100,"ix":11},"r":{"a":0,"k":0,"ix":10},"p":{"a":0,"k":[25,25,0],"ix":2},"a":{"a":0,"k":[25,25,0],"ix":1},"s":{"a":0,"k":[100,100,100],"ix":6}},"ao":0,"shapes":[{"ty":"gr","it":[{"ind":0,"ty":"sh","ix":1,"ks":{"a":0,"k":{"i":[[0,0],[-1.21,0],[0,0]],"o":[[0.598,-0.635],[0,0],[0,0]],"v":[[-3.335,0.577],[-0.665,-0.577],[3.335,-0.577]],"c":false},"ix":2},"nm":"Path 1","mn":"ADBE Vector Shape - Group","hd":false},{"ty":"st","c":{"a":0,"k":[0,0,0,1],"ix":3},"o":{"a":0,"k":100,"ix":4},"w":{"a":0,"k":2,"ix":5},"lc":2,"lj":2,"bm":0,"nm":"Stroke 1","mn":"ADBE Vector Graphic - Stroke","hd":false},{"ty":"tr","p":{"a":0,"k":[32.665,14.576],"ix":2},"a":{"a":0,"k":[0,0],"ix":1},"s":{"a":0,"k":[100,100],"ix":3},"r":{"a":0,"k":0,"ix":6},"o":{"a":0,"k":100,"ix":7},"sk":{"a":0,"k":0,"ix":4},"sa":{"a":0,"k":0,"ix":5},"nm":"Transform"}],"nm":"Group 1","np":2,"cix":2,"bm":0,"ix":1,"mn":"ADBE Vector Group","hd":false},{"ty":"gr","it":[{"ind":0,"ty":"sh","ix":1,"ks":{"a":0,"k":{"i":[[0,0],[0,0],[-0.177,0.273],[0.097,0.329],[0,0]],"o":[[0,0],[0.314,0],[0.176,-0.274],[0,0],[0,0]],"v":[[-3.804,6.993],[2.805,6.993],[3.583,6.56],[3.707,5.603],[-0.468,-6.993]],"c":false},"ix":2},"nm":"Path 1","mn":"ADBE Vector Shape - Group","hd":false},{"ty":"st","c":{"a":0,"k":[0,0,0,1],"ix":3},"o":{"a":0,"k":100,"ix":4},"w":{"a":0,"k":2,"ix":5},"lc":2,"lj":2,"bm":0,"nm":"Stroke 1","mn":"ADBE Vector Graphic - Stroke","hd":false},{"ty":"tr","p":{"a":0,"k":[39.804,29.007],"ix":2},"a":{"a":0,"k":[0,0],"ix":1},"s":{"a":0,"k":[100,100],"ix":3},"r":{"a":0,"k":0,"ix":6},"o":{"a":0,"k":100,"ix":7},"sk":{"a":0,"k":0,"ix":4},"sa":{"a":0,"k":0,"ix":5},"nm":"Transform"}],"nm":"Group 3","np":2,"cix":2,"bm":0,"ix":2,"mn":"ADBE Vector Group","hd":false},{"ty":"gr","it":[{"ind":0,"ty":"sh","ix":1,"ks":{"a":0,"k":{"i":[[0,0],[0,0],[0,0],[-1.105,0],[0,1.105]],"o":[[0,0],[0,0],[0,1.105],[1.105,0],[0,0]],"v":[[2,-5.5],[-2,-5.5],[-2,3.5],[0,5.5],[2,3.5]],"c":true},"ix":2},"nm":"Path 1","mn":"ADBE Vector Shape - Group","hd":false},{"ty":"st","c":{"a":0,"k":[0,0,0,1],"ix":3},"o":{"a":0,"k":100,"ix":4},"w":{"a":0,"k":2,"ix":5},"lc":2,"lj":2,"bm":0,"nm":"Stroke 1","mn":"ADBE Vector Graphic - Stroke","hd":false},{"ty":"tr","p":{"a":0,"k":[33,41.5],"ix":2},"a":{"a":0,"k":[0,0],"ix":1},"s":{"a":0,"k":[100,100],"ix":3},"r":{"a":0,"k":0,"ix":6},"o":{"a":0,"k":100,"ix":7},"sk":{"a":0,"k":0,"ix":4},"sa":{"a":0,"k":0,"ix":5},"nm":"Transform"}],"nm":"Group 4","np":2,"cix":2,"bm":0,"ix":3,"mn":"ADBE Vector Group","hd":false},{"ty":"gr","it":[{"ind":0,"ty":"sh","ix":1,"ks":{"a":0,"k":{"i":[[0,0],[0,0],[0,0.828],[0,0],[0,0],[0,1.105],[0,0],[1.657,0],[0,0],[0,-1.657],[0,0],[-1.105,0],[0,0],[0,0],[-0.828,0]],"o":[[0,0],[0.828,0],[0,0],[0,0],[1.105,0],[0,0],[0,-1.657],[0,0],[-1.657,0],[0,0],[0,1.105],[0,0],[0,0],[0,0.828],[0,0]],"v":[[1.5,10.5],[1.5,10.5],[3,9],[3,1.5],[4,1.5],[6,-0.5],[6,-7.5],[3,-10.5],[-3,-10.5],[-6,-7.5],[-6,-0.5],[-4,1.5],[-3,1.5],[-3,9],[-1.5,10.5]],"c":true},"ix":2},"nm":"Path 1","mn":"ADBE Vector Shape - Group","hd":false},{"ty":"st","c":{"a":0,"k":[0,0,0,1],"ix":3},"o":{"a":0,"k":100,"ix":4},"w":{"a":0,"k":2,"ix":5},"lc":2,"lj":2,"bm":0,"nm":"Stroke 1","mn":"ADBE Vector Graphic - Stroke","hd":false},{"ty":"tr","p":{"a":0,"k":[25,36.5],"ix":2},"a":{"a":0,"k":[0,0],"ix":1},"s":{"a":0,"k":[100,100],"ix":3},"r":{"a":0,"k":0,"ix":6},"o":{"a":0,"k":100,"ix":7},"sk":{"a":0,"k":0,"ix":4},"sa":{"a":0,"k":0,"ix":5},"nm":"Transform"}],"nm":"Group 5","np":2,"cix":2,"bm":0,"ix":4,"mn":"ADBE Vector Group","hd":false},{"ty":"gr","it":[{"ind":0,"ty":"sh","ix":1,"ks":{"a":0,"k":{"i":[[0,0],[0,0],[0,0],[-1.105,0],[0,1.105]],"o":[[0,0],[0,0],[0,1.105],[1.105,0],[0,0]],"v":[[2,-5.5],[-2,-5.5],[-2,3.5],[0,5.5],[2,3.5]],"c":true},"ix":2},"nm":"Path 1","mn":"ADBE Vector Shape - Group","hd":false},{"ty":"st","c":{"a":0,"k":[0,0,0,1],"ix":3},"o":{"a":0,"k":100,"ix":4},"w":{"a":0,"k":2,"ix":5},"lc":2,"lj":2,"bm":0,"nm":"Stroke 1","mn":"ADBE Vector Graphic - Stroke","hd":false},{"ty":"tr","p":{"a":0,"k":[37,41.5],"ix":2},"a":{"a":0,"k":[0,0],"ix":1},"s":{"a":0,"k":[100,100],"ix":3},"r":{"a":0,"k":0,"ix":6},"o":{"a":0,"k":100,"ix":7},"sk":{"a":0,"k":0,"ix":4},"sa":{"a":0,"k":0,"ix":5},"nm":"Transform"}],"nm":"Group 6","np":2,"cix":2,"bm":0,"ix":5,"mn":"ADBE Vector Group","hd":false},{"ty":"gr","it":[{"ind":0,"ty":"sh","ix":1,"ks":{"a":0,"k":{"i":[[1.657,0],[0,-1.657],[-1.657,0],[0,1.657]],"o":[[-1.657,0],[0,1.657],[1.657,0],[0,-1.657]],"v":[[0,-3],[-3,0],[0,3],[3,0]],"c":true},"ix":2},"nm":"Path 1","mn":"ADBE Vector Shape - Group","hd":false},{"ty":"st","c":{"a":0,"k":[0,0,0,1],"ix":3},"o":{"a":0,"k":100,"ix":4},"w":{"a":0,"k":2,"ix":5},"lc":2,"lj":2,"bm":0,"nm":"Stroke 1","mn":"ADBE Vector Graphic - Stroke","hd":false},{"ty":"tr","p":{"a":0,"k":[25,20],"ix":2},"a":{"a":0,"k":[0,0],"ix":1},"s":{"a":0,"k":[100,100],"ix":3},"r":{"a":0,"k":0,"ix":6},"o":{"a":0,"k":100,"ix":7},"sk":{"a":0,"k":0,"ix":4},"sa":{"a":0,"k":0,"ix":5},"nm":"Transform"}],"nm":"Group 7","np":2,"cix":2,"bm":0,"ix":6,"mn":"ADBE Vector Group","hd":false},{"ty":"gr","it":[{"ind":0,"ty":"sh","ix":1,"ks":{"a":0,"k":{"i":[[2.209,0],[0,-2.209],[-2.209,0],[0,2.209]],"o":[[-2.209,0],[0,2.209],[2.209,0],[0,-2.209]],"v":[[0,-4],[-4,0],[0,4],[4,0]],"c":true},"ix":2},"nm":"Path 1","mn":"ADBE Vector Shape - Group","hd":false},{"ty":"st","c":{"a":0,"k":[0,0,0,1],"ix":3},"o":{"a":0,"k":100,"ix":4},"w":{"a":0,"k":2,"ix":5},"lc":2,"lj":2,"bm":0,"nm":"Stroke 1","mn":"ADBE Vector Graphic - Stroke","hd":false},{"ty":"tr","p":{"a":0,"k":[35,7],"ix":2},"a":{"a":0,"k":[0,0],"ix":1},"s":{"a":0,"k":[100,100],"ix":3},"r":{"a":0,"k":0,"ix":6},"o":{"a":0,"k":100,"ix":7},"sk":{"a":0,"k":0,"ix":4},"sa":{"a":0,"k":0,"ix":5},"nm":"Transform"}],"nm":"Group 8","np":2,"cix":2,"bm":0,"ix":7,"mn":"ADBE Vector Group","hd":false},{"ty":"gr","it":[{"ind":0,"ty":"sh","ix":1,"ks":{"a":0,"k":{"i":[[0,0],[-1.105,0],[0,1.105]],"o":[[0,1.105],[1.105,0],[0,0]],"v":[[-2,-1],[0,1],[2,-1]],"c":false},"ix":2},"nm":"Path 1","mn":"ADBE Vector Shape - Group","hd":false},{"ty":"st","c":{"a":0,"k":[0,0,0,1],"ix":3},"o":{"a":0,"k":100,"ix":4},"w":{"a":0,"k":2,"ix":5},"lc":2,"lj":2,"bm":0,"nm":"Stroke 1","mn":"ADBE Vector Graphic - Stroke","hd":false},{"ty":"tr","p":{"a":0,"k":[7,32],"ix":2},"a":{"a":0,"k":[0,0],"ix":1},"s":{"a":0,"k":[100,100],"ix":3},"r":{"a":0,"k":0,"ix":6},"o":{"a":0,"k":100,"ix":7},"sk":{"a":0,"k":0,"ix":4},"sa":{"a":0,"k":0,"ix":5},"nm":"Transform"}],"nm":"Group 9","np":2,"cix":2,"bm":0,"ix":8,"mn":"ADBE Vector Group","hd":false},{"ty":"gr","it":[{"ind":0,"ty":"sh","ix":1,"ks":{"a":0,"k":{"i":[[0,0],[0.958,0],[0,0],[0,-2.481],[0,0]],"o":[[-0.73,-0.512],[0,0],[-2.482,0],[0,0],[0,0]],"v":[[8.039,-7.687],[5.461,-8.5],[-3.539,-8.5],[-8.039,-4],[-8.039,8.5]],"c":false},"ix":2},"nm":"Path 1","mn":"ADBE Vector Shape - Group","hd":false},{"ty":"st","c":{"a":0,"k":[0,0,0,1],"ix":3},"o":{"a":0,"k":100,"ix":4},"w":{"a":0,"k":2,"ix":5},"lc":2,"lj":2,"bm":0,"nm":"Stroke 1","mn":"ADBE Vector Graphic - Stroke","hd":false},{"ty":"tr","p":{"a":0,"k":[13.039,22.5],"ix":2},"a":{"a":0,"k":[0,0],"ix":1},"s":{"a":0,"k":[100,100],"ix":3},"r":{"a":0,"k":0,"ix":6},"o":{"a":0,"k":100,"ix":7},"sk":{"a":0,"k":0,"ix":4},"sa":{"a":0,"k":0,"ix":5},"nm":"Transform"}],"nm":"Group 10","np":2,"cix":2,"bm":0,"ix":9,"mn":"ADBE Vector Group","hd":false},{"ty":"gr","it":[{"ind":0,"ty":"sh","ix":1,"ks":{"a":0,"k":{"i":[[2.209,0],[0,-2.209],[-2.209,0],[0,2.209]],"o":[[-2.209,0],[0,2.209],[2.209,0],[0,-2.209]],"v":[[0,-4],[-4,0],[0,4],[4,0]],"c":true},"ix":2},"nm":"Path 1","mn":"ADBE Vector Shape - Group","hd":false},{"ty":"st","c":{"a":0,"k":[0,0,0,1],"ix":3},"o":{"a":0,"k":100,"ix":4},"w":{"a":0,"k":2,"ix":5},"lc":2,"lj":2,"bm":0,"nm":"Stroke 1","mn":"ADBE Vector Graphic - Stroke","hd":false},{"ty":"tr","p":{"a":0,"k":[14,7],"ix":2},"a":{"a":0,"k":[0,0],"ix":1},"s":{"a":0,"k":[100,100],"ix":3},"r":{"a":0,"k":0,"ix":6},"o":{"a":0,"k":100,"ix":7},"sk":{"a":0,"k":0,"ix":4},"sa":{"a":0,"k":0,"ix":5},"nm":"Transform"}],"nm":"Group 11","np":2,"cix":2,"bm":0,"ix":10,"mn":"ADBE Vector Group","hd":false},{"ty":"gr","it":[{"ind":0,"ty":"sh","ix":1,"ks":{"a":0,"k":{"i":[[0,0],[0,0],[-0.921,0],[0,0],[0,0.921],[-0.921,0],[0,0],[0,0.921],[0,0]],"o":[[0,0],[0,0.921],[0,0],[0.92,0],[0,0.921],[0,0],[0.92,0],[0,0],[0,0]],"v":[[-5,-13],[-5,11.333],[-3.333,13],[-1.666,13],[0,11.333],[1.667,13],[3.334,13],[5,11.333],[5,-3]],"c":false},"ix":2},"nm":"Path 1","mn":"ADBE Vector Shape - Group","hd":false},{"ty":"st","c":{"a":0,"k":[0,0,0,1],"ix":3},"o":{"a":0,"k":100,"ix":4},"w":{"a":0,"k":2,"ix":5},"lc":2,"lj":2,"bm":0,"nm":"Stroke 1","mn":"ADBE Vector Graphic - Stroke","hd":false},{"ty":"tr","p":{"a":0,"k":[14,34],"ix":2},"a":{"a":0,"k":[0,0],"ix":1},"s":{"a":0,"k":[100,100],"ix":3},"r":{"a":0,"k":0,"ix":6},"o":{"a":0,"k":100,"ix":7},"sk":{"a":0,"k":0,"ix":4},"sa":{"a":0,"k":0,"ix":5},"nm":"Transform"}],"nm":"Group 12","np":2,"cix":2,"bm":0,"ix":11,"mn":"ADBE Vector Group","hd":false},{"ty":"gr","it":[{"ind":0,"ty":"sh","ix":1,"ks":{"a":0,"k":{"i":[[0,0],[0,0]],"o":[[0,0],[0,0]],"v":[[14,45.667],[14,32.667]],"c":false},"ix":2},"nm":"Path 1","mn":"ADBE Vector Shape - Group","hd":false},{"ty":"st","c":{"a":0,"k":[0,0,0,1],"ix":3},"o":{"a":0,"k":100,"ix":4},"w":{"a":0,"k":2,"ix":5},"lc":2,"lj":2,"bm":0,"nm":"Stroke 1","mn":"ADBE Vector Graphic - Stroke","hd":false},{"ty":"tr","p":{"a":0,"k":[0,0],"ix":2},"a":{"a":0,"k":[0,0],"ix":1},"s":{"a":0,"k":[100,100],"ix":3},"r":{"a":0,"k":0,"ix":6},"o":{"a":0,"k":100,"ix":7},"sk":{"a":0,"k":0,"ix":4},"sa":{"a":0,"k":0,"ix":5},"nm":"Transform"}],"nm":"Group 13","np":2,"cix":2,"bm":0,"ix":12,"mn":"ADBE Vector Group","hd":false}],"ip":0,"op":28,"st":0,"bm":0}],"markers":[]}