{"v":"5.6.5","fr":24,"ip":0,"op":28,"w":50,"h":50,"nm":"itunes","ddd":0,"assets":[],"layers":[{"ddd":0,"ind":1,"ty":4,"nm":"itunes","sr":1,"ks":{"o":{"a":0,"k":100,"ix":11},"r":{"a":1,"k":[{"i":{"x":[0.667],"y":[1]},"o":{"x":[0.333],"y":[0]},"t":7,"s":[0]},{"i":{"x":[0.667],"y":[1]},"o":{"x":[0.333],"y":[0]},"t":10,"s":[5]},{"i":{"x":[0.667],"y":[1]},"o":{"x":[0.333],"y":[0]},"t":14,"s":[-5]},{"i":{"x":[0.667],"y":[1]},"o":{"x":[0.333],"y":[0]},"t":18,"s":[5]},{"t":21,"s":[0]}],"ix":10},"p":{"a":1,"k":[{"i":{"x":0.667,"y":1},"o":{"x":0.333,"y":0},"t":7,"s":[23.494,24.954,0],"to":[0,0.391,0],"ti":[0,0.159,0]},{"i":{"x":0.667,"y":1},"o":{"x":0.333,"y":0},"t":10,"s":[23.494,27.3,0],"to":[0,-0.159,0],"ti":[0,0,0]},{"i":{"x":0.667,"y":1},"o":{"x":0.333,"y":0},"t":14,"s":[23.494,24,0],"to":[0,0,0],"ti":[0,-0.167,0]},{"i":{"x":0.667,"y":1},"o":{"x":0.333,"y":0},"t":18,"s":[23.494,27.3,0],"to":[0,0.167,0],"ti":[0,0.383,0]},{"t":21,"s":[23.494,25,0]}],"ix":2},"a":{"a":0,"k":[11.757,13.297,0],"ix":1},"s":{"a":1,"k":[{"i":{"x":[0.667,0.667,0.667],"y":[1,1,1]},"o":{"x":[0.333,0.333,0.333],"y":[0,0,0]},"t":3,"s":[100,100,100]},{"i":{"x":[0.667,0.667,0.667],"y":[1,1,1]},"o":{"x":[0.333,0.333,0.333],"y":[0,0,0]},"t":7,"s":[110,110,100]},{"i":{"x":[0.667,0.667,0.667],"y":[1,1,1]},"o":{"x":[0.333,0.333,0.333],"y":[0,0,0]},"t":21,"s":[110,110,100]},{"t":25,"s":[100,100,100]}],"ix":6}},"ao":0,"shapes":[{"ty":"gr","it":[{"ind":0,"ty":"sh","ix":1,"ks":{"a":0,"k":{"i":[[0.613,-0.108],[0,0],[0,-0.664],[0,0],[0.443,-0.113],[0,0],[0,0],[0.18,-1.39],[-0.05,-0.325],[-1.785,0],[0,0],[0,2.835],[0,0],[-0.665,0.117],[0,0],[0,-0.622],[0,0],[0.443,-0.113],[0,0],[0,0],[0.18,-1.39],[-0.05,-0.325],[-1.784,0],[0,0],[0,2.835],[0,0]],"o":[[0,0],[-0.654,0.115],[0,0],[0,0.457],[0,0],[0,0],[-1.31,0.39],[-0.043,0.324],[0.273,1.763],[0,0],[2.835,0],[0,0],[0,-0.676],[0,0],[0.613,-0.108],[0,0],[0,0.457],[0,0],[0,0],[-1.31,0.39],[-0.043,0.324],[0.273,1.763],[0,0],[2.835,0],[0,0],[0,-0.622]],"v":[[10.333,-12.939],[-3.363,-10.344],[-4.493,-8.997],[-4.493,4.27],[-5.247,5.238],[-8.693,6.117],[-8.984,6.186],[-11.464,9.096],[-11.454,10.07],[-7.729,13.046],[-7.628,13.046],[-2.493,7.913],[-2.493,-2.624],[-1.344,-3.995],[8.333,-5.88],[9.507,-4.895],[9.507,1.27],[8.753,2.238],[5.307,3.117],[5.016,3.186],[2.536,6.096],[2.546,7.07],[6.271,10.046],[6.372,10.046],[11.507,4.913],[11.507,-11.954]],"c":true},"ix":2},"nm":"Path 1","mn":"ADBE Vector Shape - Group","hd":false},{"ty":"fl","c":{"a":0,"k":[0,0,0,1],"ix":4},"o":{"a":0,"k":100,"ix":5},"r":1,"bm":0,"nm":"Fill 1","mn":"ADBE Vector Graphic - Fill","hd":false},{"ty":"tr","p":{"a":0,"k":[11.757,13.297],"ix":2},"a":{"a":0,"k":[0,0],"ix":1},"s":{"a":0,"k":[100,100],"ix":3},"r":{"a":0,"k":0,"ix":6},"o":{"a":0,"k":100,"ix":7},"sk":{"a":0,"k":0,"ix":4},"sa":{"a":0,"k":0,"ix":5},"nm":"Transform"}],"nm":"Group 1","np":2,"cix":2,"bm":0,"ix":1,"mn":"ADBE Vector Group","hd":false}],"ip":0,"op":28,"st":0,"bm":0},{"ddd":0,"ind":2,"ty":4,"nm":"circle","sr":1,"ks":{"o":{"a":0,"k":100,"ix":11},"r":{"a":0,"k":0,"ix":10},"p":{"a":0,"k":[25,25,0],"ix":2},"a":{"a":0,"k":[27,27,0],"ix":1},"s":{"a":0,"k":[100,100,100],"ix":6}},"ao":0,"shapes":[{"ty":"gr","it":[{"ind":0,"ty":"sh","ix":1,"ks":{"a":0,"k":{"i":[[12.15,0],[0,-12.15],[-12.15,0],[0,12.15]],"o":[[-12.15,0],[0,12.15],[12.15,0],[0,-12.15]],"v":[[0,-22],[-22,0],[0,22],[22,0]],"c":true},"ix":2},"nm":"Path 1","mn":"ADBE Vector Shape - Group","hd":false},{"ty":"st","c":{"a":0,"k":[0,0,0,1],"ix":3},"o":{"a":0,"k":100,"ix":4},"w":{"a":0,"k":2,"ix":5},"lc":1,"lj":1,"ml":10,"bm":0,"nm":"Stroke 1","mn":"ADBE Vector Graphic - Stroke","hd":false},{"ty":"tr","p":{"a":0,"k":[27,27],"ix":2},"a":{"a":0,"k":[0,0],"ix":1},"s":{"a":0,"k":[100,100],"ix":3},"r":{"a":0,"k":0,"ix":6},"o":{"a":0,"k":100,"ix":7},"sk":{"a":0,"k":0,"ix":4},"sa":{"a":0,"k":0,"ix":5},"nm":"Transform"}],"nm":"Group 1","np":2,"cix":2,"bm":0,"ix":1,"mn":"ADBE Vector Group","hd":false}],"ip":0,"op":28,"st":0,"bm":0}],"markers":[]}