{"v":"5.4.4","fr":24,"ip":0,"op":28,"w":50,"h":50,"nm":"music","ddd":0,"assets":[],"layers":[{"ddd":0,"ind":1,"ty":4,"nm":"Music note","sr":1,"ks":{"o":{"a":0,"k":100,"ix":11},"r":{"a":1,"k":[{"i":{"x":[0.667],"y":[1]},"o":{"x":[0.333],"y":[0]},"t":5,"s":[0],"e":[-12]},{"i":{"x":[0.667],"y":[1]},"o":{"x":[0.333],"y":[0]},"t":9,"s":[-12],"e":[15]},{"i":{"x":[0.667],"y":[1]},"o":{"x":[0.333],"y":[0]},"t":17,"s":[15],"e":[0]},{"t":25}],"ix":10},"p":{"a":1,"k":[{"i":{"x":0.667,"y":1},"o":{"x":0.333,"y":0},"t":3,"s":[19.94,44,0],"e":[18.94,42,0],"to":[0,0,0],"ti":[0,0,0]},{"i":{"x":0.667,"y":1},"o":{"x":0.333,"y":0},"t":8,"s":[18.94,42,0],"e":[17.94,44,0],"to":[0,0,0],"ti":[0,0,0]},{"i":{"x":0.667,"y":0.47},"o":{"x":0.333,"y":0},"t":14,"s":[17.94,44,0],"e":[18.941,43,0],"to":[0,0,0],"ti":[0,0,0]},{"i":{"x":0.667,"y":1},"o":{"x":0.333,"y":0.442},"t":20,"s":[18.941,43,0],"e":[19.94,44,0],"to":[0,0,0],"ti":[0,0,0]},{"t":25}],"ix":2},"a":{"a":0,"k":[19.94,44,0],"ix":1},"s":{"a":0,"k":[100,100,100],"ix":6}},"ao":0,"shapes":[{"ty":"gr","it":[{"ind":0,"ty":"sh","ix":1,"ks":{"a":0,"k":{"i":[[0,0],[1.13,0.71],[2.93,0],[0.33,-0.11],[0,0],[-1.14,-0.68],[-4.14,0]],"o":[[-3.28,0],[-1.21,-0.76],[-0.33,0],[0,0],[2.73,0],[1.45,0.87],[0,0]],"v":[[12.5,-9],[7.02,-10.38],[1.5,-12],[0.5,-11.85],[0.5,-17],[5.27,-15.78],[12.5,-13.93]],"c":true},"ix":2},"nm":"Path 1","mn":"ADBE Vector Shape - Group","hd":false},{"ind":1,"ty":"sh","ix":2,"ks":{"a":0,"k":{"i":[[0,0],[4.23,0],[0,1.69],[-6,0],[-1.05,0.82]],"o":[[0,3.8],[-5.94,0],[0,-1.34],[2.36,0],[0,0]],"v":[[-1.5,11],[-6.56,17],[-12.5,13],[-6.5,10],[-1.5,8.61]],"c":true},"ix":2},"nm":"Path 2","mn":"ADBE Vector Shape - Group","hd":false},{"ind":2,"ty":"sh","ix":3,"ks":{"a":0,"k":{"i":[[1.27,0],[6.67,0],[0,-1],[0,0],[3.97,0],[0,-3.54],[-7.45,0],[0,2.68],[0,0],[-0.8,0],[-7.13,0],[0,1.7],[0,0]],"o":[[-7.12,0],[-1.6,0],[0,0],[0,2.21],[-5.66,0],[0,2.38],[6.91,0],[0,0],[0,-1.35],[5.14,0],[0,0],[0,0],[0,-1.53]],"v":[[12.54,-15.92],[0.5,-19],[-1.5,-17],[-1.5,4],[-6.5,8],[-14.5,13],[-6.56,19],[0.5,11],[0.5,-8],[1.5,-10],[12.5,-7],[14.5,-8.7],[14.5,-14.03]],"c":true},"ix":2},"nm":"Path 3","mn":"ADBE Vector Shape - Group","hd":false},{"ty":"mm","mm":1,"nm":"Merge Paths 1","mn":"ADBE Vector Filter - Merge","hd":false},{"ty":"fl","c":{"a":0,"k":[0,0,0,1],"ix":4},"o":{"a":0,"k":100,"ix":5},"r":1,"bm":0,"nm":"Fill 1","mn":"ADBE Vector Graphic - Fill","hd":false},{"ty":"tr","p":{"a":0,"k":[26.5,25],"ix":2},"a":{"a":0,"k":[0,0],"ix":1},"s":{"a":0,"k":[100,100],"ix":3},"r":{"a":0,"k":0,"ix":6},"o":{"a":0,"k":100,"ix":7},"sk":{"a":0,"k":0,"ix":4},"sa":{"a":0,"k":0,"ix":5},"nm":"Transform"}],"nm":"Group 1","np":5,"cix":2,"bm":0,"ix":1,"mn":"ADBE Vector Group","hd":false}],"ip":0,"op":28,"st":0,"bm":0}],"markers":[]}