{"v":"5.4.4","fr":24,"ip":0,"op":28,"w":50,"h":50,"nm":"edit-ok","ddd":0,"assets":[],"layers":[{"ddd":0,"ind":1,"ty":4,"nm":"edit-ok Outlines 2","sr":1,"ks":{"o":{"a":0,"k":100,"ix":11},"r":{"a":1,"k":[{"i":{"x":[0.667],"y":[1]},"o":{"x":[0.167],"y":[0.167]},"t":8,"s":[90],"e":[-5]},{"i":{"x":[0.667],"y":[1]},"o":{"x":[0.333],"y":[0]},"t":10,"s":[-5],"e":[0]},{"i":{"x":[0.833],"y":[0.833]},"o":{"x":[0.167],"y":[0.167]},"t":11,"s":[0],"e":[0]},{"i":{"x":[0.667],"y":[1]},"o":{"x":[0.333],"y":[0]},"t":17,"s":[0],"e":[-5]},{"i":{"x":[0.833],"y":[0.833]},"o":{"x":[0.333],"y":[0]},"t":18,"s":[-5],"e":[90]},{"t":20}],"ix":10},"p":{"a":0,"k":[25,25,0],"ix":2},"a":{"a":0,"k":[25,25,0],"ix":1},"s":{"a":0,"k":[100,100,100],"ix":6}},"ao":0,"shapes":[{"ty":"gr","it":[{"ind":0,"ty":"sh","ix":1,"ks":{"a":1,"k":[{"i":{"x":0.667,"y":1},"o":{"x":0.167,"y":0.167},"t":8,"s":[{"i":[[0,0],[0,0],[0,0]],"o":[[0,0],[0,0],[0,0]],"v":[[-20.75,19.914],[-8.173,7.098],[19.914,-20.911]],"c":false}],"e":[{"i":[[0,0],[0,0],[0,0]],"o":[[0,0],[0,0],[0,0]],"v":[[-18,2.852],[-3.079,16.348],[18,-16.348]],"c":false}]},{"i":{"x":0.833,"y":0.833},"o":{"x":0.167,"y":0.167},"t":11,"s":[{"i":[[0,0],[0,0],[0,0]],"o":[[0,0],[0,0],[0,0]],"v":[[-18,2.852],[-3.079,16.348],[18,-16.348]],"c":false}],"e":[{"i":[[0,0],[0,0],[0,0]],"o":[[0,0],[0,0],[0,0]],"v":[[-18,2.852],[-3.079,16.348],[18,-16.348]],"c":false}]},{"i":{"x":0.833,"y":0.833},"o":{"x":0.333,"y":0},"t":17,"s":[{"i":[[0,0],[0,0],[0,0]],"o":[[0,0],[0,0],[0,0]],"v":[[-18,2.852],[-3.079,16.348],[18,-16.348]],"c":false}],"e":[{"i":[[0,0],[0,0],[0,0]],"o":[[0,0],[0,0],[0,0]],"v":[[-20.75,19.914],[-8.173,7.098],[19.914,-20.911]],"c":false}]},{"t":20}],"ix":2},"nm":"Path 1","mn":"ADBE Vector Shape - Group","hd":false},{"ty":"st","c":{"a":0,"k":[0,0,0,1],"ix":3},"o":{"a":0,"k":100,"ix":4},"w":{"a":0,"k":2,"ix":5},"lc":2,"lj":2,"bm":0,"nm":"Stroke 1","mn":"ADBE Vector Graphic - Stroke","hd":false},{"ty":"tr","p":{"a":0,"k":[25,26],"ix":2},"a":{"a":0,"k":[0,0],"ix":1},"s":{"a":0,"k":[100,100],"ix":3},"r":{"a":0,"k":0,"ix":6},"o":{"a":0,"k":100,"ix":7},"sk":{"a":0,"k":0,"ix":4},"sa":{"a":0,"k":0,"ix":5},"nm":"Transform"}],"nm":"Group 2","np":2,"cix":2,"bm":0,"ix":1,"mn":"ADBE Vector Group","hd":false}],"ip":8,"op":20,"st":0,"bm":0},{"ddd":0,"ind":2,"ty":4,"nm":"edit-ok Outlines 3","sr":1,"ks":{"o":{"a":0,"k":100,"ix":11},"r":{"a":1,"k":[{"i":{"x":[0.667],"y":[1]},"o":{"x":[0.333],"y":[0]},"t":3,"s":[0],"e":[5]},{"i":{"x":[0.833],"y":[0.833]},"o":{"x":[0.333],"y":[0]},"t":4,"s":[5],"e":[-90]},{"i":{"x":[0.833],"y":[0.833]},"o":{"x":[0.167],"y":[0.167]},"t":8,"s":[-90],"e":[-90]},{"i":{"x":[0.667],"y":[1]},"o":{"x":[0.167],"y":[0.167]},"t":20,"s":[-90],"e":[5]},{"i":{"x":[0.667],"y":[1]},"o":{"x":[0.333],"y":[0]},"t":24,"s":[5],"e":[0]},{"t":25}],"ix":10},"p":{"a":0,"k":[25,25,0],"ix":2},"a":{"a":0,"k":[25,25,0],"ix":1},"s":{"a":0,"k":[100,100,100],"ix":6}},"ao":0,"shapes":[{"ty":"gr","it":[{"ind":0,"ty":"sh","ix":1,"ks":{"a":1,"k":[{"i":{"x":0.833,"y":0.833},"o":{"x":0.333,"y":0},"t":4,"s":[{"i":[[0,0],[0,0],[0,0]],"o":[[0,0],[0,0],[0,0]],"v":[[-1.882,-3.599],[3.599,1.881],[-3.599,3.599]],"c":true}],"e":[{"i":[[0,0],[0,0],[0,0]],"o":[[0,0],[0,0],[0,0]],"v":[[5.487,-5.774],[5.51,-5.742],[2.396,-2.457]],"c":true}]},{"i":{"x":0.833,"y":0.833},"o":{"x":0.167,"y":0.167},"t":6,"s":[{"i":[[0,0],[0,0],[0,0]],"o":[[0,0],[0,0],[0,0]],"v":[[5.487,-5.774],[5.51,-5.742],[2.396,-2.457]],"c":true}],"e":[{"i":[[0,0],[0,0],[0,0]],"o":[[0,0],[0,0],[0,0]],"v":[[0.727,-0.989],[0.749,-0.957],[-3.036,3.005]],"c":true}]},{"i":{"x":0.833,"y":0.833},"o":{"x":0.167,"y":0.167},"t":8,"s":[{"i":[[0,0],[0,0],[0,0]],"o":[[0,0],[0,0],[0,0]],"v":[[0.727,-0.989],[0.749,-0.957],[-3.036,3.005]],"c":true}],"e":[{"i":[[0,0],[0,0],[0,0]],"o":[[0,0],[0,0],[0,0]],"v":[[0.727,-0.989],[0.749,-0.957],[-3.036,3.005]],"c":true}]},{"i":{"x":0.833,"y":0.833},"o":{"x":0.167,"y":0.167},"t":20,"s":[{"i":[[0,0],[0,0],[0,0]],"o":[[0,0],[0,0],[0,0]],"v":[[0.727,-0.989],[0.749,-0.957],[-3.036,3.005]],"c":true}],"e":[{"i":[[0,0],[0,0],[0,0]],"o":[[0,0],[0,0],[0,0]],"v":[[5.487,-5.774],[5.51,-5.742],[2.396,-2.457]],"c":true}]},{"i":{"x":0.667,"y":1},"o":{"x":0.167,"y":0.167},"t":22,"s":[{"i":[[0,0],[0,0],[0,0]],"o":[[0,0],[0,0],[0,0]],"v":[[5.487,-5.774],[5.51,-5.742],[2.396,-2.457]],"c":true}],"e":[{"i":[[0,0],[0,0],[0,0]],"o":[[0,0],[0,0],[0,0]],"v":[[-1.882,-3.599],[3.599,1.881],[-3.599,3.599]],"c":true}]},{"t":24}],"ix":2},"nm":"Path 1","mn":"ADBE Vector Shape - Group","hd":false},{"ty":"fl","c":{"a":0,"k":[0,0,0,1],"ix":4},"o":{"a":0,"k":100,"ix":5},"r":1,"bm":0,"nm":"Fill 1","mn":"ADBE Vector Graphic - Fill","hd":false},{"ty":"tr","p":{"a":0,"k":[7.073,42.927],"ix":2},"a":{"a":0,"k":[0,0],"ix":1},"s":{"a":0,"k":[100,100],"ix":3},"r":{"a":0,"k":0,"ix":6},"o":{"a":0,"k":100,"ix":7},"sk":{"a":0,"k":0,"ix":4},"sa":{"a":0,"k":0,"ix":5},"nm":"Transform"}],"nm":"Group 3","np":2,"cix":2,"bm":0,"ix":1,"mn":"ADBE Vector Group","hd":false},{"ty":"gr","it":[{"ind":0,"ty":"sh","ix":1,"ks":{"a":1,"k":[{"i":{"x":0.833,"y":0.833},"o":{"x":0.333,"y":0},"t":4,"s":[{"i":[[0,0],[0,0],[1.899,1.9],[1.901,-1.9],[0,0]],"o":[[-0.005,0.004],[1.901,-1.901],[-1.903,-1.902],[0,0],[0,0]],"v":[[2.079,4.803],[2.904,3.978],[2.906,-2.905],[-3.98,-2.905],[-4.805,-2.08]],"c":true}],"e":[{"i":[[0,0],[0,0],[-1.575,1.699],[1.011,-1.002],[0,0]],"o":[[-0.005,0.004],[1.199,-1.19],[-0.903,1.043],[0,0],[0,0]],"v":[[-6.116,6.161],[-5.358,5.363],[-3.553,3.458],[-5.374,5.331],[-6.154,6.22]],"c":true}]},{"i":{"x":0.833,"y":0.833},"o":{"x":0.167,"y":0.167},"t":6,"s":[{"i":[[0,0],[0,0],[-1.575,1.699],[1.011,-1.002],[0,0]],"o":[[-0.005,0.004],[1.199,-1.19],[-0.903,1.043],[0,0],[0,0]],"v":[[-6.116,6.161],[-5.358,5.363],[-3.553,3.458],[-5.374,5.331],[-6.154,6.22]],"c":true}],"e":[{"i":[[0,0],[0,0],[-1.575,1.699],[1.011,-1.002],[0,0]],"o":[[-0.005,0.004],[1.199,-1.19],[-0.903,1.043],[0,0],[0,0]],"v":[[-1.314,1.329],[-0.556,0.531],[1.249,-1.374],[-0.571,0.499],[-1.351,1.389]],"c":true}]},{"i":{"x":0.833,"y":0.833},"o":{"x":0.167,"y":0.167},"t":8,"s":[{"i":[[0,0],[0,0],[-1.575,1.699],[1.011,-1.002],[0,0]],"o":[[-0.005,0.004],[1.199,-1.19],[-0.903,1.043],[0,0],[0,0]],"v":[[-1.314,1.329],[-0.556,0.531],[1.249,-1.374],[-0.571,0.499],[-1.351,1.389]],"c":true}],"e":[{"i":[[0,0],[0,0],[-1.575,1.699],[1.011,-1.002],[0,0]],"o":[[-0.005,0.004],[1.199,-1.19],[-0.903,1.043],[0,0],[0,0]],"v":[[-1.314,1.329],[-0.556,0.531],[1.249,-1.374],[-0.571,0.499],[-1.351,1.389]],"c":true}]},{"i":{"x":0.833,"y":0.833},"o":{"x":0.167,"y":0.167},"t":20,"s":[{"i":[[0,0],[0,0],[-1.575,1.699],[1.011,-1.002],[0,0]],"o":[[-0.005,0.004],[1.199,-1.19],[-0.903,1.043],[0,0],[0,0]],"v":[[-1.314,1.329],[-0.556,0.531],[1.249,-1.374],[-0.571,0.499],[-1.351,1.389]],"c":true}],"e":[{"i":[[0,0],[0,0],[-1.575,1.699],[1.011,-1.002],[0,0]],"o":[[-0.005,0.004],[1.199,-1.19],[-0.903,1.043],[0,0],[0,0]],"v":[[-6.116,6.161],[-5.358,5.363],[-3.553,3.458],[-5.374,5.331],[-6.154,6.22]],"c":true}]},{"i":{"x":0.667,"y":1},"o":{"x":0.167,"y":0.167},"t":22,"s":[{"i":[[0,0],[0,0],[-1.575,1.699],[1.011,-1.002],[0,0]],"o":[[-0.005,0.004],[1.199,-1.19],[-0.903,1.043],[0,0],[0,0]],"v":[[-6.116,6.161],[-5.358,5.363],[-3.553,3.458],[-5.374,5.331],[-6.154,6.22]],"c":true}],"e":[{"i":[[0,0],[0,0],[1.899,1.9],[1.901,-1.9],[0,0]],"o":[[-0.005,0.004],[1.901,-1.901],[-1.903,-1.902],[0,0],[0,0]],"v":[[2.079,4.803],[2.904,3.978],[2.906,-2.905],[-3.98,-2.905],[-4.805,-2.08]],"c":true}]},{"t":24}],"ix":2},"nm":"Path 1","mn":"ADBE Vector Shape - Group","hd":false},{"ty":"fl","c":{"a":0,"k":[0,0,0,1],"ix":4},"o":{"a":0,"k":100,"ix":5},"r":1,"bm":0,"nm":"Fill 1","mn":"ADBE Vector Graphic - Fill","hd":false},{"ty":"tr","p":{"a":0,"k":[43.669,6.331],"ix":2},"a":{"a":0,"k":[0,0],"ix":1},"s":{"a":0,"k":[100,100],"ix":3},"r":{"a":0,"k":0,"ix":6},"o":{"a":0,"k":100,"ix":7},"sk":{"a":0,"k":0,"ix":4},"sa":{"a":0,"k":0,"ix":5},"nm":"Transform"}],"nm":"Group 4","np":2,"cix":2,"bm":0,"ix":2,"mn":"ADBE Vector Group","hd":false},{"ty":"gr","it":[{"ind":0,"ty":"sh","ix":1,"ks":{"a":1,"k":[{"i":{"x":0.833,"y":0.833},"o":{"x":0.333,"y":0},"t":4,"s":[{"i":[[0,0],[0,0],[0,0],[0,0],[0,0]],"o":[[0,0],[0,0],[0,0],[0,0],[0,0]],"v":[[19.974,-14.494],[-12.485,17.964],[-19.974,19.974],[-17.965,12.485],[14.494,-19.974]],"c":false}],"e":[{"i":[[0,0],[0,0],[0,0],[0,0],[0,0]],"o":[[0,0],[0,0],[0,0],[0,0],[0,0]],"v":[[18,-18.097],[-13.232,13.021],[-13.57,13.341],[-13.254,13.023],[17.952,-18.058]],"c":false}]},{"i":{"x":0.833,"y":0.833},"o":{"x":0.167,"y":0.167},"t":6,"s":[{"i":[[0,0],[0,0],[0,0],[0,0],[0,0]],"o":[[0,0],[0,0],[0,0],[0,0],[0,0]],"v":[[18,-18.097],[-13.232,13.021],[-13.57,13.341],[-13.254,13.023],[17.952,-18.058]],"c":false}],"e":[{"i":[[0,0],[0,0],[0,0],[0,0],[0,0]],"o":[[0,0],[0,0],[0,0],[0,0],[0,0]],"v":[[21.958,-22.072],[-15.319,15.11],[-18.943,18.88],[-15.331,15.101],[21.963,-22.068]],"c":false}]},{"i":{"x":0.833,"y":0.833},"o":{"x":0.167,"y":0.167},"t":8,"s":[{"i":[[0,0],[0,0],[0,0],[0,0],[0,0]],"o":[[0,0],[0,0],[0,0],[0,0],[0,0]],"v":[[21.958,-22.072],[-15.319,15.11],[-18.943,18.88],[-15.331,15.101],[21.963,-22.068]],"c":false}],"e":[{"i":[[0,0],[0,0],[0,0],[0,0],[0,0]],"o":[[0,0],[0,0],[0,0],[0,0],[0,0]],"v":[[21.958,-22.072],[-15.319,15.11],[-18.943,18.88],[-15.331,15.101],[21.963,-22.068]],"c":false}]},{"i":{"x":0.833,"y":0.833},"o":{"x":0.167,"y":0.167},"t":20,"s":[{"i":[[0,0],[0,0],[0,0],[0,0],[0,0]],"o":[[0,0],[0,0],[0,0],[0,0],[0,0]],"v":[[21.958,-22.072],[-15.319,15.11],[-18.943,18.88],[-15.331,15.101],[21.963,-22.068]],"c":false}],"e":[{"i":[[0,0],[0,0],[0,0],[0,0],[0,0]],"o":[[0,0],[0,0],[0,0],[0,0],[0,0]],"v":[[18,-18.097],[-13.232,13.021],[-13.57,13.341],[-13.254,13.023],[17.952,-18.058]],"c":false}]},{"i":{"x":0.667,"y":1},"o":{"x":0.167,"y":0.167},"t":22,"s":[{"i":[[0,0],[0,0],[0,0],[0,0],[0,0]],"o":[[0,0],[0,0],[0,0],[0,0],[0,0]],"v":[[18,-18.097],[-13.232,13.021],[-13.57,13.341],[-13.254,13.023],[17.952,-18.058]],"c":false}],"e":[{"i":[[0,0],[0,0],[0,0],[0,0],[0,0]],"o":[[0,0],[0,0],[0,0],[0,0],[0,0]],"v":[[19.974,-14.494],[-12.485,17.964],[-19.974,19.974],[-17.965,12.485],[14.494,-19.974]],"c":false}]},{"t":24}],"ix":2},"nm":"Path 1","mn":"ADBE Vector Shape - Group","hd":false},{"ty":"st","c":{"a":0,"k":[0,0,0,1],"ix":3},"o":{"a":0,"k":100,"ix":4},"w":{"a":0,"k":2,"ix":5},"lc":2,"lj":2,"bm":0,"nm":"Stroke 1","mn":"ADBE Vector Graphic - Stroke","hd":false},{"ty":"tr","p":{"a":0,"k":[22.974,27.026],"ix":2},"a":{"a":0,"k":[0,0],"ix":1},"s":{"a":0,"k":[100,100],"ix":3},"r":{"a":0,"k":0,"ix":6},"o":{"a":0,"k":100,"ix":7},"sk":{"a":0,"k":0,"ix":4},"sa":{"a":0,"k":0,"ix":5},"nm":"Transform"}],"nm":"Group 5","np":2,"cix":2,"bm":0,"ix":3,"mn":"ADBE Vector Group","hd":false}],"ip":0,"op":8,"st":0,"bm":0},{"ddd":0,"ind":3,"ty":4,"nm":"edit-ok Outlines","sr":1,"ks":{"o":{"a":0,"k":100,"ix":11},"r":{"a":1,"k":[{"i":{"x":[0.667],"y":[1]},"o":{"x":[0.333],"y":[0]},"t":3,"s":[0],"e":[5]},{"i":{"x":[0.833],"y":[0.833]},"o":{"x":[0.333],"y":[0]},"t":4,"s":[5],"e":[-90]},{"i":{"x":[0.833],"y":[0.833]},"o":{"x":[0.167],"y":[0.167]},"t":8,"s":[-90],"e":[-90]},{"i":{"x":[0.667],"y":[1]},"o":{"x":[0.167],"y":[0.167]},"t":20,"s":[-90],"e":[5]},{"i":{"x":[0.667],"y":[1]},"o":{"x":[0.333],"y":[0]},"t":24,"s":[5],"e":[0]},{"t":25}],"ix":10},"p":{"a":0,"k":[25,25,0],"ix":2},"a":{"a":0,"k":[25,25,0],"ix":1},"s":{"a":0,"k":[100,100,100],"ix":6}},"ao":0,"shapes":[{"ty":"gr","it":[{"ind":0,"ty":"sh","ix":1,"ks":{"a":1,"k":[{"i":{"x":0.833,"y":0.833},"o":{"x":0.333,"y":0},"t":4,"s":[{"i":[[0,0],[0,0],[0,0]],"o":[[0,0],[0,0],[0,0]],"v":[[-1.882,-3.599],[3.599,1.881],[-3.599,3.599]],"c":true}],"e":[{"i":[[0,0],[0,0],[0,0]],"o":[[0,0],[0,0],[0,0]],"v":[[5.487,-5.774],[5.51,-5.742],[2.396,-2.457]],"c":true}]},{"i":{"x":0.833,"y":0.833},"o":{"x":0.167,"y":0.167},"t":6,"s":[{"i":[[0,0],[0,0],[0,0]],"o":[[0,0],[0,0],[0,0]],"v":[[5.487,-5.774],[5.51,-5.742],[2.396,-2.457]],"c":true}],"e":[{"i":[[0,0],[0,0],[0,0]],"o":[[0,0],[0,0],[0,0]],"v":[[0.727,-0.989],[0.749,-0.957],[-3.036,3.005]],"c":true}]},{"i":{"x":0.833,"y":0.833},"o":{"x":0.167,"y":0.167},"t":8,"s":[{"i":[[0,0],[0,0],[0,0]],"o":[[0,0],[0,0],[0,0]],"v":[[0.727,-0.989],[0.749,-0.957],[-3.036,3.005]],"c":true}],"e":[{"i":[[0,0],[0,0],[0,0]],"o":[[0,0],[0,0],[0,0]],"v":[[0.727,-0.989],[0.749,-0.957],[-3.036,3.005]],"c":true}]},{"i":{"x":0.833,"y":0.833},"o":{"x":0.167,"y":0.167},"t":20,"s":[{"i":[[0,0],[0,0],[0,0]],"o":[[0,0],[0,0],[0,0]],"v":[[0.727,-0.989],[0.749,-0.957],[-3.036,3.005]],"c":true}],"e":[{"i":[[0,0],[0,0],[0,0]],"o":[[0,0],[0,0],[0,0]],"v":[[5.487,-5.774],[5.51,-5.742],[2.396,-2.457]],"c":true}]},{"i":{"x":0.667,"y":1},"o":{"x":0.167,"y":0.167},"t":22,"s":[{"i":[[0,0],[0,0],[0,0]],"o":[[0,0],[0,0],[0,0]],"v":[[5.487,-5.774],[5.51,-5.742],[2.396,-2.457]],"c":true}],"e":[{"i":[[0,0],[0,0],[0,0]],"o":[[0,0],[0,0],[0,0]],"v":[[-1.882,-3.599],[3.599,1.881],[-3.599,3.599]],"c":true}]},{"t":24}],"ix":2},"nm":"Path 1","mn":"ADBE Vector Shape - Group","hd":false},{"ty":"fl","c":{"a":0,"k":[0,0,0,1],"ix":4},"o":{"a":0,"k":100,"ix":5},"r":1,"bm":0,"nm":"Fill 1","mn":"ADBE Vector Graphic - Fill","hd":false},{"ty":"tr","p":{"a":0,"k":[7.073,42.927],"ix":2},"a":{"a":0,"k":[0,0],"ix":1},"s":{"a":0,"k":[100,100],"ix":3},"r":{"a":0,"k":0,"ix":6},"o":{"a":0,"k":100,"ix":7},"sk":{"a":0,"k":0,"ix":4},"sa":{"a":0,"k":0,"ix":5},"nm":"Transform"}],"nm":"Group 3","np":2,"cix":2,"bm":0,"ix":1,"mn":"ADBE Vector Group","hd":false},{"ty":"gr","it":[{"ind":0,"ty":"sh","ix":1,"ks":{"a":1,"k":[{"i":{"x":0.833,"y":0.833},"o":{"x":0.333,"y":0},"t":4,"s":[{"i":[[0,0],[0,0],[1.899,1.9],[1.901,-1.9],[0,0]],"o":[[-0.005,0.004],[1.901,-1.901],[-1.903,-1.902],[0,0],[0,0]],"v":[[2.079,4.803],[2.904,3.978],[2.906,-2.905],[-3.98,-2.905],[-4.805,-2.08]],"c":true}],"e":[{"i":[[0,0],[0,0],[-1.575,1.699],[1.011,-1.002],[0,0]],"o":[[-0.005,0.004],[1.199,-1.19],[-0.903,1.043],[0,0],[0,0]],"v":[[-6.116,6.161],[-5.358,5.363],[-3.553,3.458],[-5.374,5.331],[-6.154,6.22]],"c":true}]},{"i":{"x":0.833,"y":0.833},"o":{"x":0.167,"y":0.167},"t":6,"s":[{"i":[[0,0],[0,0],[-1.575,1.699],[1.011,-1.002],[0,0]],"o":[[-0.005,0.004],[1.199,-1.19],[-0.903,1.043],[0,0],[0,0]],"v":[[-6.116,6.161],[-5.358,5.363],[-3.553,3.458],[-5.374,5.331],[-6.154,6.22]],"c":true}],"e":[{"i":[[0,0],[0,0],[-1.575,1.699],[1.011,-1.002],[0,0]],"o":[[-0.005,0.004],[1.199,-1.19],[-0.903,1.043],[0,0],[0,0]],"v":[[-1.314,1.329],[-0.556,0.531],[1.249,-1.374],[-0.571,0.499],[-1.351,1.389]],"c":true}]},{"i":{"x":0.833,"y":0.833},"o":{"x":0.167,"y":0.167},"t":8,"s":[{"i":[[0,0],[0,0],[-1.575,1.699],[1.011,-1.002],[0,0]],"o":[[-0.005,0.004],[1.199,-1.19],[-0.903,1.043],[0,0],[0,0]],"v":[[-1.314,1.329],[-0.556,0.531],[1.249,-1.374],[-0.571,0.499],[-1.351,1.389]],"c":true}],"e":[{"i":[[0,0],[0,0],[-1.575,1.699],[1.011,-1.002],[0,0]],"o":[[-0.005,0.004],[1.199,-1.19],[-0.903,1.043],[0,0],[0,0]],"v":[[-1.314,1.329],[-0.556,0.531],[1.249,-1.374],[-0.571,0.499],[-1.351,1.389]],"c":true}]},{"i":{"x":0.833,"y":0.833},"o":{"x":0.167,"y":0.167},"t":20,"s":[{"i":[[0,0],[0,0],[-1.575,1.699],[1.011,-1.002],[0,0]],"o":[[-0.005,0.004],[1.199,-1.19],[-0.903,1.043],[0,0],[0,0]],"v":[[-1.314,1.329],[-0.556,0.531],[1.249,-1.374],[-0.571,0.499],[-1.351,1.389]],"c":true}],"e":[{"i":[[0,0],[0,0],[-1.575,1.699],[1.011,-1.002],[0,0]],"o":[[-0.005,0.004],[1.199,-1.19],[-0.903,1.043],[0,0],[0,0]],"v":[[-6.116,6.161],[-5.358,5.363],[-3.553,3.458],[-5.374,5.331],[-6.154,6.22]],"c":true}]},{"i":{"x":0.667,"y":1},"o":{"x":0.167,"y":0.167},"t":22,"s":[{"i":[[0,0],[0,0],[-1.575,1.699],[1.011,-1.002],[0,0]],"o":[[-0.005,0.004],[1.199,-1.19],[-0.903,1.043],[0,0],[0,0]],"v":[[-6.116,6.161],[-5.358,5.363],[-3.553,3.458],[-5.374,5.331],[-6.154,6.22]],"c":true}],"e":[{"i":[[0,0],[0,0],[1.899,1.9],[1.901,-1.9],[0,0]],"o":[[-0.005,0.004],[1.901,-1.901],[-1.903,-1.902],[0,0],[0,0]],"v":[[2.079,4.803],[2.904,3.978],[2.906,-2.905],[-3.98,-2.905],[-4.805,-2.08]],"c":true}]},{"t":24}],"ix":2},"nm":"Path 1","mn":"ADBE Vector Shape - Group","hd":false},{"ty":"fl","c":{"a":0,"k":[0,0,0,1],"ix":4},"o":{"a":0,"k":100,"ix":5},"r":1,"bm":0,"nm":"Fill 1","mn":"ADBE Vector Graphic - Fill","hd":false},{"ty":"tr","p":{"a":0,"k":[43.669,6.331],"ix":2},"a":{"a":0,"k":[0,0],"ix":1},"s":{"a":0,"k":[100,100],"ix":3},"r":{"a":0,"k":0,"ix":6},"o":{"a":0,"k":100,"ix":7},"sk":{"a":0,"k":0,"ix":4},"sa":{"a":0,"k":0,"ix":5},"nm":"Transform"}],"nm":"Group 4","np":2,"cix":2,"bm":0,"ix":2,"mn":"ADBE Vector Group","hd":false},{"ty":"gr","it":[{"ind":0,"ty":"sh","ix":1,"ks":{"a":1,"k":[{"i":{"x":0.833,"y":0.833},"o":{"x":0.333,"y":0},"t":4,"s":[{"i":[[0,0],[0,0],[0,0],[0,0],[0,0]],"o":[[0,0],[0,0],[0,0],[0,0],[0,0]],"v":[[19.974,-14.494],[-12.485,17.964],[-19.974,19.974],[-17.965,12.485],[14.494,-19.974]],"c":false}],"e":[{"i":[[0,0],[0,0],[0,0],[0,0],[0,0]],"o":[[0,0],[0,0],[0,0],[0,0],[0,0]],"v":[[18,-18.097],[-13.232,13.021],[-13.57,13.341],[-13.254,13.023],[17.952,-18.058]],"c":false}]},{"i":{"x":0.833,"y":0.833},"o":{"x":0.167,"y":0.167},"t":6,"s":[{"i":[[0,0],[0,0],[0,0],[0,0],[0,0]],"o":[[0,0],[0,0],[0,0],[0,0],[0,0]],"v":[[18,-18.097],[-13.232,13.021],[-13.57,13.341],[-13.254,13.023],[17.952,-18.058]],"c":false}],"e":[{"i":[[0,0],[0,0],[0,0],[0,0],[0,0]],"o":[[0,0],[0,0],[0,0],[0,0],[0,0]],"v":[[21.958,-22.072],[-15.319,15.11],[-18.943,18.88],[-15.331,15.101],[21.963,-22.068]],"c":false}]},{"i":{"x":0.833,"y":0.833},"o":{"x":0.167,"y":0.167},"t":8,"s":[{"i":[[0,0],[0,0],[0,0],[0,0],[0,0]],"o":[[0,0],[0,0],[0,0],[0,0],[0,0]],"v":[[21.958,-22.072],[-15.319,15.11],[-18.943,18.88],[-15.331,15.101],[21.963,-22.068]],"c":false}],"e":[{"i":[[0,0],[0,0],[0,0],[0,0],[0,0]],"o":[[0,0],[0,0],[0,0],[0,0],[0,0]],"v":[[21.958,-22.072],[-15.319,15.11],[-18.943,18.88],[-15.331,15.101],[21.963,-22.068]],"c":false}]},{"i":{"x":0.833,"y":0.833},"o":{"x":0.167,"y":0.167},"t":20,"s":[{"i":[[0,0],[0,0],[0,0],[0,0],[0,0]],"o":[[0,0],[0,0],[0,0],[0,0],[0,0]],"v":[[21.958,-22.072],[-15.319,15.11],[-18.943,18.88],[-15.331,15.101],[21.963,-22.068]],"c":false}],"e":[{"i":[[0,0],[0,0],[0,0],[0,0],[0,0]],"o":[[0,0],[0,0],[0,0],[0,0],[0,0]],"v":[[18,-18.097],[-13.232,13.021],[-13.57,13.341],[-13.254,13.023],[17.952,-18.058]],"c":false}]},{"i":{"x":0.667,"y":1},"o":{"x":0.167,"y":0.167},"t":22,"s":[{"i":[[0,0],[0,0],[0,0],[0,0],[0,0]],"o":[[0,0],[0,0],[0,0],[0,0],[0,0]],"v":[[18,-18.097],[-13.232,13.021],[-13.57,13.341],[-13.254,13.023],[17.952,-18.058]],"c":false}],"e":[{"i":[[0,0],[0,0],[0,0],[0,0],[0,0]],"o":[[0,0],[0,0],[0,0],[0,0],[0,0]],"v":[[19.974,-14.494],[-12.485,17.964],[-19.974,19.974],[-17.965,12.485],[14.494,-19.974]],"c":false}]},{"t":24}],"ix":2},"nm":"Path 1","mn":"ADBE Vector Shape - Group","hd":false},{"ty":"st","c":{"a":0,"k":[0,0,0,1],"ix":3},"o":{"a":0,"k":100,"ix":4},"w":{"a":0,"k":2,"ix":5},"lc":2,"lj":2,"bm":0,"nm":"Stroke 1","mn":"ADBE Vector Graphic - Stroke","hd":false},{"ty":"tr","p":{"a":0,"k":[22.974,27.026],"ix":2},"a":{"a":0,"k":[0,0],"ix":1},"s":{"a":0,"k":[100,100],"ix":3},"r":{"a":0,"k":0,"ix":6},"o":{"a":0,"k":100,"ix":7},"sk":{"a":0,"k":0,"ix":4},"sa":{"a":0,"k":0,"ix":5},"nm":"Transform"}],"nm":"Group 5","np":2,"cix":2,"bm":0,"ix":3,"mn":"ADBE Vector Group","hd":false}],"ip":20,"op":28,"st":0,"bm":0}],"markers":[]}