{"v":"5.4.4","fr":24,"ip":0,"op":28,"w":50,"h":50,"nm":"gears","ddd":0,"assets":[],"layers":[{"ddd":0,"ind":1,"ty":4,"nm":"Gear 3","sr":1,"ks":{"o":{"a":0,"k":100,"ix":11},"r":{"a":1,"k":[{"i":{"x":[0.833],"y":[0.833]},"o":{"x":[0.167],"y":[0.167]},"t":0,"s":[0],"e":[180]},{"t":28}],"ix":10},"p":{"a":0,"k":[14,32,0],"ix":2},"a":{"a":0,"k":[14,32,0],"ix":1},"s":{"a":0,"k":[100,100,100],"ix":6}},"ao":0,"shapes":[{"ty":"gr","it":[{"ind":0,"ty":"sh","ix":1,"ks":{"a":0,"k":{"i":[[2.209,0],[0,-2.209],[-2.209,0],[0,2.209]],"o":[[-2.209,0],[0,2.209],[2.209,0],[0,-2.209]],"v":[[0,-4],[-4,0],[0,4],[4,0]],"c":true},"ix":2},"nm":"Path 1","mn":"ADBE Vector Shape - Group","hd":false},{"ty":"st","c":{"a":0,"k":[0,0,0,1],"ix":3},"o":{"a":0,"k":100,"ix":4},"w":{"a":0,"k":2,"ix":5},"lc":1,"lj":1,"ml":10,"bm":0,"nm":"Stroke 1","mn":"ADBE Vector Graphic - Stroke","hd":false},{"ty":"tr","p":{"a":0,"k":[14,32],"ix":2},"a":{"a":0,"k":[0,0],"ix":1},"s":{"a":0,"k":[100,100],"ix":3},"r":{"a":0,"k":0,"ix":6},"o":{"a":0,"k":100,"ix":7},"sk":{"a":0,"k":0,"ix":4},"sa":{"a":0,"k":0,"ix":5},"nm":"Transform"}],"nm":"Group 3","np":2,"cix":2,"bm":0,"ix":1,"mn":"ADBE Vector Group","hd":false},{"ty":"gr","it":[{"ind":0,"ty":"sh","ix":1,"ks":{"a":0,"k":{"i":[[0,0],[0,0.925],[0.259,0.838],[0,0],[0,0],[0,0],[0,0],[0,0],[1.795,0.408],[0,0],[0,0],[0,0],[0,0],[0,0],[1.21,-1.302],[0,0],[0,0],[0,0],[0,0],[0,0],[0,-0.925],[-0.259,-0.84],[0,0],[0,0],[0,0],[0,0],[0,0],[-1.795,-0.407],[0,0],[0,0],[0,0],[0,0],[0,0],[-1.21,1.303],[0,0],[0,0],[0,0],[0,0]],"o":[[0.259,-0.84],[0,-0.925],[0,0],[0,0],[0,0],[0,0],[0,0],[-1.209,-1.302],[0,0],[0,0],[0,0],[0,0],[0,0],[-1.795,0.408],[0,0],[0,0],[0,0],[0,0],[0,0],[-0.259,0.839],[0,0.925],[0,0],[0,0],[0,0],[0,0],[0,0],[1.21,1.303],[0,0],[0,0],[0,0],[0,0],[0,0],[1.795,-0.407],[0,0],[0,0],[0,0],[0,0],[0,0]],"v":[[8.601,2.656],[9,0],[8.601,-2.656],[8.789,-2.764],[10.277,-4.2],[8.777,-6.798],[6.789,-6.228],[6.591,-6.115],[2,-8.769],[2,-9],[1.5,-11],[-1.5,-11],[-2,-9],[-2,-8.769],[-6.591,-6.115],[-6.795,-6.233],[-8.777,-6.799],[-10.277,-4.201],[-8.795,-2.768],[-8.601,-2.656],[-9,0],[-8.601,2.656],[-8.795,2.767],[-10.277,4.201],[-8.777,6.799],[-6.795,6.232],[-6.591,6.114],[-2,8.768],[-2,8.993],[-1.5,11],[1.5,11],[2,8.993],[2,8.768],[6.591,6.114],[6.789,6.227],[8.777,6.798],[10.277,4.2],[8.789,2.763]],"c":true},"ix":2},"nm":"Path 1","mn":"ADBE Vector Shape - Group","hd":false},{"ty":"st","c":{"a":0,"k":[0,0,0,1],"ix":3},"o":{"a":0,"k":100,"ix":4},"w":{"a":0,"k":2,"ix":5},"lc":1,"lj":2,"bm":0,"nm":"Stroke 1","mn":"ADBE Vector Graphic - Stroke","hd":false},{"ty":"tr","p":{"a":0,"k":[14,32],"ix":2},"a":{"a":0,"k":[0,0],"ix":1},"s":{"a":0,"k":[100,100],"ix":3},"r":{"a":0,"k":0,"ix":6},"o":{"a":0,"k":100,"ix":7},"sk":{"a":0,"k":0,"ix":4},"sa":{"a":0,"k":0,"ix":5},"nm":"Transform"}],"nm":"Group 4","np":2,"cix":2,"bm":0,"ix":2,"mn":"ADBE Vector Group","hd":false}],"ip":0,"op":28,"st":0,"bm":0},{"ddd":0,"ind":2,"ty":4,"nm":"Gear 2","sr":1,"ks":{"o":{"a":0,"k":100,"ix":11},"r":{"a":1,"k":[{"i":{"x":[0.833],"y":[0.833]},"o":{"x":[0.167],"y":[0.167]},"t":0,"s":[0],"e":[180]},{"t":28}],"ix":10},"p":{"a":0,"k":[37,37,0],"ix":2},"a":{"a":0,"k":[37,37,0],"ix":1},"s":{"a":0,"k":[100,100,100],"ix":6}},"ao":0,"shapes":[{"ty":"gr","it":[{"ind":0,"ty":"sh","ix":1,"ks":{"a":0,"k":{"i":[[2.209,0],[0,-2.209],[-2.209,0],[0,2.209]],"o":[[-2.209,0],[0,2.209],[2.209,0],[0,-2.209]],"v":[[0,-4],[-4,0],[0,4],[4,0]],"c":true},"ix":2},"nm":"Path 1","mn":"ADBE Vector Shape - Group","hd":false},{"ty":"st","c":{"a":0,"k":[0,0,0,1],"ix":3},"o":{"a":0,"k":100,"ix":4},"w":{"a":0,"k":2,"ix":5},"lc":1,"lj":1,"ml":10,"bm":0,"nm":"Stroke 1","mn":"ADBE Vector Graphic - Stroke","hd":false},{"ty":"tr","p":{"a":0,"k":[37,37],"ix":2},"a":{"a":0,"k":[0,0],"ix":1},"s":{"a":0,"k":[100,100],"ix":3},"r":{"a":0,"k":0,"ix":6},"o":{"a":0,"k":100,"ix":7},"sk":{"a":0,"k":0,"ix":4},"sa":{"a":0,"k":0,"ix":5},"nm":"Transform"}],"nm":"Group 5","np":2,"cix":2,"bm":0,"ix":1,"mn":"ADBE Vector Group","hd":false},{"ty":"gr","it":[{"ind":0,"ty":"sh","ix":1,"ks":{"a":0,"k":{"i":[[0,0],[0,0.925],[0.26,0.838],[0,0],[0,0],[0,0],[0,0],[0,0],[1.795,0.407],[0,0],[0,0],[0,0],[0,0],[0,0],[1.21,-1.302],[0,0],[0,0],[0,0],[0,0],[0,0],[0,-0.925],[-0.26,-0.84],[0,0],[0,0],[0,0],[0,0],[0,0],[-1.795,-0.407],[0,0],[0,0],[0,0],[0,0],[0,0],[-1.21,1.303],[0,0],[0,0],[0,0],[0,0]],"o":[[0.26,-0.84],[0,-0.925],[0,0],[0,0],[0,0],[0,0],[0,0],[-1.209,-1.302],[0,0],[0,0],[0,0],[0,0],[0,0],[-1.795,0.407],[0,0],[0,0],[0,0],[0,0],[0,0],[-0.26,0.839],[0,0.925],[0,0],[0,0],[0,0],[0,0],[0,0],[1.21,1.303],[0,0],[0,0],[0,0],[0,0],[0,0],[1.795,-0.407],[0,0],[0,0],[0,0],[0,0],[0,0]],"v":[[8.601,2.656],[8.999,0],[8.601,-2.656],[8.788,-2.764],[10.277,-4.2],[8.777,-6.798],[6.788,-6.228],[6.59,-6.115],[1.999,-8.769],[1.999,-9],[1.499,-11],[-1.501,-11],[-2.001,-9],[-2.001,-8.769],[-6.59,-6.115],[-6.796,-6.233],[-8.777,-6.799],[-10.277,-4.201],[-8.796,-2.768],[-8.6,-2.656],[-9.001,0],[-8.6,2.656],[-8.796,2.767],[-10.277,4.201],[-8.777,6.799],[-6.796,6.232],[-6.59,6.114],[-2.001,8.768],[-2.001,8.993],[-1.501,11],[1.499,11],[1.999,8.993],[1.999,8.768],[6.59,6.114],[6.788,6.227],[8.777,6.798],[10.277,4.2],[8.788,2.763]],"c":true},"ix":2},"nm":"Path 1","mn":"ADBE Vector Shape - Group","hd":false},{"ty":"st","c":{"a":0,"k":[0,0,0,1],"ix":3},"o":{"a":0,"k":100,"ix":4},"w":{"a":0,"k":2,"ix":5},"lc":1,"lj":2,"bm":0,"nm":"Stroke 1","mn":"ADBE Vector Graphic - Stroke","hd":false},{"ty":"tr","p":{"a":0,"k":[37,37],"ix":2},"a":{"a":0,"k":[0,0],"ix":1},"s":{"a":0,"k":[100,100],"ix":3},"r":{"a":0,"k":0,"ix":6},"o":{"a":0,"k":100,"ix":7},"sk":{"a":0,"k":0,"ix":4},"sa":{"a":0,"k":0,"ix":5},"nm":"Transform"}],"nm":"Group 6","np":2,"cix":2,"bm":0,"ix":2,"mn":"ADBE Vector Group","hd":false}],"ip":0,"op":28,"st":0,"bm":0},{"ddd":0,"ind":3,"ty":4,"nm":"Gear 1","sr":1,"ks":{"o":{"a":0,"k":100,"ix":11},"r":{"a":1,"k":[{"i":{"x":[0.833],"y":[0.833]},"o":{"x":[0.167],"y":[0.167]},"t":0,"s":[0],"e":[-180]},{"t":28}],"ix":10},"p":{"a":0,"k":[30.001,14,0],"ix":2},"a":{"a":0,"k":[30.001,14,0],"ix":1},"s":{"a":0,"k":[100,100,100],"ix":6}},"ao":0,"shapes":[{"ty":"gr","it":[{"ind":0,"ty":"sh","ix":1,"ks":{"a":0,"k":{"i":[[2.209,0],[0,-2.209],[-2.209,0],[0,2.209]],"o":[[-2.209,0],[0,2.209],[2.209,0],[0,-2.209]],"v":[[0,-4],[-4,0],[0,4],[4,0]],"c":true},"ix":2},"nm":"Path 1","mn":"ADBE Vector Shape - Group","hd":false},{"ty":"st","c":{"a":0,"k":[0,0,0,1],"ix":3},"o":{"a":0,"k":100,"ix":4},"w":{"a":0,"k":2,"ix":5},"lc":1,"lj":1,"ml":10,"bm":0,"nm":"Stroke 1","mn":"ADBE Vector Graphic - Stroke","hd":false},{"ty":"tr","p":{"a":0,"k":[30,14],"ix":2},"a":{"a":0,"k":[0,0],"ix":1},"s":{"a":0,"k":[100,100],"ix":3},"r":{"a":0,"k":0,"ix":6},"o":{"a":0,"k":100,"ix":7},"sk":{"a":0,"k":0,"ix":4},"sa":{"a":0,"k":0,"ix":5},"nm":"Transform"}],"nm":"Group 1","np":2,"cix":2,"bm":0,"ix":1,"mn":"ADBE Vector Group","hd":false},{"ty":"gr","it":[{"ind":0,"ty":"sh","ix":1,"ks":{"a":0,"k":{"i":[[0,0],[0,0.925],[0.26,0.839],[0,0],[0,0],[0,0],[0,0],[0,0],[1.795,0.408],[0,0],[0,0],[0,0],[0,0],[0,0],[1.21,-1.303],[0,0],[0,0],[0,0],[0,0],[0,0],[0,-0.925],[-0.258,-0.84],[0,0],[0,0],[0,0],[0,0],[0,0],[-1.795,-0.408],[0,0],[0,0],[0,0],[0,0],[0,0],[-1.21,1.303],[0,0],[0,0],[0,0],[0,0]],"o":[[0.26,-0.84],[0,-0.925],[0,0],[0,0],[0,0],[0,0],[0,0],[-1.21,-1.304],[0,0],[0,0],[0,0],[0,0],[0,0],[-1.795,0.408],[0,0],[0,0],[0,0],[0,0],[0,0],[-0.258,0.84],[0,0.925],[0,0],[0,0],[0,0],[0,0],[0,0],[1.21,1.303],[0,0],[0,0],[0,0],[0,0],[0,0],[1.795,-0.408],[0,0],[0,0],[0,0],[0,0],[0,0]],"v":[[8.6,2.656],[8.999,0],[8.6,-2.656],[8.788,-2.764],[10.277,-4.2],[8.777,-6.798],[6.788,-6.228],[6.59,-6.114],[1.999,-8.769],[1.999,-9],[1.499,-11],[-1.501,-11],[-2.001,-9],[-2.001,-8.769],[-6.591,-6.114],[-6.796,-6.232],[-8.777,-6.799],[-10.277,-4.201],[-8.796,-2.768],[-8.602,-2.656],[-9.001,0],[-8.602,2.656],[-8.796,2.768],[-10.277,4.201],[-8.777,6.799],[-6.796,6.232],[-6.591,6.114],[-2.001,8.769],[-2.001,8.993],[-1.501,11],[1.499,11],[1.999,8.993],[1.999,8.769],[6.59,6.114],[6.788,6.228],[8.777,6.798],[10.277,4.2],[8.788,2.764]],"c":true},"ix":2},"nm":"Path 1","mn":"ADBE Vector Shape - Group","hd":false},{"ty":"st","c":{"a":0,"k":[0,0,0,1],"ix":3},"o":{"a":0,"k":100,"ix":4},"w":{"a":0,"k":2,"ix":5},"lc":1,"lj":2,"bm":0,"nm":"Stroke 1","mn":"ADBE Vector Graphic - Stroke","hd":false},{"ty":"tr","p":{"a":0,"k":[30.001,14],"ix":2},"a":{"a":0,"k":[0,0],"ix":1},"s":{"a":0,"k":[100,100],"ix":3},"r":{"a":0,"k":0,"ix":6},"o":{"a":0,"k":100,"ix":7},"sk":{"a":0,"k":0,"ix":4},"sa":{"a":0,"k":0,"ix":5},"nm":"Transform"}],"nm":"Group 2","np":2,"cix":2,"bm":0,"ix":2,"mn":"ADBE Vector Group","hd":false}],"ip":0,"op":28,"st":0,"bm":0}],"markers":[]}