{"v":"5.5.8","fr":24,"ip":0,"op":28,"w":50,"h":50,"nm":"synchronize-cloud","ddd":0,"assets":[],"layers":[{"ddd":0,"ind":1,"ty":4,"nm":"cloud","sr":1,"ks":{"o":{"a":0,"k":100,"ix":11},"r":{"a":0,"k":0,"ix":10},"p":{"a":0,"k":[25,25,0],"ix":2},"a":{"a":0,"k":[25,25,0],"ix":1},"s":{"a":0,"k":[100,100,100],"ix":6}},"ao":0,"shapes":[{"ty":"gr","it":[{"ind":0,"ty":"sh","ix":1,"ks":{"a":1,"k":[{"i":{"x":0.833,"y":0.833},"o":{"x":0.333,"y":0},"t":3,"s":[{"i":[[4.4,0],[0,0],[6.7,0],[1.7,-4.678],[1.7,0],[0,-5],[0,-4.067],[-5,0],[0,0],[0,4.474]],"o":[[0,0],[0,-6.813],[-5.2,0],[-1.1,-1.119],[-3,0],[-3.6,1.119],[0,4.882],[0,0],[5,0],[0,-4.475]],"v":[[16,-1],[16,-3],[4,-15],[-7,-7],[-12,-9],[-18,-2],[-24,6.152],[-15,15],[16,15],[24,6.966]],"c":true}]},{"i":{"x":0.833,"y":0.833},"o":{"x":0.167,"y":0.167},"t":8,"s":[{"i":[[2.988,0.08],[0,0],[5.656,-0.125],[1.215,-1.59],[3.158,0.064],[-0.051,-7.059],[0,-4.067],[-4.508,0.008],[0,0],[-0.062,4.093]],"o":[[0,0],[0.141,-4.047],[-4.062,0.09],[-1.691,-2.559],[-3.092,-0.062],[-3.051,0.941],[0,4.882],[0,0],[4.812,0],[0.073,-4.782]],"v":[[15.957,-0.939],[16.016,-1.984],[7,-11],[-0.496,-6.973],[-8.002,-11],[-16.98,-1.629],[-23,6.502],[-14.5,15],[15,15],[23,7.001]],"c":true}]},{"i":{"x":0.833,"y":0.833},"o":{"x":0.167,"y":0.167},"t":14,"s":[{"i":[[1.613,0.049],[0,0],[4.529,0.052],[0.332,-0.32],[5.744,-0.062],[-0.287,-7.494],[0,-4.067],[-4.508,0.008],[0,0],[-0.025,4.093]],"o":[[0,0],[0.484,-1.719],[-2.533,-0.029],[-0.98,-3.523],[-6.568,0.071],[-2.287,0.912],[0,4.882],[0,0],[4.812,0],[0.031,-5.189]],"v":[[15.871,-0.807],[16,-1.656],[10.502,-8.002],[6.293,-6.039],[-4.994,-14],[-16.963,-1.256],[-22,6.509],[-13.5,14.969],[14,15],[22,7.001]],"c":true}]},{"i":{"x":0.667,"y":1},"o":{"x":0.167,"y":0.167},"t":20,"s":[{"i":[[2.988,0.08],[0,0],[5.656,-0.125],[1.215,-1.59],[3.158,0.064],[-0.051,-7.059],[0,-4.067],[-4.508,0.008],[0,0],[-0.062,4.093]],"o":[[0,0],[0.141,-4.047],[-4.062,0.09],[-1.691,-2.559],[-3.092,-0.062],[-3.051,0.941],[0,4.882],[0,0],[4.812,0],[0.073,-4.782]],"v":[[15.957,-0.939],[16.016,-1.984],[7,-11],[-0.496,-6.973],[-8.002,-11],[-16.98,-1.629],[-23,6.502],[-14.5,15],[15,15],[23,7.001]],"c":true}]},{"t":25,"s":[{"i":[[4.4,0],[0,0],[6.7,0],[1.7,-4.678],[1.7,0],[0,-5],[0,-4.067],[-5,0],[0,0],[0,4.474]],"o":[[0,0],[0,-6.813],[-5.2,0],[-1.1,-1.119],[-3,0],[-3.6,1.119],[0,4.882],[0,0],[5,0],[0,-4.475]],"v":[[16,-1],[16,-3],[4,-15],[-7,-7],[-12,-9],[-18,-2],[-24,6.152],[-15,15],[16,15],[24,6.966]],"c":true}]}],"ix":2},"nm":"Path 1","mn":"ADBE Vector Shape - Group","hd":false},{"ty":"st","c":{"a":0,"k":[0,0,0,1],"ix":3},"o":{"a":0,"k":100,"ix":4},"w":{"a":0,"k":2,"ix":5},"lc":2,"lj":2,"bm":0,"nm":"Stroke 1","mn":"ADBE Vector Graphic - Stroke","hd":false},{"ty":"tr","p":{"a":0,"k":[25,24],"ix":2},"a":{"a":0,"k":[0,0],"ix":1},"s":{"a":0,"k":[100,100],"ix":3},"r":{"a":0,"k":0,"ix":6},"o":{"a":0,"k":100,"ix":7},"sk":{"a":0,"k":0,"ix":4},"sa":{"a":0,"k":0,"ix":5},"nm":"Transform"}],"nm":"Group 1","np":2,"cix":2,"bm":0,"ix":1,"mn":"ADBE Vector Group","hd":false}],"ip":0,"op":28,"st":0,"bm":0},{"ddd":0,"ind":2,"ty":4,"nm":"arrows","sr":1,"ks":{"o":{"a":0,"k":100,"ix":11},"r":{"a":1,"k":[{"i":{"x":[0.667],"y":[1]},"o":{"x":[0.333],"y":[0]},"t":3,"s":[0]},{"i":{"x":[0.667],"y":[1]},"o":{"x":[0.333],"y":[0]},"t":23,"s":[380]},{"t":25,"s":[360]}],"ix":10},"p":{"a":0,"k":[26,28,0],"ix":2},"a":{"a":0,"k":[26,28,0],"ix":1},"s":{"a":0,"k":[100,100,100],"ix":6}},"ao":0,"shapes":[{"ty":"gr","it":[{"ind":0,"ty":"sh","ix":1,"ks":{"a":1,"k":[{"i":{"x":0.667,"y":1},"o":{"x":0.333,"y":0},"t":3,"s":[{"i":[[0,0],[0,0],[0,0]],"o":[[0,0],[0,0],[0,0]],"v":[[-3,-3],[-3,3],[3,-3]],"c":true}]},{"i":{"x":0.833,"y":0.833},"o":{"x":0.167,"y":0.167},"t":5,"s":[{"i":[[0,0],[0,0],[0,0]],"o":[[0,0],[0,0],[0,0]],"v":[[0.444,0.305],[0.45,0.309],[0.447,0.303]],"c":true}]},{"i":{"x":0.667,"y":1},"o":{"x":0.333,"y":0},"t":23,"s":[{"i":[[0,0],[0,0],[0,0]],"o":[[0,0],[0,0],[0,0]],"v":[[0.444,0.305],[0.45,0.309],[0.447,0.303]],"c":true}]},{"t":25,"s":[{"i":[[0,0],[0,0],[0,0]],"o":[[0,0],[0,0],[0,0]],"v":[[-3,-3],[-3,3],[3,-3]],"c":true}]}],"ix":2},"nm":"Path 1","mn":"ADBE Vector Shape - Group","hd":false},{"ty":"fl","c":{"a":0,"k":[0,0,0,1],"ix":4},"o":{"a":0,"k":100,"ix":5},"r":1,"bm":0,"nm":"Fill 1","mn":"ADBE Vector Graphic - Fill","hd":false},{"ty":"tr","p":{"a":0,"k":[21,33],"ix":2},"a":{"a":0,"k":[0,0],"ix":1},"s":{"a":0,"k":[100,100],"ix":3},"r":{"a":0,"k":0,"ix":6},"o":{"a":0,"k":100,"ix":7},"sk":{"a":0,"k":0,"ix":4},"sa":{"a":0,"k":0,"ix":5},"nm":"Transform"}],"nm":"Group 1","np":2,"cix":2,"bm":0,"ix":1,"mn":"ADBE Vector Group","hd":false},{"ty":"gr","it":[{"ind":0,"ty":"sh","ix":1,"ks":{"a":1,"k":[{"i":{"x":0.667,"y":1},"o":{"x":0.333,"y":0},"t":3,"s":[{"i":[[0,0],[0,0],[0,0]],"o":[[0,0],[0,0],[0,0]],"v":[[-3,3],[3,3],[3,-3]],"c":true}]},{"i":{"x":0.833,"y":0.833},"o":{"x":0.167,"y":0.167},"t":5,"s":[{"i":[[0,0],[0,0],[0,0]],"o":[[0,0],[0,0],[0,0]],"v":[[-0.103,0.02],[-0.103,0.018],[-0.104,0.02]],"c":true}]},{"i":{"x":0.667,"y":1},"o":{"x":0.333,"y":0},"t":23,"s":[{"i":[[0,0],[0,0],[0,0]],"o":[[0,0],[0,0],[0,0]],"v":[[-0.103,0.02],[-0.103,0.018],[-0.104,0.02]],"c":true}]},{"t":25,"s":[{"i":[[0,0],[0,0],[0,0]],"o":[[0,0],[0,0],[0,0]],"v":[[-3,3],[3,3],[3,-3]],"c":true}]}],"ix":2},"nm":"Path 1","mn":"ADBE Vector Shape - Group","hd":false},{"ty":"fl","c":{"a":0,"k":[0,0,0,1],"ix":4},"o":{"a":0,"k":100,"ix":5},"r":1,"bm":0,"nm":"Fill 1","mn":"ADBE Vector Graphic - Fill","hd":false},{"ty":"tr","p":{"a":0,"k":[31,23],"ix":2},"a":{"a":0,"k":[0,0],"ix":1},"s":{"a":0,"k":[100,100],"ix":3},"r":{"a":0,"k":0,"ix":6},"o":{"a":0,"k":100,"ix":7},"sk":{"a":0,"k":0,"ix":4},"sa":{"a":0,"k":0,"ix":5},"nm":"Transform"}],"nm":"Group 2","np":2,"cix":2,"bm":0,"ix":2,"mn":"ADBE Vector Group","hd":false},{"ty":"gr","it":[{"ind":0,"ty":"sh","ix":1,"ks":{"a":0,"k":{"i":[[0,0],[3.9,0],[1.2,1.8]],"o":[[0,3.9],[-2.4,0],[0,0]],"v":[[6.35,-3.5],[-0.65,3.5],[-6.35,0.5]],"c":false},"ix":2},"nm":"Path 1","mn":"ADBE Vector Shape - Group","hd":false},{"ty":"st","c":{"a":0,"k":[0,0,0,1],"ix":3},"o":{"a":0,"k":100,"ix":4},"w":{"a":0,"k":2,"ix":5},"lc":1,"lj":1,"ml":10,"bm":0,"nm":"Stroke 1","mn":"ADBE Vector Graphic - Stroke","hd":false},{"ty":"tr","p":{"a":0,"k":[26.65,31.5],"ix":2},"a":{"a":0,"k":[0,0],"ix":1},"s":{"a":0,"k":[100,100],"ix":3},"r":{"a":0,"k":0,"ix":6},"o":{"a":0,"k":100,"ix":7},"sk":{"a":0,"k":0,"ix":4},"sa":{"a":0,"k":0,"ix":5},"nm":"Transform"}],"nm":"Group 3","np":2,"cix":2,"bm":0,"ix":3,"mn":"ADBE Vector Group","hd":false},{"ty":"gr","it":[{"ind":0,"ty":"sh","ix":1,"ks":{"a":0,"k":{"i":[[0,0],[-3.9,0],[-1.2,-1.8]],"o":[[0,-3.9],[2.4,0],[0,0]],"v":[[-6.35,3.5],[0.65,-3.5],[6.35,-0.5]],"c":false},"ix":2},"nm":"Path 1","mn":"ADBE Vector Shape - Group","hd":false},{"ty":"st","c":{"a":0,"k":[0,0,0,1],"ix":3},"o":{"a":0,"k":100,"ix":4},"w":{"a":0,"k":2,"ix":5},"lc":1,"lj":1,"ml":10,"bm":0,"nm":"Stroke 1","mn":"ADBE Vector Graphic - Stroke","hd":false},{"ty":"tr","p":{"a":0,"k":[25.35,24.5],"ix":2},"a":{"a":0,"k":[0,0],"ix":1},"s":{"a":0,"k":[100,100],"ix":3},"r":{"a":0,"k":0,"ix":6},"o":{"a":0,"k":100,"ix":7},"sk":{"a":0,"k":0,"ix":4},"sa":{"a":0,"k":0,"ix":5},"nm":"Transform"}],"nm":"Group 4","np":2,"cix":2,"bm":0,"ix":4,"mn":"ADBE Vector Group","hd":false}],"ip":0,"op":28,"st":0,"bm":0}],"markers":[]}