{"v":"5.4.4","fr":24,"ip":0,"op":28,"w":50,"h":50,"nm":"laptop","ddd":0,"assets":[],"layers":[{"ddd":0,"ind":1,"ty":4,"nm":"Top lid side","sr":1,"ks":{"o":{"a":0,"k":100,"ix":11},"r":{"a":0,"k":0,"ix":10},"p":{"a":0,"k":[25,25,0],"ix":2},"a":{"a":0,"k":[25,25,0],"ix":1},"s":{"a":0,"k":[100,100,100],"ix":6}},"ao":0,"shapes":[{"ty":"gr","it":[{"ind":0,"ty":"sh","ix":1,"ks":{"a":1,"k":[{"i":{"x":0.833,"y":0.833},"o":{"x":0.333,"y":0},"t":3,"s":[{"i":[[0,0],[0,0],[0,0],[-0.033,0.008],[0,0],[0,0]],"o":[[0,0],[0,0],[0,0],[0,0],[0.035,0.008],[0,0]],"v":[[19.041,-1.995],[-19.041,-1.995],[-19.041,-1.995],[-19,-2],[19,-2],[19.041,-1.995]],"c":true}],"e":[{"i":[[0,0],[0,0],[0,0],[-0.221,0.005],[0,0],[0,-0.2]],"o":[[0,0],[0,0],[0,-0.2],[0,0],[0.223,0.005],[0,0]],"v":[[19.755,-0.545],[-19.755,-0.545],[-19.389,-1.634],[-19,-2],[19,-2],[19.389,-1.634]],"c":true}]},{"i":{"x":0.833,"y":0.833},"o":{"x":0.167,"y":0.167},"t":4,"s":[{"i":[[0,0],[0,0],[0,0],[-0.221,0.005],[0,0],[0,-0.2]],"o":[[0,0],[0,0],[0,-0.2],[0,0],[0.223,0.005],[0,0]],"v":[[19.755,-0.545],[-19.755,-0.545],[-19.389,-1.634],[-19,-2],[19,-2],[19.389,-1.634]],"c":true}],"e":[{"i":[[0,0],[0,0],[0,0],[-0.552,0],[0,0],[0,-0.552]],"o":[[0,0],[0,0],[0,-0.552],[0,0],[0.553,0],[0,0]],"v":[[20,2],[-20,2],[-20,-1],[-19,-2],[19,-2],[20,-1]],"c":true}]},{"i":{"x":0.667,"y":1},"o":{"x":0.167,"y":0.167},"t":5,"s":[{"i":[[0,0],[0,0],[0,0],[-0.552,0],[0,0],[0,-0.552]],"o":[[0,0],[0,0],[0,-0.552],[0,0],[0.553,0],[0,0]],"v":[[20,2],[-20,2],[-20,-1],[-19,-2],[19,-2],[20,-1]],"c":true}],"e":[{"i":[[0,0],[0,0],[0,0],[-0.552,0],[0,0],[0,-0.552]],"o":[[0,0],[0,0],[0,-0.552],[0,0],[0.553,0],[0,0]],"v":[[23,35],[-23,35],[-23,32],[-22,31],[22,31],[23,32]],"c":true}]},{"i":{"x":0.667,"y":1},"o":{"x":0.333,"y":0},"t":11,"s":[{"i":[[0,0],[0,0],[0,0],[-0.552,0],[0,0],[0,-0.552]],"o":[[0,0],[0,0],[0,-0.552],[0,0],[0.553,0],[0,0]],"v":[[23,35],[-23,35],[-23,32],[-22,31],[22,31],[23,32]],"c":true}],"e":[{"i":[[0,0],[0,0],[0,0],[-0.552,0],[0,0],[0,-0.552]],"o":[[0,0],[0,0],[0,-0.552],[0,0],[0.553,0],[0,0]],"v":[[23,35],[-23,35],[-23,32],[-22,31],[22,31],[23,32]],"c":true}]},{"i":{"x":0.833,"y":0.833},"o":{"x":0.333,"y":0},"t":17,"s":[{"i":[[0,0],[0,0],[0,0],[-0.552,0],[0,0],[0,-0.552]],"o":[[0,0],[0,0],[0,-0.552],[0,0],[0.553,0],[0,0]],"v":[[23,35],[-23,35],[-23,32],[-22,31],[22,31],[23,32]],"c":true}],"e":[{"i":[[0,0],[0,0],[0,0],[-0.552,0],[0,0],[0,-0.552]],"o":[[0,0],[0,0],[0,-0.552],[0,0],[0.553,0],[0,0]],"v":[[20,2],[-20,2],[-20,-1],[-19,-2],[19,-2],[20,-1]],"c":true}]},{"i":{"x":0.833,"y":0.833},"o":{"x":0.167,"y":0.167},"t":23,"s":[{"i":[[0,0],[0,0],[0,0],[-0.552,0],[0,0],[0,-0.552]],"o":[[0,0],[0,0],[0,-0.552],[0,0],[0.553,0],[0,0]],"v":[[20,2],[-20,2],[-20,-1],[-19,-2],[19,-2],[20,-1]],"c":true}],"e":[{"i":[[0,0],[0,0],[0,0],[-0.221,0.005],[0,0],[0,-0.2]],"o":[[0,0],[0,0],[0,-0.2],[0,0],[0.223,0.005],[0,0]],"v":[[19.755,-0.545],[-19.755,-0.545],[-19.389,-1.634],[-19,-2],[19,-2],[19.389,-1.634]],"c":true}]},{"i":{"x":0.667,"y":1},"o":{"x":0.167,"y":0.167},"t":24,"s":[{"i":[[0,0],[0,0],[0,0],[-0.221,0.005],[0,0],[0,-0.2]],"o":[[0,0],[0,0],[0,-0.2],[0,0],[0.223,0.005],[0,0]],"v":[[19.755,-0.545],[-19.755,-0.545],[-19.389,-1.634],[-19,-2],[19,-2],[19.389,-1.634]],"c":true}],"e":[{"i":[[0,0],[0,0],[0,0],[-0.033,0.008],[0,0],[0,0]],"o":[[0,0],[0,0],[0,0],[0,0],[0.035,0.008],[0,0]],"v":[[19.041,-1.995],[-19.041,-1.995],[-19.041,-1.995],[-19,-2],[19,-2],[19.041,-1.995]],"c":true}]},{"t":25}],"ix":2},"nm":"Path 1","mn":"ADBE Vector Shape - Group","hd":false},{"ty":"st","c":{"a":0,"k":[0,0,0,1],"ix":3},"o":{"a":0,"k":100,"ix":4},"w":{"a":0,"k":2,"ix":5},"lc":1,"lj":2,"bm":0,"nm":"Stroke 1","mn":"ADBE Vector Graphic - Stroke","hd":false},{"ty":"tr","p":{"a":0,"k":[25,7],"ix":2},"a":{"a":0,"k":[0,0],"ix":1},"s":{"a":0,"k":[100,100],"ix":3},"r":{"a":0,"k":0,"ix":6},"o":{"a":0,"k":100,"ix":7},"sk":{"a":0,"k":0,"ix":4},"sa":{"a":0,"k":0,"ix":5},"nm":"Transform"}],"nm":"Group 2","np":2,"cix":2,"bm":0,"ix":1,"mn":"ADBE Vector Group","hd":false}],"ip":0,"op":28,"st":0,"bm":0},{"ddd":0,"ind":2,"ty":4,"nm":"Top lid side mask","td":1,"sr":1,"ks":{"o":{"a":0,"k":100,"ix":11},"r":{"a":0,"k":0,"ix":10},"p":{"a":0,"k":[25,25,0],"ix":2},"a":{"a":0,"k":[25,25,0],"ix":1},"s":{"a":0,"k":[100,100,100],"ix":6}},"ao":0,"shapes":[{"ty":"gr","it":[{"ind":0,"ty":"sh","ix":1,"ks":{"a":1,"k":[{"i":{"x":0.833,"y":0.833},"o":{"x":0.333,"y":0},"t":3,"s":[{"i":[[0,0],[0,0],[0,0],[-0.033,0.008],[0,0],[0,0]],"o":[[0,0],[0,0],[0,0],[0,0],[0.035,0.008],[0,0]],"v":[[19.041,-1.995],[-19.041,-1.995],[-19.041,-1.995],[-19,-2],[19,-2],[19.041,-1.995]],"c":true}],"e":[{"i":[[0,0],[0,0],[0,0],[-0.552,0],[0,0],[0,-0.552]],"o":[[0,0],[0,0],[0,-0.552],[0,0],[0.553,0],[0,0]],"v":[[20,2],[-20,2],[-20,-1],[-19,-2],[19,-2],[20,-1]],"c":true}]},{"i":{"x":0.667,"y":1},"o":{"x":0.167,"y":0.167},"t":5,"s":[{"i":[[0,0],[0,0],[0,0],[-0.552,0],[0,0],[0,-0.552]],"o":[[0,0],[0,0],[0,-0.552],[0,0],[0.553,0],[0,0]],"v":[[20,2],[-20,2],[-20,-1],[-19,-2],[19,-2],[20,-1]],"c":true}],"e":[{"i":[[0,0],[0,0],[0,0],[-0.552,0],[0,0],[0,-0.552]],"o":[[0,0],[0,0],[0,-0.552],[0,0],[0.553,0],[0,0]],"v":[[23,35],[-23,35],[-23,32],[-22,31],[22,31],[23,32]],"c":true}]},{"i":{"x":0.667,"y":1},"o":{"x":0.333,"y":0},"t":11,"s":[{"i":[[0,0],[0,0],[0,0],[-0.552,0],[0,0],[0,-0.552]],"o":[[0,0],[0,0],[0,-0.552],[0,0],[0.553,0],[0,0]],"v":[[23,35],[-23,35],[-23,32],[-22,31],[22,31],[23,32]],"c":true}],"e":[{"i":[[0,0],[0,0],[0,0],[-0.552,0],[0,0],[0,-0.552]],"o":[[0,0],[0,0],[0,-0.552],[0,0],[0.553,0],[0,0]],"v":[[23,35],[-23,35],[-23,32],[-22,31],[22,31],[23,32]],"c":true}]},{"i":{"x":0.833,"y":0.833},"o":{"x":0.333,"y":0},"t":17,"s":[{"i":[[0,0],[0,0],[0,0],[-0.552,0],[0,0],[0,-0.552]],"o":[[0,0],[0,0],[0,-0.552],[0,0],[0.553,0],[0,0]],"v":[[23,35],[-23,35],[-23,32],[-22,31],[22,31],[23,32]],"c":true}],"e":[{"i":[[0,0],[0,0],[0,0],[-0.552,0],[0,0],[0,-0.552]],"o":[[0,0],[0,0],[0,-0.552],[0,0],[0.553,0],[0,0]],"v":[[20,2],[-20,2],[-20,-1],[-19,-2],[19,-2],[20,-1]],"c":true}]},{"i":{"x":0.667,"y":1},"o":{"x":0.167,"y":0.167},"t":23,"s":[{"i":[[0,0],[0,0],[0,0],[-0.552,0],[0,0],[0,-0.552]],"o":[[0,0],[0,0],[0,-0.552],[0,0],[0.553,0],[0,0]],"v":[[20,2],[-20,2],[-20,-1],[-19,-2],[19,-2],[20,-1]],"c":true}],"e":[{"i":[[0,0],[0,0],[0,0],[-0.033,0.008],[0,0],[0,0]],"o":[[0,0],[0,0],[0,0],[0,0],[0.035,0.008],[0,0]],"v":[[19.041,-1.995],[-19.041,-1.995],[-19.041,-1.995],[-19,-2],[19,-2],[19.041,-1.995]],"c":true}]},{"t":25}],"ix":2},"nm":"Path 1","mn":"ADBE Vector Shape - Group","hd":false},{"ty":"fl","c":{"a":0,"k":[1,0,0,1],"ix":4},"o":{"a":0,"k":100,"ix":5},"r":1,"bm":0,"nm":"Fill 1","mn":"ADBE Vector Graphic - Fill","hd":false},{"ty":"tr","p":{"a":0,"k":[25,7],"ix":2},"a":{"a":0,"k":[0,0],"ix":1},"s":{"a":0,"k":[100,100],"ix":3},"r":{"a":0,"k":0,"ix":6},"o":{"a":0,"k":100,"ix":7},"sk":{"a":0,"k":0,"ix":4},"sa":{"a":0,"k":0,"ix":5},"nm":"Transform"}],"nm":"Group 2","np":2,"cix":2,"bm":0,"ix":1,"mn":"ADBE Vector Group","hd":false}],"ip":0,"op":28,"st":0,"bm":0},{"ddd":0,"ind":3,"ty":4,"nm":"Top lid","tt":2,"sr":1,"ks":{"o":{"a":0,"k":100,"ix":11},"r":{"a":0,"k":0,"ix":10},"p":{"a":0,"k":[25,25,0],"ix":2},"a":{"a":0,"k":[25,25,0],"ix":1},"s":{"a":0,"k":[100,100,100],"ix":6}},"ao":0,"shapes":[{"ty":"gr","it":[{"ind":0,"ty":"sh","ix":1,"ks":{"a":1,"k":[{"i":{"x":0.833,"y":0.833},"o":{"x":0.333,"y":0},"t":3,"s":[{"i":[[0,0],[0,-0.514],[0,0],[-0.526,0],[0,0],[0,0.514],[0,0],[0.525,0]],"o":[[-0.525,0],[0,0],[0,0.514],[0,0],[0.526,0],[0,0],[0,-0.514],[0,0]],"v":[[-19.048,-13.5],[-20,-12.569],[-20,12.511],[-19,13.5],[19,13.5],[20,12.511],[20,-12.569],[19.048,-13.5]],"c":true}],"e":[{"i":[[0,0],[0,-0.003],[0,0],[-0.526,0],[0,0],[0,0.514],[0,0],[0.525,0]],"o":[[-0.525,0],[0,0],[0,0.514],[0,0],[0.526,0],[0,0],[0,-0.003],[0,0]],"v":[[-19.047,-9.5],[-19.999,-9.495],[-20,12.511],[-19,13.5],[19,13.5],[20,12.511],[20.001,-9.495],[19.049,-9.5]],"c":true}]},{"i":{"x":0.833,"y":0.833},"o":{"x":0.167,"y":0.167},"t":5,"s":[{"i":[[0,0],[0,-0.003],[0,0],[-0.526,0],[0,0],[0,0.514],[0,0],[0.525,0]],"o":[[-0.525,0],[0,0],[0,0.514],[0,0],[0.526,0],[0,0],[0,-0.003],[0,0]],"v":[[-19.047,-9.5],[-19.999,-9.495],[-20,12.511],[-19,13.5],[19,13.5],[20,12.511],[20.001,-9.495],[19.049,-9.5]],"c":true}],"e":[{"i":[[0,0],[0,-0.001],[0,0],[-0.526,0],[0,0],[-0.05,0.001],[0,0],[0.575,0]],"o":[[-0.575,0],[0,0],[0.048,0.002],[0,0],[0.526,0],[0,0],[0,-0.001],[0,0]],"v":[[-20.855,11.48],[-21.897,11.482],[-20.018,13.43],[-19.005,13.431],[19.019,13.431],[20.034,13.43],[21.9,11.482],[20.858,11.48]],"c":true}]},{"i":{"x":0.667,"y":1},"o":{"x":0.167,"y":0.167},"t":8,"s":[{"i":[[0,0],[0,-0.001],[0,0],[-0.526,0],[0,0],[-0.05,0.001],[0,0],[0.575,0]],"o":[[-0.575,0],[0,0],[0.048,0.002],[0,0],[0.526,0],[0,0],[0,-0.001],[0,0]],"v":[[-20.855,11.48],[-21.897,11.482],[-20.018,13.43],[-19.005,13.431],[19.019,13.431],[20.034,13.43],[21.9,11.482],[20.858,11.48]],"c":true}],"e":[{"i":[[0,0],[0,-0.003],[0,0],[-0.527,0],[0,0],[-0.078,-0.288],[0,0],[0.604,0]],"o":[[-0.604,0],[0,0],[0.076,-0.284],[0,0],[0.527,0],[0,0],[0,-0.003],[0,0]],"v":[[-21.902,19.5],[-22.595,19.506],[-20.057,10.122],[-19.035,9.5],[19.035,9.5],[20.059,10.124],[22.598,19.506],[21.905,19.5]],"c":true}]},{"i":{"x":0.667,"y":1},"o":{"x":0.333,"y":0},"t":11,"s":[{"i":[[0,0],[0,-0.003],[0,0],[-0.527,0],[0,0],[-0.078,-0.288],[0,0],[0.604,0]],"o":[[-0.604,0],[0,0],[0.076,-0.284],[0,0],[0.527,0],[0,0],[0,-0.003],[0,0]],"v":[[-21.902,19.5],[-22.595,19.506],[-20.057,10.122],[-19.035,9.5],[19.035,9.5],[20.059,10.124],[22.598,19.506],[21.905,19.5]],"c":true}],"e":[{"i":[[0,0],[0,-0.003],[0,0],[-0.527,0],[0,0],[-0.078,-0.288],[0,0],[0.604,0]],"o":[[-0.604,0],[0,0],[0.076,-0.284],[0,0],[0.527,0],[0,0],[0,-0.003],[0,0]],"v":[[-21.902,19.5],[-22.595,19.506],[-20.057,10.122],[-19.035,9.5],[19.035,9.5],[20.059,10.124],[22.598,19.506],[21.905,19.5]],"c":true}]},{"i":{"x":0.833,"y":0.833},"o":{"x":0.333,"y":0},"t":17,"s":[{"i":[[0,0],[0,-0.003],[0,0],[-0.527,0],[0,0],[-0.078,-0.288],[0,0],[0.604,0]],"o":[[-0.604,0],[0,0],[0.076,-0.284],[0,0],[0.527,0],[0,0],[0,-0.003],[0,0]],"v":[[-21.902,19.5],[-22.595,19.506],[-20.057,10.122],[-19.035,9.5],[19.035,9.5],[20.059,10.124],[22.598,19.506],[21.905,19.5]],"c":true}],"e":[{"i":[[0,0],[0,-0.001],[0,0],[-0.526,0],[0,0],[-0.05,0.001],[0,0],[0.575,0]],"o":[[-0.575,0],[0,0],[0.048,0.002],[0,0],[0.526,0],[0,0],[0,-0.001],[0,0]],"v":[[-20.855,11.48],[-21.897,11.482],[-20.018,13.43],[-19.005,13.431],[19.019,13.431],[20.034,13.43],[21.9,11.482],[20.858,11.48]],"c":true}]},{"i":{"x":0.833,"y":0.833},"o":{"x":0.167,"y":0.167},"t":20,"s":[{"i":[[0,0],[0,-0.001],[0,0],[-0.526,0],[0,0],[-0.05,0.001],[0,0],[0.575,0]],"o":[[-0.575,0],[0,0],[0.048,0.002],[0,0],[0.526,0],[0,0],[0,-0.001],[0,0]],"v":[[-20.855,11.48],[-21.897,11.482],[-20.018,13.43],[-19.005,13.431],[19.019,13.431],[20.034,13.43],[21.9,11.482],[20.858,11.48]],"c":true}],"e":[{"i":[[0,0],[0,-0.003],[0,0],[-0.526,0],[0,0],[0,0.514],[0,0],[0.525,0]],"o":[[-0.525,0],[0,0],[0,0.514],[0,0],[0.526,0],[0,0],[0,-0.003],[0,0]],"v":[[-19.047,-9.5],[-19.999,-9.495],[-20,12.511],[-19,13.5],[19,13.5],[20,12.511],[20.001,-9.495],[19.049,-9.5]],"c":true}]},{"i":{"x":0.667,"y":1},"o":{"x":0.167,"y":0.167},"t":23,"s":[{"i":[[0,0],[0,-0.003],[0,0],[-0.526,0],[0,0],[0,0.514],[0,0],[0.525,0]],"o":[[-0.525,0],[0,0],[0,0.514],[0,0],[0.526,0],[0,0],[0,-0.003],[0,0]],"v":[[-19.047,-9.5],[-19.999,-9.495],[-20,12.511],[-19,13.5],[19,13.5],[20,12.511],[20.001,-9.495],[19.049,-9.5]],"c":true}],"e":[{"i":[[0,0],[0,-0.514],[0,0],[-0.526,0],[0,0],[0,0.514],[0,0],[0.525,0]],"o":[[-0.525,0],[0,0],[0,0.514],[0,0],[0.526,0],[0,0],[0,-0.514],[0,0]],"v":[[-19.048,-13.5],[-20,-12.569],[-20,12.511],[-19,13.5],[19,13.5],[20,12.511],[20,-12.569],[19.048,-13.5]],"c":true}]},{"t":25}],"ix":2},"nm":"Path 1","mn":"ADBE Vector Shape - Group","hd":false},{"ty":"st","c":{"a":0,"k":[0,0,0,1],"ix":3},"o":{"a":0,"k":100,"ix":4},"w":{"a":0,"k":1.989,"ix":5},"lc":2,"lj":2,"bm":0,"nm":"Stroke 1","mn":"ADBE Vector Graphic - Stroke","hd":false},{"ty":"tr","p":{"a":0,"k":[25,18.5],"ix":2},"a":{"a":0,"k":[0,0],"ix":1},"s":{"a":0,"k":[100,100],"ix":3},"r":{"a":0,"k":0,"ix":6},"o":{"a":0,"k":100,"ix":7},"sk":{"a":0,"k":0,"ix":4},"sa":{"a":0,"k":0,"ix":5},"nm":"Transform"}],"nm":"Group 9","np":2,"cix":2,"bm":0,"ix":1,"mn":"ADBE Vector Group","hd":false}],"ip":0,"op":28,"st":0,"bm":0},{"ddd":0,"ind":4,"ty":4,"nm":"Top lid mask","td":1,"sr":1,"ks":{"o":{"a":0,"k":100,"ix":11},"r":{"a":0,"k":0,"ix":10},"p":{"a":0,"k":[25,25,0],"ix":2},"a":{"a":0,"k":[25,25,0],"ix":1},"s":{"a":0,"k":[100,100,100],"ix":6}},"ao":0,"shapes":[{"ty":"gr","it":[{"ind":0,"ty":"sh","ix":1,"ks":{"a":1,"k":[{"i":{"x":0.833,"y":0.833},"o":{"x":0.333,"y":0},"t":3,"s":[{"i":[[0,0],[0,-0.514],[0,0],[-0.526,0],[0,0],[0,0.514],[0,0],[0.525,0]],"o":[[-0.525,0],[0,0],[0,0.514],[0,0],[0.526,0],[0,0],[0,-0.514],[0,0]],"v":[[-19.048,-13.5],[-20,-12.569],[-20,12.511],[-19,13.5],[19,13.5],[20,12.511],[20,-12.569],[19.048,-13.5]],"c":true}],"e":[{"i":[[0,0],[0,-0.003],[0,0],[-0.526,0],[0,0],[0,0.514],[0,0],[0.525,0]],"o":[[-0.525,0],[0,0],[0,0.514],[0,0],[0.526,0],[0,0],[0,-0.003],[0,0]],"v":[[-19.047,-9.5],[-19.999,-9.495],[-20,12.511],[-19,13.5],[19,13.5],[20,12.511],[20.001,-9.495],[19.049,-9.5]],"c":true}]},{"i":{"x":0.833,"y":0.833},"o":{"x":0.167,"y":0.167},"t":5,"s":[{"i":[[0,0],[0,-0.003],[0,0],[-0.526,0],[0,0],[0,0.514],[0,0],[0.525,0]],"o":[[-0.525,0],[0,0],[0,0.514],[0,0],[0.526,0],[0,0],[0,-0.003],[0,0]],"v":[[-19.047,-9.5],[-19.999,-9.495],[-20,12.511],[-19,13.5],[19,13.5],[20,12.511],[20.001,-9.495],[19.049,-9.5]],"c":true}],"e":[{"i":[[0,0],[0,-0.003],[0,0],[-0.527,0],[0,0],[-0.05,0.003],[0,0],[0.575,0]],"o":[[-0.575,0],[0,0],[0.048,0.005],[0,0],[0.527,0],[0,0],[0,-0.003],[0,0]],"v":[[-20.866,8.975],[-21.909,8.98],[-20.028,13.427],[-19.016,13.43],[19.03,13.43],[20.045,13.428],[21.912,8.98],[20.869,8.975]],"c":true}]},{"i":{"x":0.667,"y":1},"o":{"x":0.167,"y":0.167},"t":8,"s":[{"i":[[0,0],[0,-0.003],[0,0],[-0.527,0],[0,0],[-0.05,0.003],[0,0],[0.575,0]],"o":[[-0.575,0],[0,0],[0.048,0.005],[0,0],[0.527,0],[0,0],[0,-0.003],[0,0]],"v":[[-20.866,8.975],[-21.909,8.98],[-20.028,13.427],[-19.016,13.43],[19.03,13.43],[20.045,13.428],[21.912,8.98],[20.869,8.975]],"c":true}],"e":[{"i":[[0,0],[0,-0.003],[0,0],[-0.527,0],[0,0],[-0.078,-0.288],[0,0],[0.604,0]],"o":[[-0.604,0],[0,0],[0.076,-0.284],[0,0],[0.527,0],[0,0],[0,-0.003],[0,0]],"v":[[-21.902,19.5],[-22.997,19.506],[-20.057,10.122],[-19.035,9.5],[19.035,9.5],[20.059,10.124],[23,19.506],[21.905,19.5]],"c":true}]},{"i":{"x":0.667,"y":1},"o":{"x":0.333,"y":0},"t":11,"s":[{"i":[[0,0],[0,-0.003],[0,0],[-0.527,0],[0,0],[-0.078,-0.288],[0,0],[0.604,0]],"o":[[-0.604,0],[0,0],[0.076,-0.284],[0,0],[0.527,0],[0,0],[0,-0.003],[0,0]],"v":[[-21.902,19.5],[-22.997,19.506],[-20.057,10.122],[-19.035,9.5],[19.035,9.5],[20.059,10.124],[23,19.506],[21.905,19.5]],"c":true}],"e":[{"i":[[0,0],[0,-0.003],[0,0],[-0.527,0],[0,0],[-0.078,-0.288],[0,0],[0.604,0]],"o":[[-0.604,0],[0,0],[0.076,-0.284],[0,0],[0.527,0],[0,0],[0,-0.003],[0,0]],"v":[[-21.902,19.5],[-22.997,19.506],[-20.057,10.122],[-19.035,9.5],[19.035,9.5],[20.059,10.124],[23,19.506],[21.905,19.5]],"c":true}]},{"i":{"x":0.833,"y":0.833},"o":{"x":0.333,"y":0},"t":17,"s":[{"i":[[0,0],[0,-0.003],[0,0],[-0.527,0],[0,0],[-0.078,-0.288],[0,0],[0.604,0]],"o":[[-0.604,0],[0,0],[0.076,-0.284],[0,0],[0.527,0],[0,0],[0,-0.003],[0,0]],"v":[[-21.902,19.5],[-22.997,19.506],[-20.057,10.122],[-19.035,9.5],[19.035,9.5],[20.059,10.124],[23,19.506],[21.905,19.5]],"c":true}],"e":[{"i":[[0,0],[0,-0.003],[0,0],[-0.527,0],[0,0],[-0.05,0.003],[0,0],[0.575,0]],"o":[[-0.575,0],[0,0],[0.048,0.005],[0,0],[0.527,0],[0,0],[0,-0.003],[0,0]],"v":[[-20.866,8.975],[-21.909,8.98],[-20.028,13.427],[-19.016,13.43],[19.03,13.43],[20.045,13.428],[21.912,8.98],[20.869,8.975]],"c":true}]},{"i":{"x":0.833,"y":0.833},"o":{"x":0.167,"y":0.167},"t":20,"s":[{"i":[[0,0],[0,-0.003],[0,0],[-0.527,0],[0,0],[-0.05,0.003],[0,0],[0.575,0]],"o":[[-0.575,0],[0,0],[0.048,0.005],[0,0],[0.527,0],[0,0],[0,-0.003],[0,0]],"v":[[-20.866,8.975],[-21.909,8.98],[-20.028,13.427],[-19.016,13.43],[19.03,13.43],[20.045,13.428],[21.912,8.98],[20.869,8.975]],"c":true}],"e":[{"i":[[0,0],[0,-0.003],[0,0],[-0.526,0],[0,0],[0,0.514],[0,0],[0.525,0]],"o":[[-0.525,0],[0,0],[0,0.514],[0,0],[0.526,0],[0,0],[0,-0.003],[0,0]],"v":[[-19.047,-9.5],[-19.999,-9.495],[-20,12.511],[-19,13.5],[19,13.5],[20,12.511],[20.001,-9.495],[19.049,-9.5]],"c":true}]},{"i":{"x":0.667,"y":1},"o":{"x":0.167,"y":0.167},"t":23,"s":[{"i":[[0,0],[0,-0.003],[0,0],[-0.526,0],[0,0],[0,0.514],[0,0],[0.525,0]],"o":[[-0.525,0],[0,0],[0,0.514],[0,0],[0.526,0],[0,0],[0,-0.003],[0,0]],"v":[[-19.047,-9.5],[-19.999,-9.495],[-20,12.511],[-19,13.5],[19,13.5],[20,12.511],[20.001,-9.495],[19.049,-9.5]],"c":true}],"e":[{"i":[[0,0],[0,-0.514],[0,0],[-0.526,0],[0,0],[0,0.514],[0,0],[0.525,0]],"o":[[-0.525,0],[0,0],[0,0.514],[0,0],[0.526,0],[0,0],[0,-0.514],[0,0]],"v":[[-19.048,-13.5],[-20,-12.569],[-20,12.511],[-19,13.5],[19,13.5],[20,12.511],[20,-12.569],[19.048,-13.5]],"c":true}]},{"t":25}],"ix":2},"nm":"Path 1","mn":"ADBE Vector Shape - Group","hd":false},{"ty":"fl","c":{"a":0,"k":[1,0,0,1],"ix":4},"o":{"a":0,"k":100,"ix":5},"r":1,"bm":0,"nm":"Fill 1","mn":"ADBE Vector Graphic - Fill","hd":false},{"ty":"tr","p":{"a":0,"k":[25,18.5],"ix":2},"a":{"a":0,"k":[0,0],"ix":1},"s":{"a":0,"k":[100,100],"ix":3},"r":{"a":0,"k":0,"ix":6},"o":{"a":0,"k":100,"ix":7},"sk":{"a":0,"k":0,"ix":4},"sa":{"a":0,"k":0,"ix":5},"nm":"Transform"}],"nm":"Group 9","np":2,"cix":2,"bm":0,"ix":1,"mn":"ADBE Vector Group","hd":false},{"ty":"gr","it":[{"ind":0,"ty":"sh","ix":1,"ks":{"a":1,"k":[{"i":{"x":0.833,"y":0.833},"o":{"x":0.333,"y":0},"t":3,"s":[{"i":[[0,0],[0,0],[0,0],[-0.033,0.008],[0,0],[0,0]],"o":[[0,0],[0,0],[0,0],[0,0],[0.035,0.008],[0,0]],"v":[[19.041,-1.995],[-19.041,-1.995],[-19.041,-1.995],[-19,-2],[19,-2],[19.041,-1.995]],"c":true}],"e":[{"i":[[0,0],[0,0],[0,0],[-0.552,0],[0,0],[0,-0.552]],"o":[[0,0],[0,0],[0,-0.552],[0,0],[0.553,0],[0,0]],"v":[[20,2],[-20,2],[-20,-1],[-19,-2],[19,-2],[20,-1]],"c":true}]},{"i":{"x":0.667,"y":1},"o":{"x":0.167,"y":0.167},"t":5,"s":[{"i":[[0,0],[0,0],[0,0],[-0.552,0],[0,0],[0,-0.552]],"o":[[0,0],[0,0],[0,-0.552],[0,0],[0.553,0],[0,0]],"v":[[20,2],[-20,2],[-20,-1],[-19,-2],[19,-2],[20,-1]],"c":true}],"e":[{"i":[[0,0],[0,0],[0,0],[-0.552,0],[0,0],[0,-0.552]],"o":[[0,0],[0,0],[0,-0.552],[0,0],[0.553,0],[0,0]],"v":[[23,35],[-23,35],[-23,32],[-22,31],[22,31],[23,32]],"c":true}]},{"i":{"x":0.667,"y":1},"o":{"x":0.333,"y":0},"t":11,"s":[{"i":[[0,0],[0,0],[0,0],[-0.552,0],[0,0],[0,-0.552]],"o":[[0,0],[0,0],[0,-0.552],[0,0],[0.553,0],[0,0]],"v":[[23,35],[-23,35],[-23,32],[-22,31],[22,31],[23,32]],"c":true}],"e":[{"i":[[0,0],[0,0],[0,0],[-0.552,0],[0,0],[0,-0.552]],"o":[[0,0],[0,0],[0,-0.552],[0,0],[0.553,0],[0,0]],"v":[[23,35],[-23,35],[-23,32],[-22,31],[22,31],[23,32]],"c":true}]},{"i":{"x":0.833,"y":0.833},"o":{"x":0.333,"y":0},"t":17,"s":[{"i":[[0,0],[0,0],[0,0],[-0.552,0],[0,0],[0,-0.552]],"o":[[0,0],[0,0],[0,-0.552],[0,0],[0.553,0],[0,0]],"v":[[23,35],[-23,35],[-23,32],[-22,31],[22,31],[23,32]],"c":true}],"e":[{"i":[[0,0],[0,0],[0,0],[-0.552,0],[0,0],[0,-0.552]],"o":[[0,0],[0,0],[0,-0.552],[0,0],[0.553,0],[0,0]],"v":[[20,2],[-20,2],[-20,-1],[-19,-2],[19,-2],[20,-1]],"c":true}]},{"i":{"x":0.667,"y":1},"o":{"x":0.167,"y":0.167},"t":23,"s":[{"i":[[0,0],[0,0],[0,0],[-0.552,0],[0,0],[0,-0.552]],"o":[[0,0],[0,0],[0,-0.552],[0,0],[0.553,0],[0,0]],"v":[[20,2],[-20,2],[-20,-1],[-19,-2],[19,-2],[20,-1]],"c":true}],"e":[{"i":[[0,0],[0,0],[0,0],[-0.033,0.008],[0,0],[0,0]],"o":[[0,0],[0,0],[0,0],[0,0],[0.035,0.008],[0,0]],"v":[[19.041,-1.995],[-19.041,-1.995],[-19.041,-1.995],[-19,-2],[19,-2],[19.041,-1.995]],"c":true}]},{"t":25}],"ix":2},"nm":"Path 1","mn":"ADBE Vector Shape - Group","hd":false},{"ty":"fl","c":{"a":0,"k":[1,0,0,1],"ix":4},"o":{"a":0,"k":100,"ix":5},"r":1,"bm":0,"nm":"Fill 1","mn":"ADBE Vector Graphic - Fill","hd":false},{"ty":"tr","p":{"a":0,"k":[25,7],"ix":2},"a":{"a":0,"k":[0,0],"ix":1},"s":{"a":0,"k":[100,100],"ix":3},"r":{"a":0,"k":0,"ix":6},"o":{"a":0,"k":100,"ix":7},"sk":{"a":0,"k":0,"ix":4},"sa":{"a":0,"k":0,"ix":5},"nm":"Transform"}],"nm":"Group 2","np":2,"cix":2,"bm":0,"ix":2,"mn":"ADBE Vector Group","hd":false}],"ip":0,"op":28,"st":0,"bm":0},{"ddd":0,"ind":5,"ty":4,"nm":"Bottom part","tt":2,"sr":1,"ks":{"o":{"a":0,"k":100,"ix":11},"r":{"a":0,"k":0,"ix":10},"p":{"a":0,"k":[25,25,0],"ix":2},"a":{"a":0,"k":[25,25,0],"ix":1},"s":{"a":0,"k":[100,100,100],"ix":6}},"ao":0,"shapes":[{"ty":"gr","it":[{"ind":0,"ty":"sh","ix":1,"ks":{"a":0,"k":{"i":[[0,0],[0,0],[0,0],[0,0]],"o":[[0,0],[0,0],[0,0],[0,0]],"v":[[4,-1],[-4,-1],[-5,1],[5,1]],"c":true},"ix":2},"nm":"Path 1","mn":"ADBE Vector Shape - Group","hd":false},{"ty":"fl","c":{"a":0,"k":[0,0,0,1],"ix":4},"o":{"a":0,"k":100,"ix":5},"r":1,"bm":0,"nm":"Fill 1","mn":"ADBE Vector Graphic - Fill","hd":false},{"ty":"tr","p":{"a":0,"k":[25,39],"ix":2},"a":{"a":0,"k":[0,0],"ix":1},"s":{"a":0,"k":[100,100],"ix":3},"r":{"a":0,"k":0,"ix":6},"o":{"a":0,"k":100,"ix":7},"sk":{"a":0,"k":0,"ix":4},"sa":{"a":0,"k":0,"ix":5},"nm":"Transform"}],"nm":"Group 3","np":2,"cix":2,"bm":0,"ix":1,"mn":"ADBE Vector Group","hd":false},{"ty":"gr","it":[{"ind":0,"ty":"sh","ix":1,"ks":{"a":0,"k":{"i":[[0,0],[0,0],[0,0],[0,0]],"o":[[0,0],[0,0],[0,0],[0,0]],"v":[[14,-2],[-14,-2],[-15,2],[15,2]],"c":true},"ix":2},"nm":"Path 1","mn":"ADBE Vector Shape - Group","hd":false},{"ty":"st","c":{"a":0,"k":[0,0,0,1],"ix":3},"o":{"a":0,"k":100,"ix":4},"w":{"a":0,"k":2,"ix":5},"lc":2,"lj":2,"bm":0,"nm":"Stroke 1","mn":"ADBE Vector Graphic - Stroke","hd":false},{"ty":"tr","p":{"a":0,"k":[25,34],"ix":2},"a":{"a":0,"k":[0,0],"ix":1},"s":{"a":0,"k":[100,100],"ix":3},"r":{"a":0,"k":0,"ix":6},"o":{"a":0,"k":100,"ix":7},"sk":{"a":0,"k":0,"ix":4},"sa":{"a":0,"k":0,"ix":5},"nm":"Transform"}],"nm":"Group 4","np":2,"cix":2,"bm":0,"ix":2,"mn":"ADBE Vector Group","hd":false},{"ty":"gr","it":[{"ind":0,"ty":"sh","ix":1,"ks":{"a":0,"k":{"i":[[0,0],[0,0],[0.457,0],[0,0],[0.109,-0.346],[0,0]],"o":[[0,0],[-0.108,-0.346],[0,0],[-0.457,0],[0,0],[0,0]],"v":[[23,5],[20.057,-4.377],[19.034,-5],[-19.034,-5],[-20.057,-4.377],[-23,5]],"c":true},"ix":2},"nm":"Path 1","mn":"ADBE Vector Shape - Group","hd":false},{"ty":"st","c":{"a":0,"k":[0,0,0,1],"ix":3},"o":{"a":0,"k":100,"ix":4},"w":{"a":0,"k":2,"ix":5},"lc":1,"lj":2,"bm":0,"nm":"Stroke 1","mn":"ADBE Vector Graphic - Stroke","hd":false},{"ty":"tr","p":{"a":0,"k":[25,37],"ix":2},"a":{"a":0,"k":[0,0],"ix":1},"s":{"a":0,"k":[100,100],"ix":3},"r":{"a":0,"k":0,"ix":6},"o":{"a":0,"k":100,"ix":7},"sk":{"a":0,"k":0,"ix":4},"sa":{"a":0,"k":0,"ix":5},"nm":"Transform"}],"nm":"Group 6","np":2,"cix":2,"bm":0,"ix":3,"mn":"ADBE Vector Group","hd":false},{"ty":"gr","it":[{"ind":0,"ty":"sh","ix":1,"ks":{"a":0,"k":{"i":[[0,0],[0,0],[-0.529,0],[0,0],[0,0.552],[0,0]],"o":[[0,0],[0,0.552],[0,0],[0.53,0],[0,0],[0,0]],"v":[[-23,-2],[-23,1],[-22.042,2],[22.041,2],[23,1],[23,-2]],"c":true},"ix":2},"nm":"Path 1","mn":"ADBE Vector Shape - Group","hd":false},{"ty":"st","c":{"a":0,"k":[0,0,0,1],"ix":3},"o":{"a":0,"k":100,"ix":4},"w":{"a":0,"k":1.959,"ix":5},"lc":1,"lj":2,"bm":0,"nm":"Stroke 1","mn":"ADBE Vector Graphic - Stroke","hd":false},{"ty":"tr","p":{"a":0,"k":[25,44],"ix":2},"a":{"a":0,"k":[0,0],"ix":1},"s":{"a":0,"k":[100,100],"ix":3},"r":{"a":0,"k":0,"ix":6},"o":{"a":0,"k":100,"ix":7},"sk":{"a":0,"k":0,"ix":4},"sa":{"a":0,"k":0,"ix":5},"nm":"Transform"}],"nm":"Group 7","np":2,"cix":2,"bm":0,"ix":4,"mn":"ADBE Vector Group","hd":false}],"ip":0,"op":28,"st":0,"bm":0}],"markers":[]}