{"v":"5.4.4","fr":24,"ip":0,"op":28,"w":50,"h":50,"nm":"middle-finger","ddd":0,"assets":[],"layers":[{"ddd":0,"ind":1,"ty":4,"nm":"middle-finger Outlines 2","parent":2,"sr":1,"ks":{"o":{"a":0,"k":100,"ix":11},"r":{"a":0,"k":0,"ix":10},"p":{"a":0,"k":[25,25,0],"ix":2},"a":{"a":0,"k":[25,25,0],"ix":1},"s":{"a":0,"k":[100,100,100],"ix":6}},"ao":0,"shapes":[{"ty":"gr","it":[{"ind":0,"ty":"sh","ix":1,"ks":{"a":1,"k":[{"i":{"x":0.667,"y":1},"o":{"x":0.333,"y":0},"t":5,"s":[{"i":[[0,0],[0,0],[-1.65,0],[0,-1.65],[0,0]],"o":[[0,0],[0,-1.65],[1.65,0],[0,0],[0,0]],"v":[[-3,3],[-3,0],[0,-3],[3,0],[3,2]],"c":false}],"e":[{"i":[[0,0],[0,0],[-1.65,0],[0,-1.65],[0,0]],"o":[[0,0],[0,-1.65],[1.65,0],[0,0],[0,0]],"v":[[-3,3],[-3,-16],[0,-19],[3,-16],[3,2]],"c":false}]},{"i":{"x":0.833,"y":0.833},"o":{"x":0.167,"y":0.167},"t":9,"s":[{"i":[[0,0],[0,0],[-1.65,0],[0,-1.65],[0,0]],"o":[[0,0],[0,-1.65],[1.65,0],[0,0],[0,0]],"v":[[-3,3],[-3,-16],[0,-19],[3,-16],[3,2]],"c":false}],"e":[{"i":[[0,0],[0,0],[-1.65,0],[0,-1.65],[0,0]],"o":[[0,0],[0,-1.65],[1.65,0],[0,0],[0,0]],"v":[[-3,3],[-3,-16],[0,-19],[3,-16],[3,2]],"c":false}]},{"i":{"x":0.667,"y":1},"o":{"x":0.333,"y":0},"t":19,"s":[{"i":[[0,0],[0,0],[-1.65,0],[0,-1.65],[0,0]],"o":[[0,0],[0,-1.65],[1.65,0],[0,0],[0,0]],"v":[[-3,3],[-3,-16],[0,-19],[3,-16],[3,2]],"c":false}],"e":[{"i":[[0,0],[0,0],[-1.65,0],[0,-1.65],[0,0]],"o":[[0,0],[0,-1.65],[1.65,0],[0,0],[0,0]],"v":[[-3,3],[-3,0],[0,-3],[3,0],[3,2]],"c":false}]},{"t":23}],"ix":2},"nm":"Path 1","mn":"ADBE Vector Shape - Group","hd":false},{"ty":"st","c":{"a":0,"k":[0,0,0,1],"ix":3},"o":{"a":0,"k":100,"ix":4},"w":{"a":0,"k":2,"ix":5},"lc":2,"lj":2,"bm":0,"nm":"Stroke 1","mn":"ADBE Vector Graphic - Stroke","hd":false},{"ty":"tr","p":{"a":0,"k":[27,20],"ix":2},"a":{"a":0,"k":[0,0],"ix":1},"s":{"a":0,"k":[100,100],"ix":3},"r":{"a":0,"k":0,"ix":6},"o":{"a":0,"k":100,"ix":7},"sk":{"a":0,"k":0,"ix":4},"sa":{"a":0,"k":0,"ix":5},"nm":"Transform"}],"nm":"Group 1","np":2,"cix":2,"bm":0,"ix":1,"mn":"ADBE Vector Group","hd":false}],"ip":0,"op":28,"st":0,"bm":0},{"ddd":0,"ind":2,"ty":4,"nm":"middle-finger Outlines","sr":1,"ks":{"o":{"a":0,"k":100,"ix":11},"r":{"a":0,"k":0,"ix":10},"p":{"a":0,"k":[25,25,0],"ix":2},"a":{"a":0,"k":[25,25,0],"ix":1},"s":{"a":1,"k":[{"i":{"x":[0.667,0.667,0.667],"y":[1,1,1]},"o":{"x":[0.333,0.333,0.333],"y":[0,0,0]},"t":3,"s":[100,100,100],"e":[95,95,100]},{"i":{"x":[0.667,0.667,0.667],"y":[1,1,1]},"o":{"x":[0.333,0.333,0.333],"y":[0,0,0]},"t":5,"s":[95,95,100],"e":[100,100,100]},{"i":{"x":[0.833,0.833,0.833],"y":[0.833,0.833,0.833]},"o":{"x":[0.167,0.167,0.167],"y":[0.167,0.167,0.167]},"t":8,"s":[100,100,100],"e":[100,100,100]},{"i":{"x":[0.667,0.667,0.667],"y":[1,1,1]},"o":{"x":[0.333,0.333,0.333],"y":[0,0,0]},"t":20,"s":[100,100,100],"e":[95,95,100]},{"i":{"x":[0.667,0.667,0.667],"y":[1,1,1]},"o":{"x":[0.333,0.333,0.333],"y":[0,0,0]},"t":23,"s":[95,95,100],"e":[100,100,100]},{"t":25}],"ix":6}},"ao":0,"shapes":[{"ty":"gr","it":[{"ind":0,"ty":"sh","ix":1,"ks":{"a":1,"k":[{"i":{"x":0.667,"y":1},"o":{"x":0.333,"y":0},"t":3,"s":[{"i":[[0,0],[0,0]],"o":[[0,0],[0,0]],"v":[[18,32],[18,25]],"c":false}],"e":[{"i":[[0,0],[0,0]],"o":[[0,0],[0,0]],"v":[[17.983,30.061],[18,25]],"c":false}]},{"i":{"x":0.667,"y":1},"o":{"x":0.333,"y":0},"t":5,"s":[{"i":[[0,0],[0,0]],"o":[[0,0],[0,0]],"v":[[17.983,30.061],[18,25]],"c":false}],"e":[{"i":[[0,0],[0,0]],"o":[[0,0],[0,0]],"v":[[18,32],[18,25]],"c":false}]},{"i":{"x":0.833,"y":0.833},"o":{"x":0.167,"y":0.167},"t":8,"s":[{"i":[[0,0],[0,0]],"o":[[0,0],[0,0]],"v":[[18,32],[18,25]],"c":false}],"e":[{"i":[[0,0],[0,0]],"o":[[0,0],[0,0]],"v":[[18,32],[18,25]],"c":false}]},{"i":{"x":0.667,"y":1},"o":{"x":0.333,"y":0},"t":20,"s":[{"i":[[0,0],[0,0]],"o":[[0,0],[0,0]],"v":[[18,32],[18,25]],"c":false}],"e":[{"i":[[0,0],[0,0]],"o":[[0,0],[0,0]],"v":[[17.983,30.061],[18,25]],"c":false}]},{"i":{"x":0.667,"y":1},"o":{"x":0.333,"y":0},"t":23,"s":[{"i":[[0,0],[0,0]],"o":[[0,0],[0,0]],"v":[[17.983,30.061],[18,25]],"c":false}],"e":[{"i":[[0,0],[0,0]],"o":[[0,0],[0,0]],"v":[[18,32],[18,25]],"c":false}]},{"t":25}],"ix":2},"nm":"Path 1","mn":"ADBE Vector Shape - Group","hd":false},{"ty":"st","c":{"a":0,"k":[0,0,0,1],"ix":3},"o":{"a":0,"k":100,"ix":4},"w":{"a":0,"k":2,"ix":5},"lc":2,"lj":2,"bm":0,"nm":"Stroke 1","mn":"ADBE Vector Graphic - Stroke","hd":false},{"ty":"tr","p":{"a":0,"k":[0,0],"ix":2},"a":{"a":0,"k":[0,0],"ix":1},"s":{"a":0,"k":[100,100],"ix":3},"r":{"a":0,"k":0,"ix":6},"o":{"a":0,"k":100,"ix":7},"sk":{"a":0,"k":0,"ix":4},"sa":{"a":0,"k":0,"ix":5},"nm":"Transform"}],"nm":"Group 3","np":2,"cix":2,"bm":0,"ix":1,"mn":"ADBE Vector Group","hd":false},{"ty":"gr","it":[{"ind":0,"ty":"sh","ix":1,"ks":{"a":1,"k":[{"i":{"x":0.667,"y":1},"o":{"x":0.333,"y":0},"t":3,"s":[{"i":[[0,0],[0,0],[1.39,-1.113],[0,0],[-1.076,-1.413],[0,0],[-2.492,0],[0,0],[0,4.418],[0,0]],"o":[[0,0],[-1.14,-1.368],[0,0],[-1.387,1.109],[0,0],[1.513,1.981],[0,0],[4.418,0],[0,0],[0,0]],"v":[[-6.297,-4.802],[-11.51,-10.625],[-16.066,-11.085],[-16.068,-11.082],[-16.628,-6.547],[-4.698,9.056],[1.658,12.198],[9.704,12.198],[17.703,4.198],[17.703,-9.802]],"c":false}],"e":[{"i":[[0,0],[0,0],[1.604,-0.607],[0,0],[-0.566,-1.684],[0,0],[-2.492,0],[0,0],[0,4.418],[0,0]],"o":[[0,0],[-0.641,-1.661],[0,0],[-1.67,0.605],[0,0],[1.513,1.981],[0,0],[4.418,0],[0,0],[0,0]],"v":[[-6.306,-6.751],[-8.556,-10.883],[-12.725,-12.785],[-12.726,-12.779],[-14.711,-8.663],[-5.433,9.048],[0.922,12.19],[9.704,12.198],[17.703,4.198],[17.703,-9.802]],"c":false}]},{"i":{"x":0.667,"y":1},"o":{"x":0.333,"y":0},"t":5,"s":[{"i":[[0,0],[0,0],[1.604,-0.607],[0,0],[-0.566,-1.684],[0,0],[-2.492,0],[0,0],[0,4.418],[0,0]],"o":[[0,0],[-0.641,-1.661],[0,0],[-1.67,0.605],[0,0],[1.513,1.981],[0,0],[4.418,0],[0,0],[0,0]],"v":[[-6.306,-6.751],[-8.556,-10.883],[-12.725,-12.785],[-12.726,-12.779],[-14.711,-8.663],[-5.433,9.048],[0.922,12.19],[9.704,12.198],[17.703,4.198],[17.703,-9.802]],"c":false}],"e":[{"i":[[0,0],[0,0],[1.206,-1.576],[0,0],[-1.407,-1.084],[0,0],[-2.492,0],[0,0],[0,4.418],[0,0]],"o":[[0,0],[-1.457,-1.024],[0,0],[-1.051,1.432],[0,0],[1.714,1.819],[0,0],[4.418,0],[0,0],[0,0]],"v":[[-6.297,-4.802],[-12.782,-9.384],[-17.284,-8.648],[-17.302,-8.639],[-16.662,-4.115],[-3.76,9.066],[2.595,12.208],[9.704,12.198],[17.703,4.198],[17.703,-9.802]],"c":false}]},{"i":{"x":0.667,"y":1},"o":{"x":0.333,"y":0},"t":8,"s":[{"i":[[0,0],[0,0],[1.206,-1.576],[0,0],[-1.407,-1.084],[0,0],[-2.492,0],[0,0],[0,4.418],[0,0]],"o":[[0,0],[-1.457,-1.024],[0,0],[-1.051,1.432],[0,0],[1.714,1.819],[0,0],[4.418,0],[0,0],[0,0]],"v":[[-6.297,-4.802],[-12.782,-9.384],[-17.284,-8.648],[-17.302,-8.639],[-16.662,-4.115],[-3.76,9.066],[2.595,12.208],[9.704,12.198],[17.703,4.198],[17.703,-9.802]],"c":false}],"e":[{"i":[[0,0],[0,0],[1.39,-1.113],[0,0],[-1.076,-1.413],[0,0],[-2.492,0],[0,0],[0,4.418],[0,0]],"o":[[0,0],[-1.14,-1.368],[0,0],[-1.387,1.109],[0,0],[1.513,1.981],[0,0],[4.418,0],[0,0],[0,0]],"v":[[-6.297,-4.802],[-11.51,-10.625],[-16.066,-11.085],[-16.068,-11.082],[-16.628,-6.547],[-4.698,9.056],[1.658,12.198],[9.704,12.198],[17.703,4.198],[17.703,-9.802]],"c":false}]},{"i":{"x":0.833,"y":0.833},"o":{"x":0.167,"y":0.167},"t":11,"s":[{"i":[[0,0],[0,0],[1.39,-1.113],[0,0],[-1.076,-1.413],[0,0],[-2.492,0],[0,0],[0,4.418],[0,0]],"o":[[0,0],[-1.14,-1.368],[0,0],[-1.387,1.109],[0,0],[1.513,1.981],[0,0],[4.418,0],[0,0],[0,0]],"v":[[-6.297,-4.802],[-11.51,-10.625],[-16.066,-11.085],[-16.068,-11.082],[-16.628,-6.547],[-4.698,9.056],[1.658,12.198],[9.704,12.198],[17.703,4.198],[17.703,-9.802]],"c":false}],"e":[{"i":[[0,0],[0,0],[1.39,-1.113],[0,0],[-1.076,-1.413],[0,0],[-2.492,0],[0,0],[0,4.418],[0,0]],"o":[[0,0],[-1.14,-1.368],[0,0],[-1.387,1.109],[0,0],[1.513,1.981],[0,0],[4.418,0],[0,0],[0,0]],"v":[[-6.297,-4.802],[-11.51,-10.625],[-16.066,-11.085],[-16.068,-11.082],[-16.628,-6.547],[-4.698,9.056],[1.658,12.198],[9.704,12.198],[17.703,4.198],[17.703,-9.802]],"c":false}]},{"i":{"x":0.667,"y":1},"o":{"x":0.333,"y":0},"t":17,"s":[{"i":[[0,0],[0,0],[1.39,-1.113],[0,0],[-1.076,-1.413],[0,0],[-2.492,0],[0,0],[0,4.418],[0,0]],"o":[[0,0],[-1.14,-1.368],[0,0],[-1.387,1.109],[0,0],[1.513,1.981],[0,0],[4.418,0],[0,0],[0,0]],"v":[[-6.297,-4.802],[-11.51,-10.625],[-16.066,-11.085],[-16.068,-11.082],[-16.628,-6.547],[-4.698,9.056],[1.658,12.198],[9.704,12.198],[17.703,4.198],[17.703,-9.802]],"c":false}],"e":[{"i":[[0,0],[0,0],[1.206,-1.576],[0,0],[-1.407,-1.084],[0,0],[-2.492,0],[0,0],[0,4.418],[0,0]],"o":[[0,0],[-1.457,-1.024],[0,0],[-1.051,1.432],[0,0],[1.714,1.819],[0,0],[4.418,0],[0,0],[0,0]],"v":[[-6.297,-4.802],[-12.782,-9.384],[-17.284,-8.648],[-17.302,-8.639],[-16.662,-4.115],[-3.76,9.066],[2.595,12.208],[9.704,12.198],[17.703,4.198],[17.703,-9.802]],"c":false}]},{"i":{"x":0.667,"y":1},"o":{"x":0.333,"y":0},"t":20,"s":[{"i":[[0,0],[0,0],[1.206,-1.576],[0,0],[-1.407,-1.084],[0,0],[-2.492,0],[0,0],[0,4.418],[0,0]],"o":[[0,0],[-1.457,-1.024],[0,0],[-1.051,1.432],[0,0],[1.714,1.819],[0,0],[4.418,0],[0,0],[0,0]],"v":[[-6.297,-4.802],[-12.782,-9.384],[-17.284,-8.648],[-17.302,-8.639],[-16.662,-4.115],[-3.76,9.066],[2.595,12.208],[9.704,12.198],[17.703,4.198],[17.703,-9.802]],"c":false}],"e":[{"i":[[0,0],[0,0],[1.604,-0.607],[0,0],[-0.566,-1.684],[0,0],[-2.492,0],[0,0],[0,4.418],[0,0]],"o":[[0,0],[-0.641,-1.661],[0,0],[-1.67,0.605],[0,0],[1.513,1.981],[0,0],[4.418,0],[0,0],[0,0]],"v":[[-6.306,-6.751],[-8.556,-10.883],[-12.725,-12.785],[-12.726,-12.779],[-14.711,-8.663],[-5.433,9.048],[0.922,12.19],[9.704,12.198],[17.703,4.198],[17.703,-9.802]],"c":false}]},{"i":{"x":0.667,"y":1},"o":{"x":0.333,"y":0},"t":23,"s":[{"i":[[0,0],[0,0],[1.604,-0.607],[0,0],[-0.566,-1.684],[0,0],[-2.492,0],[0,0],[0,4.418],[0,0]],"o":[[0,0],[-0.641,-1.661],[0,0],[-1.67,0.605],[0,0],[1.513,1.981],[0,0],[4.418,0],[0,0],[0,0]],"v":[[-6.306,-6.751],[-8.556,-10.883],[-12.725,-12.785],[-12.726,-12.779],[-14.711,-8.663],[-5.433,9.048],[0.922,12.19],[9.704,12.198],[17.703,4.198],[17.703,-9.802]],"c":false}],"e":[{"i":[[0,0],[0,0],[1.39,-1.113],[0,0],[-1.076,-1.413],[0,0],[-2.492,0],[0,0],[0,4.418],[0,0]],"o":[[0,0],[-1.14,-1.368],[0,0],[-1.387,1.109],[0,0],[1.513,1.981],[0,0],[4.418,0],[0,0],[0,0]],"v":[[-6.297,-4.802],[-11.51,-10.625],[-16.066,-11.085],[-16.068,-11.082],[-16.628,-6.547],[-4.698,9.056],[1.658,12.198],[9.704,12.198],[17.703,4.198],[17.703,-9.802]],"c":false}]},{"t":25}],"ix":2},"nm":"Path 1","mn":"ADBE Vector Shape - Group","hd":false},{"ty":"st","c":{"a":0,"k":[0,0,0,1],"ix":3},"o":{"a":0,"k":100,"ix":4},"w":{"a":0,"k":2,"ix":5},"lc":2,"lj":2,"bm":0,"nm":"Stroke 1","mn":"ADBE Vector Graphic - Stroke","hd":false},{"ty":"tr","p":{"a":0,"k":[24.297,36.802],"ix":2},"a":{"a":0,"k":[0,0],"ix":1},"s":{"a":0,"k":[100,100],"ix":3},"r":{"a":0,"k":0,"ix":6},"o":{"a":0,"k":100,"ix":7},"sk":{"a":0,"k":0,"ix":4},"sa":{"a":0,"k":0,"ix":5},"nm":"Transform"}],"nm":"Group 4","np":2,"cix":2,"bm":0,"ix":2,"mn":"ADBE Vector Group","hd":false},{"ty":"gr","it":[{"ind":0,"ty":"sh","ix":1,"ks":{"a":1,"k":[{"i":{"x":0.667,"y":1},"o":{"x":0.333,"y":0},"t":3,"s":[{"i":[[0,0],[0,0],[-1.65,0],[0,-1.65],[0,0]],"o":[[0,0],[0,-1.65],[1.65,0],[0,0],[0,0]],"v":[[-3,5.5],[-3,-2.5],[0,-5.5],[3,-2.5],[3,-0.5]],"c":false}],"e":[{"i":[[0,0],[0,0],[-1.65,0],[0,-1.65],[0,0]],"o":[[0,0],[0,-1.65],[1.65,0],[0,0],[0,0]],"v":[[-3,5.5],[-3,-1.103],[0,-4.103],[3,-1.103],[3,-0.5]],"c":false}]},{"i":{"x":0.667,"y":1},"o":{"x":0.333,"y":0},"t":5,"s":[{"i":[[0,0],[0,0],[-1.65,0],[0,-1.65],[0,0]],"o":[[0,0],[0,-1.65],[1.65,0],[0,0],[0,0]],"v":[[-3,5.5],[-3,-1.103],[0,-4.103],[3,-1.103],[3,-0.5]],"c":false}],"e":[{"i":[[0,0],[0,0],[-1.65,0],[0,-1.65],[0,0]],"o":[[0,0],[0,-1.65],[1.65,0],[0,0],[0,0]],"v":[[-3,5.5],[-3,-2.5],[0,-5.5],[3,-2.5],[3,-0.5]],"c":false}]},{"i":{"x":0.833,"y":0.833},"o":{"x":0.167,"y":0.167},"t":11,"s":[{"i":[[0,0],[0,0],[-1.65,0],[0,-1.65],[0,0]],"o":[[0,0],[0,-1.65],[1.65,0],[0,0],[0,0]],"v":[[-3,5.5],[-3,-2.5],[0,-5.5],[3,-2.5],[3,-0.5]],"c":false}],"e":[{"i":[[0,0],[0,0],[-1.65,0],[0,-1.65],[0,0]],"o":[[0,0],[0,-1.65],[1.65,0],[0,0],[0,0]],"v":[[-3,5.5],[-3,-2.5],[0,-5.5],[3,-2.5],[3,-0.5]],"c":false}]},{"i":{"x":0.667,"y":1},"o":{"x":0.333,"y":0},"t":17,"s":[{"i":[[0,0],[0,0],[-1.65,0],[0,-1.65],[0,0]],"o":[[0,0],[0,-1.65],[1.65,0],[0,0],[0,0]],"v":[[-3,5.5],[-3,-2.5],[0,-5.5],[3,-2.5],[3,-0.5]],"c":false}],"e":[{"i":[[0,0],[0,0],[-1.65,0],[0,-1.65],[0,0]],"o":[[0,0],[0,-1.65],[1.65,0],[0,0],[0,0]],"v":[[-3,5.5],[-3,-1.103],[0,-4.103],[3,-1.103],[3,-0.5]],"c":false}]},{"i":{"x":0.667,"y":1},"o":{"x":0.333,"y":0},"t":23,"s":[{"i":[[0,0],[0,0],[-1.65,0],[0,-1.65],[0,0]],"o":[[0,0],[0,-1.65],[1.65,0],[0,0],[0,0]],"v":[[-3,5.5],[-3,-1.103],[0,-4.103],[3,-1.103],[3,-0.5]],"c":false}],"e":[{"i":[[0,0],[0,0],[-1.65,0],[0,-1.65],[0,0]],"o":[[0,0],[0,-1.65],[1.65,0],[0,0],[0,0]],"v":[[-3,5.5],[-3,-2.5],[0,-5.5],[3,-2.5],[3,-0.5]],"c":false}]},{"t":25}],"ix":2},"nm":"Path 1","mn":"ADBE Vector Shape - Group","hd":false},{"ty":"st","c":{"a":0,"k":[0,0,0,1],"ix":3},"o":{"a":0,"k":100,"ix":4},"w":{"a":0,"k":2,"ix":5},"lc":2,"lj":2,"bm":0,"nm":"Stroke 1","mn":"ADBE Vector Graphic - Stroke","hd":false},{"ty":"tr","p":{"a":0,"k":[21,23.5],"ix":2},"a":{"a":0,"k":[0,0],"ix":1},"s":{"a":0,"k":[100,100],"ix":3},"r":{"a":0,"k":0,"ix":6},"o":{"a":0,"k":100,"ix":7},"sk":{"a":0,"k":0,"ix":4},"sa":{"a":0,"k":0,"ix":5},"nm":"Transform"}],"nm":"Group 5","np":2,"cix":2,"bm":0,"ix":3,"mn":"ADBE Vector Group","hd":false},{"ty":"gr","it":[{"ind":0,"ty":"sh","ix":1,"ks":{"a":1,"k":[{"i":{"x":0.667,"y":1},"o":{"x":0.333,"y":0},"t":3,"s":[{"i":[[0,0],[0,0],[1.65,0],[0,-1.65],[0,0]],"o":[[0,0],[0,-1.65],[-1.65,0],[0,0],[0,0]],"v":[[3,3.5],[3,-0.5],[0,-3.5],[-3,-0.5],[-3,1.5]],"c":false}],"e":[{"i":[[0,0],[0,0],[1.65,0],[0,-1.65],[0,0]],"o":[[0,0],[0,-1.65],[-1.65,0],[0,0],[0,0]],"v":[[3.004,4.438],[3,0.897],[0,-2.103],[-3,0.897],[-3,1.5]],"c":false}]},{"i":{"x":0.667,"y":1},"o":{"x":0.333,"y":0},"t":5,"s":[{"i":[[0,0],[0,0],[1.65,0],[0,-1.65],[0,0]],"o":[[0,0],[0,-1.65],[-1.65,0],[0,0],[0,0]],"v":[[3.004,4.438],[3,0.897],[0,-2.103],[-3,0.897],[-3,1.5]],"c":false}],"e":[{"i":[[0,0],[0,0],[1.65,0],[0,-1.65],[0,0]],"o":[[0,0],[0,-1.65],[-1.65,0],[0,0],[0,0]],"v":[[3,3.5],[3,-0.5],[0,-3.5],[-3,-0.5],[-3,1.5]],"c":false}]},{"i":{"x":0.833,"y":0.833},"o":{"x":0.167,"y":0.167},"t":11,"s":[{"i":[[0,0],[0,0],[1.65,0],[0,-1.65],[0,0]],"o":[[0,0],[0,-1.65],[-1.65,0],[0,0],[0,0]],"v":[[3,3.5],[3,-0.5],[0,-3.5],[-3,-0.5],[-3,1.5]],"c":false}],"e":[{"i":[[0,0],[0,0],[1.65,0],[0,-1.65],[0,0]],"o":[[0,0],[0,-1.65],[-1.65,0],[0,0],[0,0]],"v":[[3,3.5],[3,-0.5],[0,-3.5],[-3,-0.5],[-3,1.5]],"c":false}]},{"i":{"x":0.667,"y":1},"o":{"x":0.333,"y":0},"t":17,"s":[{"i":[[0,0],[0,0],[1.65,0],[0,-1.65],[0,0]],"o":[[0,0],[0,-1.65],[-1.65,0],[0,0],[0,0]],"v":[[3,3.5],[3,-0.5],[0,-3.5],[-3,-0.5],[-3,1.5]],"c":false}],"e":[{"i":[[0,0],[0,0],[1.65,0],[0,-1.65],[0,0]],"o":[[0,0],[0,-1.65],[-1.65,0],[0,0],[0,0]],"v":[[3.004,4.438],[3,0.897],[0,-2.103],[-3,0.897],[-3,1.5]],"c":false}]},{"i":{"x":0.667,"y":1},"o":{"x":0.333,"y":0},"t":23,"s":[{"i":[[0,0],[0,0],[1.65,0],[0,-1.65],[0,0]],"o":[[0,0],[0,-1.65],[-1.65,0],[0,0],[0,0]],"v":[[3.004,4.438],[3,0.897],[0,-2.103],[-3,0.897],[-3,1.5]],"c":false}],"e":[{"i":[[0,0],[0,0],[1.65,0],[0,-1.65],[0,0]],"o":[[0,0],[0,-1.65],[-1.65,0],[0,0],[0,0]],"v":[[3,3.5],[3,-0.5],[0,-3.5],[-3,-0.5],[-3,1.5]],"c":false}]},{"t":25}],"ix":2},"nm":"Path 1","mn":"ADBE Vector Shape - Group","hd":false},{"ty":"st","c":{"a":0,"k":[0,0,0,1],"ix":3},"o":{"a":0,"k":100,"ix":4},"w":{"a":0,"k":2,"ix":5},"lc":2,"lj":2,"bm":0,"nm":"Stroke 1","mn":"ADBE Vector Graphic - Stroke","hd":false},{"ty":"tr","p":{"a":0,"k":[33,20.5],"ix":2},"a":{"a":0,"k":[0,0],"ix":1},"s":{"a":0,"k":[100,100],"ix":3},"r":{"a":0,"k":0,"ix":6},"o":{"a":0,"k":100,"ix":7},"sk":{"a":0,"k":0,"ix":4},"sa":{"a":0,"k":0,"ix":5},"nm":"Transform"}],"nm":"Group 6","np":2,"cix":2,"bm":0,"ix":4,"mn":"ADBE Vector Group","hd":false},{"ty":"gr","it":[{"ind":0,"ty":"sh","ix":1,"ks":{"a":1,"k":[{"i":{"x":0.667,"y":1},"o":{"x":0.333,"y":0},"t":3,"s":[{"i":[[0,0],[0,0],[-1.65,0],[0,-1.65],[0,0]],"o":[[0,0],[0,-1.65],[1.65,0],[0,0],[0,0]],"v":[[-3,-4],[-3,-6],[0,-9],[3,-6],[3,9]],"c":false}],"e":[{"i":[[0,0],[0,0],[-1.65,0],[0,-1.65],[0,0]],"o":[[0,0],[0,-1.65],[1.65,0],[0,0],[0,0]],"v":[[-3,-4],[-3.002,-4.603],[0,-7.603],[3,-4.603],[3,9]],"c":false}]},{"i":{"x":0.667,"y":1},"o":{"x":0.333,"y":0},"t":5,"s":[{"i":[[0,0],[0,0],[-1.65,0],[0,-1.65],[0,0]],"o":[[0,0],[0,-1.65],[1.65,0],[0,0],[0,0]],"v":[[-3,-4],[-3.002,-4.603],[0,-7.603],[3,-4.603],[3,9]],"c":false}],"e":[{"i":[[0,0],[0,0],[-1.65,0],[0,-1.65],[0,0]],"o":[[0,0],[0,-1.65],[1.65,0],[0,0],[0,0]],"v":[[-3,-4],[-3,-6],[0,-9],[3,-6],[3,9]],"c":false}]},{"i":{"x":0.833,"y":0.833},"o":{"x":0.167,"y":0.167},"t":11,"s":[{"i":[[0,0],[0,0],[-1.65,0],[0,-1.65],[0,0]],"o":[[0,0],[0,-1.65],[1.65,0],[0,0],[0,0]],"v":[[-3,-4],[-3,-6],[0,-9],[3,-6],[3,9]],"c":false}],"e":[{"i":[[0,0],[0,0],[-1.65,0],[0,-1.65],[0,0]],"o":[[0,0],[0,-1.65],[1.65,0],[0,0],[0,0]],"v":[[-3,-4],[-3,-6],[0,-9],[3,-6],[3,9]],"c":false}]},{"i":{"x":0.667,"y":1},"o":{"x":0.333,"y":0},"t":17,"s":[{"i":[[0,0],[0,0],[-1.65,0],[0,-1.65],[0,0]],"o":[[0,0],[0,-1.65],[1.65,0],[0,0],[0,0]],"v":[[-3,-4],[-3,-6],[0,-9],[3,-6],[3,9]],"c":false}],"e":[{"i":[[0,0],[0,0],[-1.65,0],[0,-1.65],[0,0]],"o":[[0,0],[0,-1.65],[1.65,0],[0,0],[0,0]],"v":[[-3,-4],[-3.002,-4.603],[0,-7.603],[3,-4.603],[3,9]],"c":false}]},{"i":{"x":0.667,"y":1},"o":{"x":0.333,"y":0},"t":23,"s":[{"i":[[0,0],[0,0],[-1.65,0],[0,-1.65],[0,0]],"o":[[0,0],[0,-1.65],[1.65,0],[0,0],[0,0]],"v":[[-3,-4],[-3.002,-4.603],[0,-7.603],[3,-4.603],[3,9]],"c":false}],"e":[{"i":[[0,0],[0,0],[-1.65,0],[0,-1.65],[0,0]],"o":[[0,0],[0,-1.65],[1.65,0],[0,0],[0,0]],"v":[[-3,-4],[-3,-6],[0,-9],[3,-6],[3,9]],"c":false}]},{"t":25}],"ix":2},"nm":"Path 1","mn":"ADBE Vector Shape - Group","hd":false},{"ty":"st","c":{"a":0,"k":[0,0,0,1],"ix":3},"o":{"a":0,"k":100,"ix":4},"w":{"a":0,"k":2,"ix":5},"lc":2,"lj":2,"bm":0,"nm":"Stroke 1","mn":"ADBE Vector Graphic - Stroke","hd":false},{"ty":"tr","p":{"a":0,"k":[39,28],"ix":2},"a":{"a":0,"k":[0,0],"ix":1},"s":{"a":0,"k":[100,100],"ix":3},"r":{"a":0,"k":0,"ix":6},"o":{"a":0,"k":100,"ix":7},"sk":{"a":0,"k":0,"ix":4},"sa":{"a":0,"k":0,"ix":5},"nm":"Transform"}],"nm":"Group 7","np":2,"cix":2,"bm":0,"ix":5,"mn":"ADBE Vector Group","hd":false}],"ip":0,"op":28,"st":0,"bm":0}],"markers":[]}