{"v":"5.5.9","fr":24,"ip":0,"op":28,"w":50,"h":50,"nm":"vox-player","ddd":0,"assets":[],"layers":[{"ddd":0,"ind":1,"ty":4,"nm":"diffusor","sr":1,"ks":{"o":{"a":0,"k":100,"ix":11},"r":{"a":0,"k":0,"ix":10},"p":{"a":0,"k":[25,25,0],"ix":2},"a":{"a":0,"k":[8.25,8.25,0],"ix":1},"s":{"a":1,"k":[{"i":{"x":[0.667,0.667,0.667],"y":[1,1,1]},"o":{"x":[0.333,0.333,0.333],"y":[0,0,0]},"t":10,"s":[100,100,100]},{"i":{"x":[0.667,0.667,0.667],"y":[1,1,1]},"o":{"x":[0.333,0.333,0.333],"y":[0,0,0]},"t":11,"s":[72,72,100]},{"i":{"x":[0.667,0.667,0.667],"y":[1,1,1]},"o":{"x":[0.333,0.333,0.333],"y":[0,0,0]},"t":12,"s":[112,112,100]},{"i":{"x":[0.667,0.667,0.667],"y":[1,1,1]},"o":{"x":[0.333,0.333,0.333],"y":[0,0,0]},"t":13,"s":[85,85,100]},{"i":{"x":[0.667,0.667,0.667],"y":[1,1,1]},"o":{"x":[0.333,0.333,0.333],"y":[0,0,0]},"t":14,"s":[100,100,100]},{"i":{"x":[0.667,0.667,0.667],"y":[1,1,1]},"o":{"x":[0.333,0.333,0.333],"y":[0,0,0]},"t":21,"s":[100,100,100]},{"i":{"x":[0.667,0.667,0.667],"y":[1,1,1]},"o":{"x":[0.333,0.333,0.333],"y":[0,0,0]},"t":22,"s":[72,72,100]},{"i":{"x":[0.667,0.667,0.667],"y":[1,1,1]},"o":{"x":[0.333,0.333,0.333],"y":[0,0,0]},"t":23,"s":[112,112,100]},{"i":{"x":[0.667,0.667,0.667],"y":[1,1,1]},"o":{"x":[0.333,0.333,0.333],"y":[0,0,0]},"t":24,"s":[85,85,100]},{"t":25,"s":[100,100,100]}],"ix":6}},"ao":0,"shapes":[{"ty":"gr","it":[{"ind":0,"ty":"sh","ix":1,"ks":{"a":0,"k":{"i":[[0.553,0],[0,0.552],[0.552,0],[0,-0.551],[0.553,0],[0,0.552],[-1.654,0],[0,-1.654]],"o":[[-0.553,0],[0,-0.551],[-0.552,0],[0,0.552],[-0.553,0],[0,-1.654],[1.654,0],[0,0.552]],"v":[[2,1],[1,0],[0,-1],[-1,0],[-2,1],[-3,0],[0,-3],[3,0]],"c":true},"ix":2},"nm":"Path 1","mn":"ADBE Vector Shape - Group","hd":false},{"ind":1,"ty":"sh","ix":2,"ks":{"a":0,"k":{"i":[[3.31,0],[0,3.31],[-3.31,0],[0,-3.31]],"o":[[-3.31,0],[0,-3.31],[3.31,0],[0,3.31]],"v":[[0,6],[-6,0],[0,-6],[6,0]],"c":true},"ix":2},"nm":"Path 2","mn":"ADBE Vector Shape - Group","hd":false},{"ind":2,"ty":"sh","ix":3,"ks":{"a":0,"k":{"i":[[4.41,0],[0,-4.41],[-4.41,0],[0,4.41]],"o":[[-4.41,0],[0,4.41],[4.41,0],[0,-4.41]],"v":[[0,-8],[-8,0],[0,8],[8,0]],"c":true},"ix":2},"nm":"Path 3","mn":"ADBE Vector Shape - Group","hd":false},{"ty":"mm","mm":1,"nm":"Merge Paths 1","mn":"ADBE Vector Filter - Merge","hd":false},{"ty":"fl","c":{"a":0,"k":[0,0,0,1],"ix":4},"o":{"a":0,"k":100,"ix":5},"r":1,"bm":0,"nm":"Fill 1","mn":"ADBE Vector Graphic - Fill","hd":false},{"ty":"tr","p":{"a":0,"k":[8.25,8.25],"ix":2},"a":{"a":0,"k":[0,0],"ix":1},"s":{"a":0,"k":[100,100],"ix":3},"r":{"a":0,"k":0,"ix":6},"o":{"a":0,"k":100,"ix":7},"sk":{"a":0,"k":0,"ix":4},"sa":{"a":0,"k":0,"ix":5},"nm":"Transform"}],"nm":"Group 1","np":5,"cix":2,"bm":0,"ix":1,"mn":"ADBE Vector Group","hd":false}],"ip":0,"op":28,"st":0,"bm":0},{"ddd":0,"ind":2,"ty":4,"nm":"speaker","sr":1,"ks":{"o":{"a":0,"k":100,"ix":11},"r":{"a":0,"k":0,"ix":10},"p":{"a":0,"k":[25.001,25,0],"ix":2},"a":{"a":0,"k":[22.25,22.25,0],"ix":1},"s":{"a":1,"k":[{"i":{"x":[0.667,0.667,0.667],"y":[1,1,1]},"o":{"x":[0.333,0.333,0.333],"y":[0,0,0]},"t":3,"s":[100,100,100]},{"i":{"x":[0.667,0.667,0.667],"y":[1,1,1]},"o":{"x":[0.333,0.333,0.333],"y":[0,0,0]},"t":9,"s":[92,92,100]},{"i":{"x":[0.667,0.667,0.667],"y":[1,1,1]},"o":{"x":[0.333,0.333,0.333],"y":[0,0,0]},"t":10,"s":[100,100,100]},{"i":{"x":[0.667,0.667,0.667],"y":[1,1,1]},"o":{"x":[0.333,0.333,0.333],"y":[0,0,0]},"t":14,"s":[100,100,100]},{"i":{"x":[0.667,0.667,0.667],"y":[1,1,1]},"o":{"x":[0.333,0.333,0.333],"y":[0,0,0]},"t":20,"s":[92,92,100]},{"t":21,"s":[100,100,100]}],"ix":6}},"ao":0,"shapes":[{"ty":"gr","it":[{"ind":0,"ty":"sh","ix":1,"ks":{"a":0,"k":{"i":[[0.816,-0.817],[0.818,0.817],[0,0],[0,0],[0.294,-0.21],[0,0],[4.347,0],[3.299,2.452],[0.22,0.188],[0,0],[0,0],[0.816,0.817],[-0.817,0.818],[0,0],[0,0],[0,0],[0.093,0.126],[0,4.568],[-2.599,3.363],[-0.093,0.116],[0,0],[0,0],[-0.817,0.817],[-0.816,-0.817],[0,0],[-0.093,0.074],[0,0],[-4.61,0],[-3.312,-2.472],[-0.21,-0.167],[0,0],[-0.817,-0.817],[0.816,-0.817],[0,0],[0,0],[0,0],[0,0],[0,-4.463],[2.378,-3.269],[0.231,-0.272],[0,0],[0,0]],"o":[[-0.817,0.817],[0,0],[0,0],[-0.271,0.231],[0,0],[-3.27,2.378],[-4.421,0],[-0.23,-0.168],[0,0],[0,0],[-0.816,0.817],[-0.817,-0.817],[0,0],[0,0],[0,0],[-0.093,-0.115],[-2.597,-3.364],[0,-4.568],[0.093,-0.126],[0,0],[0,0],[-0.817,-0.817],[0.816,-0.817],[0,0],[0.084,-0.073],[0,0],[3.373,-2.65],[4.442,0],[0.219,0.157],[0,0],[0.818,-0.817],[0.816,0.817],[0,0],[0,0],[0,0],[0,0],[2.482,3.321],[0,4.348],[-0.21,0.293],[0,0],[0,0],[0.815,0.818]],"v":[[18.522,18.521],[15.556,18.521],[13.996,16.96],[12.507,15.473],[11.659,16.122],[11.649,16.122],[-0.001,19.904],[-11.818,16.008],[-12.499,15.473],[-13.998,16.962],[-15.559,18.523],[-18.523,18.523],[-18.523,15.557],[-16.962,13.997],[-15.475,12.52],[-15.475,12.51],[-15.757,12.143],[-19.905,-0.001],[-15.756,-12.143],[-15.474,-12.51],[-16.961,-13.997],[-18.522,-15.557],[-18.522,-18.523],[-15.558,-18.523],[-12.508,-15.473],[-12.247,-15.684],[-12.236,-15.684],[0,-19.906],[11.87,-15.967],[12.508,-15.475],[15.557,-18.523],[18.523,-18.523],[18.523,-15.559],[16.961,-13.997],[15.473,-12.51],[15.934,-11.913],[15.945,-11.902],[19.905,-0.001],[16.133,11.637],[15.473,12.497],[16.961,13.995],[18.523,15.555]],"c":true},"ix":2},"nm":"Path 1","mn":"ADBE Vector Shape - Group","hd":false},{"ind":1,"ty":"sh","ix":2,"ks":{"a":0,"k":{"i":[[0,0],[0,4.557],[2.379,3.51],[0,0],[1.633,1.634],[1.624,-1.634],[0,0],[4.556,0],[3.511,-2.378],[0,0],[1.633,-1.634],[-1.634,-1.634],[0,0],[0,-4.557],[-2.378,-3.51],[0,0],[-1.634,-1.634],[-1.078,0],[-0.806,0.817],[0,0],[-4.558,0],[-3.51,2.378],[0,0],[-1.069,0],[-0.818,0.817],[1.633,1.634]],"o":[[2.379,-3.51],[0,-4.557],[0,0],[1.633,-1.634],[-1.634,-1.634],[0,0],[-3.51,-2.378],[-4.558,0],[0,0],[-1.624,-1.634],[-1.634,1.634],[0,0],[-2.378,3.51],[0,4.557],[0,0],[-1.634,1.634],[0.816,0.817],[1.07,0],[0,0],[3.511,2.378],[4.556,0],[0,0],[0.806,0.817],[1.079,0],[1.633,-1.634],[0,0]],"v":[[18.228,12.309],[22,-0.001],[18.228,-12.311],[19.999,-14.081],[19.999,-19.999],[14.08,-19.999],[12.309,-18.23],[0,-22.001],[-12.311,-18.23],[-14.081,-19.999],[-19.999,-19.999],[-19.999,-14.081],[-18.229,-12.311],[-22,-0.001],[-18.229,12.309],[-19.999,14.079],[-19.999,19.999],[-17.035,21.225],[-14.081,19.999],[-12.311,18.229],[0,22.001],[12.309,18.229],[14.08,19.999],[17.034,21.225],[19.999,19.999],[19.999,14.079]],"c":true},"ix":2},"nm":"Path 2","mn":"ADBE Vector Shape - Group","hd":false},{"ind":2,"ty":"sh","ix":3,"ks":{"a":0,"k":{"i":[[8.755,0],[0,8.756],[-8.756,0],[0,-8.756]],"o":[[-8.756,0],[0,-8.756],[8.755,0],[0,8.756]],"v":[[0,15.882],[-15.882,-0.001],[0,-15.883],[15.881,-0.001]],"c":true},"ix":2},"nm":"Path 3","mn":"ADBE Vector Shape - Group","hd":false},{"ind":3,"ty":"sh","ix":4,"ks":{"a":0,"k":{"i":[[9.92,0],[0,-9.921],[-9.921,0],[0,9.921]],"o":[[-9.921,0],[0,9.921],[9.92,0],[0,-9.921]],"v":[[0,-18.001],[-18,-0.001],[0,18.001],[18,-0.001]],"c":true},"ix":2},"nm":"Path 4","mn":"ADBE Vector Shape - Group","hd":false},{"ty":"mm","mm":1,"nm":"Merge Paths 1","mn":"ADBE Vector Filter - Merge","hd":false},{"ty":"fl","c":{"a":0,"k":[0,0,0,1],"ix":4},"o":{"a":0,"k":100,"ix":5},"r":1,"bm":0,"nm":"Fill 1","mn":"ADBE Vector Graphic - Fill","hd":false},{"ty":"tr","p":{"a":0,"k":[22.25,22.25],"ix":2},"a":{"a":0,"k":[0,0],"ix":1},"s":{"a":0,"k":[100,100],"ix":3},"r":{"a":0,"k":0,"ix":6},"o":{"a":0,"k":100,"ix":7},"sk":{"a":0,"k":0,"ix":4},"sa":{"a":0,"k":0,"ix":5},"nm":"Transform"}],"nm":"Group 1","np":6,"cix":2,"bm":0,"ix":1,"mn":"ADBE Vector Group","hd":false}],"ip":0,"op":28,"st":0,"bm":0}],"markers":[]}