{"v":"5.4.4","fr":24,"ip":0,"op":28,"w":50,"h":50,"nm":"gear","ddd":0,"assets":[],"layers":[{"ddd":0,"ind":1,"ty":4,"nm":"Gear","sr":1,"ks":{"o":{"a":0,"k":100,"ix":11},"r":{"a":1,"k":[{"i":{"x":[0.833],"y":[0.833]},"o":{"x":[0.167],"y":[0.167]},"t":0,"s":[0],"e":[45]},{"t":28}],"ix":10},"p":{"a":0,"k":[25,25,0],"ix":2},"a":{"a":0,"k":[25,25,0],"ix":1},"s":{"a":0,"k":[100,100,100],"ix":6}},"ao":0,"shapes":[{"ty":"gr","it":[{"ind":0,"ty":"sh","ix":1,"ks":{"a":0,"k":{"i":[[3.866,0],[0,-3.866],[-3.866,0],[0,3.866]],"o":[[-3.866,0],[0,3.866],[3.866,0],[0,-3.866]],"v":[[0,-7],[-7,0],[0,7],[7,0]],"c":true},"ix":2},"nm":"Path 1","mn":"ADBE Vector Shape - Group","hd":false},{"ty":"st","c":{"a":0,"k":[0,0,0,1],"ix":3},"o":{"a":0,"k":100,"ix":4},"w":{"a":0,"k":2,"ix":5},"lc":2,"lj":2,"bm":0,"nm":"Stroke 1","mn":"ADBE Vector Graphic - Stroke","hd":false},{"ty":"tr","p":{"a":0,"k":[25,25],"ix":2},"a":{"a":0,"k":[0,0],"ix":1},"s":{"a":0,"k":[100,100],"ix":3},"r":{"a":0,"k":0,"ix":6},"o":{"a":0,"k":100,"ix":7},"sk":{"a":0,"k":0,"ix":4},"sa":{"a":0,"k":0,"ix":5},"nm":"Transform"}],"nm":"Group 1","np":2,"cix":2,"bm":0,"ix":1,"mn":"ADBE Vector Group","hd":false},{"ty":"gr","it":[{"ind":0,"ty":"sh","ix":1,"ks":{"a":0,"k":{"i":[[0,0],[0,0],[0,0],[0.802,1.335],[0,0],[0,0],[0,0],[1.561,0.389],[0,0],[0,0],[0,0],[1.342,-0.806],[0,0],[0,0],[0,0],[0.393,-1.572],[0,0],[0,0],[0,0],[-0.817,-1.35],[0,0],[0,0],[0,0],[-1.562,-0.385],[0,0],[0,0],[0,0],[-1.333,0.811],[0,0],[0,0],[0,0],[-0.384,1.55]],"o":[[0,0],[0,0],[-0.388,-1.55],[0,0],[0,0],[0,0],[-1.338,-0.81],[0,0],[0,0],[0,0],[-1.562,0.383],[0,0],[0,0],[0,0],[-0.814,1.347],[0,0],[0,0],[0,0],[0.39,1.568],[0,0],[0,0],[0,0],[1.346,0.808],[0,0],[0,0],[0,0],[1.554,-0.394],[0,0],[0,0],[0,0],[0.802,-1.335],[0,0]],"v":[[21.999,2.708],[21.999,-2.792],[15.453,-3.862],[13.655,-8.204],[17.47,-13.641],[13.58,-17.528],[8.212,-13.669],[3.846,-15.486],[2.706,-22],[-2.794,-22],[-3.854,-15.508],[-8.233,-13.709],[-13.585,-17.533],[-17.474,-13.646],[-13.709,-8.262],[-15.535,-3.87],[-21.999,-2.794],[-21.999,2.706],[-15.542,3.851],[-13.716,8.242],[-17.532,13.579],[-13.645,17.47],[-8.254,13.694],[-3.875,15.502],[-2.794,22],[2.706,22],[3.862,15.487],[8.217,13.663],[13.645,17.472],[17.533,13.581],[13.658,8.201],[15.453,3.857]],"c":true},"ix":2},"nm":"Path 1","mn":"ADBE Vector Shape - Group","hd":false},{"ty":"st","c":{"a":0,"k":[0,0,0,1],"ix":3},"o":{"a":0,"k":100,"ix":4},"w":{"a":0,"k":2,"ix":5},"lc":2,"lj":2,"bm":0,"nm":"Stroke 1","mn":"ADBE Vector Graphic - Stroke","hd":false},{"ty":"tr","p":{"a":0,"k":[25,25],"ix":2},"a":{"a":0,"k":[0,0],"ix":1},"s":{"a":0,"k":[100,100],"ix":3},"r":{"a":0,"k":0,"ix":6},"o":{"a":0,"k":100,"ix":7},"sk":{"a":0,"k":0,"ix":4},"sa":{"a":0,"k":0,"ix":5},"nm":"Transform"}],"nm":"Group 2","np":2,"cix":2,"bm":0,"ix":2,"mn":"ADBE Vector Group","hd":false}],"ip":0,"op":28,"st":0,"bm":0}],"markers":[]}