{"v":"5.6.1","fr":24,"ip":0,"op":28,"w":50,"h":50,"nm":"place-marker","ddd":0,"assets":[],"layers":[{"ddd":0,"ind":1,"ty":4,"nm":"Size Controller","sr":1,"ks":{"o":{"a":0,"k":100,"ix":11},"r":{"a":0,"k":0,"ix":10},"p":{"a":0,"k":[25,1,0],"ix":2},"a":{"a":0,"k":[0,-24,0],"ix":1},"s":{"a":1,"k":[{"i":{"x":[0.667,0.667,0.667],"y":[1,1,1]},"o":{"x":[0.333,0.333,0.333],"y":[0,0,0]},"t":5,"s":[100,100,100]},{"i":{"x":[0.667,0.667,0.667],"y":[1,1,1]},"o":{"x":[0.333,0.333,0.333],"y":[0,0,0]},"t":8,"s":[95,95,100]},{"t":11,"s":[100,100,100]}],"ix":6}},"ao":0,"shapes":[],"ip":0,"op":28,"st":0,"bm":0},{"ddd":0,"ind":2,"ty":4,"nm":"Marker ","parent":1,"sr":1,"ks":{"o":{"a":0,"k":100,"ix":11},"r":{"a":0,"k":0,"ix":10},"p":{"a":1,"k":[{"i":{"x":0.7,"y":1},"o":{"x":0.333,"y":0},"t":5,"s":[0,-1.5,0],"to":[0,0,0],"ti":[0,0,0]},{"i":{"x":0.25,"y":1},"o":{"x":0.2,"y":0},"t":6,"s":[0,-2.75,0],"to":[0,0,0],"ti":[0,0,0]},{"t":13,"s":[0,-1.5,0]}],"ix":2},"a":{"a":0,"k":[17,24.5,0],"ix":1},"s":{"a":0,"k":[105,105,100],"ix":6}},"ao":0,"shapes":[{"ty":"gr","it":[{"ind":0,"ty":"sh","ix":1,"ks":{"a":1,"k":[{"i":{"x":0.7,"y":1},"o":{"x":0.333,"y":0},"t":6,"s":[{"i":[[0,-6.667],[0,0],[0,11.208],[-6.667,0]],"o":[[0,10.947],[0,0],[0,-6.667],[6.667,0]],"v":[[12,-7.5],[0,19.5],[-12,-7.5],[0,-19.5]],"c":true}]},{"i":{"x":0.25,"y":1},"o":{"x":0.2,"y":0},"t":8,"s":[{"i":[[0,-6.667],[0,0],[0,11.208],[-6.667,0]],"o":[[0,10.947],[0,0],[0,-6.667],[6.667,0]],"v":[[12,-8.69],[0,16.524],[-12,-8.69],[0,-20.542]],"c":true}]},{"i":{"x":0.667,"y":1},"o":{"x":0.3,"y":0},"t":13,"s":[{"i":[[0,-6.667],[0,0],[0,11.208],[-6.667,0]],"o":[[0,10.947],[0,0],[0,-6.667],[6.667,0]],"v":[[12,-6.905],[0,20.095],[-12,-6.905],[0,-18.458]],"c":true}]},{"i":{"x":0.667,"y":1},"o":{"x":0.333,"y":0},"t":15,"s":[{"i":[[0,-6.667],[0,0],[0,11.208],[-6.667,0]],"o":[[0,10.947],[0,0],[0,-6.667],[6.667,0]],"v":[[12,-8.095],[0,18.905],[-12,-8.095],[0,-19.946]],"c":true}]},{"t":17,"s":[{"i":[[0,-6.667],[0,0],[0,11.208],[-6.667,0]],"o":[[0,10.947],[0,0],[0,-6.667],[6.667,0]],"v":[[12,-7.5],[0,19.5],[-12,-7.5],[0,-19.5]],"c":true}]}],"ix":2},"nm":"Path 1","mn":"ADBE Vector Shape - Group","hd":false},{"ty":"st","c":{"a":0,"k":[0,0,0,1],"ix":3},"o":{"a":0,"k":100,"ix":4},"w":{"a":0,"k":2,"ix":5},"lc":2,"lj":2,"bm":0,"nm":"Stroke 1","mn":"ADBE Vector Graphic - Stroke","hd":false},{"ty":"tr","p":{"a":0,"k":[17,24.5],"ix":2},"a":{"a":0,"k":[0,0],"ix":1},"s":{"a":0,"k":[100,100],"ix":3},"r":{"a":0,"k":0,"ix":6},"o":{"a":0,"k":100,"ix":7},"sk":{"a":0,"k":0,"ix":4},"sa":{"a":0,"k":0,"ix":5},"nm":"Transform"}],"nm":"Group 1","np":2,"cix":2,"bm":0,"ix":1,"mn":"ADBE Vector Group","hd":false}],"ip":-2,"op":480,"st":0,"bm":0},{"ddd":0,"ind":3,"ty":4,"nm":"Circle ","parent":1,"sr":1,"ks":{"o":{"a":0,"k":100,"ix":11},"r":{"a":0,"k":0,"ix":10},"p":{"a":1,"k":[{"i":{"x":0.667,"y":1},"o":{"x":0.333,"y":0},"t":5,"s":[0,-9.375,0],"to":[0,0,0],"ti":[0,0,0]},{"i":{"x":0.8,"y":1},"o":{"x":0.333,"y":0},"t":6,"s":[0,-11.875,0],"to":[0,0,0],"ti":[0,0,0]},{"i":{"x":0.25,"y":1},"o":{"x":0.3,"y":0},"t":8,"s":[0,-13.125,0],"to":[0,0,0],"ti":[0,0,0]},{"i":{"x":0.65,"y":0.817},"o":{"x":0.307,"y":0},"t":13,"s":[0,-7.25,0],"to":[0,0,0],"ti":[0,0,0]},{"i":{"x":0.675,"y":1},"o":{"x":0.334,"y":0.914},"t":15,"s":[0,-10.225,0],"to":[0,0,0],"ti":[0,0,0]},{"t":18,"s":[0,-9.375,0]}],"ix":2},"a":{"a":0,"k":[9.822,9.822,0],"ix":1},"s":{"a":0,"k":[105,105,100],"ix":6}},"ao":0,"shapes":[{"ty":"gr","it":[{"ind":0,"ty":"sh","ix":1,"ks":{"a":0,"k":{"i":[[2.762,0],[0,-2.761],[-2.761,0],[0,2.761]],"o":[[-2.761,0],[0,2.761],[2.762,0],[0,-2.761]],"v":[[0,-5],[-5,0],[0,5],[5,0]],"c":true},"ix":2},"nm":"Path 1","mn":"ADBE Vector Shape - Group","hd":false},{"ty":"st","c":{"a":0,"k":[0,0,0,1],"ix":3},"o":{"a":0,"k":100,"ix":4},"w":{"a":0,"k":1.929,"ix":5},"lc":2,"lj":2,"bm":0,"nm":"Stroke 1","mn":"ADBE Vector Graphic - Stroke","hd":false},{"ty":"tr","p":{"a":0,"k":[9.822,9.822],"ix":2},"a":{"a":0,"k":[0,0],"ix":1},"s":{"a":0,"k":[100,100],"ix":3},"r":{"a":0,"k":0,"ix":6},"o":{"a":0,"k":100,"ix":7},"sk":{"a":0,"k":0,"ix":4},"sa":{"a":0,"k":0,"ix":5},"nm":"Transform"}],"nm":"Group 1","np":2,"cix":2,"bm":0,"ix":1,"mn":"ADBE Vector Group","hd":false}],"ip":0,"op":480,"st":0,"bm":0},{"ddd":0,"ind":4,"ty":4,"nm":"Mask ","parent":2,"td":1,"sr":1,"ks":{"o":{"a":0,"k":100,"ix":11},"r":{"a":0,"k":0,"ix":10},"p":{"a":0,"k":[17,24.411,0],"ix":2},"a":{"a":0,"k":[15.25,22.656,0],"ix":1},"s":{"a":0,"k":[95.238,95.238,100],"ix":6}},"ao":0,"shapes":[{"ty":"gr","it":[{"ind":0,"ty":"sh","ix":1,"ks":{"a":1,"k":[{"i":{"x":0.7,"y":1},"o":{"x":0.333,"y":0},"t":6,"s":[{"i":[[0,0],[1.04,1.438],[0,9.378],[-8.271,0],[0,-8.271],[3.592,-5.026],[0.114,-0.152],[0,0],[0,0]],"o":[[-0.115,-0.152],[-3.611,-4.991],[0,-8.271],[8.271,0],[0,9.197],[-1.02,1.427],[0,0],[0,0],[0,0]],"v":[[-0.201,21.354],[-3.853,18.461],[-15,-7.406],[0,-22.406],[15,-7.406],[3.837,18.464],[0.473,21.405],[0.31,19.579],[-0.006,19.469]],"c":true}]},{"i":{"x":0.7,"y":1},"o":{"x":0.3,"y":0},"t":8,"s":[{"i":[[0,0],[1.04,1.438],[0,9.378],[-8.271,0],[0,-8.271],[3.592,-5.026],[0.114,-0.152],[0,0],[0,0]],"o":[[-0.115,-0.152],[-3.611,-4.991],[0,-8.271],[8.271,0],[0,9.197],[-1.02,1.427],[0,0],[0,0],[0,0]],"v":[[-0.201,19.479],[-3.853,16.117],[-15,-7.406],[0,-22.406],[15,-7.406],[3.837,16.12],[0.473,19.53],[0.31,17.704],[-0.006,17.594]],"c":true}]},{"i":{"x":0.667,"y":1},"o":{"x":0.3,"y":0},"t":13,"s":[{"i":[[0,0],[1.04,1.438],[0,9.378],[-8.271,0],[0,-8.271],[3.592,-5.026],[0.114,-0.152],[0,0],[0,0]],"o":[[-0.115,-0.152],[-3.611,-4.991],[0,-8.271],[8.271,0],[0,9.197],[-1.02,1.427],[0,0],[0,0],[0,0]],"v":[[-0.202,21.979],[-3.853,18.93],[-15,-7.406],[0,-22.406],[15,-7.406],[3.837,18.933],[0.473,22.03],[0.31,20.204],[-0.006,20.094]],"c":true}]},{"t":14,"s":[{"i":[[0,0],[1.04,1.438],[0,9.378],[-8.271,0],[0,-8.271],[3.592,-5.026],[0.114,-0.152],[0,0],[0,0]],"o":[[-0.115,-0.152],[-3.611,-4.991],[0,-8.271],[8.271,0],[0,9.197],[-1.02,1.427],[0,0],[0,0],[0,0]],"v":[[-0.202,21.354],[-3.853,18.461],[-15,-7.406],[0,-22.406],[15,-7.406],[3.837,18.464],[0.473,21.405],[0.31,19.579],[-0.006,19.469]],"c":true}]}],"ix":2},"nm":"Path 1","mn":"ADBE Vector Shape - Group","hd":false},{"ty":"fl","c":{"a":0,"k":[1,1,1,1],"ix":4},"o":{"a":0,"k":100,"ix":5},"r":1,"bm":0,"nm":"Fill 1","mn":"ADBE Vector Graphic - Fill","hd":false},{"ty":"tr","p":{"a":0,"k":[15.25,22.656],"ix":2},"a":{"a":0,"k":[0,0],"ix":1},"s":{"a":0,"k":[100,100],"ix":3},"r":{"a":0,"k":0,"ix":6},"o":{"a":0,"k":100,"ix":7},"sk":{"a":0,"k":0,"ix":4},"sa":{"a":0,"k":0,"ix":5},"nm":"Transform"}],"nm":"Group 1","np":2,"cix":2,"bm":0,"ix":1,"mn":"ADBE Vector Group","hd":false}],"ip":0,"op":480,"st":0,"bm":0},{"ddd":0,"ind":5,"ty":4,"nm":"Place ","tt":2,"sr":1,"ks":{"o":{"a":1,"k":[{"i":{"x":[0.667],"y":[1]},"o":{"x":[0.333],"y":[0]},"t":15,"s":[0]},{"t":23,"s":[100]}],"ix":11},"r":{"a":0,"k":0,"ix":10},"p":{"a":0,"k":[25.016,42.047,0],"ix":2},"a":{"a":0,"k":[22.016,10.047,0],"ix":1},"s":{"a":0,"k":[100,100,100],"ix":6}},"ao":0,"shapes":[{"ty":"gr","it":[{"ind":0,"ty":"sh","ix":1,"ks":{"a":0,"k":{"i":[[0,0]],"o":[[0,0]],"v":[[45,-4.75]],"c":false},"ix":2},"nm":"Path 1","mn":"ADBE Vector Shape - Group","hd":false},{"ty":"st","c":{"a":0,"k":[0,0,0,1],"ix":3},"o":{"a":0,"k":100,"ix":4},"w":{"a":0,"k":2,"ix":5},"lc":1,"lj":1,"ml":4,"bm":0,"nm":"Stroke 1","mn":"ADBE Vector Graphic - Stroke","hd":false},{"ty":"fl","c":{"a":0,"k":[1,1,1,1],"ix":4},"o":{"a":0,"k":100,"ix":5},"r":1,"bm":0,"nm":"Fill 1","mn":"ADBE Vector Graphic - Fill","hd":false},{"ty":"tr","p":{"a":0,"k":[0,0],"ix":2},"a":{"a":0,"k":[0,0],"ix":1},"s":{"a":0,"k":[100,100],"ix":3},"r":{"a":0,"k":0,"ix":6},"o":{"a":0,"k":100,"ix":7},"sk":{"a":0,"k":0,"ix":4},"sa":{"a":0,"k":0,"ix":5},"nm":"Transform"}],"nm":"Shape 1","np":3,"cix":2,"bm":0,"ix":1,"mn":"ADBE Vector Group","hd":false},{"ty":"gr","it":[{"ind":0,"ty":"sh","ix":1,"ks":{"a":1,"k":[{"i":{"x":0.667,"y":1},"o":{"x":0.333,"y":0},"t":14,"s":[{"i":[[0,0],[0,0],[0,0],[0,0]],"o":[[0,0],[0,0],[0,0],[0,0]],"v":[[0.5,0],[0.5,0.063],[0.5,0],[0.5,0.063]],"c":true}]},{"t":22,"s":[{"i":[[0,2.773],[-9.113,0],[0,-2.773],[9.112,0]],"o":[[0,-2.773],[9.112,0],[0,2.773],[-9.113,0]],"v":[[-16.5,0],[0.5,-5],[16.5,0],[0.5,5]],"c":true}]}],"ix":2},"nm":"Path 1","mn":"ADBE Vector Shape - Group","hd":false},{"ty":"st","c":{"a":0,"k":[0,0,0,1],"ix":3},"o":{"a":0,"k":100,"ix":4},"w":{"a":0,"k":2,"ix":5},"lc":2,"lj":2,"bm":0,"nm":"Stroke 1","mn":"ADBE Vector Graphic - Stroke","hd":false},{"ty":"tr","p":{"a":0,"k":[21.5,10],"ix":2},"a":{"a":0,"k":[0,0],"ix":1},"s":{"a":0,"k":[100,100],"ix":3},"r":{"a":0,"k":0,"ix":6},"o":{"a":0,"k":100,"ix":7},"sk":{"a":0,"k":0,"ix":4},"sa":{"a":0,"k":0,"ix":5},"nm":"Transform"}],"nm":"Group 1","np":2,"cix":2,"bm":0,"ix":2,"mn":"ADBE Vector Group","hd":false}],"ip":14,"op":30,"st":12,"bm":0},{"ddd":0,"ind":6,"ty":4,"nm":"Mask 2","parent":2,"td":1,"sr":1,"ks":{"o":{"a":0,"k":100,"ix":11},"r":{"a":0,"k":0,"ix":10},"p":{"a":0,"k":[17,24.411,0],"ix":2},"a":{"a":0,"k":[15.25,22.656,0],"ix":1},"s":{"a":0,"k":[95.238,95.238,100],"ix":6}},"ao":0,"shapes":[{"ty":"gr","it":[{"ind":0,"ty":"sh","ix":1,"ks":{"a":1,"k":[{"i":{"x":0.7,"y":1},"o":{"x":0.333,"y":0},"t":6,"s":[{"i":[[0,0],[1.04,1.438],[0,9.378],[-8.271,0],[0,-8.271],[3.592,-5.026],[0.114,-0.152],[0,0],[0,0]],"o":[[-0.115,-0.152],[-3.611,-4.991],[0,-8.271],[8.271,0],[0,9.197],[-1.02,1.427],[0,0],[0,0],[0,0]],"v":[[-0.201,21.354],[-3.853,18.461],[-15,-7.406],[0,-22.406],[15,-7.406],[3.837,18.464],[0.473,21.405],[0.31,19.579],[-0.006,19.469]],"c":true}]},{"i":{"x":0.25,"y":1},"o":{"x":0.3,"y":0},"t":8,"s":[{"i":[[0,0],[1.04,1.438],[0,9.378],[-8.271,0],[0,-8.271],[3.592,-5.026],[0.114,-0.152],[0,0],[0,0]],"o":[[-0.115,-0.152],[-3.611,-4.991],[0,-8.271],[8.271,0],[0,9.197],[-1.02,1.427],[0,0],[0,0],[0,0]],"v":[[-0.201,19.479],[-3.853,16.117],[-15,-7.406],[0,-22.406],[15,-7.406],[3.837,16.12],[0.473,19.53],[0.31,17.704],[-0.006,17.594]],"c":true}]},{"i":{"x":0.667,"y":1},"o":{"x":0.3,"y":0},"t":13,"s":[{"i":[[0,0],[1.04,1.438],[0,9.378],[-8.271,0],[0,-8.271],[3.592,-5.026],[0.114,-0.152],[0,0],[0,0]],"o":[[-0.115,-0.152],[-3.611,-4.991],[0,-8.271],[8.271,0],[0,9.197],[-1.02,1.427],[0,0],[0,0],[0,0]],"v":[[-0.202,22.604],[-3.853,19.242],[-15,-7.406],[0,-22.406],[15,-7.406],[3.837,19.245],[0.473,22.655],[0.31,20.829],[-0.006,20.719]],"c":true}]},{"t":14,"s":[{"i":[[0,0],[1.04,1.438],[0,9.378],[-8.271,0],[0,-8.271],[3.592,-5.026],[0.114,-0.152],[0,0],[0,0]],"o":[[-0.115,-0.152],[-3.611,-4.991],[0,-8.271],[8.271,0],[0,9.197],[-1.02,1.427],[0,0],[0,0],[0,0]],"v":[[-0.202,21.354],[-3.853,18.461],[-15,-7.406],[0,-22.406],[15,-7.406],[3.837,18.464],[0.473,21.405],[0.31,19.579],[-0.006,19.469]],"c":true}]}],"ix":2},"nm":"Path 1","mn":"ADBE Vector Shape - Group","hd":false},{"ty":"fl","c":{"a":0,"k":[1,1,1,1],"ix":4},"o":{"a":0,"k":100,"ix":5},"r":1,"bm":0,"nm":"Fill 1","mn":"ADBE Vector Graphic - Fill","hd":false},{"ty":"tr","p":{"a":0,"k":[15.25,22.656],"ix":2},"a":{"a":0,"k":[0,0],"ix":1},"s":{"a":0,"k":[100,100],"ix":3},"r":{"a":0,"k":0,"ix":6},"o":{"a":0,"k":100,"ix":7},"sk":{"a":0,"k":0,"ix":4},"sa":{"a":0,"k":0,"ix":5},"nm":"Transform"}],"nm":"Group 1","np":2,"cix":2,"bm":0,"ix":1,"mn":"ADBE Vector Group","hd":false}],"ip":0,"op":480,"st":0,"bm":0},{"ddd":0,"ind":7,"ty":4,"nm":"Place ","tt":2,"sr":1,"ks":{"o":{"a":1,"k":[{"i":{"x":[0.667],"y":[1]},"o":{"x":[0.333],"y":[0]},"t":10,"s":[100]},{"t":19,"s":[0]}],"ix":11},"r":{"a":0,"k":0,"ix":10},"p":{"a":0,"k":[24.5,42,0],"ix":2},"a":{"a":0,"k":[21.5,10,0],"ix":1},"s":{"a":0,"k":[100,100,100],"ix":6}},"ao":0,"shapes":[{"ty":"gr","it":[{"ind":0,"ty":"sh","ix":1,"ks":{"a":1,"k":[{"i":{"x":0.667,"y":1},"o":{"x":0.333,"y":0},"t":10,"s":[{"i":[[0,2.773],[-9.113,0],[0,-2.773],[9.112,0]],"o":[[0,-2.773],[9.112,0],[0,2.773],[-9.113,0]],"v":[[-16.5,0],[0.5,-5],[16.5,0],[0.5,5]],"c":true}]},{"t":19,"s":[{"i":[[0.219,5.125],[-10.125,-0.094],[-0.028,-4.505],[9.563,0.031]],"o":[[-0.203,-4.748],[9.937,0.092],[0.031,5],[-9.875,-0.032]],"v":[[-21.969,0],[0.5,-6.719],[21.969,0],[0.5,6.719]],"c":true}]}],"ix":2},"nm":"Path 1","mn":"ADBE Vector Shape - Group","hd":false},{"ty":"st","c":{"a":0,"k":[0,0,0,1],"ix":3},"o":{"a":0,"k":100,"ix":4},"w":{"a":0,"k":2,"ix":5},"lc":2,"lj":2,"bm":0,"nm":"Stroke 1","mn":"ADBE Vector Graphic - Stroke","hd":false},{"ty":"tr","p":{"a":0,"k":[21.5,10],"ix":2},"a":{"a":0,"k":[0,0],"ix":1},"s":{"a":0,"k":[100,100],"ix":3},"r":{"a":0,"k":0,"ix":6},"o":{"a":0,"k":100,"ix":7},"sk":{"a":0,"k":0,"ix":4},"sa":{"a":0,"k":0,"ix":5},"nm":"Transform"}],"nm":"Group 1","np":2,"cix":2,"bm":0,"ix":1,"mn":"ADBE Vector Group","hd":false}],"ip":0,"op":21,"st":0,"bm":0}],"markers":[]}