{"v":"5.4.4","fr":24,"ip":0,"op":28,"w":50,"h":50,"nm":"beer","ddd":0,"assets":[],"layers":[{"ddd":0,"ind":1,"ty":4,"nm":"Drop 2","sr":1,"ks":{"o":{"a":0,"k":100,"ix":11},"r":{"a":0,"k":0,"ix":10},"p":{"a":0,"k":[25,25,0],"ix":2},"a":{"a":0,"k":[25,25,0],"ix":1},"s":{"a":0,"k":[100,100,100],"ix":6}},"ao":0,"shapes":[{"ty":"gr","it":[{"ind":0,"ty":"sh","ix":1,"ks":{"a":1,"k":[{"i":{"x":0.11,"y":1},"o":{"x":0.05,"y":0.05},"t":19,"s":[{"i":[[0,0],[-0.469,-0.369],[-0.329,-0.167],[-0.962,0],[-0.594,0.214],[-0.344,0.222],[-0.172,0.188]],"o":[[0.128,0.169],[0.484,0.292],[0.5,0.198],[0.962,0],[0.336,-0.122],[0.234,-0.215],[0,0]],"v":[[-3.8,-8.2],[-3.047,-7.506],[-2,-6.88],[0,-6.469],[1.937,-6.854],[3.031,-7.456],[4,-8.5]],"c":false}],"e":[{"i":[[0,0],[0,-1.6],[0,-2],[-2.2,0],[0,2.2],[0,5.3],[-0.6,0.8]],"o":[[0.6,0.6],[0,5.3],[0,2.2],[2.2,0],[0,-2],[0,-1.7],[0,0]],"v":[[-3.8,-8.2],[-2,-4.8],[-4,4.5],[0,8.5],[4,4.5],[2,-4.8],[4,-8.5]],"c":false}]},{"t":25}],"ix":2},"nm":"Path 1","mn":"ADBE Vector Shape - Group","hd":false},{"ty":"st","c":{"a":0,"k":[0,0,0,1],"ix":3},"o":{"a":0,"k":100,"ix":4},"w":{"a":0,"k":2,"ix":5},"lc":2,"lj":2,"bm":0,"nm":"Stroke 1","mn":"ADBE Vector Graphic - Stroke","hd":false},{"ty":"tr","p":{"a":0,"k":[26,20.5],"ix":2},"a":{"a":0,"k":[0,0],"ix":1},"s":{"a":0,"k":[100,100],"ix":3},"r":{"a":0,"k":0,"ix":6},"o":{"a":0,"k":100,"ix":7},"sk":{"a":0,"k":0,"ix":4},"sa":{"a":0,"k":0,"ix":5},"nm":"Transform"}],"nm":"Group 1","np":2,"cix":2,"bm":0,"ix":1,"mn":"ADBE Vector Group","hd":false}],"ip":19,"op":28,"st":0,"bm":0},{"ddd":0,"ind":2,"ty":4,"nm":"Drop","sr":1,"ks":{"o":{"a":0,"k":100,"ix":11},"r":{"a":0,"k":0,"ix":10},"p":{"a":1,"k":[{"i":{"x":0.833,"y":0.833},"o":{"x":0.333,"y":0},"t":12,"s":[25,25,0],"e":[25,60,0],"to":[0,0,0],"ti":[0,0,0]},{"t":19}],"ix":2},"a":{"a":0,"k":[25,25,0],"ix":1},"s":{"a":0,"k":[100,100,100],"ix":6}},"ao":0,"shapes":[{"ty":"gr","it":[{"ind":0,"ty":"sh","ix":1,"ks":{"a":1,"k":[{"i":{"x":0.833,"y":0.833},"o":{"x":0.633,"y":0},"t":3,"s":[{"i":[[0,0],[0,-1.6],[0,-2],[-2.2,0],[0,2.2],[0,5.3],[-0.6,0.8]],"o":[[0.6,0.6],[0,5.3],[0,2.2],[2.2,0],[0,-2],[0,-1.7],[0,0]],"v":[[-3.8,-8.2],[-2,-4.8],[-4,4.5],[0,8.5],[4,4.5],[2,-4.8],[4,-8.5]],"c":false}],"e":[{"i":[[0,0],[0,-1.6],[0,-2.313],[-2.2,0],[0,2.544],[0,5.3],[-0.6,0.8]],"o":[[0.6,0.6],[0,5.3],[0,2.544],[2.2,0],[0,-2.313],[0,-1.7],[0,0]],"v":[[-3.8,-8.2],[-1.281,-1.675],[-4,7.938],[0,12.563],[4,7.938],[1.281,-1.675],[4,-8.5]],"c":false}]},{"i":{"x":0.667,"y":1},"o":{"x":0.167,"y":0.167},"t":9,"s":[{"i":[[0,0],[0,-1.6],[0,-2.313],[-2.2,0],[0,2.544],[0,5.3],[-0.6,0.8]],"o":[[0.6,0.6],[0,5.3],[0,2.544],[2.2,0],[0,-2.313],[0,-1.7],[0,0]],"v":[[-3.8,-8.2],[-1.281,-1.675],[-4,7.938],[0,12.563],[4,7.938],[1.281,-1.675],[4,-8.5]],"c":false}],"e":[{"i":[[0,0],[0.289,-0.715],[0,-2.313],[-2.2,0],[0,2.544],[0.781,2.243],[0.36,1.016]],"o":[[-0.403,1.075],[-1.157,2.868],[0,2.544],[2.2,0],[0,-2.313],[-0.27,-0.774],[0,0]],"v":[[0.106,-4.2],[-1.906,0.445],[-4,9.688],[0,14.313],[4,9.688],[1.906,0.445],[0.109,-4.203]],"c":false}]},{"i":{"x":0.667,"y":1},"o":{"x":0.333,"y":0},"t":12,"s":[{"i":[[0,0],[0.289,-0.715],[0,-2.313],[-2.2,0],[0,2.544],[0.781,2.243],[0.36,1.016]],"o":[[-0.403,1.075],[-1.157,2.868],[0,2.544],[2.2,0],[0,-2.313],[-0.27,-0.774],[0,0]],"v":[[0.106,-4.2],[-1.906,0.445],[-4,9.688],[0,14.313],[4,9.688],[1.906,0.445],[0.109,-4.203]],"c":false}],"e":[{"i":[[0,0],[0.289,-0.619],[0,-2.002],[-2.2,0],[0,2.202],[0.781,1.942],[0.36,0.88]],"o":[[-0.403,0.931],[-1.157,2.483],[0,2.202],[2.2,0],[0,-2.002],[-0.27,-0.67],[0,0]],"v":[[0.106,-3.075],[-1.906,0.946],[-4,7.433],[0,11.438],[4,7.433],[1.906,0.946],[0.109,-3.078]],"c":false}]},{"t":16}],"ix":2},"nm":"Path 1","mn":"ADBE Vector Shape - Group","hd":false},{"ty":"st","c":{"a":0,"k":[0,0,0,1],"ix":3},"o":{"a":0,"k":100,"ix":4},"w":{"a":0,"k":2,"ix":5},"lc":2,"lj":2,"bm":0,"nm":"Stroke 1","mn":"ADBE Vector Graphic - Stroke","hd":false},{"ty":"tr","p":{"a":0,"k":[26,20.5],"ix":2},"a":{"a":0,"k":[0,0],"ix":1},"s":{"a":0,"k":[100,100],"ix":3},"r":{"a":0,"k":0,"ix":6},"o":{"a":0,"k":100,"ix":7},"sk":{"a":0,"k":0,"ix":4},"sa":{"a":0,"k":0,"ix":5},"nm":"Transform"}],"nm":"Group 1","np":2,"cix":2,"bm":0,"ix":1,"mn":"ADBE Vector Group","hd":false}],"ip":0,"op":28,"st":0,"bm":0},{"ddd":0,"ind":3,"ty":4,"nm":"Drop Mask","td":1,"sr":1,"ks":{"o":{"a":0,"k":100,"ix":11},"r":{"a":0,"k":0,"ix":10},"p":{"a":0,"k":[25,25,0],"ix":2},"a":{"a":0,"k":[25,25,0],"ix":1},"s":{"a":0,"k":[100,100,100],"ix":6}},"ao":0,"shapes":[{"ty":"gr","it":[{"ind":0,"ty":"sh","ix":1,"ks":{"a":1,"k":[{"i":{"x":0.833,"y":0.833},"o":{"x":0.633,"y":0},"t":3,"s":[{"i":[[0,0],[0,-1.6],[0,-2],[-2.2,0],[0,2.2],[0,5.3],[-0.6,0.8]],"o":[[0.6,0.6],[0,5.3],[0,2.2],[2.2,0],[0,-2],[0,-1.7],[0,0]],"v":[[-3.8,-8.2],[-2,-4.8],[-4,4.5],[0,8.5],[4,4.5],[2,-4.8],[4,-8.5]],"c":false}],"e":[{"i":[[0,0],[0,-1.6],[0,-2.313],[-2.2,0],[0,2.544],[0,5.3],[-0.6,0.8]],"o":[[0.6,0.6],[0,5.3],[0,2.544],[2.2,0],[0,-2.313],[0,-1.7],[0,0]],"v":[[-3.8,-8.2],[-1.281,-1.675],[-4,7.938],[0,12.563],[4,7.938],[1.281,-1.675],[4,-8.5]],"c":false}]},{"i":{"x":0.667,"y":1},"o":{"x":0.167,"y":0.167},"t":9,"s":[{"i":[[0,0],[0,-1.6],[0,-2.313],[-2.2,0],[0,2.544],[0,5.3],[-0.6,0.8]],"o":[[0.6,0.6],[0,5.3],[0,2.544],[2.2,0],[0,-2.313],[0,-1.7],[0,0]],"v":[[-3.8,-8.2],[-1.281,-1.675],[-4,7.938],[0,12.563],[4,7.938],[1.281,-1.675],[4,-8.5]],"c":false}],"e":[{"i":[[0,0],[0.289,-0.715],[0,-2.313],[-2.2,0],[0,2.544],[0.781,2.243],[0.36,1.016]],"o":[[-0.403,1.075],[-1.157,2.868],[0,2.544],[2.2,0],[0,-2.313],[-0.27,-0.774],[0,0]],"v":[[0.106,-4.2],[-1.906,0.445],[-4,9.688],[0,14.313],[4,9.688],[1.906,0.445],[0.109,-4.203]],"c":false}]},{"i":{"x":0.667,"y":1},"o":{"x":0.333,"y":0},"t":12,"s":[{"i":[[0,0],[0.289,-0.715],[0,-2.313],[-2.2,0],[0,2.544],[0.781,2.243],[0.36,1.016]],"o":[[-0.403,1.075],[-1.157,2.868],[0,2.544],[2.2,0],[0,-2.313],[-0.27,-0.774],[0,0]],"v":[[0.106,-4.2],[-1.906,0.445],[-4,9.688],[0,14.313],[4,9.688],[1.906,0.445],[0.109,-4.203]],"c":false}],"e":[{"i":[[0,0],[0.289,-0.619],[0,-2.002],[-2.2,0],[0,2.202],[0.781,1.942],[0.36,0.88]],"o":[[-0.403,0.931],[-1.157,2.483],[0,2.202],[2.2,0],[0,-2.002],[-0.27,-0.67],[0,0]],"v":[[0.106,-3.075],[-1.906,0.946],[-4,7.433],[0,11.438],[4,7.433],[1.906,0.946],[0.109,-3.078]],"c":false}]},{"t":16}],"ix":2},"nm":"Path 1","mn":"ADBE Vector Shape - Group","hd":false},{"ty":"fl","c":{"a":0,"k":[1,0,0,1],"ix":4},"o":{"a":0,"k":100,"ix":5},"r":1,"bm":0,"nm":"Fill 1","mn":"ADBE Vector Graphic - Fill","hd":false},{"ty":"tr","p":{"a":1,"k":[{"i":{"x":0.833,"y":0.833},"o":{"x":0.333,"y":0},"t":12,"s":[26,20],"e":[26,55],"to":[0,0],"ti":[0,0]},{"t":19}],"ix":2},"a":{"a":0,"k":[0,0],"ix":1},"s":{"a":0,"k":[100,100],"ix":3},"r":{"a":0,"k":0,"ix":6},"o":{"a":0,"k":100,"ix":7},"sk":{"a":0,"k":0,"ix":4},"sa":{"a":0,"k":0,"ix":5},"nm":"Transform"}],"nm":"Group 1","np":2,"cix":2,"bm":0,"ix":1,"mn":"ADBE Vector Group","hd":false},{"ty":"gr","it":[{"ind":0,"ty":"sh","ix":1,"ks":{"a":1,"k":[{"i":{"x":0.11,"y":1},"o":{"x":0.05,"y":0.05},"t":19,"s":[{"i":[[0,0],[-0.469,-0.369],[-0.329,-0.167],[-0.962,0],[-0.594,0.214],[-0.344,0.222],[-0.172,0.188]],"o":[[0.128,0.169],[0.484,0.292],[0.5,0.198],[0.962,0],[0.336,-0.122],[0.234,-0.215],[0,0]],"v":[[-3.8,-8.2],[-3.047,-7.506],[-2,-6.88],[0,-6.469],[1.937,-6.854],[3.031,-7.456],[4,-8.5]],"c":false}],"e":[{"i":[[0,0],[0,-1.6],[0,-2],[-2.2,0],[0,2.2],[0,5.3],[-0.6,0.8]],"o":[[0.6,0.6],[0,5.3],[0,2.2],[2.2,0],[0,-2],[0,-1.7],[0,0]],"v":[[-3.8,-8.2],[-2,-4.8],[-4,4.5],[0,8.5],[4,4.5],[2,-4.8],[4,-8.5]],"c":false}]},{"t":25}],"ix":2},"nm":"Path 1","mn":"ADBE Vector Shape - Group","hd":false},{"ty":"fl","c":{"a":0,"k":[1,0,0,1],"ix":4},"o":{"a":0,"k":100,"ix":5},"r":1,"bm":0,"nm":"Fill 1","mn":"ADBE Vector Graphic - Fill","hd":false},{"ty":"tr","p":{"a":0,"k":[26,20.5],"ix":2},"a":{"a":0,"k":[0,0],"ix":1},"s":{"a":0,"k":[100,100],"ix":3},"r":{"a":0,"k":0,"ix":6},"o":{"a":0,"k":100,"ix":7},"sk":{"a":0,"k":0,"ix":4},"sa":{"a":0,"k":0,"ix":5},"nm":"Transform"}],"nm":"Group 2","np":2,"cix":2,"bm":0,"ix":2,"mn":"ADBE Vector Group","hd":false}],"ip":0,"op":28,"st":0,"bm":0},{"ddd":0,"ind":4,"ty":4,"nm":"Jar","tt":2,"sr":1,"ks":{"o":{"a":0,"k":100,"ix":11},"r":{"a":0,"k":0,"ix":10},"p":{"a":0,"k":[25,25,0],"ix":2},"a":{"a":0,"k":[25,25,0],"ix":1},"s":{"a":0,"k":[100,100,100],"ix":6}},"ao":0,"shapes":[{"ty":"gr","it":[{"ind":0,"ty":"sh","ix":1,"ks":{"a":0,"k":{"i":[[0,0],[0,0]],"o":[[0,0],[0,0]],"v":[[6,22],[36,22]],"c":false},"ix":2},"nm":"Path 1","mn":"ADBE Vector Shape - Group","hd":false},{"ty":"st","c":{"a":0,"k":[0,0,0,1],"ix":3},"o":{"a":0,"k":100,"ix":4},"w":{"a":0,"k":2,"ix":5},"lc":2,"lj":2,"bm":0,"nm":"Stroke 1","mn":"ADBE Vector Graphic - Stroke","hd":false},{"ty":"tr","p":{"a":0,"k":[0,0],"ix":2},"a":{"a":0,"k":[0,0],"ix":1},"s":{"a":0,"k":[100,100],"ix":3},"r":{"a":0,"k":0,"ix":6},"o":{"a":0,"k":100,"ix":7},"sk":{"a":0,"k":0,"ix":4},"sa":{"a":0,"k":0,"ix":5},"nm":"Transform"}],"nm":"Group 3","np":2,"cix":2,"bm":0,"ix":1,"mn":"ADBE Vector Group","hd":false},{"ty":"gr","it":[{"ind":0,"ty":"sh","ix":1,"ks":{"a":0,"k":{"i":[[0,0],[-1.6,0],[0,2.8],[2.8,0],[0.9,-1.2],[1.6,0],[0.8,-0.6],[2.1,0],[0.9,-2.1],[1.4,0],[0,-2.8],[-2.8,0],[-0.8,1.5],[-2,0],[-1.1,1]],"o":[[0.9,1.2],[2.8,0],[0,-2.8],[-1.6,0],[-0.9,-1.2],[-1.1,0],[-1,-1.7],[-2.4,0],[-1,-0.9],[-2.8,0],[0,2.8],[1.8,0],[1.1,1.4],[1.7,0],[0,0]],"v":[[8.5,4],[12.5,6],[17.5,1],[12.5,-4],[8.5,-2],[4.5,-4],[1.6,-3.1],[-3.5,-6],[-8.9,-2.5],[-12.5,-4],[-17.5,1],[-12.5,6],[-8.3,3.6],[-3.5,6],[0.7,4.3]],"c":false},"ix":2},"nm":"Path 1","mn":"ADBE Vector Shape - Group","hd":false},{"ty":"st","c":{"a":0,"k":[0,0,0,1],"ix":3},"o":{"a":0,"k":100,"ix":4},"w":{"a":0,"k":2,"ix":5},"lc":2,"lj":2,"bm":0,"nm":"Stroke 1","mn":"ADBE Vector Graphic - Stroke","hd":false},{"ty":"tr","p":{"a":0,"k":[21.5,8],"ix":2},"a":{"a":0,"k":[0,0],"ix":1},"s":{"a":0,"k":[100,100],"ix":3},"r":{"a":0,"k":0,"ix":6},"o":{"a":0,"k":100,"ix":7},"sk":{"a":0,"k":0,"ix":4},"sa":{"a":0,"k":0,"ix":5},"nm":"Transform"}],"nm":"Group 4","np":2,"cix":2,"bm":0,"ix":2,"mn":"ADBE Vector Group","hd":false},{"ty":"gr","it":[{"ind":0,"ty":"sh","ix":1,"ks":{"a":0,"k":{"i":[[0,0],[-2.6,0],[0,-3.1],[5.9,0],[0,0]],"o":[[0,0],[2.8,0],[0,6.5],[0,0],[0,0]],"v":[[-5,-8.5],[0,-9.5],[5,-4.5],[-4,9.5],[-5,9.5]],"c":false},"ix":2},"nm":"Path 1","mn":"ADBE Vector Shape - Group","hd":false},{"ty":"st","c":{"a":0,"k":[0,0,0,1],"ix":3},"o":{"a":0,"k":100,"ix":4},"w":{"a":0,"k":2,"ix":5},"lc":2,"lj":2,"bm":0,"nm":"Stroke 1","mn":"ADBE Vector Graphic - Stroke","hd":false},{"ty":"tr","p":{"a":0,"k":[41,27.5],"ix":2},"a":{"a":0,"k":[0,0],"ix":1},"s":{"a":0,"k":[100,100],"ix":3},"r":{"a":0,"k":0,"ix":6},"o":{"a":0,"k":100,"ix":7},"sk":{"a":0,"k":0,"ix":4},"sa":{"a":0,"k":0,"ix":5},"nm":"Transform"}],"nm":"Group 5","np":2,"cix":2,"bm":0,"ix":3,"mn":"ADBE Vector Group","hd":false},{"ty":"gr","it":[{"ind":0,"ty":"sh","ix":1,"ks":{"a":0,"k":{"i":[[0,0],[0,0],[3.7,0],[0,0],[0,3.699],[0,0]],"o":[[0,0],[0,3.799],[0,0],[-3.7,0.1],[0,0],[0,0]],"v":[[15,-16.9],[15,11.7],[9.4,17.3],[-9.4,17.3],[-15,11.8],[-15,-17.4]],"c":false},"ix":2},"nm":"Path 1","mn":"ADBE Vector Shape - Group","hd":false},{"ty":"st","c":{"a":0,"k":[0,0,0,1],"ix":3},"o":{"a":0,"k":100,"ix":4},"w":{"a":0,"k":2,"ix":5},"lc":2,"lj":2,"bm":0,"nm":"Stroke 1","mn":"ADBE Vector Graphic - Stroke","hd":false},{"ty":"tr","p":{"a":0,"k":[21,30.6],"ix":2},"a":{"a":0,"k":[0,0],"ix":1},"s":{"a":0,"k":[100,100],"ix":3},"r":{"a":0,"k":0,"ix":6},"o":{"a":0,"k":100,"ix":7},"sk":{"a":0,"k":0,"ix":4},"sa":{"a":0,"k":0,"ix":5},"nm":"Transform"}],"nm":"Group 6","np":2,"cix":2,"bm":0,"ix":4,"mn":"ADBE Vector Group","hd":false}],"ip":0,"op":28,"st":0,"bm":0},{"ddd":0,"ind":5,"ty":4,"nm":"Bubble","sr":1,"ks":{"o":{"a":0,"k":100,"ix":11},"r":{"a":0,"k":0,"ix":10},"p":{"a":0,"k":[25,25,0],"ix":2},"a":{"a":0,"k":[25,25,0],"ix":1},"s":{"a":0,"k":[100,100,100],"ix":6}},"ao":0,"shapes":[{"ty":"gr","it":[{"ind":0,"ty":"sh","ix":1,"ks":{"a":0,"k":{"i":[[-0.628,-0.836],[-1.635,0],[-0.912,1.21]],"o":[[0.912,1.214],[1.633,0],[0.631,-0.837]],"v":[[-4,3],[0,5],[3.995,3.008]],"c":false},"ix":2},"nm":"Path 1","mn":"ADBE Vector Shape - Group","hd":false},{"ty":"st","c":{"a":0,"k":[0,0,0,1],"ix":3},"o":{"a":0,"k":100,"ix":4},"w":{"a":0,"k":2,"ix":5},"lc":2,"lj":2,"bm":0,"nm":"Stroke 1","mn":"ADBE Vector Graphic - Stroke","hd":false},{"ty":"tr","p":{"a":0,"k":[26,9],"ix":2},"a":{"a":0,"k":[0,0],"ix":1},"s":{"a":0,"k":[100,100],"ix":3},"r":{"a":0,"k":0,"ix":6},"o":{"a":0,"k":100,"ix":7},"sk":{"a":0,"k":0,"ix":4},"sa":{"a":0,"k":0,"ix":5},"nm":"Transform"}],"nm":"Group 2","np":2,"cix":2,"bm":0,"ix":1,"mn":"ADBE Vector Group","hd":false}],"ip":9,"op":19,"st":0,"bm":0}],"markers":[]}