{"v":"5.6.3","fr":24,"ip":0,"op":28,"w":50,"h":50,"nm":"kiss-panda","ddd":0,"assets":[],"layers":[{"ddd":0,"ind":1,"ty":4,"nm":"heart 2","sr":1,"ks":{"o":{"a":0,"k":100,"ix":11},"r":{"a":0,"k":0,"ix":10},"p":{"a":1,"k":[{"i":{"x":0.667,"y":1},"o":{"x":0.333,"y":0},"t":12,"s":[35.5,37.125,0],"to":[1,0.167,0],"ti":[-1.5,0,0]},{"i":{"x":0.667,"y":1},"o":{"x":0.333,"y":0},"t":17,"s":[41.5,38.125,0],"to":[0.74,0,0],"ti":[-0.497,0.226,0]},{"t":22,"s":[46.356,37.696,0]}],"ix":2},"a":{"a":0,"k":[41.5,38.125,0],"ix":1},"s":{"a":1,"k":[{"i":{"x":[0.667,0.667,0.667],"y":[1,1,1]},"o":{"x":[0.333,0.333,0.333],"y":[0,0,0]},"t":12,"s":[38,38,100]},{"i":{"x":[0.667,0.667,0.667],"y":[1,1,1]},"o":{"x":[0.333,0.333,0.333],"y":[0,0,0]},"t":17,"s":[100,100,100]},{"t":22,"s":[52.6,52.6,100]}],"ix":6}},"ao":0,"shapes":[{"ty":"gr","it":[{"ind":0,"ty":"sh","ix":1,"ks":{"a":0,"k":{"i":[[0.586,0.585],[1.172,-1.172],[0.109,-0.164],[0.145,0.146],[1.172,-1.172],[0,-0.767],[0,0],[0,2.5]],"o":[[-1.172,-1.172],[-0.144,0.145],[-0.109,-0.164],[-1.172,-1.172],[-0.584,0.585],[0,2.5],[0,0],[0,-0.767]],"v":[[4.621,-3.475],[0.378,-3.475],[-0.001,-3.01],[-0.38,-3.475],[-4.623,-3.475],[-5.5,-1.354],[0,4.646],[5.5,-1.354]],"c":true},"ix":2},"nm":"Path 1","mn":"ADBE Vector Shape - Group","hd":false},{"ty":"st","c":{"a":0,"k":[0,0,0,1],"ix":3},"o":{"a":0,"k":100,"ix":4},"w":{"a":0,"k":2,"ix":5},"lc":2,"lj":2,"bm":0,"nm":"Stroke 1","mn":"ADBE Vector Graphic - Stroke","hd":false},{"ty":"tr","p":{"a":0,"k":[41.5,37.353],"ix":2},"a":{"a":0,"k":[0,0],"ix":1},"s":{"a":0,"k":[100,100],"ix":3},"r":{"a":0,"k":0,"ix":6},"o":{"a":0,"k":100,"ix":7},"sk":{"a":0,"k":0,"ix":4},"sa":{"a":0,"k":0,"ix":5},"nm":"Transform"}],"nm":"Group 1","np":2,"cix":2,"bm":0,"ix":1,"mn":"ADBE Vector Group","hd":false}],"ip":12,"op":22,"st":9,"bm":0},{"ddd":0,"ind":2,"ty":4,"nm":"heart","sr":1,"ks":{"o":{"a":0,"k":100,"ix":11},"r":{"a":0,"k":0,"ix":10},"p":{"a":1,"k":[{"i":{"x":0.667,"y":1},"o":{"x":0.333,"y":0},"t":3,"s":[35.5,37.125,0],"to":[1,0.167,0],"ti":[-1.5,0,0]},{"i":{"x":0.667,"y":1},"o":{"x":0.333,"y":0},"t":8,"s":[41.5,38.125,0],"to":[0.74,0,0],"ti":[-0.497,0.226,0]},{"t":13,"s":[46.356,37.696,0]}],"ix":2},"a":{"a":0,"k":[41.5,38.125,0],"ix":1},"s":{"a":1,"k":[{"i":{"x":[0.667,0.667,0.667],"y":[1,1,1]},"o":{"x":[0.333,0.333,0.333],"y":[0,0,0]},"t":3,"s":[38,38,100]},{"i":{"x":[0.667,0.667,0.667],"y":[1,1,1]},"o":{"x":[0.333,0.333,0.333],"y":[0,0,0]},"t":8,"s":[100,100,100]},{"t":13,"s":[52.6,52.6,100]}],"ix":6}},"ao":0,"shapes":[{"ty":"gr","it":[{"ind":0,"ty":"sh","ix":1,"ks":{"a":0,"k":{"i":[[0.586,0.585],[1.172,-1.172],[0.109,-0.164],[0.145,0.146],[1.172,-1.172],[0,-0.767],[0,0],[0,2.5]],"o":[[-1.172,-1.172],[-0.144,0.145],[-0.109,-0.164],[-1.172,-1.172],[-0.584,0.585],[0,2.5],[0,0],[0,-0.767]],"v":[[4.621,-3.475],[0.378,-3.475],[-0.001,-3.01],[-0.38,-3.475],[-4.623,-3.475],[-5.5,-1.354],[0,4.646],[5.5,-1.354]],"c":true},"ix":2},"nm":"Path 1","mn":"ADBE Vector Shape - Group","hd":false},{"ty":"st","c":{"a":0,"k":[0,0,0,1],"ix":3},"o":{"a":0,"k":100,"ix":4},"w":{"a":0,"k":2,"ix":5},"lc":2,"lj":2,"bm":0,"nm":"Stroke 1","mn":"ADBE Vector Graphic - Stroke","hd":false},{"ty":"tr","p":{"a":0,"k":[41.5,37.353],"ix":2},"a":{"a":0,"k":[0,0],"ix":1},"s":{"a":0,"k":[100,100],"ix":3},"r":{"a":0,"k":0,"ix":6},"o":{"a":0,"k":100,"ix":7},"sk":{"a":0,"k":0,"ix":4},"sa":{"a":0,"k":0,"ix":5},"nm":"Transform"}],"nm":"Group 1","np":2,"cix":2,"bm":0,"ix":1,"mn":"ADBE Vector Group","hd":false}],"ip":3,"op":13,"st":0,"bm":0},{"ddd":0,"ind":3,"ty":4,"nm":"lips","sr":1,"ks":{"o":{"a":0,"k":100,"ix":11},"r":{"a":0,"k":0,"ix":10},"p":{"a":0,"k":[25,25,0],"ix":2},"a":{"a":0,"k":[25,25,0],"ix":1},"s":{"a":0,"k":[100,100,100],"ix":6}},"ao":0,"shapes":[{"ty":"gr","it":[{"ind":0,"ty":"sh","ix":1,"ks":{"a":1,"k":[{"i":{"x":0.667,"y":1},"o":{"x":0.333,"y":0},"t":0,"s":[{"i":[[0,0],[0,0],[0,1.105],[1.105,0],[0,0]],"o":[[0,0],[1.105,0],[0,-1.105],[0,0],[0,0]],"v":[[-2.5,4],[0.5,4],[2.5,2],[0.5,0],[-0.5,0]],"c":false}]},{"i":{"x":0.667,"y":1},"o":{"x":0.333,"y":0},"t":3,"s":[{"i":[[0,0],[0,0],[0,1.105],[1.105,0],[0,0]],"o":[[0,0],[1.105,0],[0,-1.105],[0,0],[0,0]],"v":[[-2.5,4],[1.5,4],[3.5,2],[1.5,0],[-0.5,0]],"c":false}]},{"i":{"x":0.833,"y":0.833},"o":{"x":0.167,"y":0.167},"t":6,"s":[{"i":[[0,0],[0,0],[0,1.105],[1.105,0],[0,0]],"o":[[0,0],[1.105,0],[0,-1.105],[0,0],[0,0]],"v":[[-2.5,4],[0.5,4],[2.5,2],[0.5,0],[-0.5,0]],"c":false}]},{"i":{"x":0.667,"y":1},"o":{"x":0.333,"y":0},"t":11,"s":[{"i":[[0,0],[0,0],[0,1.105],[1.105,0],[0,0]],"o":[[0,0],[1.105,0],[0,-1.105],[0,0],[0,0]],"v":[[-2.5,4],[0.5,4],[2.5,2],[0.5,0],[-0.5,0]],"c":false}]},{"i":{"x":0.667,"y":1},"o":{"x":0.333,"y":0},"t":14,"s":[{"i":[[0,0],[0,0],[0,1.105],[1.105,0],[0,0]],"o":[[0,0],[1.105,0],[0,-1.105],[0,0],[0,0]],"v":[[-2.5,4],[1.5,4],[3.5,2],[1.5,0],[-0.5,0]],"c":false}]},{"t":17,"s":[{"i":[[0,0],[0,0],[0,1.105],[1.105,0],[0,0]],"o":[[0,0],[1.105,0],[0,-1.105],[0,0],[0,0]],"v":[[-2.5,4],[0.5,4],[2.5,2],[0.5,0],[-0.5,0]],"c":false}]}],"ix":2},"nm":"Path 1","mn":"ADBE Vector Shape - Group","hd":false},{"ind":1,"ty":"sh","ix":2,"ks":{"a":1,"k":[{"i":{"x":0.667,"y":1},"o":{"x":0.333,"y":0},"t":0,"s":[{"i":[[0,0],[0,0],[0,-1.105],[1.105,0]],"o":[[0,0],[1.105,0],[0,1.105],[0,0]],"v":[[-2.5,-4],[0.5,-4],[2.5,-2],[0.5,0]],"c":false}]},{"i":{"x":0.667,"y":1},"o":{"x":0.333,"y":0},"t":3,"s":[{"i":[[0,0],[0,0],[0,-1.105],[1.105,0]],"o":[[0,0],[1.105,0],[0,1.105],[0,0]],"v":[[-2.5,-4],[1.469,-4],[3.469,-2],[1.469,0]],"c":false}]},{"i":{"x":0.833,"y":0.833},"o":{"x":0.167,"y":0.167},"t":6,"s":[{"i":[[0,0],[0,0],[0,-1.105],[1.105,0]],"o":[[0,0],[1.105,0],[0,1.105],[0,0]],"v":[[-2.5,-4],[0.5,-4],[2.5,-2],[0.5,0]],"c":false}]},{"i":{"x":0.667,"y":1},"o":{"x":0.333,"y":0},"t":11,"s":[{"i":[[0,0],[0,0],[0,-1.105],[1.105,0]],"o":[[0,0],[1.105,0],[0,1.105],[0,0]],"v":[[-2.5,-4],[0.5,-4],[2.5,-2],[0.5,0]],"c":false}]},{"i":{"x":0.667,"y":1},"o":{"x":0.333,"y":0},"t":14,"s":[{"i":[[0,0],[0,0],[0,-1.105],[1.105,0]],"o":[[0,0],[1.105,0],[0,1.105],[0,0]],"v":[[-2.5,-4],[1.469,-4],[3.469,-2],[1.469,0]],"c":false}]},{"t":17,"s":[{"i":[[0,0],[0,0],[0,-1.105],[1.105,0]],"o":[[0,0],[1.105,0],[0,1.105],[0,0]],"v":[[-2.5,-4],[0.5,-4],[2.5,-2],[0.5,0]],"c":false}]}],"ix":2},"nm":"Path 2","mn":"ADBE Vector Shape - Group","hd":false},{"ty":"st","c":{"a":0,"k":[0,0,0,1],"ix":3},"o":{"a":0,"k":100,"ix":4},"w":{"a":0,"k":2,"ix":5},"lc":2,"lj":1,"ml":4,"bm":0,"nm":"Stroke 1","mn":"ADBE Vector Graphic - Stroke","hd":false},{"ty":"tr","p":{"a":0,"k":[27.5,37],"ix":2},"a":{"a":0,"k":[0,0],"ix":1},"s":{"a":0,"k":[100,100],"ix":3},"r":{"a":0,"k":0,"ix":6},"o":{"a":0,"k":100,"ix":7},"sk":{"a":0,"k":0,"ix":4},"sa":{"a":0,"k":0,"ix":5},"nm":"Transform"}],"nm":"Group 8","np":3,"cix":2,"bm":0,"ix":1,"mn":"ADBE Vector Group","hd":false}],"ip":0,"op":28,"st":0,"bm":0},{"ddd":0,"ind":4,"ty":4,"nm":"pupils","sr":1,"ks":{"o":{"a":0,"k":100,"ix":11},"r":{"a":0,"k":0,"ix":10},"p":{"a":0,"k":[25,25,0],"ix":2},"a":{"a":0,"k":[25,25,0],"ix":1},"s":{"a":0,"k":[100,100,100],"ix":6}},"ao":0,"shapes":[{"ty":"gr","it":[{"ind":0,"ty":"sh","ix":1,"ks":{"a":1,"k":[{"i":{"x":0.667,"y":1},"o":{"x":0.333,"y":0},"t":4,"s":[{"i":[[0,0],[-1.25,0],[0,0]],"o":[[0,0],[1.25,0],[0,0]],"v":[[-1.5,0.5],[0,-0.5],[1.5,0.5]],"c":false}]},{"i":{"x":0.667,"y":1},"o":{"x":0.333,"y":0},"t":6,"s":[{"i":[[0,0],[-1.25,0],[0,0]],"o":[[0,0],[1.25,0],[0,0]],"v":[[-1.719,-0.016],[-0.219,-1.016],[1.281,-0.016]],"c":false}]},{"i":{"x":0.833,"y":0.833},"o":{"x":0.167,"y":0.167},"t":8,"s":[{"i":[[0,0],[-1.25,0],[0,0]],"o":[[0,0],[1.25,0],[0,0]],"v":[[-1.5,0.5],[0,-0.5],[1.5,0.5]],"c":false}]},{"i":{"x":0.667,"y":1},"o":{"x":0.333,"y":0},"t":12,"s":[{"i":[[0,0],[-1.25,0],[0,0]],"o":[[0,0],[1.25,0],[0,0]],"v":[[-1.5,0.5],[0,-0.5],[1.5,0.5]],"c":false}]},{"i":{"x":0.667,"y":1},"o":{"x":0.333,"y":0},"t":14,"s":[{"i":[[0,0],[-1.25,0],[0,0]],"o":[[0,0],[1.25,0],[0,0]],"v":[[-1.719,-0.016],[-0.219,-1.016],[1.281,-0.016]],"c":false}]},{"t":16,"s":[{"i":[[0,0],[-1.25,0],[0,0]],"o":[[0,0],[1.25,0],[0,0]],"v":[[-1.5,0.5],[0,-0.5],[1.5,0.5]],"c":false}]}],"ix":2},"nm":"Path 1","mn":"ADBE Vector Shape - Group","hd":false},{"ty":"st","c":{"a":0,"k":[0,0,0,1],"ix":3},"o":{"a":0,"k":100,"ix":4},"w":{"a":0,"k":2,"ix":5},"lc":2,"lj":2,"bm":0,"nm":"Stroke 1","mn":"ADBE Vector Graphic - Stroke","hd":false},{"ty":"tr","p":{"a":0,"k":[32.5,22.5],"ix":2},"a":{"a":0,"k":[0,0],"ix":1},"s":{"a":0,"k":[100,100],"ix":3},"r":{"a":0,"k":0,"ix":6},"o":{"a":0,"k":100,"ix":7},"sk":{"a":0,"k":0,"ix":4},"sa":{"a":0,"k":0,"ix":5},"nm":"Transform"}],"nm":"right","np":2,"cix":2,"bm":0,"ix":1,"mn":"ADBE Vector Group","hd":false},{"ty":"gr","it":[{"ind":0,"ty":"sh","ix":1,"ks":{"a":1,"k":[{"i":{"x":0.667,"y":1},"o":{"x":0.333,"y":0},"t":4,"s":[{"i":[[0,0],[1.25,0],[0,0]],"o":[[0,0],[-1.25,0],[0,0]],"v":[[1.5,0.5],[0,-0.5],[-1.5,0.5]],"c":false}]},{"i":{"x":0.667,"y":1},"o":{"x":0.333,"y":0},"t":6,"s":[{"i":[[0,0],[1.25,0],[0,0]],"o":[[0,0],[-1.25,0],[0,0]],"v":[[1.844,0.063],[0.344,-0.938],[-1.156,0.063]],"c":false}]},{"i":{"x":0.833,"y":0.833},"o":{"x":0.167,"y":0.167},"t":8,"s":[{"i":[[0,0],[1.25,0],[0,0]],"o":[[0,0],[-1.25,0],[0,0]],"v":[[1.5,0.5],[0,-0.5],[-1.5,0.5]],"c":false}]},{"i":{"x":0.667,"y":1},"o":{"x":0.333,"y":0},"t":12,"s":[{"i":[[0,0],[1.25,0],[0,0]],"o":[[0,0],[-1.25,0],[0,0]],"v":[[1.5,0.5],[0,-0.5],[-1.5,0.5]],"c":false}]},{"i":{"x":0.667,"y":1},"o":{"x":0.333,"y":0},"t":14,"s":[{"i":[[0,0],[1.25,0],[0,0]],"o":[[0,0],[-1.25,0],[0,0]],"v":[[1.844,0.063],[0.344,-0.938],[-1.156,0.063]],"c":false}]},{"t":16,"s":[{"i":[[0,0],[1.25,0],[0,0]],"o":[[0,0],[-1.25,0],[0,0]],"v":[[1.5,0.5],[0,-0.5],[-1.5,0.5]],"c":false}]}],"ix":2},"nm":"Path 1","mn":"ADBE Vector Shape - Group","hd":false},{"ty":"st","c":{"a":0,"k":[0,0,0,1],"ix":3},"o":{"a":0,"k":100,"ix":4},"w":{"a":0,"k":2,"ix":5},"lc":2,"lj":2,"bm":0,"nm":"Stroke 1","mn":"ADBE Vector Graphic - Stroke","hd":false},{"ty":"tr","p":{"a":0,"k":[17.5,22.5],"ix":2},"a":{"a":0,"k":[0,0],"ix":1},"s":{"a":0,"k":[100,100],"ix":3},"r":{"a":0,"k":0,"ix":6},"o":{"a":0,"k":100,"ix":7},"sk":{"a":0,"k":0,"ix":4},"sa":{"a":0,"k":0,"ix":5},"nm":"Transform"}],"nm":"left","np":2,"cix":2,"bm":0,"ix":2,"mn":"ADBE Vector Group","hd":false}],"ip":0,"op":28,"st":0,"bm":0},{"ddd":0,"ind":5,"ty":4,"nm":"eye","sr":1,"ks":{"o":{"a":0,"k":100,"ix":11},"r":{"a":0,"k":0,"ix":10},"p":{"a":0,"k":[25,25,0],"ix":2},"a":{"a":0,"k":[25,25,0],"ix":1},"s":{"a":0,"k":[100,100,100],"ix":6}},"ao":0,"shapes":[{"ty":"gr","it":[{"ind":0,"ty":"sh","ix":1,"ks":{"a":0,"k":{"i":[[0,3.75],[-2.623,0],[0,-3],[2.761,0]],"o":[[0,-3],[3.75,0],[0,2.761],[-4.25,0]],"v":[[-5.5,-1],[-0.75,-6],[5.5,1],[0.5,6]],"c":true},"ix":2},"nm":"Path 1","mn":"ADBE Vector Shape - Group","hd":false},{"ty":"st","c":{"a":0,"k":[0,0,0,1],"ix":3},"o":{"a":0,"k":100,"ix":4},"w":{"a":0,"k":2,"ix":5},"lc":2,"lj":2,"bm":0,"nm":"Stroke 1","mn":"ADBE Vector Graphic - Stroke","hd":false},{"ty":"tr","p":{"a":0,"k":[32.5,24],"ix":2},"a":{"a":0,"k":[0,0],"ix":1},"s":{"a":0,"k":[100,100],"ix":3},"r":{"a":0,"k":0,"ix":6},"o":{"a":0,"k":100,"ix":7},"sk":{"a":0,"k":0,"ix":4},"sa":{"a":0,"k":0,"ix":5},"nm":"Transform"}],"nm":"Group 4","np":2,"cix":2,"bm":0,"ix":1,"mn":"ADBE Vector Group","hd":false},{"ty":"gr","it":[{"ind":0,"ty":"sh","ix":1,"ks":{"a":0,"k":{"i":[[0,3.75],[2.623,0],[0,-3],[-2.761,0]],"o":[[0,-3],[-3.75,0],[0,2.761],[4.25,0]],"v":[[5.5,-1],[0.75,-6],[-5.5,1],[-0.5,6]],"c":true},"ix":2},"nm":"Path 1","mn":"ADBE Vector Shape - Group","hd":false},{"ty":"st","c":{"a":0,"k":[0,0,0,1],"ix":3},"o":{"a":0,"k":100,"ix":4},"w":{"a":0,"k":2,"ix":5},"lc":2,"lj":2,"bm":0,"nm":"Stroke 1","mn":"ADBE Vector Graphic - Stroke","hd":false},{"ty":"tr","p":{"a":0,"k":[17.5,24],"ix":2},"a":{"a":0,"k":[0,0],"ix":1},"s":{"a":0,"k":[100,100],"ix":3},"r":{"a":0,"k":0,"ix":6},"o":{"a":0,"k":100,"ix":7},"sk":{"a":0,"k":0,"ix":4},"sa":{"a":0,"k":0,"ix":5},"nm":"Transform"}],"nm":"Group 6","np":2,"cix":2,"bm":0,"ix":2,"mn":"ADBE Vector Group","hd":false}],"ip":0,"op":28,"st":0,"bm":0},{"ddd":0,"ind":6,"ty":4,"nm":"mask 2","td":1,"sr":1,"ks":{"o":{"a":0,"k":100,"ix":11},"r":{"a":0,"k":0,"ix":10},"p":{"a":1,"k":[{"i":{"x":0.667,"y":1},"o":{"x":0.333,"y":0},"t":12,"s":[35.5,37.125,0],"to":[1,0.167,0],"ti":[-1.5,0,0]},{"i":{"x":0.667,"y":1},"o":{"x":0.333,"y":0},"t":17,"s":[41.5,38.125,0],"to":[0.74,0,0],"ti":[-0.497,0.226,0]},{"t":22,"s":[46.356,37.696,0]}],"ix":2},"a":{"a":0,"k":[41.5,38.125,0],"ix":1},"s":{"a":1,"k":[{"i":{"x":[0.667,0.667,0.667],"y":[1,1,1]},"o":{"x":[0.333,0.333,0.333],"y":[0,0,0]},"t":12,"s":[38,38,100]},{"i":{"x":[0.667,0.667,0.667],"y":[1,1,1]},"o":{"x":[0.333,0.333,0.333],"y":[0,0,0]},"t":17,"s":[100,100,100]},{"t":22,"s":[52.6,52.6,100]}],"ix":6}},"ao":0,"shapes":[{"ty":"gr","it":[{"ind":0,"ty":"sh","ix":1,"ks":{"a":0,"k":{"i":[[0.586,0.585],[1.172,-1.172],[0.109,-0.164],[0.145,0.146],[1.172,-1.172],[0,-0.767],[0,0],[0,2.5]],"o":[[-1.172,-1.172],[-0.144,0.145],[-0.109,-0.164],[-1.172,-1.172],[-0.584,0.585],[0,2.5],[0,0],[0,-0.767]],"v":[[4.621,-3.475],[0.378,-3.475],[-0.001,-3.01],[-0.38,-3.475],[-4.623,-3.475],[-5.5,-1.354],[0,4.646],[5.5,-1.354]],"c":true},"ix":2},"nm":"Path 1","mn":"ADBE Vector Shape - Group","hd":false},{"ty":"st","c":{"a":0,"k":[1,0,0,1],"ix":3},"o":{"a":0,"k":100,"ix":4},"w":{"a":0,"k":6,"ix":5},"lc":2,"lj":2,"bm":0,"nm":"Stroke 1","mn":"ADBE Vector Graphic - Stroke","hd":false},{"ty":"tr","p":{"a":0,"k":[41.5,37.353],"ix":2},"a":{"a":0,"k":[0,0],"ix":1},"s":{"a":0,"k":[100,100],"ix":3},"r":{"a":0,"k":0,"ix":6},"o":{"a":0,"k":100,"ix":7},"sk":{"a":0,"k":0,"ix":4},"sa":{"a":0,"k":0,"ix":5},"nm":"Transform"}],"nm":"Group 1","np":2,"cix":2,"bm":0,"ix":1,"mn":"ADBE Vector Group","hd":false},{"ty":"fl","c":{"a":0,"k":[1,0,0,1],"ix":4},"o":{"a":0,"k":100,"ix":5},"r":1,"bm":0,"nm":"Fill 1","mn":"ADBE Vector Graphic - Fill","hd":false}],"ip":12,"op":22,"st":9,"bm":0},{"ddd":0,"ind":7,"ty":4,"nm":"head 2","tt":2,"sr":1,"ks":{"o":{"a":0,"k":100,"ix":11},"r":{"a":0,"k":0,"ix":10},"p":{"a":0,"k":[25,25,0],"ix":2},"a":{"a":0,"k":[25,25,0],"ix":1},"s":{"a":0,"k":[100,100,100],"ix":6}},"ao":0,"shapes":[{"ty":"gr","it":[{"ind":0,"ty":"sh","ix":1,"ks":{"a":0,"k":{"i":[[4.508,-1.627],[0.765,-0.432],[3.68,-0.237],[0,0.001],[1.941,1.097],[0.541,0.189],[0,7.973],[-1.508,3.05],[-2.78,2.322],[-3.53,0.517],[-1.664,-0.277],[0,-9.606]],"o":[[-0.541,0.189],[-1.826,1.031],[-0.003,0.071],[-4.047,-0.082],[-0.765,-0.432],[-4.508,-1.627],[0,-3.419],[1.604,-3.242],[2.721,-2.273],[1.671,-0.245],[10.36,1.727],[0,7.973]],"v":[[11.119,16.216],[9.208,17.178],[1.007,19.944],[-0.302,19.986],[-9.208,17.178],[-11.119,16.216],[-21,3.004],[-18.519,-6.855],[-11.876,-15.369],[-2.354,-19.828],[2.674,-19.766],[21,3.004]],"c":true},"ix":2},"nm":"Path 1","mn":"ADBE Vector Shape - Group","hd":false},{"ind":1,"ty":"sh","ix":2,"ks":{"a":0,"k":{"i":[[0.291,0.058],[1.218,0],[0,-11.563],[-7.233,-2.611],[-0.652,-0.368],[-4.735,0],[-2.174,1.227],[-0.383,0.135],[0,7.126],[1.484,3.197],[2.747,2.498],[3.583,0.88]],"o":[[-1.195,-0.238],[-12.953,0],[0,7.126],[0.383,0.135],[2.173,1.227],[4.735,0],[0.652,-0.368],[7.232,-2.611],[0,-3.537],[-1.563,-3.365],[-2.718,-2.473],[-0.287,-0.071]],"v":[[3.629,-21.634],[0,-22],[-23,3.004],[-11.788,18.101],[-10.191,18.92],[0,22],[10.191,18.92],[11.788,18.101],[23,3.004],[20.598,-7.242],[14.066,-16.184],[4.496,-21.441]],"c":true},"ix":2},"nm":"Path 2","mn":"ADBE Vector Shape - Group","hd":false},{"ty":"mm","mm":1,"nm":"Merge Paths 1","mn":"ADBE Vector Filter - Merge","hd":false},{"ty":"fl","c":{"a":0,"k":[0,0,0,1],"ix":4},"o":{"a":0,"k":100,"ix":5},"r":1,"bm":0,"nm":"Fill 1","mn":"ADBE Vector Graphic - Fill","hd":false},{"ty":"tr","p":{"a":0,"k":[25,26],"ix":2},"a":{"a":0,"k":[0,0],"ix":1},"s":{"a":0,"k":[100,100],"ix":3},"r":{"a":0,"k":0,"ix":6},"o":{"a":0,"k":100,"ix":7},"sk":{"a":0,"k":0,"ix":4},"sa":{"a":0,"k":0,"ix":5},"nm":"Transform"}],"nm":"Group 3","np":4,"cix":2,"bm":0,"ix":1,"mn":"ADBE Vector Group","hd":false},{"ty":"gr","it":[{"ind":0,"ty":"sh","ix":1,"ks":{"a":0,"k":{"i":[[0,0],[0.926,0.925],[2.13,-2.221],[-2.13,-2.221],[-1.204,-0.37]],"o":[[-0.278,-1.295],[-2.13,-2.221],[-2.13,2.221],[0.833,0.832],[0,0]],"v":[[-11.007,-0.185],[-12.859,-3.701],[-19.991,-3.053],[-20.732,4.165],[-17.583,5.922]],"c":false},"ix":2},"nm":"Path 1","mn":"ADBE Vector Shape - Group","hd":false},{"ind":1,"ty":"sh","ix":2,"ks":{"a":0,"k":{"i":[[0,0],[-0.92,0.931],[-2.116,-2.142],[2.208,-2.141],[1.196,-0.372]],"o":[[0.276,-1.303],[2.116,-2.141],[2.116,2.141],[-0.828,0.838],[0,0]],"v":[[10.993,-0.223],[12.833,-3.761],[20.01,-3.109],[20.654,4.153],[17.525,5.922]],"c":false},"ix":2},"nm":"Path 2","mn":"ADBE Vector Shape - Group","hd":false},{"ty":"mm","mm":1,"nm":"Merge Paths 1","mn":"ADBE Vector Filter - Merge","hd":false},{"ty":"st","c":{"a":0,"k":[0,0,0,1],"ix":3},"o":{"a":0,"k":100,"ix":4},"w":{"a":0,"k":2,"ix":5},"lc":2,"lj":2,"bm":0,"nm":"Stroke 1","mn":"ADBE Vector Graphic - Stroke","hd":false},{"ty":"tr","p":{"a":0,"k":[25.007,8.078],"ix":2},"a":{"a":0,"k":[0,0],"ix":1},"s":{"a":0,"k":[100,100],"ix":3},"r":{"a":0,"k":0,"ix":6},"o":{"a":0,"k":100,"ix":7},"sk":{"a":0,"k":0,"ix":4},"sa":{"a":0,"k":0,"ix":5},"nm":"Transform"}],"nm":"Group 9","np":4,"cix":2,"bm":0,"ix":2,"mn":"ADBE Vector Group","hd":false}],"ip":13,"op":28,"st":13,"bm":0},{"ddd":0,"ind":8,"ty":4,"nm":"mask","td":1,"sr":1,"ks":{"o":{"a":0,"k":100,"ix":11},"r":{"a":0,"k":0,"ix":10},"p":{"a":1,"k":[{"i":{"x":0.667,"y":1},"o":{"x":0.333,"y":0},"t":3,"s":[35.5,37.125,0],"to":[1,0.167,0],"ti":[-1.5,0,0]},{"i":{"x":0.667,"y":1},"o":{"x":0.333,"y":0},"t":8,"s":[41.5,38.125,0],"to":[0.74,0,0],"ti":[-0.497,0.226,0]},{"t":13,"s":[46.356,37.696,0]}],"ix":2},"a":{"a":0,"k":[41.5,38.125,0],"ix":1},"s":{"a":1,"k":[{"i":{"x":[0.667,0.667,0.667],"y":[1,1,1]},"o":{"x":[0.333,0.333,0.333],"y":[0,0,0]},"t":3,"s":[38,38,100]},{"i":{"x":[0.667,0.667,0.667],"y":[1,1,1]},"o":{"x":[0.333,0.333,0.333],"y":[0,0,0]},"t":8,"s":[100,100,100]},{"t":13,"s":[52.6,52.6,100]}],"ix":6}},"ao":0,"shapes":[{"ty":"gr","it":[{"ind":0,"ty":"sh","ix":1,"ks":{"a":0,"k":{"i":[[0.586,0.585],[1.172,-1.172],[0.109,-0.164],[0.145,0.146],[1.172,-1.172],[0,-0.767],[0,0],[0,2.5]],"o":[[-1.172,-1.172],[-0.144,0.145],[-0.109,-0.164],[-1.172,-1.172],[-0.584,0.585],[0,2.5],[0,0],[0,-0.767]],"v":[[4.621,-3.475],[0.378,-3.475],[-0.001,-3.01],[-0.38,-3.475],[-4.623,-3.475],[-5.5,-1.354],[0,4.646],[5.5,-1.354]],"c":true},"ix":2},"nm":"Path 1","mn":"ADBE Vector Shape - Group","hd":false},{"ty":"st","c":{"a":0,"k":[1,0,0,1],"ix":3},"o":{"a":0,"k":100,"ix":4},"w":{"a":0,"k":6,"ix":5},"lc":2,"lj":2,"bm":0,"nm":"Stroke 1","mn":"ADBE Vector Graphic - Stroke","hd":false},{"ty":"tr","p":{"a":0,"k":[41.5,37.353],"ix":2},"a":{"a":0,"k":[0,0],"ix":1},"s":{"a":0,"k":[100,100],"ix":3},"r":{"a":0,"k":0,"ix":6},"o":{"a":0,"k":100,"ix":7},"sk":{"a":0,"k":0,"ix":4},"sa":{"a":0,"k":0,"ix":5},"nm":"Transform"}],"nm":"Group 1","np":2,"cix":2,"bm":0,"ix":1,"mn":"ADBE Vector Group","hd":false},{"ty":"fl","c":{"a":0,"k":[1,0,0,1],"ix":4},"o":{"a":0,"k":100,"ix":5},"r":1,"bm":0,"nm":"Fill 1","mn":"ADBE Vector Graphic - Fill","hd":false}],"ip":3,"op":13,"st":0,"bm":0},{"ddd":0,"ind":9,"ty":4,"nm":"head","tt":2,"sr":1,"ks":{"o":{"a":0,"k":100,"ix":11},"r":{"a":0,"k":0,"ix":10},"p":{"a":0,"k":[25,25,0],"ix":2},"a":{"a":0,"k":[25,25,0],"ix":1},"s":{"a":0,"k":[100,100,100],"ix":6}},"ao":0,"shapes":[{"ty":"gr","it":[{"ind":0,"ty":"sh","ix":1,"ks":{"a":0,"k":{"i":[[4.508,-1.627],[0.765,-0.432],[3.68,-0.237],[0,0.001],[1.941,1.097],[0.541,0.189],[0,7.973],[-1.508,3.05],[-2.78,2.322],[-3.53,0.517],[-1.664,-0.277],[0,-9.606]],"o":[[-0.541,0.189],[-1.826,1.031],[-0.003,0.071],[-4.047,-0.082],[-0.765,-0.432],[-4.508,-1.627],[0,-3.419],[1.604,-3.242],[2.721,-2.273],[1.671,-0.245],[10.36,1.727],[0,7.973]],"v":[[11.119,16.216],[9.208,17.178],[1.007,19.944],[-0.302,19.986],[-9.208,17.178],[-11.119,16.216],[-21,3.004],[-18.519,-6.855],[-11.876,-15.369],[-2.354,-19.828],[2.674,-19.766],[21,3.004]],"c":true},"ix":2},"nm":"Path 1","mn":"ADBE Vector Shape - Group","hd":false},{"ind":1,"ty":"sh","ix":2,"ks":{"a":0,"k":{"i":[[0.291,0.058],[1.218,0],[0,-11.563],[-7.233,-2.611],[-0.652,-0.368],[-4.735,0],[-2.174,1.227],[-0.383,0.135],[0,7.126],[1.484,3.197],[2.747,2.498],[3.583,0.88]],"o":[[-1.195,-0.238],[-12.953,0],[0,7.126],[0.383,0.135],[2.173,1.227],[4.735,0],[0.652,-0.368],[7.232,-2.611],[0,-3.537],[-1.563,-3.365],[-2.718,-2.473],[-0.287,-0.071]],"v":[[3.629,-21.634],[0,-22],[-23,3.004],[-11.788,18.101],[-10.191,18.92],[0,22],[10.191,18.92],[11.788,18.101],[23,3.004],[20.598,-7.242],[14.066,-16.184],[4.496,-21.441]],"c":true},"ix":2},"nm":"Path 2","mn":"ADBE Vector Shape - Group","hd":false},{"ty":"mm","mm":1,"nm":"Merge Paths 1","mn":"ADBE Vector Filter - Merge","hd":false},{"ty":"fl","c":{"a":0,"k":[0,0,0,1],"ix":4},"o":{"a":0,"k":100,"ix":5},"r":1,"bm":0,"nm":"Fill 1","mn":"ADBE Vector Graphic - Fill","hd":false},{"ty":"tr","p":{"a":0,"k":[25,26],"ix":2},"a":{"a":0,"k":[0,0],"ix":1},"s":{"a":0,"k":[100,100],"ix":3},"r":{"a":0,"k":0,"ix":6},"o":{"a":0,"k":100,"ix":7},"sk":{"a":0,"k":0,"ix":4},"sa":{"a":0,"k":0,"ix":5},"nm":"Transform"}],"nm":"Group 3","np":4,"cix":2,"bm":0,"ix":1,"mn":"ADBE Vector Group","hd":false},{"ty":"gr","it":[{"ind":0,"ty":"sh","ix":1,"ks":{"a":0,"k":{"i":[[0,0],[0.926,0.925],[2.13,-2.221],[-2.13,-2.221],[-1.204,-0.37]],"o":[[-0.278,-1.295],[-2.13,-2.221],[-2.13,2.221],[0.833,0.832],[0,0]],"v":[[-11.007,-0.185],[-12.859,-3.701],[-19.991,-3.053],[-20.732,4.165],[-17.583,5.922]],"c":false},"ix":2},"nm":"Path 1","mn":"ADBE Vector Shape - Group","hd":false},{"ind":1,"ty":"sh","ix":2,"ks":{"a":0,"k":{"i":[[0,0],[-0.92,0.931],[-2.116,-2.142],[2.208,-2.141],[1.196,-0.372]],"o":[[0.276,-1.303],[2.116,-2.141],[2.116,2.141],[-0.828,0.838],[0,0]],"v":[[10.993,-0.223],[12.833,-3.761],[20.01,-3.109],[20.654,4.153],[17.525,5.922]],"c":false},"ix":2},"nm":"Path 2","mn":"ADBE Vector Shape - Group","hd":false},{"ty":"mm","mm":1,"nm":"Merge Paths 1","mn":"ADBE Vector Filter - Merge","hd":false},{"ty":"st","c":{"a":0,"k":[0,0,0,1],"ix":3},"o":{"a":0,"k":100,"ix":4},"w":{"a":0,"k":2,"ix":5},"lc":2,"lj":2,"bm":0,"nm":"Stroke 1","mn":"ADBE Vector Graphic - Stroke","hd":false},{"ty":"tr","p":{"a":0,"k":[25.007,8.078],"ix":2},"a":{"a":0,"k":[0,0],"ix":1},"s":{"a":0,"k":[100,100],"ix":3},"r":{"a":0,"k":0,"ix":6},"o":{"a":0,"k":100,"ix":7},"sk":{"a":0,"k":0,"ix":4},"sa":{"a":0,"k":0,"ix":5},"nm":"Transform"}],"nm":"Group 9","np":4,"cix":2,"bm":0,"ix":2,"mn":"ADBE Vector Group","hd":false}],"ip":0,"op":13,"st":0,"bm":0}],"markers":[]}