{"v":"5.4.4","fr":24,"ip":0,"op":28,"w":50,"h":50,"nm":"aircraft","ddd":0,"assets":[],"layers":[{"ddd":0,"ind":1,"ty":4,"nm":"Lines of air","sr":1,"ks":{"o":{"a":0,"k":100,"ix":11},"r":{"a":0,"k":0,"ix":10},"p":{"a":0,"k":[25,25,0],"ix":2},"a":{"a":0,"k":[25,25,0],"ix":1},"s":{"a":0,"k":[100,100,100],"ix":6}},"ao":0,"shapes":[{"ty":"gr","it":[{"ind":0,"ty":"sh","ix":1,"ks":{"a":0,"k":{"i":[[0,0],[0,0]],"o":[[0,0],[0,0]],"v":[[5,45],[12,45]],"c":false},"ix":2},"nm":"Path 1","mn":"ADBE Vector Shape - Group","hd":false},{"ty":"tm","s":{"a":1,"k":[{"i":{"x":[0.667],"y":[1]},"o":{"x":[0.333],"y":[0]},"t":20,"s":[100],"e":[0]},{"t":26}],"ix":1},"e":{"a":1,"k":[{"i":{"x":[0.667],"y":[1]},"o":{"x":[0.333],"y":[0]},"t":14,"s":[100],"e":[0]},{"t":20}],"ix":2},"o":{"a":0,"k":0,"ix":3},"m":1,"ix":2,"nm":"Trim Paths 1","mn":"ADBE Vector Filter - Trim","hd":false},{"ty":"st","c":{"a":0,"k":[0,0,0,1],"ix":3},"o":{"a":0,"k":100,"ix":4},"w":{"a":0,"k":2,"ix":5},"lc":2,"lj":1,"ml":10,"bm":0,"nm":"Stroke 1","mn":"ADBE Vector Graphic - Stroke","hd":false},{"ty":"tr","p":{"a":0,"k":[0,0],"ix":2},"a":{"a":0,"k":[0,0],"ix":1},"s":{"a":0,"k":[100,100],"ix":3},"r":{"a":0,"k":0,"ix":6},"o":{"a":0,"k":100,"ix":7},"sk":{"a":0,"k":0,"ix":4},"sa":{"a":0,"k":0,"ix":5},"nm":"Transform"}],"nm":"Group 1","np":3,"cix":2,"bm":0,"ix":1,"mn":"ADBE Vector Group","hd":false},{"ty":"gr","it":[{"ind":0,"ty":"sh","ix":1,"ks":{"a":0,"k":{"i":[[0,0],[0,0]],"o":[[0,0],[0,0]],"v":[[15,39],[26,39]],"c":false},"ix":2},"nm":"Path 1","mn":"ADBE Vector Shape - Group","hd":false},{"ty":"st","c":{"a":0,"k":[0,0,0,1],"ix":3},"o":{"a":0,"k":100,"ix":4},"w":{"a":0,"k":2,"ix":5},"lc":2,"lj":1,"ml":10,"bm":0,"nm":"Stroke 1","mn":"ADBE Vector Graphic - Stroke","hd":false},{"ty":"tm","s":{"a":1,"k":[{"i":{"x":[0.667],"y":[1]},"o":{"x":[0.333],"y":[0]},"t":13,"s":[100],"e":[0]},{"t":19}],"ix":1},"e":{"a":1,"k":[{"i":{"x":[0.667],"y":[1]},"o":{"x":[0.333],"y":[0]},"t":7,"s":[100],"e":[0]},{"t":13}],"ix":2},"o":{"a":0,"k":0,"ix":3},"m":1,"ix":3,"nm":"Trim Paths 1","mn":"ADBE Vector Filter - Trim","hd":false},{"ty":"tr","p":{"a":0,"k":[0,0],"ix":2},"a":{"a":0,"k":[0,0],"ix":1},"s":{"a":0,"k":[100,100],"ix":3},"r":{"a":0,"k":0,"ix":6},"o":{"a":0,"k":100,"ix":7},"sk":{"a":0,"k":0,"ix":4},"sa":{"a":0,"k":0,"ix":5},"nm":"Transform"}],"nm":"Group 2","np":3,"cix":2,"bm":0,"ix":2,"mn":"ADBE Vector Group","hd":false},{"ty":"gr","it":[{"ind":0,"ty":"sh","ix":1,"ks":{"a":0,"k":{"i":[[0,0],[0,0]],"o":[[0,0],[0,0]],"v":[[7,5],[21,5]],"c":false},"ix":2},"nm":"Path 1","mn":"ADBE Vector Shape - Group","hd":false},{"ty":"st","c":{"a":0,"k":[0,0,0,1],"ix":3},"o":{"a":0,"k":100,"ix":4},"w":{"a":0,"k":2,"ix":5},"lc":2,"lj":1,"ml":10,"bm":0,"nm":"Stroke 1","mn":"ADBE Vector Graphic - Stroke","hd":false},{"ty":"tm","s":{"a":1,"k":[{"i":{"x":[0.667],"y":[1]},"o":{"x":[0.333],"y":[0]},"t":9,"s":[100],"e":[0]},{"t":15}],"ix":1},"e":{"a":1,"k":[{"i":{"x":[0.667],"y":[1]},"o":{"x":[0.333],"y":[0]},"t":3,"s":[100],"e":[0]},{"t":9}],"ix":2},"o":{"a":0,"k":0,"ix":3},"m":1,"ix":3,"nm":"Trim Paths 1","mn":"ADBE Vector Filter - Trim","hd":false},{"ty":"tr","p":{"a":0,"k":[0,0],"ix":2},"a":{"a":0,"k":[0,0],"ix":1},"s":{"a":0,"k":[100,100],"ix":3},"r":{"a":0,"k":0,"ix":6},"o":{"a":0,"k":100,"ix":7},"sk":{"a":0,"k":0,"ix":4},"sa":{"a":0,"k":0,"ix":5},"nm":"Transform"}],"nm":"Group 3","np":3,"cix":2,"bm":0,"ix":3,"mn":"ADBE Vector Group","hd":false}],"ip":0,"op":28,"st":0,"bm":0},{"ddd":0,"ind":2,"ty":4,"nm":"Aircraft","sr":1,"ks":{"o":{"a":0,"k":100,"ix":11},"r":{"a":1,"k":[{"i":{"x":[0.667],"y":[1]},"o":{"x":[0.167],"y":[0.167]},"t":0,"s":[0],"e":[-1]},{"i":{"x":[0.667],"y":[0.424]},"o":{"x":[0.333],"y":[0]},"t":6,"s":[-1],"e":[1]},{"i":{"x":[0.833],"y":[0.833]},"o":{"x":[0.333],"y":[-0.432]},"t":22,"s":[1],"e":[0]},{"t":28}],"ix":10},"p":{"a":1,"k":[{"i":{"x":0.667,"y":1},"o":{"x":0.167,"y":0.167},"t":0,"s":[25,25,0],"e":[25,26,0],"to":[0,0,0],"ti":[0,0,0]},{"i":{"x":0.667,"y":0.616},"o":{"x":0.333,"y":0},"t":6,"s":[25,26,0],"e":[25,24,0],"to":[0,0,0],"ti":[0,0,0]},{"i":{"x":0.833,"y":0.833},"o":{"x":0.333,"y":0.288},"t":22,"s":[25,24,0],"e":[25,25,0],"to":[0,0,0],"ti":[0,0,0]},{"t":28}],"ix":2},"a":{"a":0,"k":[25,25,0],"ix":1},"s":{"a":1,"k":[{"i":{"x":[0.667,0.667,0.667],"y":[1,1,1]},"o":{"x":[0.167,0.167,0.167],"y":[0.167,0.167,0.17]},"t":0,"s":[100,100,100],"e":[99,99,100]},{"i":{"x":[0.667,0.667,0.667],"y":[1,1,1]},"o":{"x":[0.333,0.333,0.333],"y":[0,0,0]},"t":6,"s":[99,99,100],"e":[99,99,100]},{"i":{"x":[0.833,0.833,0.833],"y":[0.833,0.833,1.17]},"o":{"x":[0.333,0.333,0.333],"y":[0,0,0]},"t":22,"s":[99,99,100],"e":[100,100,100]},{"t":28}],"ix":6}},"ao":0,"shapes":[{"ty":"gr","it":[{"ind":0,"ty":"sh","ix":1,"ks":{"a":0,"k":{"i":[[0,0],[0,0]],"o":[[0,0],[0,0]],"v":[[23,21.2],[23,16.4]],"c":false},"ix":2},"nm":"Path 1","mn":"ADBE Vector Shape - Group","hd":false},{"ty":"st","c":{"a":0,"k":[0,0,0,1],"ix":3},"o":{"a":0,"k":100,"ix":4},"w":{"a":0,"k":2,"ix":5},"lc":2,"lj":2,"bm":0,"nm":"Stroke 1","mn":"ADBE Vector Graphic - Stroke","hd":false},{"ty":"tr","p":{"a":0,"k":[0,0],"ix":2},"a":{"a":0,"k":[0,0],"ix":1},"s":{"a":0,"k":[100,100],"ix":3},"r":{"a":0,"k":0,"ix":6},"o":{"a":0,"k":100,"ix":7},"sk":{"a":0,"k":0,"ix":4},"sa":{"a":0,"k":0,"ix":5},"nm":"Transform"}],"nm":"Group 4","np":2,"cix":2,"bm":0,"ix":1,"mn":"ADBE Vector Group","hd":false},{"ty":"gr","it":[{"ind":0,"ty":"sh","ix":1,"ks":{"a":0,"k":{"i":[[0,0],[0,0]],"o":[[0,0],[0,0]],"v":[[37,19.2],[37,15.4]],"c":false},"ix":2},"nm":"Path 1","mn":"ADBE Vector Shape - Group","hd":false},{"ty":"st","c":{"a":0,"k":[0,0,0,1],"ix":3},"o":{"a":0,"k":100,"ix":4},"w":{"a":0,"k":2,"ix":5},"lc":2,"lj":2,"bm":0,"nm":"Stroke 1","mn":"ADBE Vector Graphic - Stroke","hd":false},{"ty":"tr","p":{"a":0,"k":[0,0],"ix":2},"a":{"a":0,"k":[0,0],"ix":1},"s":{"a":0,"k":[100,100],"ix":3},"r":{"a":0,"k":0,"ix":6},"o":{"a":0,"k":100,"ix":7},"sk":{"a":0,"k":0,"ix":4},"sa":{"a":0,"k":0,"ix":5},"nm":"Transform"}],"nm":"Group 5","np":2,"cix":2,"bm":0,"ix":2,"mn":"ADBE Vector Group","hd":false},{"ty":"gr","it":[{"ind":0,"ty":"sh","ix":1,"ks":{"a":0,"k":{"i":[[1.699,-0.2],[9.299,-0.4],[0,-1.3],[-7.999,0],[0,3.4]],"o":[[-1.301,0.2],[-1.201,0],[0,1],[7.801,0],[0,-1.1]],"v":[[9.4,-2.9],[-9.5,-1.1],[-11.5,0.2],[-0.401,3.1],[11.5,-1.2]],"c":true},"ix":2},"nm":"Path 1","mn":"ADBE Vector Shape - Group","hd":false},{"ty":"st","c":{"a":0,"k":[0,0,0,1],"ix":3},"o":{"a":0,"k":100,"ix":4},"w":{"a":0,"k":2,"ix":5},"lc":1,"lj":1,"ml":10,"bm":0,"nm":"Stroke 1","mn":"ADBE Vector Graphic - Stroke","hd":false},{"ty":"tr","p":{"a":0,"k":[28.5,12.9],"ix":2},"a":{"a":0,"k":[0,0],"ix":1},"s":{"a":0,"k":[100,100],"ix":3},"r":{"a":0,"k":0,"ix":6},"o":{"a":0,"k":100,"ix":7},"sk":{"a":0,"k":0,"ix":4},"sa":{"a":0,"k":0,"ix":5},"nm":"Transform"}],"nm":"Group 6","np":2,"cix":2,"bm":0,"ix":3,"mn":"ADBE Vector Group","hd":false},{"ty":"gr","it":[{"ind":0,"ty":"sh","ix":1,"ks":{"a":0,"k":{"i":[[0,0],[0,0]],"o":[[0,0],[0,0]],"v":[[-1.3,-1.45],[1.3,1.45]],"c":false},"ix":2},"nm":"Path 1","mn":"ADBE Vector Shape - Group","hd":false},{"ty":"st","c":{"a":0,"k":[0,0,0,1],"ix":3},"o":{"a":0,"k":100,"ix":4},"w":{"a":0,"k":2,"ix":5},"lc":2,"lj":2,"bm":0,"nm":"Stroke 1","mn":"ADBE Vector Graphic - Stroke","hd":false},{"ty":"tr","p":{"a":0,"k":[33.5,34.55],"ix":2},"a":{"a":0,"k":[0,0],"ix":1},"s":{"a":0,"k":[100,100],"ix":3},"r":{"a":0,"k":0,"ix":6},"o":{"a":0,"k":100,"ix":7},"sk":{"a":0,"k":0,"ix":4},"sa":{"a":0,"k":0,"ix":5},"nm":"Transform"}],"nm":"Group 7","np":2,"cix":2,"bm":0,"ix":4,"mn":"ADBE Vector Group","hd":false},{"ty":"gr","it":[{"ind":0,"ty":"sh","ix":1,"ks":{"a":0,"k":{"i":[[1.381,0],[0,-1.381],[-1.381,0],[0,1.381]],"o":[[-1.381,0],[0,1.381],[1.381,0],[0,-1.381]],"v":[[0,-2.5],[-2.5,0],[0,2.5],[2.5,0]],"c":true},"ix":2},"nm":"Path 1","mn":"ADBE Vector Shape - Group","hd":false},{"ty":"st","c":{"a":0,"k":[0,0,0,1],"ix":3},"o":{"a":0,"k":100,"ix":4},"w":{"a":0,"k":2,"ix":5},"lc":1,"lj":1,"ml":10,"bm":0,"nm":"Stroke 1","mn":"ADBE Vector Graphic - Stroke","hd":false},{"ty":"tr","p":{"a":0,"k":[36.5,38.5],"ix":2},"a":{"a":0,"k":[0,0],"ix":1},"s":{"a":0,"k":[100,100],"ix":3},"r":{"a":0,"k":0,"ix":6},"o":{"a":0,"k":100,"ix":7},"sk":{"a":0,"k":0,"ix":4},"sa":{"a":0,"k":0,"ix":5},"nm":"Transform"}],"nm":"Group 8","np":2,"cix":2,"bm":0,"ix":5,"mn":"ADBE Vector Group","hd":false},{"ty":"gr","it":[{"ind":0,"ty":"sh","ix":1,"ks":{"a":0,"k":{"i":[[3.5,0],[6.2,0],[0,0],[0,0],[0,0],[1.1,0],[0,0],[0,0],[-18.4,0],[0,3.1]],"o":[[-1.4,3],[-2.8,0],[0,0],[0,0],[-0.6,-0.9],[0,0],[0,0],[0.5,1.7],[11.5,0],[0,-3.1]],"v":[[12,-5.4],[1.8,-1.2],[-2,-3.4],[-14.4,-2.2],[-17.4,-7.2],[-20.2,-8.6],[-24,-8.6],[-21.1,1.5],[6,8.6],[24,0.6]],"c":true},"ix":2},"nm":"Path 1","mn":"ADBE Vector Shape - Group","hd":false},{"ty":"st","c":{"a":0,"k":[0,0,0,1],"ix":3},"o":{"a":0,"k":100,"ix":4},"w":{"a":0,"k":2,"ix":5},"lc":1,"lj":2,"bm":0,"nm":"Stroke 1","mn":"ADBE Vector Graphic - Stroke","hd":false},{"ty":"tr","p":{"a":0,"k":[25,24.4],"ix":2},"a":{"a":0,"k":[0,0],"ix":1},"s":{"a":0,"k":[100,100],"ix":3},"r":{"a":0,"k":0,"ix":6},"o":{"a":0,"k":100,"ix":7},"sk":{"a":0,"k":0,"ix":4},"sa":{"a":0,"k":0,"ix":5},"nm":"Transform"}],"nm":"Group 9","np":2,"cix":2,"bm":0,"ix":6,"mn":"ADBE Vector Group","hd":false},{"ty":"gr","it":[{"ind":0,"ty":"sh","ix":1,"ks":{"a":1,"k":[{"i":{"x":0.833,"y":0.833},"o":{"x":0.167,"y":0.167},"t":0,"s":[{"i":[[0.8,0],[0,-0.6],[0,0],[0,0],[-0.8,0],[0,0.6],[0,0],[0,0]],"o":[[-0.8,0],[0,0],[0,0],[0,0.6],[0.8,0],[0,0],[0,0],[0,-0.6]],"v":[[0,-8],[-1.5,-7],[-0.6,0],[-1.5,7],[0,8],[1.5,7],[0.7,0],[1.5,-7]],"c":true}],"e":[{"i":[[0.8,0],[0,-0.445],[0,0],[0,0],[-0.8,0],[0,0.445],[0,0],[0,0]],"o":[[-0.8,0],[0,0],[0,0],[0,0.445],[0.8,0],[0,0],[0,0],[0,-0.445]],"v":[[0,-5.938],[-1.5,-5.195],[-0.6,0],[-1.5,5.195],[0,5.938],[1.5,5.195],[0.7,0],[1.5,-5.195]],"c":true}]},{"i":{"x":0.833,"y":0.833},"o":{"x":0.167,"y":0.167},"t":2,"s":[{"i":[[0.8,0],[0,-0.445],[0,0],[0,0],[-0.8,0],[0,0.445],[0,0],[0,0]],"o":[[-0.8,0],[0,0],[0,0],[0,0.445],[0.8,0],[0,0],[0,0],[0,-0.445]],"v":[[0,-5.938],[-1.5,-5.195],[-0.6,0],[-1.5,5.195],[0,5.938],[1.5,5.195],[0.7,0],[1.5,-5.195]],"c":true}],"e":[{"i":[[0.8,0],[0,-0.6],[0,0],[0,0],[-0.8,0],[0,0.6],[0,0],[0,0]],"o":[[-0.8,0],[0,0],[0,0],[0,0.6],[0.8,0],[0,0],[0,0],[0,-0.6]],"v":[[0,-8],[-1.5,-7],[-0.6,0],[-1.5,7],[0,8],[1.5,7],[0.7,0],[1.5,-7]],"c":true}]},{"i":{"x":0.833,"y":0.833},"o":{"x":0.167,"y":0.167},"t":4,"s":[{"i":[[0.8,0],[0,-0.6],[0,0],[0,0],[-0.8,0],[0,0.6],[0,0],[0,0]],"o":[[-0.8,0],[0,0],[0,0],[0,0.6],[0.8,0],[0,0],[0,0],[0,-0.6]],"v":[[0,-8],[-1.5,-7],[-0.6,0],[-1.5,7],[0,8],[1.5,7],[0.7,0],[1.5,-7]],"c":true}],"e":[{"i":[[0.8,0],[0,-0.445],[0,0],[0,0],[-0.8,0],[0,0.445],[0,0],[0,0]],"o":[[-0.8,0],[0,0],[0,0],[0,0.445],[0.8,0],[0,0],[0,0],[0,-0.445]],"v":[[0,-5.938],[-1.5,-5.195],[-0.6,0],[-1.5,5.195],[0,5.938],[1.5,5.195],[0.7,0],[1.5,-5.195]],"c":true}]},{"i":{"x":0.833,"y":0.833},"o":{"x":0.167,"y":0.167},"t":6,"s":[{"i":[[0.8,0],[0,-0.445],[0,0],[0,0],[-0.8,0],[0,0.445],[0,0],[0,0]],"o":[[-0.8,0],[0,0],[0,0],[0,0.445],[0.8,0],[0,0],[0,0],[0,-0.445]],"v":[[0,-5.938],[-1.5,-5.195],[-0.6,0],[-1.5,5.195],[0,5.938],[1.5,5.195],[0.7,0],[1.5,-5.195]],"c":true}],"e":[{"i":[[0.8,0],[0,-0.6],[0,0],[0,0],[-0.8,0],[0,0.6],[0,0],[0,0]],"o":[[-0.8,0],[0,0],[0,0],[0,0.6],[0.8,0],[0,0],[0,0],[0,-0.6]],"v":[[0,-8],[-1.5,-7],[-0.6,0],[-1.5,7],[0,8],[1.5,7],[0.7,0],[1.5,-7]],"c":true}]},{"i":{"x":0.833,"y":0.833},"o":{"x":0.167,"y":0.167},"t":8,"s":[{"i":[[0.8,0],[0,-0.6],[0,0],[0,0],[-0.8,0],[0,0.6],[0,0],[0,0]],"o":[[-0.8,0],[0,0],[0,0],[0,0.6],[0.8,0],[0,0],[0,0],[0,-0.6]],"v":[[0,-8],[-1.5,-7],[-0.6,0],[-1.5,7],[0,8],[1.5,7],[0.7,0],[1.5,-7]],"c":true}],"e":[{"i":[[0.8,0],[0,-0.445],[0,0],[0,0],[-0.8,0],[0,0.445],[0,0],[0,0]],"o":[[-0.8,0],[0,0],[0,0],[0,0.445],[0.8,0],[0,0],[0,0],[0,-0.445]],"v":[[0,-5.938],[-1.5,-5.195],[-0.6,0],[-1.5,5.195],[0,5.938],[1.5,5.195],[0.7,0],[1.5,-5.195]],"c":true}]},{"i":{"x":0.833,"y":0.833},"o":{"x":0.167,"y":0.167},"t":10,"s":[{"i":[[0.8,0],[0,-0.445],[0,0],[0,0],[-0.8,0],[0,0.445],[0,0],[0,0]],"o":[[-0.8,0],[0,0],[0,0],[0,0.445],[0.8,0],[0,0],[0,0],[0,-0.445]],"v":[[0,-5.938],[-1.5,-5.195],[-0.6,0],[-1.5,5.195],[0,5.938],[1.5,5.195],[0.7,0],[1.5,-5.195]],"c":true}],"e":[{"i":[[0.8,0],[0,-0.6],[0,0],[0,0],[-0.8,0],[0,0.6],[0,0],[0,0]],"o":[[-0.8,0],[0,0],[0,0],[0,0.6],[0.8,0],[0,0],[0,0],[0,-0.6]],"v":[[0,-8],[-1.5,-7],[-0.6,0],[-1.5,7],[0,8],[1.5,7],[0.7,0],[1.5,-7]],"c":true}]},{"i":{"x":0.833,"y":0.833},"o":{"x":0.167,"y":0.167},"t":12,"s":[{"i":[[0.8,0],[0,-0.6],[0,0],[0,0],[-0.8,0],[0,0.6],[0,0],[0,0]],"o":[[-0.8,0],[0,0],[0,0],[0,0.6],[0.8,0],[0,0],[0,0],[0,-0.6]],"v":[[0,-8],[-1.5,-7],[-0.6,0],[-1.5,7],[0,8],[1.5,7],[0.7,0],[1.5,-7]],"c":true}],"e":[{"i":[[0.8,0],[0,-0.445],[0,0],[0,0],[-0.8,0],[0,0.445],[0,0],[0,0]],"o":[[-0.8,0],[0,0],[0,0],[0,0.445],[0.8,0],[0,0],[0,0],[0,-0.445]],"v":[[0,-5.938],[-1.5,-5.195],[-0.6,0],[-1.5,5.195],[0,5.938],[1.5,5.195],[0.7,0],[1.5,-5.195]],"c":true}]},{"i":{"x":0.833,"y":0.833},"o":{"x":0.167,"y":0.167},"t":14,"s":[{"i":[[0.8,0],[0,-0.445],[0,0],[0,0],[-0.8,0],[0,0.445],[0,0],[0,0]],"o":[[-0.8,0],[0,0],[0,0],[0,0.445],[0.8,0],[0,0],[0,0],[0,-0.445]],"v":[[0,-5.938],[-1.5,-5.195],[-0.6,0],[-1.5,5.195],[0,5.938],[1.5,5.195],[0.7,0],[1.5,-5.195]],"c":true}],"e":[{"i":[[0.8,0],[0,-0.6],[0,0],[0,0],[-0.8,0],[0,0.6],[0,0],[0,0]],"o":[[-0.8,0],[0,0],[0,0],[0,0.6],[0.8,0],[0,0],[0,0],[0,-0.6]],"v":[[0,-8],[-1.5,-7],[-0.6,0],[-1.5,7],[0,8],[1.5,7],[0.7,0],[1.5,-7]],"c":true}]},{"i":{"x":0.833,"y":0.833},"o":{"x":0.167,"y":0.167},"t":16,"s":[{"i":[[0.8,0],[0,-0.6],[0,0],[0,0],[-0.8,0],[0,0.6],[0,0],[0,0]],"o":[[-0.8,0],[0,0],[0,0],[0,0.6],[0.8,0],[0,0],[0,0],[0,-0.6]],"v":[[0,-8],[-1.5,-7],[-0.6,0],[-1.5,7],[0,8],[1.5,7],[0.7,0],[1.5,-7]],"c":true}],"e":[{"i":[[0.8,0],[0,-0.445],[0,0],[0,0],[-0.8,0],[0,0.445],[0,0],[0,0]],"o":[[-0.8,0],[0,0],[0,0],[0,0.445],[0.8,0],[0,0],[0,0],[0,-0.445]],"v":[[0,-5.938],[-1.5,-5.195],[-0.6,0],[-1.5,5.195],[0,5.938],[1.5,5.195],[0.7,0],[1.5,-5.195]],"c":true}]},{"i":{"x":0.833,"y":0.833},"o":{"x":0.167,"y":0.167},"t":18,"s":[{"i":[[0.8,0],[0,-0.445],[0,0],[0,0],[-0.8,0],[0,0.445],[0,0],[0,0]],"o":[[-0.8,0],[0,0],[0,0],[0,0.445],[0.8,0],[0,0],[0,0],[0,-0.445]],"v":[[0,-5.938],[-1.5,-5.195],[-0.6,0],[-1.5,5.195],[0,5.938],[1.5,5.195],[0.7,0],[1.5,-5.195]],"c":true}],"e":[{"i":[[0.8,0],[0,-0.6],[0,0],[0,0],[-0.8,0],[0,0.6],[0,0],[0,0]],"o":[[-0.8,0],[0,0],[0,0],[0,0.6],[0.8,0],[0,0],[0,0],[0,-0.6]],"v":[[0,-8],[-1.5,-7],[-0.6,0],[-1.5,7],[0,8],[1.5,7],[0.7,0],[1.5,-7]],"c":true}]},{"i":{"x":0.833,"y":0.833},"o":{"x":0.167,"y":0.167},"t":20,"s":[{"i":[[0.8,0],[0,-0.6],[0,0],[0,0],[-0.8,0],[0,0.6],[0,0],[0,0]],"o":[[-0.8,0],[0,0],[0,0],[0,0.6],[0.8,0],[0,0],[0,0],[0,-0.6]],"v":[[0,-8],[-1.5,-7],[-0.6,0],[-1.5,7],[0,8],[1.5,7],[0.7,0],[1.5,-7]],"c":true}],"e":[{"i":[[0.8,0],[0,-0.445],[0,0],[0,0],[-0.8,0],[0,0.445],[0,0],[0,0]],"o":[[-0.8,0],[0,0],[0,0],[0,0.445],[0.8,0],[0,0],[0,0],[0,-0.445]],"v":[[0,-5.938],[-1.5,-5.195],[-0.6,0],[-1.5,5.195],[0,5.938],[1.5,5.195],[0.7,0],[1.5,-5.195]],"c":true}]},{"i":{"x":0.833,"y":0.833},"o":{"x":0.167,"y":0.167},"t":22,"s":[{"i":[[0.8,0],[0,-0.445],[0,0],[0,0],[-0.8,0],[0,0.445],[0,0],[0,0]],"o":[[-0.8,0],[0,0],[0,0],[0,0.445],[0.8,0],[0,0],[0,0],[0,-0.445]],"v":[[0,-5.938],[-1.5,-5.195],[-0.6,0],[-1.5,5.195],[0,5.938],[1.5,5.195],[0.7,0],[1.5,-5.195]],"c":true}],"e":[{"i":[[0.8,0],[0,-0.6],[0,0],[0,0],[-0.8,0],[0,0.6],[0,0],[0,0]],"o":[[-0.8,0],[0,0],[0,0],[0,0.6],[0.8,0],[0,0],[0,0],[0,-0.6]],"v":[[0,-8],[-1.5,-7],[-0.6,0],[-1.5,7],[0,8],[1.5,7],[0.7,0],[1.5,-7]],"c":true}]},{"i":{"x":0.833,"y":0.833},"o":{"x":0.167,"y":0.167},"t":24,"s":[{"i":[[0.8,0],[0,-0.6],[0,0],[0,0],[-0.8,0],[0,0.6],[0,0],[0,0]],"o":[[-0.8,0],[0,0],[0,0],[0,0.6],[0.8,0],[0,0],[0,0],[0,-0.6]],"v":[[0,-8],[-1.5,-7],[-0.6,0],[-1.5,7],[0,8],[1.5,7],[0.7,0],[1.5,-7]],"c":true}],"e":[{"i":[[0.8,0],[0,-0.445],[0,0],[0,0],[-0.8,0],[0,0.445],[0,0],[0,0]],"o":[[-0.8,0],[0,0],[0,0],[0,0.445],[0.8,0],[0,0],[0,0],[0,-0.445]],"v":[[0,-5.938],[-1.5,-5.195],[-0.6,0],[-1.5,5.195],[0,5.938],[1.5,5.195],[0.7,0],[1.5,-5.195]],"c":true}]},{"i":{"x":0.833,"y":0.833},"o":{"x":0.167,"y":0.167},"t":26,"s":[{"i":[[0.8,0],[0,-0.445],[0,0],[0,0],[-0.8,0],[0,0.445],[0,0],[0,0]],"o":[[-0.8,0],[0,0],[0,0],[0,0.445],[0.8,0],[0,0],[0,0],[0,-0.445]],"v":[[0,-5.938],[-1.5,-5.195],[-0.6,0],[-1.5,5.195],[0,5.938],[1.5,5.195],[0.7,0],[1.5,-5.195]],"c":true}],"e":[{"i":[[0.8,0],[0,-0.6],[0,0],[0,0],[-0.8,0],[0,0.6],[0,0],[0,0]],"o":[[-0.8,0],[0,0],[0,0],[0,0.6],[0.8,0],[0,0],[0,0],[0,-0.6]],"v":[[0,-8],[-1.5,-7],[-0.6,0],[-1.5,7],[0,8],[1.5,7],[0.7,0],[1.5,-7]],"c":true}]},{"t":28}],"ix":2},"nm":"Path 1","mn":"ADBE Vector Shape - Group","hd":false},{"ty":"fl","c":{"a":0,"k":[0,0,0,1],"ix":4},"o":{"a":0,"k":100,"ix":5},"r":1,"bm":0,"nm":"Fill 1","mn":"ADBE Vector Graphic - Fill","hd":false},{"ty":"tr","p":{"a":0,"k":[48.5,25],"ix":2},"a":{"a":0,"k":[0,0],"ix":1},"s":{"a":0,"k":[100,100],"ix":3},"r":{"a":0,"k":0,"ix":6},"o":{"a":0,"k":100,"ix":7},"sk":{"a":0,"k":0,"ix":4},"sa":{"a":0,"k":0,"ix":5},"nm":"Transform"}],"nm":"Group 10","np":2,"cix":2,"bm":0,"ix":7,"mn":"ADBE Vector Group","hd":false}],"ip":0,"op":28,"st":0,"bm":0}],"markers":[]}