{"v":"5.5.8","fr":24,"ip":0,"op":28,"w":50,"h":50,"nm":"medium","ddd":0,"assets":[],"layers":[{"ddd":0,"ind":1,"ty":4,"nm":"line","sr":1,"ks":{"o":{"a":0,"k":100,"ix":11},"r":{"a":0,"k":0,"ix":10},"p":{"a":0,"k":[25,25,0],"ix":2},"a":{"a":0,"k":[25,25,0],"ix":1},"s":{"a":0,"k":[100,100,100],"ix":6}},"ao":0,"shapes":[{"ty":"gr","it":[{"ind":0,"ty":"sh","ix":1,"ks":{"a":0,"k":{"i":[[0,0],[0,0],[0,0],[0,0]],"o":[[0,0],[0,0],[0,0],[0,0]],"v":[[20,20],[-20,20],[-20,-20],[20,-20]],"c":true},"ix":2},"nm":"Path 1","mn":"ADBE Vector Shape - Group","hd":false},{"ty":"st","c":{"a":0,"k":[0,0,0,1],"ix":3},"o":{"a":0,"k":100,"ix":4},"w":{"a":0,"k":2,"ix":5},"lc":1,"lj":2,"bm":0,"nm":"Stroke 1","mn":"ADBE Vector Graphic - Stroke","hd":false},{"ty":"tr","p":{"a":0,"k":[25,25],"ix":2},"a":{"a":0,"k":[0,0],"ix":1},"s":{"a":0,"k":[100,100],"ix":3},"r":{"a":0,"k":0,"ix":6},"o":{"a":0,"k":100,"ix":7},"sk":{"a":0,"k":0,"ix":4},"sa":{"a":0,"k":0,"ix":5},"nm":"Transform"}],"nm":"Group 1","np":2,"cix":2,"bm":0,"ix":1,"mn":"ADBE Vector Group","hd":false}],"ip":0,"op":28,"st":0,"bm":0},{"ddd":0,"ind":2,"ty":4,"nm":"medium","sr":1,"ks":{"o":{"a":0,"k":100,"ix":11},"r":{"a":1,"k":[{"i":{"x":[0.667],"y":[1]},"o":{"x":[0.333],"y":[0]},"t":3,"s":[0]},{"i":{"x":[0.833],"y":[0.833]},"o":{"x":[0.167],"y":[0.167]},"t":7,"s":[-90]},{"i":{"x":[0.667],"y":[1]},"o":{"x":[0.333],"y":[0]},"t":21,"s":[-90]},{"t":25,"s":[0]}],"ix":10},"p":{"a":0,"k":[25,25,0],"ix":2},"a":{"a":0,"k":[25,25,0],"ix":1},"s":{"a":0,"k":[100,100,100],"ix":6}},"ao":0,"shapes":[{"ty":"gr","it":[{"ind":0,"ty":"sh","ix":1,"ks":{"a":1,"k":[{"i":{"x":0.667,"y":1},"o":{"x":0.333,"y":0},"t":7,"s":[{"i":[[0,0],[0,0],[0,0],[0,0],[0,0],[0,0],[0,0],[0,0]],"o":[[0,0],[0,0],[0,0],[0,0],[0,0],[0,0],[0,0],[0,0]],"v":[[3.002,-3.7],[3.99,-3.703],[3.995,-8.568],[2.992,-8.577],[-3.002,6.064],[-3.331,6.773],[-2.262,9.63],[-1.846,8.579]],"c":true}]},{"i":{"x":0.833,"y":0.833},"o":{"x":0.167,"y":0.167},"t":11,"s":[{"i":[[0,0],[0,0],[0,0],[0,0],[0,0],[0,0],[0,0],[0,0]],"o":[[0,0],[0,0],[0,0],[0,0],[0,0],[0,0],[0,0],[0,0]],"v":[[0,-8.576],[-0.145,-8.576],[-1.375,-8.575],[-1.995,-8.575],[-1.996,15.422],[-1.606,15.421],[-0.586,15.419],[0,15.418]],"c":true}]},{"i":{"x":0.667,"y":1},"o":{"x":0.333,"y":0},"t":17,"s":[{"i":[[0,0],[0,0],[0,0],[0,0],[0,0],[0,0],[0,0],[0,0]],"o":[[0,0],[0,0],[0,0],[0,0],[0,0],[0,0],[0,0],[0,0]],"v":[[0,-8.576],[-0.145,-8.576],[-1.375,-8.575],[-1.995,-8.575],[-1.996,15.422],[-1.606,15.421],[-0.586,15.419],[0,15.418]],"c":true}]},{"t":21,"s":[{"i":[[0,0],[0,0],[0,0],[0,0],[0,0],[0,0],[0,0],[0,0]],"o":[[0,0],[0,0],[0,0],[0,0],[0,0],[0,0],[0,0],[0,0]],"v":[[3.002,-3.7],[3.99,-3.703],[3.995,-8.568],[2.992,-8.577],[-3.002,6.064],[-3.331,6.773],[-2.262,9.63],[-1.846,8.579]],"c":true}]}],"ix":2},"nm":"Path 1","mn":"ADBE Vector Shape - Group","hd":false},{"ty":"fl","c":{"a":0,"k":[0,0,0,1],"ix":4},"o":{"a":0,"k":100,"ix":5},"r":1,"bm":0,"nm":"Fill 1","mn":"ADBE Vector Graphic - Fill","hd":false},{"ty":"tr","p":{"a":0,"k":[28.998,21.578],"ix":2},"a":{"a":0,"k":[0,0],"ix":1},"s":{"a":0,"k":[100,100],"ix":3},"r":{"a":0,"k":0,"ix":6},"o":{"a":0,"k":100,"ix":7},"sk":{"a":0,"k":0,"ix":4},"sa":{"a":0,"k":0,"ix":5},"nm":"Transform"}],"nm":"Group 1","np":2,"cix":2,"bm":0,"ix":1,"mn":"ADBE Vector Group","hd":false},{"ty":"gr","it":[{"ind":0,"ty":"sh","ix":1,"ks":{"a":1,"k":[{"i":{"x":0.667,"y":1},"o":{"x":0.333,"y":0},"t":7,"s":[{"i":[[0,0],[0,0.44],[0,0],[0,0],[0,-0.39],[0,0],[-0.21,-0.38]],"o":[[0.21,-0.38],[0,0],[0,0],[-0.17,0.35],[0,0],[0,0.44],[0,0]],"v":[[-0.82,9.5],[-0.5,8.25],[-0.5,-9.5],[1.76,-9.5],[1.5,-8.38],[1.5,8.25],[1.821,9.5]],"c":true}]},{"i":{"x":0.833,"y":0.833},"o":{"x":0.167,"y":0.167},"t":11,"s":[{"i":[[0,0],[0,0.44],[0,0],[0,0],[0,-0.39],[0,0],[0.011,0.008]],"o":[[0,0],[0,0],[0,0],[0,0.109],[0,0],[0,0.44],[0,0]],"v":[[0.493,9.5],[0.508,8.25],[0.469,-9.5],[0.469,-9.5],[0.469,-8.385],[0.5,8.25],[0.489,9.5]],"c":true}]},{"i":{"x":0.667,"y":1},"o":{"x":0.333,"y":0},"t":17,"s":[{"i":[[0,0],[0,0.44],[0,0],[0,0],[0,-0.39],[0,0],[0.011,0.008]],"o":[[0,0],[0,0],[0,0],[0,0.109],[0,0],[0,0.44],[0,0]],"v":[[0.493,9.5],[0.508,8.25],[0.469,-9.5],[0.469,-9.5],[0.469,-8.385],[0.5,8.25],[0.489,9.5]],"c":true}]},{"t":21,"s":[{"i":[[0,0],[0,0.44],[0,0],[0,0],[0,-0.39],[0,0],[-0.21,-0.38]],"o":[[0.21,-0.38],[0,0],[0,0],[-0.17,0.35],[0,0],[0,0.44],[0,0]],"v":[[-0.82,9.5],[-0.5,8.25],[-0.5,-9.5],[1.76,-9.5],[1.5,-8.38],[1.5,8.25],[1.821,9.5]],"c":true}]}],"ix":2},"nm":"Path 1","mn":"ADBE Vector Shape - Group","hd":false},{"ind":1,"ty":"sh","ix":2,"ks":{"a":1,"k":[{"i":{"x":0.667,"y":1},"o":{"x":0.333,"y":0},"t":7,"s":[{"i":[[0,0],[0,0],[0,0.16],[0,0],[-0.12,0.11],[0,0],[0,0],[0,0],[0,0],[0,0],[0.12,-0.12],[0,0],[0,0],[0,0]],"o":[[0,0],[-0.12,-0.12],[0,0],[0,-0.15],[0,0],[0,0],[0,0],[0,0],[0,0],[0,0.16],[0,0],[0,0],[0,0],[0,0]],"v":[[5.5,11.05],[3.68,8.68],[3.5,8.25],[3.5,-8.38],[3.68,-8.8],[5.5,-11],[5.5,-11.5],[-2.505,-11.5],[-2.5,-6.62],[-2.5,8.25],[-2.679,8.68],[-5.5,11.05],[-5.5,11.5],[5.5,11.5]],"c":true}]},{"i":{"x":0.833,"y":0.833},"o":{"x":0.167,"y":0.167},"t":11,"s":[{"i":[[0,0],[0,0],[0,0.16],[0,0],[0,0.001],[0,0],[0,0],[0,0],[0,0],[0,0],[0,0.002],[0,0],[0,0],[0,0]],"o":[[0,0],[0.002,-0.001],[0,0],[0,-0.15],[0,0],[0,0],[0,0],[0,0],[0,0],[-0.002,-0.002],[0,0],[0,0],[0,0],[0,0]],"v":[[1.498,11.031],[1.496,8.666],[1.496,8.243],[1.496,-8.392],[1.496,-8.795],[1.498,-11.007],[1.496,-11.496],[-0.497,-11.498],[-0.494,-6.465],[-0.498,12.5],[-0.495,12.503],[-0.496,12.495],[-0.5,12.495],[1.492,12.491]],"c":true}]},{"i":{"x":0.667,"y":1},"o":{"x":0.333,"y":0},"t":17,"s":[{"i":[[0,0],[0,0],[0,0.16],[0,0],[0,0.001],[0,0],[0,0],[0,0],[0,0],[0,0],[0,0.002],[0,0],[0,0],[0,0]],"o":[[0,0],[0.002,-0.001],[0,0],[0,-0.15],[0,0],[0,0],[0,0],[0,0],[0,0],[-0.002,-0.002],[0,0],[0,0],[0,0],[0,0]],"v":[[1.498,11.031],[1.496,8.666],[1.496,8.243],[1.496,-8.392],[1.496,-8.795],[1.498,-11.007],[1.496,-11.496],[-0.497,-11.498],[-0.494,-6.465],[-0.498,12.5],[-0.495,12.503],[-0.496,12.495],[-0.5,12.495],[1.492,12.491]],"c":true}]},{"t":21,"s":[{"i":[[0,0],[0,0],[0,0.16],[0,0],[-0.12,0.11],[0,0],[0,0],[0,0],[0,0],[0,0],[0.12,-0.12],[0,0],[0,0],[0,0]],"o":[[0,0],[-0.12,-0.12],[0,0],[0,-0.15],[0,0],[0,0],[0,0],[0,0],[0,0],[0,0.16],[0,0],[0,0],[0,0],[0,0]],"v":[[5.5,11.05],[3.68,8.68],[3.5,8.25],[3.5,-8.38],[3.68,-8.8],[5.5,-11],[5.5,-11.5],[-2.505,-11.5],[-2.5,-6.62],[-2.5,8.25],[-2.679,8.68],[-5.5,11.05],[-5.5,11.5],[5.5,11.5]],"c":true}]}],"ix":2},"nm":"Path 2","mn":"ADBE Vector Shape - Group","hd":false},{"ty":"mm","mm":1,"nm":"Merge Paths 1","mn":"ADBE Vector Filter - Merge","hd":false},{"ty":"fl","c":{"a":0,"k":[0,0,0,1],"ix":4},"o":{"a":0,"k":100,"ix":5},"r":1,"bm":0,"nm":"Fill 1","mn":"ADBE Vector Graphic - Fill","hd":false},{"ty":"tr","p":{"a":0,"k":[34.5,24.5],"ix":2},"a":{"a":0,"k":[0,0],"ix":1},"s":{"a":0,"k":[100,100],"ix":3},"r":{"a":0,"k":0,"ix":6},"o":{"a":0,"k":100,"ix":7},"sk":{"a":0,"k":0,"ix":4},"sa":{"a":0,"k":0,"ix":5},"nm":"Transform"}],"nm":"Group 2","np":4,"cix":2,"bm":0,"ix":2,"mn":"ADBE Vector Group","hd":false},{"ty":"gr","it":[{"ind":0,"ty":"sh","ix":1,"ks":{"a":1,"k":[{"i":{"x":0.667,"y":1},"o":{"x":0.333,"y":0},"t":7,"s":[{"i":[[0,0],[0,0],[0,0.218],[0,0],[0,0],[0,0],[0.14,-0.172],[0,0],[0,0],[0,0]],"o":[[0,0],[-0.139,-0.171],[0,0],[0,0],[0,0],[0,0.221],[0,0],[0,0],[0,0],[0,0]],"v":[[4,9.352],[1.215,5.893],[1,5.29],[1,-8.186],[-1,-10.181],[-1,5.306],[-1.217,5.914],[-4,9.352],[-4,9.806],[4,9.806]],"c":true}]},{"i":{"x":0.833,"y":0.833},"o":{"x":0.167,"y":0.167},"t":11,"s":[{"i":[[0,0],[0,0],[-0.003,-0.005],[0,0],[0,0],[0,0],[-0.002,0.002],[0,0],[0,0],[0,0]],"o":[[0,0],[0,-0.001],[0,0],[0,0],[0,0],[0.003,0.005],[0,0],[0,0],[0,0],[0,0]],"v":[[1,10.803],[0.992,10.787],[0.995,10.795],[1,-13.163],[-1,-13.181],[-1,10.785],[-0.996,10.789],[-1,10.799],[-0.996,10.804],[1,10.802]],"c":true}]},{"i":{"x":0.667,"y":1},"o":{"x":0.333,"y":0},"t":17,"s":[{"i":[[0,0],[0,0],[-0.003,-0.005],[0,0],[0,0],[0,0],[-0.002,0.002],[0,0],[0,0],[0,0]],"o":[[0,0],[0,-0.001],[0,0],[0,0],[0,0],[0.003,0.005],[0,0],[0,0],[0,0],[0,0]],"v":[[1,10.803],[0.992,10.787],[0.995,10.795],[1,-13.163],[-1,-13.181],[-1,10.785],[-0.996,10.789],[-1,10.799],[-0.996,10.804],[1,10.802]],"c":true}]},{"t":21,"s":[{"i":[[0,0],[0,0],[0,0.218],[0,0],[0,0],[0,0],[0.14,-0.172],[0,0],[0,0],[0,0]],"o":[[0,0],[-0.139,-0.171],[0,0],[0,0],[0,0],[0,0.221],[0,0],[0,0],[0,0],[0,0]],"v":[[4,9.352],[1.215,5.893],[1,5.29],[1,-8.186],[-1,-10.181],[-1,5.306],[-1.217,5.914],[-4,9.352],[-4,9.806],[4,9.806]],"c":true}]}],"ix":2},"nm":"Path 1","mn":"ADBE Vector Shape - Group","hd":false},{"ty":"fl","c":{"a":0,"k":[0,0,0,1],"ix":4},"o":{"a":0,"k":100,"ix":5},"r":1,"bm":0,"nm":"Fill 1","mn":"ADBE Vector Graphic - Fill","hd":false},{"ty":"tr","p":{"a":0,"k":[14,26.194],"ix":2},"a":{"a":0,"k":[0,0],"ix":1},"s":{"a":0,"k":[100,100],"ix":3},"r":{"a":0,"k":0,"ix":6},"o":{"a":0,"k":100,"ix":7},"sk":{"a":0,"k":0,"ix":4},"sa":{"a":0,"k":0,"ix":5},"nm":"Transform"}],"nm":"Group 3","np":2,"cix":2,"bm":0,"ix":3,"mn":"ADBE Vector Group","hd":false},{"ty":"gr","it":[{"ind":0,"ty":"sh","ix":1,"ks":{"a":1,"k":[{"i":{"x":0.667,"y":1},"o":{"x":0.333,"y":0},"t":7,"s":[{"i":[[0,0],[0,0],[0,0],[0,0],[0,0]],"o":[[0,0],[0,0],[0,0],[0,0],[0,0]],"v":[[-3.455,-9.5],[-1.247,-9.5],[5.912,5.696],[4.906,8.244],[4.905,8.245]],"c":true}]},{"i":{"x":0.833,"y":0.833},"o":{"x":0.167,"y":0.167},"t":11,"s":[{"i":[[0,0],[0,0],[0,0],[0,0],[0,0]],"o":[[0,0],[0,0],[0,0],[0,0],[0,0]],"v":[[1.908,-9.5],[1.909,-9.5],[1.912,5.704],[1.904,8.238],[1.905,8.24]],"c":true}]},{"i":{"x":0.667,"y":1},"o":{"x":0.333,"y":0},"t":17,"s":[{"i":[[0,0],[0,0],[0,0],[0,0],[0,0]],"o":[[0,0],[0,0],[0,0],[0,0],[0,0]],"v":[[1.908,-9.5],[1.909,-9.5],[1.912,5.704],[1.904,8.238],[1.905,8.24]],"c":true}]},{"t":21,"s":[{"i":[[0,0],[0,0],[0,0],[0,0],[0,0]],"o":[[0,0],[0,0],[0,0],[0,0],[0,0]],"v":[[-3.455,-9.5],[-1.247,-9.5],[5.912,5.696],[4.906,8.244],[4.905,8.245]],"c":true}]}],"ix":2},"nm":"Path 1","mn":"ADBE Vector Shape - Group","hd":false},{"ind":1,"ty":"sh","ix":2,"ks":{"a":1,"k":[{"i":{"x":0.667,"y":1},"o":{"x":0.333,"y":0},"t":7,"s":[{"i":[[0,0],[0,0],[0,0],[0,0],[0,0],[0,0],[0,0],[0,-0.142],[0,0],[0,0],[0,0]],"o":[[0,0],[0,0],[0,0],[0,0],[0,0],[0,0],[0.092,0.109],[0,0],[0,0],[0,0],[0,0]],"v":[[5.778,11.48],[8.076,5.657],[6.92,3.143],[0.021,-11.5],[-8.076,-11.5],[-8.076,-11],[-6.218,-8.5],[-6.076,-8.112],[-4.076,-6.125],[4.228,11.5],[5.771,11.5]],"c":true}]},{"i":{"x":0.833,"y":0.833},"o":{"x":0.167,"y":0.167},"t":11,"s":[{"i":[[0,0],[0,0],[0,0],[0,0],[0,0],[0,0],[0,0],[0,-0.142],[0,0],[0,0],[0,0]],"o":[[0,0],[0,0],[0,0],[0,0],[0,0],[0,0],[-0.003,0],[0,0],[0,0],[0,0],[0,0]],"v":[[2.923,12.495],[2.919,12.514],[2.911,12.467],[2.921,-11.5],[0.924,-11.5],[0.924,-11],[0.93,-8.5],[0.926,-7.729],[0.924,-6.125],[0.925,12.5],[2.923,12.496]],"c":true}]},{"i":{"x":0.667,"y":1},"o":{"x":0.333,"y":0},"t":17,"s":[{"i":[[0,0],[0,0],[0,0],[0,0],[0,0],[0,0],[0,0],[0,-0.142],[0,0],[0,0],[0,0]],"o":[[0,0],[0,0],[0,0],[0,0],[0,0],[0,0],[-0.003,0],[0,0],[0,0],[0,0],[0,0]],"v":[[2.923,12.495],[2.919,12.514],[2.911,12.467],[2.921,-11.5],[0.924,-11.5],[0.924,-11],[0.93,-8.5],[0.926,-7.729],[0.924,-6.125],[0.925,12.5],[2.923,12.496]],"c":true}]},{"t":21,"s":[{"i":[[0,0],[0,0],[0,0],[0,0],[0,0],[0,0],[0,0],[0,-0.142],[0,0],[0,0],[0,0]],"o":[[0,0],[0,0],[0,0],[0,0],[0,0],[0,0],[0.092,0.109],[0,0],[0,0],[0,0],[0,0]],"v":[[5.778,11.48],[8.076,5.657],[6.92,3.143],[0.021,-11.5],[-8.076,-11.5],[-8.076,-11],[-6.218,-8.5],[-6.076,-8.112],[-4.076,-6.125],[4.228,11.5],[5.771,11.5]],"c":true}]}],"ix":2},"nm":"Path 2","mn":"ADBE Vector Shape - Group","hd":false},{"ty":"mm","mm":1,"nm":"Merge Paths 1","mn":"ADBE Vector Filter - Merge","hd":false},{"ty":"fl","c":{"a":0,"k":[0,0,0,1],"ix":4},"o":{"a":0,"k":100,"ix":5},"r":1,"bm":0,"nm":"Fill 1","mn":"ADBE Vector Graphic - Fill","hd":false},{"ty":"tr","p":{"a":0,"k":[19.076,24.5],"ix":2},"a":{"a":0,"k":[0,0],"ix":1},"s":{"a":0,"k":[100,100],"ix":3},"r":{"a":0,"k":0,"ix":6},"o":{"a":0,"k":100,"ix":7},"sk":{"a":0,"k":0,"ix":4},"sa":{"a":0,"k":0,"ix":5},"nm":"Transform"}],"nm":"Group 4","np":4,"cix":2,"bm":0,"ix":4,"mn":"ADBE Vector Group","hd":false}],"ip":0,"op":28,"st":0,"bm":0}],"markers":[]}