{"v":"5.4.4","fr":24,"ip":0,"op":28,"w":50,"h":50,"nm":"google","ddd":0,"assets":[],"layers":[{"ddd":0,"ind":1,"ty":4,"nm":"Handle","sr":1,"ks":{"o":{"a":0,"k":100,"ix":11},"r":{"a":1,"k":[{"i":{"x":[0.667],"y":[1]},"o":{"x":[0.167],"y":[0.167]},"t":8,"s":[-9],"e":[0]},{"i":{"x":[0.667],"y":[1]},"o":{"x":[0.333],"y":[0]},"t":11,"s":[0],"e":[0]},{"i":{"x":[0.833],"y":[0.833]},"o":{"x":[0.333],"y":[0]},"t":17,"s":[0],"e":[6]},{"t":20}],"ix":10},"p":{"a":0,"k":[21,20,0],"ix":2},"a":{"a":0,"k":[21,20,0],"ix":1},"s":{"a":0,"k":[100,100,100],"ix":6}},"ao":0,"shapes":[{"ty":"gr","it":[{"ind":0,"ty":"sh","ix":1,"ks":{"a":1,"k":[{"i":{"x":0.667,"y":1},"o":{"x":0.167,"y":0.167},"t":8,"s":[{"i":[[0,0],[0,0]],"o":[[0,0],[0,0]],"v":[[1.771,1.771],[1.854,1.854]],"c":false}],"e":[{"i":[[0,0],[0,0]],"o":[[0,0],[0,0]],"v":[[-6.635,-6.635],[6.635,6.635]],"c":false}]},{"i":{"x":0.667,"y":1},"o":{"x":0.333,"y":0},"t":11,"s":[{"i":[[0,0],[0,0]],"o":[[0,0],[0,0]],"v":[[-6.635,-6.635],[6.635,6.635]],"c":false}],"e":[{"i":[[0,0],[0,0]],"o":[[0,0],[0,0]],"v":[[-6.635,-6.635],[6.635,6.635]],"c":false}]},{"i":{"x":0.833,"y":0.833},"o":{"x":0.333,"y":0},"t":17,"s":[{"i":[[0,0],[0,0]],"o":[[0,0],[0,0]],"v":[[-6.635,-6.635],[6.635,6.635]],"c":false}],"e":[{"i":[[0,0],[0,0]],"o":[[0,0],[0,0]],"v":[[1.771,1.771],[1.854,1.854]],"c":false}]},{"t":20}],"ix":2},"nm":"Path 1","mn":"ADBE Vector Shape - Group","hd":false},{"ty":"st","c":{"a":0,"k":[0,0,0,1],"ix":3},"o":{"a":0,"k":100,"ix":4},"w":{"a":0,"k":4,"ix":5},"lc":1,"lj":1,"ml":10,"bm":0,"nm":"Stroke 1","mn":"ADBE Vector Graphic - Stroke","hd":false},{"ty":"tr","p":{"a":0,"k":[38.864,38.864],"ix":2},"a":{"a":0,"k":[0,0],"ix":1},"s":{"a":0,"k":[100,100],"ix":3},"r":{"a":0,"k":0,"ix":6},"o":{"a":0,"k":100,"ix":7},"sk":{"a":0,"k":0,"ix":4},"sa":{"a":0,"k":0,"ix":5},"nm":"Transform"}],"nm":"Group 1","np":2,"cix":2,"bm":0,"ix":1,"mn":"ADBE Vector Group","hd":false}],"ip":8,"op":20,"st":0,"bm":0},{"ddd":0,"ind":2,"ty":4,"nm":"Magnifier glass","sr":1,"ks":{"o":{"a":0,"k":100,"ix":11},"r":{"a":0,"k":0,"ix":10},"p":{"a":0,"k":[25,25,0],"ix":2},"a":{"a":0,"k":[25,25,0],"ix":1},"s":{"a":0,"k":[100,100,100],"ix":6}},"ao":0,"shapes":[{"ty":"gr","it":[{"ind":0,"ty":"sh","ix":1,"ks":{"a":0,"k":{"i":[[8.837,0],[0,-8.836],[-8.836,0],[0,8.837]],"o":[[-8.836,0],[0,8.837],[8.837,0],[0,-8.836]],"v":[[0,-16],[-16,0],[0,16],[16,0]],"c":true},"ix":2},"nm":"Path 1","mn":"ADBE Vector Shape - Group","hd":false},{"ty":"st","c":{"a":0,"k":[0,0,0,1],"ix":3},"o":{"a":0,"k":100,"ix":4},"w":{"a":0,"k":2,"ix":5},"lc":2,"lj":1,"ml":10,"bm":0,"nm":"Stroke 1","mn":"ADBE Vector Graphic - Stroke","hd":false},{"ty":"tr","p":{"a":0,"k":[21,20],"ix":2},"a":{"a":0,"k":[0,0],"ix":1},"s":{"a":0,"k":[100,100],"ix":3},"r":{"a":0,"k":0,"ix":6},"o":{"a":0,"k":100,"ix":7},"sk":{"a":0,"k":0,"ix":4},"sa":{"a":0,"k":0,"ix":5},"nm":"Transform"}],"nm":"Group 2","np":2,"cix":2,"bm":0,"ix":1,"mn":"ADBE Vector Group","hd":false}],"ip":11,"op":17,"st":0,"bm":0},{"ddd":0,"ind":3,"ty":4,"nm":"Magnifier inner circle 2","sr":1,"ks":{"o":{"a":0,"k":100,"ix":11},"r":{"a":0,"k":0,"ix":10},"p":{"a":0,"k":[25,25,0],"ix":2},"a":{"a":0,"k":[25,25,0],"ix":1},"s":{"a":0,"k":[100,100,100],"ix":6}},"ao":0,"shapes":[{"ty":"gr","it":[{"ind":0,"ty":"sh","ix":1,"ks":{"a":1,"k":[{"i":{"x":0.833,"y":0.833},"o":{"x":0.167,"y":0},"t":17,"s":[{"i":[[8.768,0],[0,8.785],[-8.768,0],[0,-8.785]],"o":[[-8.768,0],[0,-8.785],[8.768,0],[0,8.785]],"v":[[-4.499,10.875],[-20.375,-5.031],[-4.499,-20.938],[11.376,-5.031]],"c":true}],"e":[{"i":[[7.017,0],[0,7.18],[-7.017,0],[0,-7.18]],"o":[[-7.017,0],[0,-7.18],[7.017,0],[0,7.18]],"v":[[0.001,13],[-12.704,0],[0.001,-13],[12.704,0]],"c":true}]},{"t":20}],"ix":2},"nm":"Path 1","mn":"ADBE Vector Shape - Group","hd":false},{"ty":"st","c":{"a":0,"k":[0,0,0,1],"ix":3},"o":{"a":0,"k":100,"ix":4},"w":{"a":0,"k":2,"ix":5},"lc":1,"lj":1,"ml":10,"bm":0,"nm":"Stroke 1","mn":"ADBE Vector Graphic - Stroke","hd":false},{"ty":"tr","p":{"a":0,"k":[25.5,25],"ix":2},"a":{"a":0,"k":[0,0],"ix":1},"s":{"a":0,"k":[100,100],"ix":3},"r":{"a":0,"k":0,"ix":6},"o":{"a":0,"k":100,"ix":7},"sk":{"a":0,"k":0,"ix":4},"sa":{"a":0,"k":0,"ix":5},"nm":"Transform"}],"nm":"Group 4","np":2,"cix":2,"bm":0,"ix":1,"mn":"ADBE Vector Group","hd":false}],"ip":18,"op":20,"st":9,"bm":0},{"ddd":0,"ind":4,"ty":4,"nm":"Magnifier outer circle 2","sr":1,"ks":{"o":{"a":0,"k":100,"ix":11},"r":{"a":0,"k":0,"ix":10},"p":{"a":0,"k":[25,25,0],"ix":2},"a":{"a":0,"k":[25,25,0],"ix":1},"s":{"a":0,"k":[100,100,100],"ix":6}},"ao":0,"shapes":[{"ty":"gr","it":[{"ind":0,"ty":"sh","ix":1,"ks":{"a":1,"k":[{"i":{"x":0.833,"y":0.833},"o":{"x":0.167,"y":0},"t":17,"s":[{"i":[[0,0],[0,0]],"o":[[0,0],[0,0]],"v":[[36.607,17.044],[36.6,17.053]],"c":false}],"e":[{"i":[[0,0],[0,0]],"o":[[0,0],[0,0]],"v":[[38,21],[46,21]],"c":false}]},{"t":20}],"ix":2},"nm":"Path 1","mn":"ADBE Vector Shape - Group","hd":false},{"ty":"st","c":{"a":0,"k":[0,0,0,1],"ix":3},"o":{"a":0,"k":100,"ix":4},"w":{"a":0,"k":2,"ix":5},"lc":1,"lj":1,"ml":10,"bm":0,"nm":"Stroke 1","mn":"ADBE Vector Graphic - Stroke","hd":false},{"ty":"tr","p":{"a":0,"k":[0,0],"ix":2},"a":{"a":0,"k":[0,0],"ix":1},"s":{"a":0,"k":[100,100],"ix":3},"r":{"a":0,"k":0,"ix":6},"o":{"a":0,"k":100,"ix":7},"sk":{"a":0,"k":0,"ix":4},"sa":{"a":0,"k":0,"ix":5},"nm":"Transform"}],"nm":"Group 3","np":2,"cix":2,"bm":0,"ix":1,"mn":"ADBE Vector Group","hd":false},{"ty":"gr","it":[{"ind":0,"ty":"sh","ix":1,"ks":{"a":1,"k":[{"i":{"x":0.833,"y":0.833},"o":{"x":0.167,"y":0},"t":17,"s":[{"i":[[8.836,0],[0,-8.854],[-8.836,0],[0,8.854]],"o":[[-8.836,0],[0,8.854],[8.836,0],[0,-8.854]],"v":[[-4.5,-21.063],[-20.5,-5.031],[-4.5,11],[11.5,-5.031]],"c":true}],"e":[{"i":[[11.874,0],[0,-12.15],[-11.874,0],[0,12.15]],"o":[[-11.874,0],[0,12.15],[11.874,0],[0,-12.15]],"v":[[0,-22],[-21.5,0],[0,22],[21.5,0]],"c":true}]},{"t":20}],"ix":2},"nm":"Path 1","mn":"ADBE Vector Shape - Group","hd":false},{"ty":"st","c":{"a":0,"k":[0,0,0,1],"ix":3},"o":{"a":0,"k":100,"ix":4},"w":{"a":0,"k":2,"ix":5},"lc":1,"lj":1,"ml":10,"bm":0,"nm":"Stroke 1","mn":"ADBE Vector Graphic - Stroke","hd":false},{"ty":"tr","p":{"a":0,"k":[25.5,25],"ix":2},"a":{"a":0,"k":[0,0],"ix":1},"s":{"a":0,"k":[100,100],"ix":3},"r":{"a":0,"k":0,"ix":6},"o":{"a":0,"k":100,"ix":7},"sk":{"a":0,"k":0,"ix":4},"sa":{"a":0,"k":0,"ix":5},"nm":"Transform"}],"nm":"Group 5","np":2,"cix":2,"bm":0,"ix":2,"mn":"ADBE Vector Group","hd":false}],"ip":17,"op":20,"st":9,"bm":0},{"ddd":0,"ind":5,"ty":4,"nm":"Magnifier inner circle","sr":1,"ks":{"o":{"a":0,"k":100,"ix":11},"r":{"a":0,"k":0,"ix":10},"p":{"a":0,"k":[25,25,0],"ix":2},"a":{"a":0,"k":[25,25,0],"ix":1},"s":{"a":0,"k":[100,100,100],"ix":6}},"ao":0,"shapes":[{"ty":"gr","it":[{"ind":0,"ty":"sh","ix":1,"ks":{"a":1,"k":[{"i":{"x":0.667,"y":1},"o":{"x":0.167,"y":0.167},"t":8,"s":[{"i":[[7.017,0],[0,7.18],[-7.017,0],[0,-7.18]],"o":[[-7.017,0],[0,-7.18],[7.017,0],[0,7.18]],"v":[[0.001,13],[-12.704,0],[0.001,-13],[12.704,0]],"c":true}],"e":[{"i":[[8.768,0],[0,8.785],[-8.768,0],[0,-8.785]],"o":[[-8.768,0],[0,-8.785],[8.768,0],[0,8.785]],"v":[[-4.499,10.875],[-20.375,-5.031],[-4.499,-20.938],[11.376,-5.031]],"c":true}]},{"t":11}],"ix":2},"nm":"Path 1","mn":"ADBE Vector Shape - Group","hd":false},{"ty":"st","c":{"a":0,"k":[0,0,0,1],"ix":3},"o":{"a":0,"k":100,"ix":4},"w":{"a":0,"k":2,"ix":5},"lc":1,"lj":1,"ml":10,"bm":0,"nm":"Stroke 1","mn":"ADBE Vector Graphic - Stroke","hd":false},{"ty":"tr","p":{"a":0,"k":[25.5,25],"ix":2},"a":{"a":0,"k":[0,0],"ix":1},"s":{"a":0,"k":[100,100],"ix":3},"r":{"a":0,"k":0,"ix":6},"o":{"a":0,"k":100,"ix":7},"sk":{"a":0,"k":0,"ix":4},"sa":{"a":0,"k":0,"ix":5},"nm":"Transform"}],"nm":"Group 4","np":2,"cix":2,"bm":0,"ix":1,"mn":"ADBE Vector Group","hd":false}],"ip":8,"op":10,"st":0,"bm":0},{"ddd":0,"ind":6,"ty":4,"nm":"Magnifier outer circle","sr":1,"ks":{"o":{"a":0,"k":100,"ix":11},"r":{"a":0,"k":0,"ix":10},"p":{"a":0,"k":[25,25,0],"ix":2},"a":{"a":0,"k":[25,25,0],"ix":1},"s":{"a":0,"k":[100,100,100],"ix":6}},"ao":0,"shapes":[{"ty":"gr","it":[{"ind":0,"ty":"sh","ix":1,"ks":{"a":1,"k":[{"i":{"x":0.667,"y":1},"o":{"x":0.167,"y":0.167},"t":8,"s":[{"i":[[0,0],[0,0]],"o":[[0,0],[0,0]],"v":[[38,21],[46,21]],"c":false}],"e":[{"i":[[0,0],[0,0]],"o":[[0,0],[0,0]],"v":[[36.607,17.044],[36.6,17.053]],"c":false}]},{"t":11}],"ix":2},"nm":"Path 1","mn":"ADBE Vector Shape - Group","hd":false},{"ty":"st","c":{"a":0,"k":[0,0,0,1],"ix":3},"o":{"a":0,"k":100,"ix":4},"w":{"a":0,"k":2,"ix":5},"lc":1,"lj":1,"ml":10,"bm":0,"nm":"Stroke 1","mn":"ADBE Vector Graphic - Stroke","hd":false},{"ty":"tr","p":{"a":0,"k":[0,0],"ix":2},"a":{"a":0,"k":[0,0],"ix":1},"s":{"a":0,"k":[100,100],"ix":3},"r":{"a":0,"k":0,"ix":6},"o":{"a":0,"k":100,"ix":7},"sk":{"a":0,"k":0,"ix":4},"sa":{"a":0,"k":0,"ix":5},"nm":"Transform"}],"nm":"Group 3","np":2,"cix":2,"bm":0,"ix":1,"mn":"ADBE Vector Group","hd":false},{"ty":"gr","it":[{"ind":0,"ty":"sh","ix":1,"ks":{"a":1,"k":[{"i":{"x":0.667,"y":1},"o":{"x":0.167,"y":0.167},"t":8,"s":[{"i":[[11.874,0],[0,-12.15],[-11.874,0],[0,12.15]],"o":[[-11.874,0],[0,12.15],[11.874,0],[0,-12.15]],"v":[[0,-22],[-21.5,0],[0,22],[21.5,0]],"c":true}],"e":[{"i":[[8.836,0],[0,-8.854],[-8.836,0],[0,8.854]],"o":[[-8.836,0],[0,8.854],[8.836,0],[0,-8.854]],"v":[[-4.5,-21.063],[-20.5,-5.031],[-4.5,11],[11.5,-5.031]],"c":true}]},{"t":11}],"ix":2},"nm":"Path 1","mn":"ADBE Vector Shape - Group","hd":false},{"ty":"st","c":{"a":0,"k":[0,0,0,1],"ix":3},"o":{"a":0,"k":100,"ix":4},"w":{"a":0,"k":2,"ix":5},"lc":1,"lj":1,"ml":10,"bm":0,"nm":"Stroke 1","mn":"ADBE Vector Graphic - Stroke","hd":false},{"ty":"tr","p":{"a":0,"k":[25.5,25],"ix":2},"a":{"a":0,"k":[0,0],"ix":1},"s":{"a":0,"k":[100,100],"ix":3},"r":{"a":0,"k":0,"ix":6},"o":{"a":0,"k":100,"ix":7},"sk":{"a":0,"k":0,"ix":4},"sa":{"a":0,"k":0,"ix":5},"nm":"Transform"}],"nm":"Group 5","np":2,"cix":2,"bm":0,"ix":2,"mn":"ADBE Vector Group","hd":false}],"ip":8,"op":11,"st":0,"bm":0},{"ddd":0,"ind":7,"ty":4,"nm":"Logo 2","parent":9,"sr":1,"ks":{"o":{"a":0,"k":100,"ix":11},"r":{"a":0,"k":0,"ix":10},"p":{"a":0,"k":[25,25,0],"ix":2},"a":{"a":0,"k":[25,25,0],"ix":1},"s":{"a":0,"k":[100,100,100],"ix":6}},"ao":0,"shapes":[{"ty":"gr","it":[{"ind":0,"ty":"sh","ix":1,"ks":{"a":1,"k":[{"i":{"x":0.833,"y":0.833},"o":{"x":0.167,"y":0.167},"t":20,"s":[{"i":[[0,0],[0,0],[0,0],[5.571,4.61],[-4.449,5.823],[-5.824,-4.451],[-0.808,-2.266],[0,0],[4.535,3.466],[7.378,-9.653],[-9.656,-7.379],[3,23.002]],"o":[[0,0],[0,0],[-3,11],[-5.649,-4.674],[4.451,-5.824],[2.619,2.001],[0,0],[-0.943,-5.205],[-9.656,-7.379],[-7.377,9.655],[15.287,11.682],[0,0]],"v":[[11.743,-4],[11.743,4],[11.731,4],[-8.568,10.305],[-11.058,-8.298],[7.546,-10.783],[11.731,-4],[20.731,-4],[12.847,-17.72],[-17.996,-13.601],[-13.869,17.241],[20.731,-4]],"c":true}],"e":[{"i":[[0,0],[0,0],[0,0],[5.571,4.61],[-4.449,5.823],[-5.824,-4.451],[-0.808,-2.266],[0,0],[4.535,3.466],[7.378,-9.653],[-9.656,-7.379],[3,23.002]],"o":[[0,0],[0,0],[-3,11],[-5.649,-4.674],[4.451,-5.824],[2.619,2.001],[0,0],[-0.943,-5.205],[-9.656,-7.379],[-7.377,9.655],[15.287,11.682],[0,0]],"v":[[8.731,-4],[8.731,4],[11.731,4],[-8.568,10.305],[-11.058,-8.298],[7.546,-10.783],[11.731,-4],[20.731,-4],[12.847,-17.72],[-17.996,-13.601],[-13.869,17.241],[20.731,-4]],"c":true}]},{"i":{"x":0.833,"y":0.833},"o":{"x":0.167,"y":0.167},"t":21.667,"s":[{"i":[[0,0],[0,0],[0,0],[5.571,4.61],[-4.449,5.823],[-5.824,-4.451],[-0.808,-2.266],[0,0],[4.535,3.466],[7.378,-9.653],[-9.656,-7.379],[3,23.002]],"o":[[0,0],[0,0],[-3,11],[-5.649,-4.674],[4.451,-5.824],[2.619,2.001],[0,0],[-0.943,-5.205],[-9.656,-7.379],[-7.377,9.655],[15.287,11.682],[0,0]],"v":[[8.731,-4],[8.731,4],[11.731,4],[-8.568,10.305],[-11.058,-8.298],[7.546,-10.783],[11.731,-4],[20.731,-4],[12.847,-17.72],[-17.996,-13.601],[-13.869,17.241],[20.731,-4]],"c":true}],"e":[{"i":[[0,0],[0,0],[0,0],[6.811,2.434],[-2.197,6.993],[-6.993,-2.197],[-1.619,-2.593],[0,0],[5.446,1.711],[3.642,-11.592],[-11.594,-3.642],[1.244,15.951]],"o":[[0,0],[0,0],[-2,6],[-6.903,-2.467],[2.197,-6.992],[3.144,0.988],[0,0],[-2.662,-4.571],[-11.593,-3.643],[-3.642,11.591],[18.354,5.768],[0,0]],"v":[[3.731,-4],[3.731,5],[11.731,5],[-4.269,12.785],[-12.954,-3.854],[3.687,-12.535],[10.957,-6.9],[18.719,-10.95],[6.303,-20.863],[-21.284,-6.471],[-6.886,21.113],[20.731,-4]],"c":true}]},{"i":{"x":0.833,"y":0.833},"o":{"x":0.167,"y":0.167},"t":23.333,"s":[{"i":[[0,0],[0,0],[0,0],[6.811,2.434],[-2.197,6.993],[-6.993,-2.197],[-1.619,-2.593],[0,0],[5.446,1.711],[3.642,-11.592],[-11.594,-3.642],[1.244,15.951]],"o":[[0,0],[0,0],[-2,6],[-6.903,-2.467],[2.197,-6.992],[3.144,0.988],[0,0],[-2.662,-4.571],[-11.593,-3.643],[-3.642,11.591],[18.354,5.768],[0,0]],"v":[[3.731,-4],[3.731,5],[11.731,5],[-4.269,12.785],[-12.954,-3.854],[3.687,-12.535],[10.957,-6.9],[18.719,-10.95],[6.303,-20.863],[-21.284,-6.471],[-6.886,21.113],[20.731,-4]],"c":true}],"e":[{"i":[[0,0],[0,0],[0,0],[6.156,0],[0,7.329],[-7.33,0],[-2.321,-1.988],[0,0],[5.708,0],[0,-12.15],[-12.153,0],[1.81,8.576]],"o":[[0,0],[0,0],[-1.566,5.094],[-7.331,0],[0,-7.329],[3.296,0],[0,0],[-3.91,-3.563],[-12.153,0],[0,12.15],[19.239,0],[0,0]],"v":[[-0.271,-3.874],[-0.271,4.532],[11.706,4.532],[-0.271,13.27],[-13.544,0],[-0.271,-13.27],[8.354,-10.074],[14.546,-16.264],[-0.271,-22],[-22.277,0],[-0.271,22],[20.466,-3.845]],"c":true}]},{"t":25}],"ix":2},"nm":"Path 1","mn":"ADBE Vector Shape - Group","hd":false},{"ty":"st","c":{"a":0,"k":[0,0,0,1],"ix":3},"o":{"a":0,"k":100,"ix":4},"w":{"a":0,"k":2,"ix":5},"lc":1,"lj":1,"ml":10,"bm":0,"nm":"Stroke 1","mn":"ADBE Vector Graphic - Stroke","hd":false},{"ty":"tr","p":{"a":0,"k":[26.269,25],"ix":2},"a":{"a":0,"k":[0,0],"ix":1},"s":{"a":0,"k":[100,100],"ix":3},"r":{"a":0,"k":0,"ix":6},"o":{"a":0,"k":100,"ix":7},"sk":{"a":0,"k":0,"ix":4},"sa":{"a":0,"k":0,"ix":5},"nm":"Transform"}],"nm":"Group 8","np":2,"cix":2,"bm":0,"ix":1,"mn":"ADBE Vector Group","hd":false}],"ip":20,"op":28,"st":20,"bm":0},{"ddd":0,"ind":8,"ty":4,"nm":"Logo","parent":9,"sr":1,"ks":{"o":{"a":0,"k":100,"ix":11},"r":{"a":0,"k":0,"ix":10},"p":{"a":0,"k":[25,25,0],"ix":2},"a":{"a":0,"k":[25,25,0],"ix":1},"s":{"a":0,"k":[100,100,100],"ix":6}},"ao":0,"shapes":[{"ty":"gr","it":[{"ind":0,"ty":"sh","ix":1,"ks":{"a":1,"k":[{"i":{"x":0.833,"y":0.833},"o":{"x":0.167,"y":0.167},"t":3,"s":[{"i":[[0,0],[0,0],[0,0],[6.156,0],[0,7.329],[-7.33,0],[-2.321,-1.988],[0,0],[5.708,0],[0,-12.15],[-12.153,0],[1.81,8.576]],"o":[[0,0],[0,0],[-1.566,5.094],[-7.331,0],[0,-7.329],[3.296,0],[0,0],[-3.91,-3.563],[-12.153,0],[0,12.15],[19.239,0],[0,0]],"v":[[-0.271,-3.874],[-0.271,4.532],[11.706,4.532],[-0.271,13.27],[-13.544,0],[-0.271,-13.27],[8.354,-10.074],[14.546,-16.264],[-0.271,-22],[-22.277,0],[-0.271,22],[20.466,-3.845]],"c":true}],"e":[{"i":[[0,0],[0,0],[0,0],[6.811,2.434],[-2.197,6.993],[-6.993,-2.197],[-1.619,-2.593],[0,0],[5.446,1.711],[3.642,-11.592],[-11.594,-3.642],[1.244,15.951]],"o":[[0,0],[0,0],[-2,6],[-6.903,-2.467],[2.197,-6.992],[3.144,0.988],[0,0],[-2.662,-4.571],[-11.593,-3.643],[-3.642,11.591],[18.354,5.768],[0,0]],"v":[[3.731,-4],[3.731,5],[11.731,5],[-4.269,12.785],[-12.954,-3.854],[3.687,-12.535],[10.957,-6.9],[18.719,-10.95],[6.303,-20.863],[-21.284,-6.471],[-6.886,21.113],[20.731,-4]],"c":true}]},{"i":{"x":0.833,"y":0.833},"o":{"x":0.167,"y":0.167},"t":4.667,"s":[{"i":[[0,0],[0,0],[0,0],[6.811,2.434],[-2.197,6.993],[-6.993,-2.197],[-1.619,-2.593],[0,0],[5.446,1.711],[3.642,-11.592],[-11.594,-3.642],[1.244,15.951]],"o":[[0,0],[0,0],[-2,6],[-6.903,-2.467],[2.197,-6.992],[3.144,0.988],[0,0],[-2.662,-4.571],[-11.593,-3.643],[-3.642,11.591],[18.354,5.768],[0,0]],"v":[[3.731,-4],[3.731,5],[11.731,5],[-4.269,12.785],[-12.954,-3.854],[3.687,-12.535],[10.957,-6.9],[18.719,-10.95],[6.303,-20.863],[-21.284,-6.471],[-6.886,21.113],[20.731,-4]],"c":true}],"e":[{"i":[[0,0],[0,0],[0,0],[5.571,4.61],[-4.449,5.823],[-5.824,-4.451],[-0.808,-2.266],[0,0],[4.535,3.466],[7.378,-9.653],[-9.656,-7.379],[3,23.002]],"o":[[0,0],[0,0],[-3,11],[-5.649,-4.674],[4.451,-5.824],[2.619,2.001],[0,0],[-0.943,-5.205],[-9.656,-7.379],[-7.377,9.655],[15.287,11.682],[0,0]],"v":[[8.731,-4],[8.731,4],[11.731,4],[-8.568,10.305],[-11.058,-8.298],[7.546,-10.783],[11.731,-4],[20.731,-4],[12.847,-17.72],[-17.996,-13.601],[-13.869,17.241],[20.731,-4]],"c":true}]},{"i":{"x":0.833,"y":0.833},"o":{"x":0.167,"y":0.167},"t":6.333,"s":[{"i":[[0,0],[0,0],[0,0],[5.571,4.61],[-4.449,5.823],[-5.824,-4.451],[-0.808,-2.266],[0,0],[4.535,3.466],[7.378,-9.653],[-9.656,-7.379],[3,23.002]],"o":[[0,0],[0,0],[-3,11],[-5.649,-4.674],[4.451,-5.824],[2.619,2.001],[0,0],[-0.943,-5.205],[-9.656,-7.379],[-7.377,9.655],[15.287,11.682],[0,0]],"v":[[8.731,-4],[8.731,4],[11.731,4],[-8.568,10.305],[-11.058,-8.298],[7.546,-10.783],[11.731,-4],[20.731,-4],[12.847,-17.72],[-17.996,-13.601],[-13.869,17.241],[20.731,-4]],"c":true}],"e":[{"i":[[0,0],[0,0],[0,0],[5.571,4.61],[-4.449,5.823],[-5.824,-4.451],[-0.808,-2.266],[0,0],[4.535,3.466],[7.378,-9.653],[-9.656,-7.379],[3,23.002]],"o":[[0,0],[0,0],[-3,11],[-5.649,-4.674],[4.451,-5.824],[2.619,2.001],[0,0],[-0.943,-5.205],[-9.656,-7.379],[-7.377,9.655],[15.287,11.682],[0,0]],"v":[[11.743,-4],[11.743,4],[11.731,4],[-8.568,10.305],[-11.058,-8.298],[7.546,-10.783],[11.731,-4],[20.731,-4],[12.847,-17.72],[-17.996,-13.601],[-13.869,17.241],[20.731,-4]],"c":true}]},{"t":8}],"ix":2},"nm":"Path 1","mn":"ADBE Vector Shape - Group","hd":false},{"ty":"st","c":{"a":0,"k":[0,0,0,1],"ix":3},"o":{"a":0,"k":100,"ix":4},"w":{"a":0,"k":2,"ix":5},"lc":1,"lj":1,"ml":10,"bm":0,"nm":"Stroke 1","mn":"ADBE Vector Graphic - Stroke","hd":false},{"ty":"tr","p":{"a":0,"k":[26.269,25],"ix":2},"a":{"a":0,"k":[0,0],"ix":1},"s":{"a":0,"k":[100,100],"ix":3},"r":{"a":0,"k":0,"ix":6},"o":{"a":0,"k":100,"ix":7},"sk":{"a":0,"k":0,"ix":4},"sa":{"a":0,"k":0,"ix":5},"nm":"Transform"}],"nm":"Group 8","np":2,"cix":2,"bm":0,"ix":1,"mn":"ADBE Vector Group","hd":false}],"ip":0,"op":8,"st":0,"bm":0},{"ddd":0,"ind":9,"ty":3,"nm":"Rotation controller","sr":1,"ks":{"o":{"a":0,"k":100,"ix":11},"r":{"a":1,"k":[{"i":{"x":[0.833],"y":[0.833]},"o":{"x":[0.333],"y":[0]},"t":3,"s":[0],"e":[360]},{"i":{"x":[0.833],"y":[0.833]},"o":{"x":[0.167],"y":[0.167]},"t":8,"s":[360],"e":[270]},{"i":{"x":[0.667],"y":[1]},"o":{"x":[0.167],"y":[0.167]},"t":20,"s":[270],"e":[360]},{"t":25}],"ix":10},"p":{"a":0,"k":[25.5,25,0],"ix":2},"a":{"a":0,"k":[25.5,25,0],"ix":1},"s":{"a":0,"k":[100,100,100],"ix":6}},"ao":0,"ip":0,"op":28,"st":0,"bm":0}],"markers":[]}