{"v":"5.5.8","fr":24,"ip":0,"op":28,"w":50,"h":50,"nm":"come-back-later","ddd":0,"assets":[],"layers":[{"ddd":0,"ind":1,"ty":4,"nm":"hanger","sr":1,"ks":{"o":{"a":0,"k":100,"ix":11},"r":{"a":1,"k":[{"i":{"x":[0.667],"y":[1]},"o":{"x":[0.333],"y":[0]},"t":3,"s":[0]},{"i":{"x":[0.667],"y":[0.934]},"o":{"x":[0.333],"y":[0]},"t":7,"s":[20]},{"i":{"x":[0.667],"y":[0.949]},"o":{"x":[0.333],"y":[-0.061]},"t":13,"s":[-15]},{"i":{"x":[0.667],"y":[0.845]},"o":{"x":[0.333],"y":[-0.085]},"t":17,"s":[10]},{"i":{"x":[0.667],"y":[1]},"o":{"x":[0.333],"y":[-0.464]},"t":21,"s":[-5]},{"t":25,"s":[0]}],"ix":10},"p":{"a":0,"k":[25.004,2.977,0],"ix":2},"a":{"a":0,"k":[25.004,2.977,0],"ix":1},"s":{"a":0,"k":[100,100,100],"ix":6}},"ao":0,"shapes":[{"ty":"gr","it":[{"ind":0,"ty":"sh","ix":1,"ks":{"a":0,"k":{"i":[[0,0],[0,0]],"o":[[0,0],[0,0]],"v":[[-3,-3],[3,3]],"c":false},"ix":2},"nm":"Path 1","mn":"ADBE Vector Shape - Group","hd":false},{"ty":"st","c":{"a":0,"k":[0,0,0,1],"ix":3},"o":{"a":0,"k":100,"ix":4},"w":{"a":0,"k":2,"ix":5},"lc":1,"lj":1,"ml":10,"bm":0,"nm":"Stroke 1","mn":"ADBE Vector Graphic - Stroke","hd":false},{"ty":"tr","p":{"a":0,"k":[25,33],"ix":2},"a":{"a":0,"k":[0,0],"ix":1},"s":{"a":0,"k":[100,100],"ix":3},"r":{"a":0,"k":0,"ix":6},"o":{"a":0,"k":100,"ix":7},"sk":{"a":0,"k":0,"ix":4},"sa":{"a":0,"k":0,"ix":5},"nm":"Transform"}],"nm":"Group 1","np":2,"cix":2,"bm":0,"ix":1,"mn":"ADBE Vector Group","hd":false},{"ty":"gr","it":[{"ind":0,"ty":"sh","ix":1,"ks":{"a":0,"k":{"i":[[0,-2.762],[2.762,0],[0,2.762],[-2.761,0]],"o":[[0,2.762],[-2.761,0],[0,-2.762],[2.762,0]],"v":[[5,0],[0,5],[-5,0],[0,-5]],"c":true},"ix":2},"nm":"Path 1","mn":"ADBE Vector Shape - Group","hd":false},{"ty":"st","c":{"a":0,"k":[0,0,0,1],"ix":3},"o":{"a":0,"k":100,"ix":4},"w":{"a":0,"k":2,"ix":5},"lc":1,"lj":1,"ml":10,"bm":0,"nm":"Stroke 1","mn":"ADBE Vector Graphic - Stroke","hd":false},{"ty":"tr","p":{"a":0,"k":[25,33],"ix":2},"a":{"a":0,"k":[0,0],"ix":1},"s":{"a":0,"k":[100,100],"ix":3},"r":{"a":0,"k":0,"ix":6},"o":{"a":0,"k":100,"ix":7},"sk":{"a":0,"k":0,"ix":4},"sa":{"a":0,"k":0,"ix":5},"nm":"Transform"}],"nm":"Group 2","np":2,"cix":2,"bm":0,"ix":2,"mn":"ADBE Vector Group","hd":false},{"ty":"gr","it":[{"ind":0,"ty":"sh","ix":1,"ks":{"a":0,"k":{"i":[[-0.078,-5.358],[0,0],[-2.209,0],[0,0],[0,2.209],[0,0],[2.21,0],[0,0],[0.696,2.635],[-3.205,0.845],[-0.845,-3.204],[-0.922,-0.002],[-0.189,0.056],[0.315,1.059],[4.782,-0.321]],"o":[[0,0],[0,2.209],[0,0],[2.209,0],[0,0],[0,-2.21],[0,0],[-2.725,0.001],[-0.845,-3.205],[3.205,-0.845],[0.218,0.896],[0.197,0.001],[1.059,-0.315],[-1.221,-4.634],[-5.338,0.471]],"v":[[-9.961,-11.499],[-9.961,18.161],[-5.961,22.161],[6.039,22.161],[10.039,18.161],[10.039,-3.84],[6.039,-5.84],[0.039,-5.84],[-5.765,-10.309],[-1.493,-17.641],[5.839,-13.37],[7.779,-11.839],[8.362,-11.923],[9.709,-14.41],[-0.631,-21.84]],"c":true},"ix":2},"nm":"Path 1","mn":"ADBE Vector Shape - Group","hd":false},{"ty":"st","c":{"a":0,"k":[0,0,0,1],"ix":3},"o":{"a":0,"k":100,"ix":4},"w":{"a":0,"k":2,"ix":5},"lc":2,"lj":2,"bm":0,"nm":"Stroke 1","mn":"ADBE Vector Graphic - Stroke","hd":false},{"ty":"tr","p":{"a":0,"k":[24.962,24.839],"ix":2},"a":{"a":0,"k":[0,0],"ix":1},"s":{"a":0,"k":[100,100],"ix":3},"r":{"a":0,"k":0,"ix":6},"o":{"a":0,"k":100,"ix":7},"sk":{"a":0,"k":0,"ix":4},"sa":{"a":0,"k":0,"ix":5},"nm":"Transform"}],"nm":"Group 3","np":2,"cix":2,"bm":0,"ix":3,"mn":"ADBE Vector Group","hd":false}],"ip":0,"op":28,"st":1,"bm":0}],"markers":[]}