{"v":"5.5.8","fr":24,"ip":0,"op":28,"w":50,"h":50,"nm":"save-changes","ddd":0,"assets":[],"layers":[{"ddd":0,"ind":1,"ty":4,"nm":"Cap ","parent":2,"sr":1,"ks":{"o":{"a":0,"k":100,"ix":11},"r":{"a":0,"k":0,"ix":10},"p":{"a":1,"k":[{"i":{"x":0.55,"y":1},"o":{"x":0.45,"y":0},"t":5,"s":[23.5,12,0],"to":[0.25,0,0],"ti":[0.5,0,0]},{"i":{"x":0.55,"y":1},"o":{"x":0.45,"y":0},"t":7,"s":[25,12,0],"to":[-0.5,0,0],"ti":[0.75,0,0]},{"i":{"x":0.55,"y":0.55},"o":{"x":0.45,"y":0.45},"t":10,"s":[20.5,12,0],"to":[0,0,0],"ti":[0,0,0]},{"i":{"x":0.55,"y":1},"o":{"x":0.45,"y":0},"t":17,"s":[20.5,12,0],"to":[0.75,0,0],"ti":[-0.5,0,0]},{"i":{"x":0.55,"y":1},"o":{"x":0.45,"y":0},"t":20,"s":[25,12,0],"to":[0.5,0,0],"ti":[0.25,0,0]},{"t":22,"s":[23.5,12,0]}],"ix":2},"a":{"a":0,"k":[15.5,12,0],"ix":1},"s":{"a":0,"k":[100,100,100],"ix":6}},"ao":0,"shapes":[{"ty":"gr","it":[{"ind":0,"ty":"sh","ix":1,"ks":{"a":0,"k":{"i":[[0,0],[0,0],[0,0],[0,0]],"o":[[0,0],[0,0],[0,0],[0,0]],"v":[[1.5,3],[-1.5,3],[-1.5,-3],[1.5,-3]],"c":true},"ix":2},"nm":"Path 1","mn":"ADBE Vector Shape - Group","hd":false},{"ty":"st","c":{"a":0,"k":[0,0,0,1],"ix":3},"o":{"a":0,"k":100,"ix":4},"w":{"a":0,"k":2,"ix":5},"lc":2,"lj":2,"bm":0,"nm":"Stroke 1","mn":"ADBE Vector Graphic - Stroke","hd":false},{"ty":"tr","p":{"a":0,"k":[20.5,12],"ix":2},"a":{"a":0,"k":[0,0],"ix":1},"s":{"a":0,"k":[100,100],"ix":3},"r":{"a":0,"k":0,"ix":6},"o":{"a":0,"k":100,"ix":7},"sk":{"a":0,"k":0,"ix":4},"sa":{"a":0,"k":0,"ix":5},"nm":"Transform"}],"nm":"Group 1","np":2,"cix":2,"bm":0,"ix":1,"mn":"ADBE Vector Group","hd":false},{"ty":"gr","it":[{"ind":0,"ty":"sh","ix":1,"ks":{"a":0,"k":{"i":[[0,0],[1.1,0],[0,0],[0,1.1],[0,0],[-0.6,0],[0,0],[0,-0.6]],"o":[[0,1.1],[0,0],[-1.1,0],[0,0],[0,-0.6],[0,0],[0.6,0],[0,0]],"v":[[10.5,5],[8.5,7],[-8.5,7],[-10.5,5],[-10.5,-6],[-9.5,-7],[9.5,-7],[10.5,-6]],"c":true},"ix":2},"nm":"Path 1","mn":"ADBE Vector Shape - Group","hd":false},{"ty":"st","c":{"a":0,"k":[0,0,0,1],"ix":3},"o":{"a":0,"k":100,"ix":4},"w":{"a":0,"k":2,"ix":5},"lc":2,"lj":2,"bm":0,"nm":"Stroke 1","mn":"ADBE Vector Graphic - Stroke","hd":false},{"ty":"tr","p":{"a":0,"k":[15.5,12],"ix":2},"a":{"a":0,"k":[0,0],"ix":1},"s":{"a":0,"k":[100,100],"ix":3},"r":{"a":0,"k":0,"ix":6},"o":{"a":0,"k":100,"ix":7},"sk":{"a":0,"k":0,"ix":4},"sa":{"a":0,"k":0,"ix":5},"nm":"Transform"}],"nm":"Group 2","np":2,"cix":2,"bm":0,"ix":2,"mn":"ADBE Vector Group","hd":false}],"ip":0,"op":28,"st":0,"bm":0},{"ddd":0,"ind":2,"ty":4,"nm":"Base ","sr":1,"ks":{"o":{"a":0,"k":100,"ix":11},"r":{"a":1,"k":[{"i":{"x":[0.857],"y":[1]},"o":{"x":[0.45],"y":[0]},"t":3,"s":[0]},{"i":{"x":[0.55],"y":[1]},"o":{"x":[0.45],"y":[0]},"t":7,"s":[2]},{"i":{"x":[0.55],"y":[1]},"o":{"x":[0.45],"y":[0]},"t":10,"s":[-10]},{"i":{"x":[0.414],"y":[1]},"o":{"x":[0.707],"y":[0]},"t":17,"s":[-10]},{"i":{"x":[0.55],"y":[1]},"o":{"x":[0.45],"y":[0]},"t":20,"s":[2]},{"t":24,"s":[0]}],"ix":10},"p":{"a":0,"k":[25,24.357,0],"ix":2},"a":{"a":0,"k":[24,24.5,0],"ix":1},"s":{"a":1,"k":[{"i":{"x":[0.55,0.55,0.55],"y":[1,1,1]},"o":{"x":[0.45,0.45,0.45],"y":[0,0,0]},"t":3,"s":[100,100,100]},{"i":{"x":[0.55,0.55,0.55],"y":[1,1,1]},"o":{"x":[0.45,0.45,0.45],"y":[0,0,0]},"t":7,"s":[95,95,100]},{"i":{"x":[0.497,0.497,0.55],"y":[1,1,1]},"o":{"x":[0.45,0.45,0.45],"y":[0,0,0]},"t":10,"s":[107,107,100]},{"i":{"x":[0.426,0.426,0.55],"y":[1,1,1]},"o":{"x":[0.542,0.542,0.45],"y":[0,0,0]},"t":17,"s":[107,107,100]},{"i":{"x":[0.55,0.55,0.55],"y":[1,1,1]},"o":{"x":[0.519,0.519,0.45],"y":[0,0,0]},"t":20,"s":[95,95,100]},{"t":24,"s":[100,100,100]}],"ix":6}},"ao":0,"shapes":[{"ty":"gr","it":[{"ind":0,"ty":"sh","ix":1,"ks":{"a":0,"k":{"i":[[0,0],[0,0],[1.1,0],[0,0],[0,-1.1],[0,0]],"o":[[0,0],[0,-1.1],[0,0],[-1.1,0],[0,0],[0,0]],"v":[[11,9],[11,-7],[9,-9],[-9,-9],[-11,-7],[-11,9]],"c":true},"ix":2},"nm":"Path 1","mn":"ADBE Vector Shape - Group","hd":false},{"ty":"st","c":{"a":0,"k":[0,0,0,1],"ix":3},"o":{"a":0,"k":100,"ix":4},"w":{"a":0,"k":2,"ix":5},"lc":2,"lj":2,"bm":0,"nm":"Stroke 1","mn":"ADBE Vector Graphic - Stroke","hd":false},{"ty":"tr","p":{"a":0,"k":[24,35],"ix":2},"a":{"a":0,"k":[0,0],"ix":1},"s":{"a":0,"k":[100,100],"ix":3},"r":{"a":0,"k":0,"ix":6},"o":{"a":0,"k":100,"ix":7},"sk":{"a":0,"k":0,"ix":4},"sa":{"a":0,"k":0,"ix":5},"nm":"Transform"}],"nm":"Group 1","np":2,"cix":2,"bm":0,"ix":1,"mn":"ADBE Vector Group","hd":false},{"ty":"gr","it":[{"ind":0,"ty":"sh","ix":1,"ks":{"a":0,"k":{"i":[[0,0],[0,0],[0,0],[0,0]],"o":[[0,0],[0,0],[0,0],[0,0]],"v":[[-16,-1],[-14,-1],[-14,1],[-16,1]],"c":true},"ix":2},"nm":"Path 1","mn":"ADBE Vector Shape - Group","hd":false},{"ind":1,"ty":"sh","ix":2,"ks":{"a":0,"k":{"i":[[0,0],[0,0],[0,0],[0,0]],"o":[[0,0],[0,0],[0,0],[0,0]],"v":[[14,-1],[16,-1],[16,1],[14,1]],"c":true},"ix":2},"nm":"Path 2","mn":"ADBE Vector Shape - Group","hd":false},{"ty":"mm","mm":1,"nm":"Merge Paths 1","mn":"ADBE Vector Filter - Merge","hd":false},{"ty":"fl","c":{"a":0,"k":[0,0,0,1],"ix":4},"o":{"a":0,"k":100,"ix":5},"r":1,"bm":0,"nm":"Fill 1","mn":"ADBE Vector Graphic - Fill","hd":false},{"ty":"tr","p":{"a":0,"k":[24,40],"ix":2},"a":{"a":0,"k":[0,0],"ix":1},"s":{"a":0,"k":[100,100],"ix":3},"r":{"a":0,"k":0,"ix":6},"o":{"a":0,"k":100,"ix":7},"sk":{"a":0,"k":0,"ix":4},"sa":{"a":0,"k":0,"ix":5},"nm":"Transform"}],"nm":"Group 2","np":4,"cix":2,"bm":0,"ix":2,"mn":"ADBE Vector Group","hd":false},{"ty":"gr","it":[{"ind":0,"ty":"sh","ix":1,"ks":{"a":0,"k":{"i":[[0,0],[1.1,0],[0,0],[0,1.1],[0,0],[-1.1,0],[0,0],[0,0]],"o":[[0,1.1],[0,0],[-1.1,0],[0,0],[0,-1.1],[0,0],[0,0],[0,0]],"v":[[19,17.5],[17,19.5],[-17,19.5],[-19,17.5],[-19,-17.5],[-17,-19.5],[10.8,-19.5],[19,-11.3]],"c":true},"ix":2},"nm":"Path 1","mn":"ADBE Vector Shape - Group","hd":false},{"ty":"st","c":{"a":0,"k":[0,0,0,1],"ix":3},"o":{"a":0,"k":100,"ix":4},"w":{"a":0,"k":2,"ix":5},"lc":2,"lj":2,"bm":0,"nm":"Stroke 1","mn":"ADBE Vector Graphic - Stroke","hd":false},{"ty":"tr","p":{"a":0,"k":[24,24.5],"ix":2},"a":{"a":0,"k":[0,0],"ix":1},"s":{"a":0,"k":[100,100],"ix":3},"r":{"a":0,"k":0,"ix":6},"o":{"a":0,"k":100,"ix":7},"sk":{"a":0,"k":0,"ix":4},"sa":{"a":0,"k":0,"ix":5},"nm":"Transform"}],"nm":"Group 3","np":2,"cix":2,"bm":0,"ix":3,"mn":"ADBE Vector Group","hd":false}],"ip":0,"op":28,"st":0,"bm":0}],"markers":[{"tm":3,"cm":"Начало","dr":0},{"tm":10,"cm":"Конец\r\n","dr":0},{"tm":14,"cm":"Середина","dr":0},{"tm":17,"cm":"Начало\r\n","dr":0},{"tm":24,"cm":"","dr":0}]}