{"v":"5.5.8","fr":24,"ip":0,"op":28,"w":50,"h":50,"nm":"youtube","ddd":0,"assets":[],"layers":[{"ddd":0,"ind":1,"ty":4,"nm":"play","sr":1,"ks":{"o":{"a":0,"k":100,"ix":11},"r":{"a":0,"k":0,"ix":10},"p":{"a":0,"k":[25,25,0],"ix":2},"a":{"a":0,"k":[25,25,0],"ix":1},"s":{"a":0,"k":[100,100,100],"ix":6}},"ao":0,"shapes":[{"ty":"gr","it":[{"ind":0,"ty":"sh","ix":1,"ks":{"a":0,"k":{"i":[[0,0],[0,0],[0,0]],"o":[[0,0],[0,0],[0,0]],"v":[[-9.5,11],[-9.5,-11],[9.5,0]],"c":true},"ix":2},"nm":"Path 1","mn":"ADBE Vector Shape - Group","hd":false},{"ty":"tm","s":{"a":0,"k":0,"ix":1},"e":{"a":1,"k":[{"i":{"x":[0.667],"y":[1]},"o":{"x":[0.333],"y":[0]},"t":7,"s":[0]},{"i":{"x":[0.833],"y":[0.833]},"o":{"x":[0.167],"y":[0.167]},"t":11,"s":[100]},{"i":{"x":[0.667],"y":[1]},"o":{"x":[0.333],"y":[0]},"t":17,"s":[100]},{"t":21,"s":[0]}],"ix":2},"o":{"a":0,"k":0,"ix":3},"m":1,"ix":2,"nm":"Trim Paths 1","mn":"ADBE Vector Filter - Trim","hd":false},{"ty":"st","c":{"a":0,"k":[0,0,0,1],"ix":3},"o":{"a":0,"k":100,"ix":4},"w":{"a":0,"k":2,"ix":5},"lc":2,"lj":2,"bm":0,"nm":"Stroke 1","mn":"ADBE Vector Graphic - Stroke","hd":false},{"ty":"tr","p":{"a":0,"k":[27.5,25],"ix":2},"a":{"a":0,"k":[0,0],"ix":1},"s":{"a":0,"k":[100,100],"ix":3},"r":{"a":0,"k":0,"ix":6},"o":{"a":0,"k":100,"ix":7},"sk":{"a":0,"k":0,"ix":4},"sa":{"a":0,"k":0,"ix":5},"nm":"Transform"}],"nm":"Group 1","np":3,"cix":2,"bm":0,"ix":1,"mn":"ADBE Vector Group","hd":false}],"ip":7,"op":21,"st":0,"bm":0},{"ddd":0,"ind":2,"ty":4,"nm":"you","sr":1,"ks":{"o":{"a":0,"k":100,"ix":11},"r":{"a":0,"k":0,"ix":10},"p":{"a":1,"k":[{"i":{"x":0.667,"y":1},"o":{"x":0.333,"y":0},"t":3,"s":[25,25,0],"to":[0,-1.917,0],"ti":[0,1.917,0]},{"i":{"x":0.833,"y":0.833},"o":{"x":0.167,"y":0.167},"t":7,"s":[25,13.5,0],"to":[0,0,0],"ti":[0,0,0]},{"i":{"x":0.667,"y":1},"o":{"x":0.333,"y":0},"t":21,"s":[25,13.5,0],"to":[0,1.917,0],"ti":[0,-1.917,0]},{"t":25,"s":[25,25,0]}],"ix":2},"a":{"a":0,"k":[25,25,0],"ix":1},"s":{"a":1,"k":[{"i":{"x":[0.667,0.667,0.667],"y":[1,1,1]},"o":{"x":[0.333,0.333,0.333],"y":[0,0,0]},"t":3,"s":[100,100,100]},{"i":{"x":[0.833,0.833,0.833],"y":[0.833,0.833,0.833]},"o":{"x":[0.167,0.167,0.167],"y":[0.167,0.167,0.167]},"t":7,"s":[100,0,100]},{"i":{"x":[0.667,0.667,0.667],"y":[1,1,1]},"o":{"x":[0.333,0.333,0.333],"y":[0,0,0]},"t":21,"s":[100,0,100]},{"t":25,"s":[100,100,100]}],"ix":6}},"ao":0,"shapes":[{"ty":"gr","it":[{"ind":0,"ty":"sh","ix":1,"ks":{"a":0,"k":{"i":[[0,0],[0,0],[0.184,0],[0,0.958],[0,0],[0,0],[0,0],[-1.02,0],[-0.441,0.487],[0,0],[0,0],[0,0]],"o":[[0,0],[-0.011,0.683],[-0.208,0],[0,0],[0,0],[0,0],[0,0.972],[1.02,0],[0,0],[0,0],[0,0],[0,0]],"v":[[9,-3.5],[9,4.5],[8,5.5],[7,4.5],[7,-3.5],[5,-3.5],[5,5.5],[7,7.5],[9,6.5],[9,7.5],[11,7.5],[11,-3.5]],"c":true},"ix":2},"nm":"Path 1","mn":"ADBE Vector Shape - Group","hd":false},{"ind":1,"ty":"sh","ix":2,"ks":{"a":0,"k":{"i":[[0.603,0.557],[0.97,0],[0.651,-0.533],[-0.041,-1.362],[0,0],[-0.603,-0.584],[-1.019,0],[-0.6,0.581],[0,0.998],[0,0]],"o":[[-0.627,-0.576],[-1.068,0],[-0.625,0.53],[0,0],[0,0.996],[0.625,0.579],[1.065,0],[0.627,-0.558],[0,0],[0,-0.882]],"v":[[2.24,-2.778],[0,-3.5],[-2.242,-2.799],[-3,-0.5],[-3,4.5],[-2.235,6.736],[0,7.5],[2.248,6.735],[3,4.5],[3,-0.5]],"c":true},"ix":2},"nm":"Path 2","mn":"ADBE Vector Shape - Group","hd":false},{"ind":2,"ty":"sh","ix":3,"ks":{"a":0,"k":{"i":[[0,0],[0.324,0],[0,0.987],[0,0],[-0.567,0],[0,-1.002]],"o":[[0,0.969],[-0.3,0],[0,0],[0,-0.815],[0.3,0],[0,0]],"v":[[1,4.5],[0,5.5],[-1,4.5],[-1,-0.5],[0,-1.5],[1,-0.5]],"c":true},"ix":2},"nm":"Path 3","mn":"ADBE Vector Shape - Group","hd":false},{"ind":3,"ty":"sh","ix":4,"ks":{"a":0,"k":{"i":[[0,0],[0,0],[0,0],[0,0],[0,0],[0,0],[0,0],[0,0],[0,0]],"o":[[0,0],[0,0],[0,0],[0,0],[0,0],[0,0],[0,0],[0,0],[0,0]],"v":[[-5,-7.5],[-7,-1.5],[-9,-7.5],[-11,-7.5],[-8,1.5],[-8,7.5],[-6,7.5],[-6,1.5],[-3,-7.5]],"c":true},"ix":2},"nm":"Path 4","mn":"ADBE Vector Shape - Group","hd":false},{"ty":"mm","mm":1,"nm":"Merge Paths 1","mn":"ADBE Vector Filter - Merge","hd":false},{"ty":"fl","c":{"a":0,"k":[0,0,0,1],"ix":4},"o":{"a":0,"k":100,"ix":5},"r":1,"bm":0,"nm":"Fill 1","mn":"ADBE Vector Graphic - Fill","hd":false},{"ty":"tr","p":{"a":0,"k":[24,12.5],"ix":2},"a":{"a":0,"k":[0,0],"ix":1},"s":{"a":0,"k":[100,100],"ix":3},"r":{"a":0,"k":0,"ix":6},"o":{"a":0,"k":100,"ix":7},"sk":{"a":0,"k":0,"ix":4},"sa":{"a":0,"k":0,"ix":5},"nm":"Transform"}],"nm":"Group 1","np":6,"cix":2,"bm":0,"ix":1,"mn":"ADBE Vector Group","hd":false}],"ip":0,"op":28,"st":0,"bm":0},{"ddd":0,"ind":3,"ty":4,"nm":"tube","sr":1,"ks":{"o":{"a":0,"k":100,"ix":11},"r":{"a":0,"k":0,"ix":10},"p":{"a":0,"k":[25,25,0],"ix":2},"a":{"a":0,"k":[25,25,0],"ix":1},"s":{"a":1,"k":[{"i":{"x":[0.667,0.667,0.667],"y":[1,1,1]},"o":{"x":[0.333,0.333,0.333],"y":[0,0,0]},"t":3,"s":[100,100,100]},{"i":{"x":[0.833,0.833,0.833],"y":[0.833,0.833,0.833]},"o":{"x":[0.167,0.167,0.167],"y":[0.167,0.167,0.167]},"t":7,"s":[0,100,100]},{"i":{"x":[0.667,0.667,0.667],"y":[1,1,1]},"o":{"x":[0.333,0.333,0.333],"y":[0,0,0]},"t":21,"s":[0,100,100]},{"t":25,"s":[100,100,100]}],"ix":6}},"ao":0,"shapes":[{"ty":"gr","it":[{"ind":0,"ty":"sh","ix":1,"ks":{"a":0,"k":{"i":[[0,0],[0,0],[0.552,0],[0.009,-0.537],[0,0]],"o":[[0,0],[0,-0.615],[-0.552,0],[0,0],[0,0]],"v":[[12,-0.008],[12,-1.008],[11,-2.008],[10,-1.008],[10,-0.008]],"c":true},"ix":2},"nm":"Path 1","mn":"ADBE Vector Shape - Group","hd":false},{"ind":1,"ty":"sh","ix":2,"ks":{"a":0,"k":{"i":[[0,0],[0.552,0],[0.009,-0.503],[0,0],[-0.552,0],[0,0.552]],"o":[[0,-1.001],[-0.552,0],[0,0],[0.009,0.288],[0.552,0],[0,0]],"v":[[5,-1.008],[4,-2.508],[3,-1.508],[3,4.493],[4,4.993],[5,4.016]],"c":true},"ix":2},"nm":"Path 2","mn":"ADBE Vector Shape - Group","hd":false},{"ind":2,"ty":"sh","ix":3,"ks":{"a":0,"k":{"i":[[0,0],[0,0],[-0.141,-0.209],[-0.367,0.004],[-0.138,0.184],[0,0.603],[0,0],[0,0],[0,0],[0.536,-0.533],[1.038,0],[0.535,0.579],[0,1.023],[0,0],[-0.583,0.599],[-0.949,0],[-0.505,-0.533],[0,-0.998],[0,0]],"o":[[0,0],[0,0.557],[0.138,0.23],[0.406,-0.004],[0.14,-0.165],[0,0],[0,0],[0,0],[0,1.093],[-0.508,0.557],[-0.951,0],[-0.53,-0.579],[0,0],[0,-0.904],[0.467,-0.479],[0.951,0],[0.514,0.533],[0,0],[0,0]],"v":[[10,1.993],[10,3.538],[10.216,4.665],[11,4.993],[11.801,4.723],[12,3.493],[12,2.993],[14,2.993],[14,3.585],[13.376,6.02],[11.038,6.835],[8.811,5.977],[8.003,3.585],[8.003,-1.124],[8.903,-3.296],[11.198,-4.008],[13.32,-3.273],[14,-1.124],[14,1.993]],"c":true},"ix":2},"nm":"Path 3","mn":"ADBE Vector Shape - Group","hd":false},{"ind":3,"ty":"sh","ix":4,"ks":{"a":0,"k":{"i":[[0,0],[0,0],[0,0],[0,0],[0,0],[0,0],[0,0],[0,0]],"o":[[0,0],[0,0],[0,0],[0,0],[0,0],[0,0],[0,0],[0,0]],"v":[[-8,-5.008],[-10,-5.008],[-10,6.993],[-12,6.993],[-12,-5.008],[-14,-5.008],[-14,-7.008],[-8,-7.008]],"c":true},"ix":2},"nm":"Path 4","mn":"ADBE Vector Shape - Group","hd":false},{"ind":4,"ty":"sh","ix":5,"ks":{"a":0,"k":{"i":[[0,0],[0,0],[0,0],[0,0],[0,0],[-0.325,0.162],[-0.325,0],[-0.346,-0.441],[0,-0.863],[0,0],[0.325,-0.398],[0.622,-0.006],[0.386,0.451]],"o":[[0,0],[0,0],[0,0],[0,0],[0.23,-0.36],[0.324,-0.165],[0.649,0],[0.349,0.441],[0,0],[0,0.741],[-0.321,0.392],[-1.051,0.011],[0,0]],"v":[[3,6.993],[1,6.993],[1,-7.008],[3,-7.008],[3,-3.008],[3.9,-3.812],[4.873,-4.068],[6.378,-3.396],[7,-1.508],[7,4.493],[6.424,6.092],[5,6.993],[3,5.993]],"c":true},"ix":2},"nm":"Path 5","mn":"ADBE Vector Shape - Group","hd":false},{"ind":5,"ty":"sh","ix":6,"ks":{"a":0,"k":{"i":[[0,0],[0,0],[0,0],[0.416,-0.208],[0.394,0],[0.257,0.328],[0,0.625],[0,0],[0,0],[0,0],[-0.732,0.007],[-0.181,0.233],[0,0],[0,0]],"o":[[0,0],[0,0],[-0.37,0.438],[-0.417,0.233],[-0.484,0],[-0.232,-0.3],[0,0],[0,0],[0,0],[0,0.23],[0.813,-0.008],[0,0],[0,0],[0,0]],"v":[[-1,6.993],[-3,6.993],[-3,5.993],[-3.979,6.775],[-5.209,6.993],[-6.5,6.228],[-7,4.993],[-7,-4.008],[-5,-4.008],[-5,3.992],[-4,4.993],[-3,3.992],[-3,-4.008],[-1,-4.008]],"c":true},"ix":2},"nm":"Path 6","mn":"ADBE Vector Shape - Group","hd":false},{"ty":"mm","mm":1,"nm":"Merge Paths 1","mn":"ADBE Vector Filter - Merge","hd":false},{"ty":"fl","c":{"a":0,"k":[0,0,0,1],"ix":4},"o":{"a":0,"k":100,"ix":5},"r":1,"bm":0,"nm":"Fill 1","mn":"ADBE Vector Graphic - Fill","hd":false},{"ty":"tr","p":{"a":0,"k":[25,33.007],"ix":2},"a":{"a":0,"k":[0,0],"ix":1},"s":{"a":0,"k":[100,100],"ix":3},"r":{"a":0,"k":0,"ix":6},"o":{"a":0,"k":100,"ix":7},"sk":{"a":0,"k":0,"ix":4},"sa":{"a":0,"k":0,"ix":5},"nm":"Transform"}],"nm":"Group 1","np":8,"cix":2,"bm":0,"ix":1,"mn":"ADBE Vector Group","hd":false}],"ip":0,"op":28,"st":0,"bm":0},{"ddd":0,"ind":4,"ty":4,"nm":"square","sr":1,"ks":{"o":{"a":0,"k":100,"ix":11},"r":{"a":0,"k":0,"ix":10},"p":{"a":0,"k":[25,25,0],"ix":2},"a":{"a":0,"k":[25,25,0],"ix":1},"s":{"a":0,"k":[100,100,100],"ix":6}},"ao":0,"shapes":[{"ty":"gr","it":[{"ind":0,"ty":"sh","ix":1,"ks":{"a":1,"k":[{"i":{"x":0.667,"y":1},"o":{"x":0.333,"y":0},"t":3,"s":[{"i":[[2.762,0],[0,0],[0,2.762],[0,0],[-2.761,0],[0,0],[0,-2.761],[0,0]],"o":[[0,0],[-2.761,0],[0,0],[0,-2.761],[0,0],[2.762,0],[0,0],[0,2.762]],"v":[[15,10],[-15,10],[-20,5],[-20,-5],[-15,-10],[15,-10],[20,-5],[20,5]],"c":true}]},{"i":{"x":0.833,"y":0.833},"o":{"x":0.167,"y":0.167},"t":11,"s":[{"i":[[2.762,0],[0,0],[0,2.762],[0,0],[-2.761,0],[0,0],[0,-2.761],[0,0]],"o":[[0,0],[-2.761,0],[0,0],[0,-2.761],[0,0],[2.762,0],[0,0],[0,2.762]],"v":[[16,13],[-16,13],[-21,8],[-21,-24],[-16,-29],[16,-29],[21,-24],[21,8]],"c":true}]},{"i":{"x":0.667,"y":1},"o":{"x":0.333,"y":0},"t":17,"s":[{"i":[[2.762,0],[0,0],[0,2.762],[0,0],[-2.761,0],[0,0],[0,-2.761],[0,0]],"o":[[0,0],[-2.761,0],[0,0],[0,-2.761],[0,0],[2.762,0],[0,0],[0,2.762]],"v":[[16,13],[-16,13],[-21,8],[-21,-24],[-16,-29],[16,-29],[21,-24],[21,8]],"c":true}]},{"t":25,"s":[{"i":[[2.762,0],[0,0],[0,2.762],[0,0],[-2.761,0],[0,0],[0,-2.761],[0,0]],"o":[[0,0],[-2.761,0],[0,0],[0,-2.761],[0,0],[2.762,0],[0,0],[0,2.762]],"v":[[15,10],[-15,10],[-20,5],[-20,-5],[-15,-10],[15,-10],[20,-5],[20,5]],"c":true}]}],"ix":2},"nm":"Path 1","mn":"ADBE Vector Shape - Group","hd":false},{"ty":"st","c":{"a":0,"k":[0,0,0,1],"ix":3},"o":{"a":0,"k":100,"ix":4},"w":{"a":0,"k":2,"ix":5},"lc":2,"lj":1,"ml":10,"bm":0,"nm":"Stroke 1","mn":"ADBE Vector Graphic - Stroke","hd":false},{"ty":"tr","p":{"a":0,"k":[25,33],"ix":2},"a":{"a":0,"k":[0,0],"ix":1},"s":{"a":0,"k":[100,100],"ix":3},"r":{"a":0,"k":0,"ix":6},"o":{"a":0,"k":100,"ix":7},"sk":{"a":0,"k":0,"ix":4},"sa":{"a":0,"k":0,"ix":5},"nm":"Transform"}],"nm":"Group 2","np":2,"cix":2,"bm":0,"ix":1,"mn":"ADBE Vector Group","hd":false}],"ip":0,"op":28,"st":0,"bm":0}],"markers":[]}