{"v":"5.5.8","fr":24,"ip":0,"op":28,"w":50,"h":50,"nm":"favorite-folder","ddd":0,"assets":[],"layers":[{"ddd":0,"ind":1,"ty":4,"nm":"folder","sr":1,"ks":{"o":{"a":0,"k":100,"ix":11},"r":{"a":0,"k":0,"ix":10},"p":{"a":0,"k":[25,25,0],"ix":2},"a":{"a":0,"k":[25,25,0],"ix":1},"s":{"a":0,"k":[100,100,100],"ix":6}},"ao":0,"shapes":[{"ty":"gr","it":[{"ind":0,"ty":"sh","ix":1,"ks":{"a":1,"k":[{"i":{"x":0.667,"y":1},"o":{"x":0.333,"y":0},"t":3,"s":[{"i":[[0,0],[1.105,0],[0,0],[0,0],[0,-1.105]],"o":[[0,-1.105],[0,0],[0,0],[-1.105,0],[0,0]],"v":[[22,-4],[20,-6],[0.188,-6],[-20,-6],[-22,-4]],"c":false}]},{"i":{"x":0.833,"y":0.833},"o":{"x":0.333,"y":0},"t":8,"s":[{"i":[[0,0],[1.105,0],[10.437,-0.004],[0,0],[0.188,-1.125]],"o":[[0,-1.105],[0,0],[-10.705,0.005],[-1.105,0],[0,0]],"v":[[22.312,-4.125],[20,-6],[-0.437,-7.094],[-19.469,-6],[-22.156,-4]],"c":false}]},{"i":{"x":0.833,"y":0.833},"o":{"x":0.333,"y":0},"t":11,"s":[{"i":[[0,0],[1.105,0],[0,0],[0,0],[0,-1.105]],"o":[[0,-1.105],[0,0],[0,0],[-1.105,0],[0,0]],"v":[[22,-4],[20,-6],[0.188,-6],[-20,-6],[-22,-4]],"c":false}]},{"i":{"x":0.667,"y":1},"o":{"x":0.333,"y":0},"t":17,"s":[{"i":[[0,0],[1.105,0],[0,0],[0,0],[0,-1.105]],"o":[[0,-1.105],[0,0],[0,0],[-1.105,0],[0,0]],"v":[[22,-4],[20,-6],[0.188,-6],[-20,-6],[-22,-4]],"c":false}]},{"i":{"x":0.833,"y":0.833},"o":{"x":0.333,"y":0},"t":20,"s":[{"i":[[0,0],[1.105,0],[7.75,0],[0,0],[0,-1.105]],"o":[[0,-1.105],[0,0],[-7.564,0],[-1.105,0],[0,0]],"v":[[21.376,-3.93],[20,-6],[0.045,-4.491],[-20,-6],[-21.107,-3.911]],"c":false}]},{"t":25,"s":[{"i":[[0,0],[1.105,0],[0,0],[0,0],[0,-1.105]],"o":[[0,-1.105],[0,0],[0,0],[-1.105,0],[0,0]],"v":[[22,-4],[20,-6],[0.188,-6],[-20,-6],[-22,-4]],"c":false}]}],"ix":2},"nm":"Path 1","mn":"ADBE Vector Shape - Group","hd":false},{"ty":"st","c":{"a":0,"k":[0,0,0,1],"ix":3},"o":{"a":0,"k":100,"ix":4},"w":{"a":0,"k":2,"ix":5},"lc":2,"lj":1,"ml":10,"bm":0,"nm":"Stroke 1","mn":"ADBE Vector Graphic - Stroke","hd":false},{"ty":"tr","p":{"a":0,"k":[25,20],"ix":2},"a":{"a":0,"k":[0,0],"ix":1},"s":{"a":0,"k":[100,100],"ix":3},"r":{"a":0,"k":0,"ix":6},"o":{"a":0,"k":100,"ix":7},"sk":{"a":0,"k":0,"ix":4},"sa":{"a":0,"k":0,"ix":5},"nm":"Transform"}],"nm":"Group 1","np":2,"cix":2,"bm":0,"ix":1,"mn":"ADBE Vector Group","hd":false},{"ty":"gr","it":[{"ind":0,"ty":"sh","ix":1,"ks":{"a":1,"k":[{"i":{"x":0.667,"y":1},"o":{"x":0.333,"y":0},"t":3,"s":[{"i":[[0,0],[1.105,0],[0,0],[1.516,0],[0,0],[0,-1.105],[0,0],[0,0],[-1.105,0],[0,0],[0,0],[0,1.105],[0,0]],"o":[[0,-1.105],[0,0],[-1.469,0],[0,0],[-1.105,0],[0,0],[0,0],[0,1.105],[0,0],[0,0],[1.105,0],[0,0],[0,0]],"v":[[22,-14],[20,-16],[-7,-16],[-11,-20],[-20,-20],[-22,-18],[-22,6.609],[-22,18],[-20,20],[0,20],[20,20],[22,18],[22,5.169]],"c":true}]},{"i":{"x":0.833,"y":0.833},"o":{"x":0.333,"y":0},"t":8,"s":[{"i":[[0,0],[0.94,0.079],[8.625,-0.375],[1.722,0.338],[2.952,-0.537],[0,-1.105],[0.083,-9.276],[0,0],[-1.105,0],[-11.875,0],[0,0],[0,1.105],[-0.033,7.373]],"o":[[0,-1.105],[-9.011,-0.754],[-1.753,0.076],[-3.188,-0.625],[-0.928,0.169],[0,0],[-0.053,5.953],[0,1.105],[0,0],[12.542,0],[1.105,0],[0,0],[0.042,-9.294]],"v":[[22,-14],[20,-16],[-7.125,-16.57],[-11,-20.133],[-20,-20],[-22,-18],[-22.438,4.219],[-22,18],[-20,20],[-0.125,21.125],[20,20],[22,18],[22.562,4.275]],"c":true}]},{"i":{"x":0.833,"y":0.833},"o":{"x":0.333,"y":0},"t":11,"s":[{"i":[[0,0],[1.105,0],[0,0],[1.516,0],[0,0],[0,-1.105],[0,0],[0,0],[-1.105,0],[0,0],[0,0],[0,1.105],[0,0]],"o":[[0,-1.105],[0,0],[-1.469,0],[0,0],[-1.105,0],[0,0],[0,0],[0,1.105],[0,0],[0,0],[1.105,0],[0,0],[0,0]],"v":[[22,-14],[20,-16],[-7,-16],[-11,-20],[-20,-20],[-22,-18],[-22,6.609],[-22,18],[-20,20],[0,20],[20,20],[22,18],[22,5.169]],"c":true}]},{"i":{"x":0.667,"y":1},"o":{"x":0.333,"y":0},"t":17,"s":[{"i":[[0,0],[1.105,0],[0,0],[1.516,0],[0,0],[0,-1.105],[0,0],[0,0],[-1.105,0],[0,0],[0,0],[0,1.105],[0,0]],"o":[[0,-1.105],[0,0],[-1.469,0],[0,0],[-1.105,0],[0,0],[0,0],[0,1.105],[0,0],[0,0],[1.105,0],[0,0],[0,0]],"v":[[22,-14],[20,-16],[-7,-16],[-11,-20],[-20,-20],[-22,-18],[-22,6.609],[-22,18],[-20,20],[0,20],[20,20],[22,18],[22,5.169]],"c":true}]},{"i":{"x":0.833,"y":0.833},"o":{"x":0.333,"y":0},"t":20,"s":[{"i":[[0,0],[0.942,-0.047],[9.062,0.75],[1.87,-0.244],[2.875,0.188],[0,-1.105],[0,-7.784],[0,0],[-1.105,0],[-7.312,0],[0,0],[0,1.105],[0,5.403]],"o":[[0,-1.105],[-8.812,0.438],[-1.879,-0.156],[-2.875,0.375],[-0.941,-0.061],[0,0],[0,4.243],[0,1.105],[0,0],[7.25,0],[1.105,0],[0,0],[0,-6.33]],"v":[[22,-14],[20,-16],[-7,-15.824],[-11,-19.824],[-20,-20],[-22,-18],[-20.333,5.038],[-22,18],[-20,20],[0,19.08],[20,20],[22,18],[20.411,4.472]],"c":true}]},{"t":25,"s":[{"i":[[0,0],[1.105,0],[0,0],[1.516,0],[0,0],[0,-1.105],[0,0],[0,0],[-1.105,0],[0,0],[0,0],[0,1.105],[0,0]],"o":[[0,-1.105],[0,0],[-1.469,0],[0,0],[-1.105,0],[0,0],[0,0],[0,1.105],[0,0],[0,0],[1.105,0],[0,0],[0,0]],"v":[[22,-14],[20,-16],[-7,-16],[-11,-20],[-20,-20],[-22,-18],[-22,6.609],[-22,18],[-20,20],[0,20],[20,20],[22,18],[22,5.169]],"c":true}]}],"ix":2},"nm":"Path 1","mn":"ADBE Vector Shape - Group","hd":false},{"ty":"st","c":{"a":0,"k":[0,0,0,1],"ix":3},"o":{"a":0,"k":100,"ix":4},"w":{"a":0,"k":2,"ix":5},"lc":2,"lj":1,"ml":10,"bm":0,"nm":"Stroke 1","mn":"ADBE Vector Graphic - Stroke","hd":false},{"ty":"tr","p":{"a":0,"k":[25,25],"ix":2},"a":{"a":0,"k":[0,0],"ix":1},"s":{"a":0,"k":[100,100],"ix":3},"r":{"a":0,"k":0,"ix":6},"o":{"a":0,"k":100,"ix":7},"sk":{"a":0,"k":0,"ix":4},"sa":{"a":0,"k":0,"ix":5},"nm":"Transform"}],"nm":"Group 2","np":2,"cix":2,"bm":0,"ix":2,"mn":"ADBE Vector Group","hd":false}],"ip":0,"op":28,"st":0,"bm":0},{"ddd":0,"ind":2,"ty":4,"nm":"heart","sr":1,"ks":{"o":{"a":0,"k":100,"ix":11},"r":{"a":0,"k":0,"ix":10},"p":{"a":0,"k":[25,29.143,0],"ix":2},"a":{"a":0,"k":[25,29.143,0],"ix":1},"s":{"a":1,"k":[{"i":{"x":[0.667,0.667,0.667],"y":[1,1,1]},"o":{"x":[0.333,0.333,0.333],"y":[0,0,0]},"t":3,"s":[100,100,100]},{"i":{"x":[0.667,0.667,0.667],"y":[1,1,1]},"o":{"x":[0.333,0.333,0.333],"y":[0,0,0]},"t":8,"s":[130,130,100]},{"i":{"x":[0.833,0.833,0.833],"y":[0.833,0.833,0.833]},"o":{"x":[0.167,0.167,0.167],"y":[0.167,0.167,0.167]},"t":11,"s":[115,115,100]},{"i":{"x":[0.667,0.667,0.667],"y":[1,1,1]},"o":{"x":[0.333,0.333,0.333],"y":[0,0,0]},"t":17,"s":[115,115,100]},{"i":{"x":[0.667,0.667,0.667],"y":[1,1,1]},"o":{"x":[0.333,0.333,0.333],"y":[0,0,0]},"t":20,"s":[80,80,100]},{"t":25,"s":[100,100,100]}],"ix":6}},"ao":0,"shapes":[{"ty":"gr","it":[{"ind":0,"ty":"sh","ix":1,"ks":{"a":0,"k":{"i":[[3.155,0],[1.047,-1.105],[1.717,0],[0,-2.909],[0,0],[0,5.268]],"o":[[-1.717,0],[-1.047,-1.105],[-3.155,0],[0,5.174],[0,0],[0,-2.909]],"v":[[4.286,-9],[0,-7],[-4.286,-9],[-10,-3.732],[0,9],[10,-3.732]],"c":true},"ix":2},"nm":"Path 1","mn":"ADBE Vector Shape - Group","hd":false},{"ty":"st","c":{"a":0,"k":[0,0,0,1],"ix":3},"o":{"a":0,"k":100,"ix":4},"w":{"a":0,"k":2,"ix":5},"lc":2,"lj":1,"ml":10,"bm":0,"nm":"Stroke 1","mn":"ADBE Vector Graphic - Stroke","hd":false},{"ty":"tr","p":{"a":0,"k":[25,30],"ix":2},"a":{"a":0,"k":[0,0],"ix":1},"s":{"a":0,"k":[100,100],"ix":3},"r":{"a":0,"k":0,"ix":6},"o":{"a":0,"k":100,"ix":7},"sk":{"a":0,"k":0,"ix":4},"sa":{"a":0,"k":0,"ix":5},"nm":"Transform"}],"nm":"Group 1","np":2,"cix":2,"bm":0,"ix":1,"mn":"ADBE Vector Group","hd":false}],"ip":0,"op":28,"st":0,"bm":0},{"ddd":0,"ind":3,"ty":4,"nm":"heart 2","sr":1,"ks":{"o":{"a":1,"k":[{"i":{"x":[0.667],"y":[1]},"o":{"x":[0.333],"y":[0]},"t":3,"s":[0]},{"i":{"x":[0.833],"y":[0.833]},"o":{"x":[0.167],"y":[0.167]},"t":11,"s":[100]},{"i":{"x":[0.667],"y":[1]},"o":{"x":[0.333],"y":[0]},"t":17,"s":[100]},{"t":25,"s":[0]}],"ix":11},"r":{"a":0,"k":0,"ix":10},"p":{"a":0,"k":[25,29.143,0],"ix":2},"a":{"a":0,"k":[25,29.143,0],"ix":1},"s":{"a":1,"k":[{"i":{"x":[0.667,0.667,0.667],"y":[1,1,1]},"o":{"x":[0.333,0.333,0.333],"y":[0,0,0]},"t":3,"s":[100,100,100]},{"i":{"x":[0.667,0.667,0.667],"y":[1,1,1]},"o":{"x":[0.333,0.333,0.333],"y":[0,0,0]},"t":8,"s":[130,130,100]},{"i":{"x":[0.833,0.833,0.833],"y":[0.833,0.833,0.833]},"o":{"x":[0.167,0.167,0.167],"y":[0.167,0.167,0.167]},"t":11,"s":[115,115,100]},{"i":{"x":[0.667,0.667,0.667],"y":[1,1,1]},"o":{"x":[0.333,0.333,0.333],"y":[0,0,0]},"t":17,"s":[115,115,100]},{"i":{"x":[0.667,0.667,0.667],"y":[1,1,1]},"o":{"x":[0.333,0.333,0.333],"y":[0,0,0]},"t":20,"s":[80,80,100]},{"t":25,"s":[100,100,100]}],"ix":6}},"ao":0,"shapes":[{"ty":"gr","it":[{"ind":0,"ty":"sh","ix":1,"ks":{"a":0,"k":{"i":[[3.155,0],[1.047,-1.105],[1.717,0],[0,-2.909],[0,0],[0,5.268]],"o":[[-1.717,0],[-1.047,-1.105],[-3.155,0],[0,5.174],[0,0],[0,-2.909]],"v":[[4.286,-9],[0,-7],[-4.286,-9],[-10,-3.732],[0,9],[10,-3.732]],"c":true},"ix":2},"nm":"Path 1","mn":"ADBE Vector Shape - Group","hd":false},{"ty":"st","c":{"a":0,"k":[0,0,0,1],"ix":3},"o":{"a":0,"k":100,"ix":4},"w":{"a":0,"k":2,"ix":5},"lc":2,"lj":1,"ml":10,"bm":0,"nm":"Stroke 1","mn":"ADBE Vector Graphic - Stroke","hd":false},{"ty":"tr","p":{"a":0,"k":[25,30],"ix":2},"a":{"a":0,"k":[0,0],"ix":1},"s":{"a":0,"k":[100,100],"ix":3},"r":{"a":0,"k":0,"ix":6},"o":{"a":0,"k":100,"ix":7},"sk":{"a":0,"k":0,"ix":4},"sa":{"a":0,"k":0,"ix":5},"nm":"Transform"}],"nm":"Group 1","np":2,"cix":2,"bm":0,"ix":1,"mn":"ADBE Vector Group","hd":false},{"ty":"fl","c":{"a":0,"k":[0,0,0,1],"ix":4},"o":{"a":0,"k":100,"ix":5},"r":1,"bm":0,"nm":"Fill 1","mn":"ADBE Vector Graphic - Fill","hd":false}],"ip":0,"op":28,"st":0,"bm":0}],"markers":[]}