{"v":"5.5.9","fr":24,"ip":0,"op":28,"w":50,"h":50,"nm":"soccer-ball","ddd":0,"assets":[],"layers":[{"ddd":0,"ind":1,"ty":3,"nm":"Null 1","sr":1,"ks":{"o":{"a":0,"k":0,"ix":11},"r":{"a":1,"k":[{"i":{"x":[0.833],"y":[0.833]},"o":{"x":[0.167],"y":[0.167]},"t":3,"s":[0]},{"i":{"x":[0.833],"y":[0.833]},"o":{"x":[0.167],"y":[0.167]},"t":8,"s":[-14]},{"i":{"x":[0.833],"y":[0.833]},"o":{"x":[0.167],"y":[0.167]},"t":14,"s":[0]},{"i":{"x":[0.833],"y":[0.833]},"o":{"x":[0.167],"y":[0.167]},"t":20,"s":[14]},{"t":25,"s":[0]}],"ix":10},"p":{"a":0,"k":[25,25,0],"ix":2},"a":{"a":0,"k":[0,0,0],"ix":1},"s":{"a":0,"k":[100,100,100],"ix":6}},"ao":0,"ip":0,"op":28,"st":0,"bm":0},{"ddd":0,"ind":2,"ty":4,"nm":"soccer-ball-pattern2 Outlines","parent":3,"sr":1,"ks":{"o":{"a":0,"k":100,"ix":11},"r":{"a":0,"k":0,"ix":10},"p":{"a":0,"k":[47.5,33.75,0],"ix":2},"a":{"a":0,"k":[95.5,43.5,0],"ix":1},"s":{"a":0,"k":[100,100,100],"ix":6}},"ao":0,"hasMask":true,"masksProperties":[{"inv":false,"mode":"a","pt":{"a":1,"k":[{"i":{"x":0.667,"y":1},"o":{"x":0.333,"y":0},"t":3,"s":[{"i":[[12.219,0],[0,-12.185],[-12.219,0],[0,12.185]],"o":[[-12.219,0],[0,12.185],[12.219,0],[0,-12.185]],"v":[[75.125,14.875],[53,36.938],[75.125,59],[97.25,36.938]],"c":true}]},{"i":{"x":0.667,"y":1},"o":{"x":0.333,"y":0},"t":6,"s":[{"i":[[12.361,0],[0,-12.15],[-12.361,0],[0,12.15]],"o":[[-12.361,0],[0,12.15],[12.361,0],[0,-12.15]],"v":[[75.232,15],[52.851,37],[75.232,59],[97.613,37]],"c":true}]},{"i":{"x":0.667,"y":1},"o":{"x":0.333,"y":0},"t":8,"s":[{"i":[[12.019,0],[0,-12.217],[-12.019,0],[0,12.217]],"o":[[-12.019,0],[0,12.217],[12.019,0],[0,-12.217]],"v":[[75.134,14.76],[53.372,36.88],[75.134,59],[96.896,36.88]],"c":true}]},{"i":{"x":0.667,"y":1},"o":{"x":0.333,"y":0},"t":11,"s":[{"i":[[12.122,0],[0,-12.22],[-12.122,0],[0,12.22]],"o":[[-12.122,0],[0,12.22],[12.122,0],[0,-12.22]],"v":[[74.992,14.928],[53.044,37.055],[74.992,59.181],[96.941,37.055]],"c":true}]},{"i":{"x":0.667,"y":1},"o":{"x":0.333,"y":0},"t":14,"s":[{"i":[[12.099,-0.001],[-0.001,-12.199],[-12.099,0.001],[0.001,12.199]],"o":[[-12.099,0.001],[0.001,12.199],[12.099,-0.001],[-0.001,-12.199]],"v":[[75.201,14.818],[53.296,36.908],[75.207,58.993],[97.112,36.903]],"c":true}]},{"i":{"x":0.667,"y":1},"o":{"x":0.333,"y":0},"t":16,"s":[{"i":[[12.177,0],[0,-12.246],[-12.177,0],[0,12.246]],"o":[[-12.177,0],[0,12.246],[12.177,0],[0,-12.246]],"v":[[75.049,14.53],[53,36.702],[75.049,58.875],[97.097,36.702]],"c":true}]},{"i":{"x":0.667,"y":1},"o":{"x":0.333,"y":0},"t":18,"s":[{"i":[[12.162,0],[0,-12.238],[-12.162,0],[0,12.238]],"o":[[-12.162,0],[0,12.238],[12.162,0],[0,-12.238]],"v":[[75.134,14.684],[53.113,36.843],[75.134,59.003],[97.155,36.843]],"c":true}]},{"i":{"x":0.667,"y":1},"o":{"x":0.333,"y":0},"t":22,"s":[{"i":[[12.262,0],[0,-12.338],[-12.262,0],[0,12.338]],"o":[[-12.262,0],[0,12.338],[12.262,0],[0,-12.338]],"v":[[75.173,14.468],[52.97,36.809],[75.173,59.149],[97.375,36.809]],"c":true}]},{"t":25,"s":[{"i":[[12.254,0],[0,-12.254],[-12.254,0],[0,12.254]],"o":[[-12.254,0],[0,12.254],[12.254,0],[0,-12.254]],"v":[[75.063,14.625],[52.875,36.813],[75.063,59],[97.25,36.813]],"c":true}]}],"ix":1},"o":{"a":0,"k":100,"ix":3},"x":{"a":0,"k":0,"ix":4},"nm":"Mask 1"}],"shapes":[{"ty":"gr","it":[{"ind":0,"ty":"sh","ix":1,"ks":{"a":0,"k":{"i":[[0,0],[0,0],[0,0],[0,0],[0,0],[0,0]],"o":[[0,0],[0,0],[0,0],[0,0],[0,0],[0,0]],"v":[[91,10.283],[84.063,14.06],[77,10.214],[77,2.827],[84.063,-1.02],[91,2.758]],"c":true},"ix":2},"nm":"Path 1","mn":"ADBE Vector Shape - Group","hd":false},{"ind":1,"ty":"sh","ix":2,"ks":{"a":0,"k":{"i":[[0,0],[0,0],[0,0],[0,0],[0,0],[0,0]],"o":[[0,0],[0,0],[0,0],[0,0],[0,0],[0,0]],"v":[[91,36.283],[84,40.095],[77,36.283],[77,28.827],[84.063,24.98],[91,28.758]],"c":true},"ix":2},"nm":"Path 2","mn":"ADBE Vector Shape - Group","hd":false},{"ind":2,"ty":"sh","ix":3,"ks":{"a":0,"k":{"i":[[0,0],[0,0],[0,0],[0,0],[0,0],[0,0]],"o":[[0,0],[0,0],[0,0],[0,0],[0,0],[0,0]],"v":[[68,40.095],[61,36.283],[61,28.827],[68,25.015],[75,28.827],[75,36.283]],"c":true},"ix":2},"nm":"Path 3","mn":"ADBE Vector Shape - Group","hd":false},{"ind":3,"ty":"sh","ix":4,"ks":{"a":0,"k":{"i":[[0,0],[0,0],[0,0],[0,0],[0,0],[0,0]],"o":[[0,0],[0,0],[0,0],[0,0],[0,0],[0,0]],"v":[[36,40.095],[29,36.283],[29,28.827],[36,25.015],[43,28.827],[43,36.283]],"c":true},"ix":2},"nm":"Path 4","mn":"ADBE Vector Shape - Group","hd":false},{"ind":4,"ty":"sh","ix":5,"ks":{"a":0,"k":{"i":[[0,0],[0,0],[0,0],[0,0],[0,0],[0,0]],"o":[[0,0],[0,0],[0,0],[0,0],[0,0],[0,0]],"v":[[20,40.095],[13,36.283],[13,28.827],[20,25.015],[27,28.827],[27,36.283]],"c":true},"ix":2},"nm":"Path 5","mn":"ADBE Vector Shape - Group","hd":false},{"ind":5,"ty":"sh","ix":6,"ks":{"a":0,"k":{"i":[[0,0],[0,0],[0,0],[0,0],[0,0],[0,0]],"o":[[0,0],[0,0],[0,0],[0,0],[0,0],[0,0]],"v":[[-12,40.095],[-19,36.283],[-19,28.827],[-12,25.015],[-5,28.827],[-5,36.283]],"c":true},"ix":2},"nm":"Path 6","mn":"ADBE Vector Shape - Group","hd":false},{"ind":6,"ty":"sh","ix":7,"ks":{"a":0,"k":{"i":[[0,0],[0,0],[0,0],[0,0],[0,0],[0,0]],"o":[[0,0],[0,0],[0,0],[0,0],[0,0],[0,0]],"v":[[-28,40.095],[-35,36.283],[-35,28.827],[-28,25.015],[-21,28.827],[-21,36.283]],"c":true},"ix":2},"nm":"Path 7","mn":"ADBE Vector Shape - Group","hd":false},{"ind":7,"ty":"sh","ix":8,"ks":{"a":0,"k":{"i":[[0,0],[0,0],[0,0],[0,0],[0,0],[0,0]],"o":[[0,0],[0,0],[0,0],[0,0],[0,0],[0,0]],"v":[[-60,40.095],[-67,36.283],[-67,28.827],[-60,25.015],[-53,28.827],[-53,36.283]],"c":true},"ix":2},"nm":"Path 8","mn":"ADBE Vector Shape - Group","hd":false},{"ind":8,"ty":"sh","ix":9,"ks":{"a":0,"k":{"i":[[0,0],[0,0],[0,0],[0,0],[0,0],[0,0]],"o":[[0,0],[0,0],[0,0],[0,0],[0,0],[0,0]],"v":[[-76,40.095],[-83,36.283],[-83,28.827],[-76,25.015],[-69,28.827],[-69,36.283]],"c":true},"ix":2},"nm":"Path 9","mn":"ADBE Vector Shape - Group","hd":false},{"ind":9,"ty":"sh","ix":10,"ks":{"a":0,"k":{"i":[[0,0],[0,0],[0,0],[0,0],[0,0],[0,0]],"o":[[0,0],[0,0],[0,0],[0,0],[0,0],[0,0]],"v":[[-91,15.758],[-84.063,11.98],[-77,15.827],[-77,23.214],[-84.063,27.06],[-91,23.283]],"c":true},"ix":2},"nm":"Path 10","mn":"ADBE Vector Shape - Group","hd":false},{"ind":10,"ty":"sh","ix":11,"ks":{"a":0,"k":{"i":[[0,0],[0,0],[0,0],[0,0],[0,0],[0,0]],"o":[[0,0],[0,0],[0,0],[0,0],[0,0],[0,0]],"v":[[-91,-10.242],[-84.063,-14.02],[-77,-10.173],[-77,-2.786],[-84.063,1.06],[-91,-2.717]],"c":true},"ix":2},"nm":"Path 11","mn":"ADBE Vector Shape - Group","hd":false},{"ind":11,"ty":"sh","ix":12,"ks":{"a":0,"k":{"i":[[0,0],[0,0],[0,0],[0,0],[0,0],[0,0]],"o":[[0,0],[0,0],[0,0],[0,0],[0,0],[0,0]],"v":[[-91,-36.242],[-84,-40.054],[-77,-36.242],[-77,-28.786],[-84.063,-24.94],[-91,-28.717]],"c":true},"ix":2},"nm":"Path 12","mn":"ADBE Vector Shape - Group","hd":false},{"ind":12,"ty":"sh","ix":13,"ks":{"a":0,"k":{"i":[[0,0],[0,0],[0,0],[0,0],[0,0],[0,0]],"o":[[0,0],[0,0],[0,0],[0,0],[0,0],[0,0]],"v":[[-52,-40.054],[-45,-36.242],[-45,-28.786],[-52,-24.975],[-59,-28.786],[-59,-36.242]],"c":true},"ix":2},"nm":"Path 13","mn":"ADBE Vector Shape - Group","hd":false},{"ind":13,"ty":"sh","ix":14,"ks":{"a":0,"k":{"i":[[0,0],[0,0],[0,0],[0,0],[0,0],[0,0]],"o":[[0,0],[0,0],[0,0],[0,0],[0,0],[0,0]],"v":[[-36,-40.054],[-29,-36.242],[-29,-28.786],[-36,-24.975],[-43,-28.786],[-43,-36.242]],"c":true},"ix":2},"nm":"Path 14","mn":"ADBE Vector Shape - Group","hd":false},{"ind":14,"ty":"sh","ix":15,"ks":{"a":0,"k":{"i":[[0,0],[0,0],[0,0],[0,0],[0,0],[0,0]],"o":[[0,0],[0,0],[0,0],[0,0],[0,0],[0,0]],"v":[[-4,-40.054],[3,-36.242],[3,-28.786],[-4,-24.975],[-11,-28.786],[-11,-36.242]],"c":true},"ix":2},"nm":"Path 15","mn":"ADBE Vector Shape - Group","hd":false},{"ind":15,"ty":"sh","ix":16,"ks":{"a":0,"k":{"i":[[0,0],[0,0],[0,0],[0,0],[0,0],[0,0]],"o":[[0,0],[0,0],[0,0],[0,0],[0,0],[0,0]],"v":[[12,-40.054],[19,-36.242],[19,-28.786],[12,-24.975],[5,-28.786],[5,-36.242]],"c":true},"ix":2},"nm":"Path 16","mn":"ADBE Vector Shape - Group","hd":false},{"ind":16,"ty":"sh","ix":17,"ks":{"a":0,"k":{"i":[[0,0],[0,0],[0,0],[0,0],[0,0],[0,0]],"o":[[0,0],[0,0],[0,0],[0,0],[0,0],[0,0]],"v":[[44,-40.054],[51,-36.242],[51,-28.786],[44,-24.975],[37,-28.786],[37,-36.242]],"c":true},"ix":2},"nm":"Path 17","mn":"ADBE Vector Shape - Group","hd":false},{"ind":17,"ty":"sh","ix":18,"ks":{"a":0,"k":{"i":[[0,0],[0,0],[0,0],[0,0],[0,0],[0,0]],"o":[[0,0],[0,0],[0,0],[0,0],[0,0],[0,0]],"v":[[60,-40.054],[67,-36.242],[67,-28.786],[60,-24.975],[53,-28.786],[53,-36.242]],"c":true},"ix":2},"nm":"Path 18","mn":"ADBE Vector Shape - Group","hd":false},{"ind":18,"ty":"sh","ix":19,"ks":{"a":0,"k":{"i":[[0,0],[0,0],[0,0],[0,0],[0,0],[0,0]],"o":[[0,0],[0,0],[0,0],[0,0],[0,0],[0,0]],"v":[[75,10.214],[68,14.025],[61,10.214],[61,2.827],[68,-0.985],[75,2.827]],"c":true},"ix":2},"nm":"Path 19","mn":"ADBE Vector Shape - Group","hd":false},{"ind":19,"ty":"sh","ix":20,"ks":{"a":0,"k":{"i":[[0,0],[0,0],[0,0],[0,0],[0,0],[0,0]],"o":[[0,0],[0,0],[0,0],[0,0],[0,0],[0,0]],"v":[[53,15.827],[60,12.015],[67,15.827],[67,23.214],[60,27.025],[53,23.214]],"c":true},"ix":2},"nm":"Path 20","mn":"ADBE Vector Shape - Group","hd":false},{"ind":20,"ty":"sh","ix":21,"ks":{"a":0,"k":{"i":[[0,0],[0,0],[0,0],[0,0],[0,0],[0,0]],"o":[[0,0],[0,0],[0,0],[0,0],[0,0],[0,0]],"v":[[37,15.827],[44,12.015],[51,15.827],[51,23.214],[44,27.025],[37,23.214]],"c":true},"ix":2},"nm":"Path 21","mn":"ADBE Vector Shape - Group","hd":false},{"ind":21,"ty":"sh","ix":22,"ks":{"a":0,"k":{"i":[[0,0],[0,0],[0,0],[0,0],[0,0],[0,0]],"o":[[0,0],[0,0],[0,0],[0,0],[0,0],[0,0]],"v":[[5,15.827],[12,12.015],[19,15.827],[19,23.214],[12,27.025],[5,23.214]],"c":true},"ix":2},"nm":"Path 22","mn":"ADBE Vector Shape - Group","hd":false},{"ind":22,"ty":"sh","ix":23,"ks":{"a":0,"k":{"i":[[0,0],[0,0],[0,0],[0,0],[0,0],[0,0]],"o":[[0,0],[0,0],[0,0],[0,0],[0,0],[0,0]],"v":[[-11,15.827],[-4,12.015],[3,15.827],[3,23.214],[-4,27.025],[-11,23.214]],"c":true},"ix":2},"nm":"Path 23","mn":"ADBE Vector Shape - Group","hd":false},{"ind":23,"ty":"sh","ix":24,"ks":{"a":0,"k":{"i":[[0,0],[0,0],[0,0],[0,0],[0,0],[0,0]],"o":[[0,0],[0,0],[0,0],[0,0],[0,0],[0,0]],"v":[[-43,15.827],[-36,12.015],[-29,15.827],[-29,23.214],[-36,27.025],[-43,23.214]],"c":true},"ix":2},"nm":"Path 24","mn":"ADBE Vector Shape - Group","hd":false},{"ind":24,"ty":"sh","ix":25,"ks":{"a":0,"k":{"i":[[0,0],[0,0],[0,0],[0,0],[0,0],[0,0]],"o":[[0,0],[0,0],[0,0],[0,0],[0,0],[0,0]],"v":[[-59,15.827],[-52,12.015],[-45,15.827],[-45,23.214],[-52,27.025],[-59,23.214]],"c":true},"ix":2},"nm":"Path 25","mn":"ADBE Vector Shape - Group","hd":false},{"ind":25,"ty":"sh","ix":26,"ks":{"a":0,"k":{"i":[[0,0],[0,0],[0,0],[0,0],[0,0],[0,0]],"o":[[0,0],[0,0],[0,0],[0,0],[0,0],[0,0]],"v":[[-53,-15.786],[-60,-11.975],[-67,-15.786],[-67,-23.173],[-60,-26.985],[-53,-23.173]],"c":true},"ix":2},"nm":"Path 26","mn":"ADBE Vector Shape - Group","hd":false},{"ind":26,"ty":"sh","ix":27,"ks":{"a":0,"k":{"i":[[0,0],[0,0],[0,0],[0,0],[0,0],[0,0]],"o":[[0,0],[0,0],[0,0],[0,0],[0,0],[0,0]],"v":[[-21,-15.786],[-28,-11.975],[-35,-15.786],[-35,-23.173],[-28,-26.985],[-21,-23.173]],"c":true},"ix":2},"nm":"Path 27","mn":"ADBE Vector Shape - Group","hd":false},{"ind":27,"ty":"sh","ix":28,"ks":{"a":0,"k":{"i":[[0,0],[0,0],[0,0],[0,0],[0,0],[0,0]],"o":[[0,0],[0,0],[0,0],[0,0],[0,0],[0,0]],"v":[[-5,-15.786],[-12,-11.975],[-19,-15.786],[-19,-23.173],[-12,-26.985],[-5,-23.173]],"c":true},"ix":2},"nm":"Path 28","mn":"ADBE Vector Shape - Group","hd":false},{"ind":28,"ty":"sh","ix":29,"ks":{"a":0,"k":{"i":[[0,0],[0,0],[0,0],[0,0],[0,0],[0,0]],"o":[[0,0],[0,0],[0,0],[0,0],[0,0],[0,0]],"v":[[27,-15.786],[20,-11.975],[13,-15.786],[13,-23.173],[20,-26.985],[27,-23.173]],"c":true},"ix":2},"nm":"Path 29","mn":"ADBE Vector Shape - Group","hd":false},{"ind":29,"ty":"sh","ix":30,"ks":{"a":0,"k":{"i":[[0,0],[0,0],[0,0],[0,0],[0,0],[0,0]],"o":[[0,0],[0,0],[0,0],[0,0],[0,0],[0,0]],"v":[[43,-15.786],[36,-11.975],[29,-15.786],[29,-23.173],[36,-26.985],[43,-23.173]],"c":true},"ix":2},"nm":"Path 30","mn":"ADBE Vector Shape - Group","hd":false},{"ind":30,"ty":"sh","ix":31,"ks":{"a":0,"k":{"i":[[0,0],[0,0],[0,0],[0,0],[0,0],[0,0]],"o":[[0,0],[0,0],[0,0],[0,0],[0,0],[0,0]],"v":[[75,-15.786],[68,-11.975],[61,-15.786],[61,-23.173],[68,-26.985],[75,-23.173]],"c":true},"ix":2},"nm":"Path 31","mn":"ADBE Vector Shape - Group","hd":false},{"ind":31,"ty":"sh","ix":32,"ks":{"a":0,"k":{"i":[[0,0],[0,0],[0,0],[0,0],[0,0],[0,0]],"o":[[0,0],[0,0],[0,0],[0,0],[0,0],[0,0]],"v":[[29,2.827],[36,-0.985],[43,2.827],[43,10.214],[36,14.025],[29,10.214]],"c":true},"ix":2},"nm":"Path 32","mn":"ADBE Vector Shape - Group","hd":false},{"ind":32,"ty":"sh","ix":33,"ks":{"a":0,"k":{"i":[[0,0],[0,0],[0,0],[0,0],[0,0],[0,0]],"o":[[0,0],[0,0],[0,0],[0,0],[0,0],[0,0]],"v":[[13,2.827],[20,-0.985],[27,2.827],[27,10.214],[20,14.025],[13,10.214]],"c":true},"ix":2},"nm":"Path 33","mn":"ADBE Vector Shape - Group","hd":false},{"ind":33,"ty":"sh","ix":34,"ks":{"a":0,"k":{"i":[[0,0],[0,0],[0,0],[0,0],[0,0],[0,0]],"o":[[0,0],[0,0],[0,0],[0,0],[0,0],[0,0]],"v":[[-19,2.827],[-12,-0.985],[-5,2.827],[-5,10.214],[-12,14.025],[-19,10.214]],"c":true},"ix":2},"nm":"Path 34","mn":"ADBE Vector Shape - Group","hd":false},{"ind":34,"ty":"sh","ix":35,"ks":{"a":0,"k":{"i":[[0,0],[0,0],[0,0],[0,0],[0,0],[0,0]],"o":[[0,0],[0,0],[0,0],[0,0],[0,0],[0,0]],"v":[[-35,2.827],[-28,-0.985],[-21,2.827],[-21,10.214],[-28,14.025],[-35,10.214]],"c":true},"ix":2},"nm":"Path 35","mn":"ADBE Vector Shape - Group","hd":false},{"ind":35,"ty":"sh","ix":36,"ks":{"a":0,"k":{"i":[[0,0],[0,0],[0,0],[0,0],[0,0],[0,0]],"o":[[0,0],[0,0],[0,0],[0,0],[0,0],[0,0]],"v":[[-67,2.827],[-60,-0.985],[-53,2.827],[-53,10.214],[-60,14.025],[-67,10.214]],"c":true},"ix":2},"nm":"Path 36","mn":"ADBE Vector Shape - Group","hd":false},{"ind":36,"ty":"sh","ix":37,"ks":{"a":0,"k":{"i":[[0,0],[0,0],[0,0],[0,0],[0,0],[0,0]],"o":[[0,0],[0,0],[0,0],[0,0],[0,0],[0,0]],"v":[[-45,-2.786],[-52,1.025],[-59,-2.786],[-59,-10.173],[-52,-13.985],[-45,-10.173]],"c":true},"ix":2},"nm":"Path 37","mn":"ADBE Vector Shape - Group","hd":false},{"ind":37,"ty":"sh","ix":38,"ks":{"a":0,"k":{"i":[[0,0],[0,0],[0,0],[0,0],[0,0],[0,0]],"o":[[0,0],[0,0],[0,0],[0,0],[0,0],[0,0]],"v":[[-29,-2.786],[-36,1.025],[-43,-2.786],[-43,-10.173],[-36,-13.985],[-29,-10.173]],"c":true},"ix":2},"nm":"Path 38","mn":"ADBE Vector Shape - Group","hd":false},{"ind":38,"ty":"sh","ix":39,"ks":{"a":0,"k":{"i":[[0,0],[0,0],[0,0],[0,0],[0,0],[0,0]],"o":[[0,0],[0,0],[0,0],[0,0],[0,0],[0,0]],"v":[[3,-2.786],[-4,1.025],[-11,-2.786],[-11,-10.173],[-4,-13.985],[3,-10.173]],"c":true},"ix":2},"nm":"Path 39","mn":"ADBE Vector Shape - Group","hd":false},{"ind":39,"ty":"sh","ix":40,"ks":{"a":0,"k":{"i":[[0,0],[0,0],[0,0],[0,0],[0,0],[0,0]],"o":[[0,0],[0,0],[0,0],[0,0],[0,0],[0,0]],"v":[[19,-2.786],[12,1.025],[5,-2.786],[5,-10.173],[12,-13.985],[19,-10.173]],"c":true},"ix":2},"nm":"Path 40","mn":"ADBE Vector Shape - Group","hd":false},{"ind":40,"ty":"sh","ix":41,"ks":{"a":0,"k":{"i":[[0,0],[0,0],[0,0],[0,0],[0,0],[0,0]],"o":[[0,0],[0,0],[0,0],[0,0],[0,0],[0,0]],"v":[[51,-2.786],[44,1.025],[37,-2.786],[37,-10.173],[44,-13.985],[51,-10.173]],"c":true},"ix":2},"nm":"Path 41","mn":"ADBE Vector Shape - Group","hd":false},{"ind":41,"ty":"sh","ix":42,"ks":{"a":0,"k":{"i":[[0,0],[0,0],[0,0],[0,0],[0,0],[0,0]],"o":[[0,0],[0,0],[0,0],[0,0],[0,0],[0,0]],"v":[[53,-2.786],[53,-10.173],[60,-13.985],[67,-10.173],[67,-2.786],[60,1.025]],"c":true},"ix":2},"nm":"Path 42","mn":"ADBE Vector Shape - Group","hd":false},{"ind":42,"ty":"sh","ix":43,"ks":{"a":0,"k":{"i":[[0,0],[0,0],[0,0],[0,0],[0,0],[0,0]],"o":[[0,0],[0,0],[0,0],[0,0],[0,0],[0,0]],"v":[[-83,-23.173],[-76,-26.985],[-69,-23.173],[-69,-15.786],[-76,-11.975],[-83,-15.786]],"c":true},"ix":2},"nm":"Path 43","mn":"ADBE Vector Shape - Group","hd":false},{"ind":43,"ty":"sh","ix":44,"ks":{"a":0,"k":{"i":[[0,0],[0,0],[0,0],[0,0],[0,0],[0,0]],"o":[[0,0],[0,0],[0,0],[0,0],[0,0],[0,0]],"v":[[-83,2.827],[-76,-0.985],[-69,2.827],[-69,10.214],[-76,14.025],[-83,10.214]],"c":true},"ix":2},"nm":"Path 44","mn":"ADBE Vector Shape - Group","hd":false},{"ind":44,"ty":"sh","ix":45,"ks":{"a":0,"k":{"i":[[0,0],[0,0],[0,0],[0,0],[0,0],[0,0]],"o":[[0,0],[0,0],[0,0],[0,0],[0,0],[0,0]],"v":[[91,-15.717],[84.063,-11.94],[77,-15.786],[77,-23.173],[84.063,-27.02],[91,-23.242]],"c":true},"ix":2},"nm":"Path 45","mn":"ADBE Vector Shape - Group","hd":false},{"ind":45,"ty":"sh","ix":46,"ks":{"a":0,"k":{"i":[[0,0],[0,0.366],[0,0],[0.321,0.175],[0,0],[0,0],[0.321,0.175],[0,0],[0.299,-0.162],[0,0],[0,0],[0.299,-0.162],[0,0],[0,0],[0.299,-0.162],[0,0],[0,0],[0.299,-0.162],[0,0],[0,0],[0.299,-0.162],[0,0],[0,0],[0.299,-0.162],[0,0],[0,0],[0.299,-0.162],[0,0],[0,0],[0.299,-0.162],[0,0],[0,0],[0.298,-0.162],[0,0],[0,0],[0.298,-0.162],[0,0],[0,0],[0.298,-0.162],[0,0],[0,-0.366],[0,0],[-0.322,-0.175],[0,0],[0,0],[0,0],[0,-0.366],[0,0],[-0.322,-0.175],[0,0],[0,0],[0,0],[0,-0.366],[0,0],[-0.322,-0.175],[0,0],[0,0],[-0.322,-0.175],[0,0],[-0.165,0],[-0.149,0.081],[0,0],[0,0],[-0.165,0],[-0.149,0.081],[0,0],[0,0],[-0.165,0],[-0.149,0.081],[0,0],[0,0],[-0.165,0],[-0.15,0.081],[0,0],[0,0],[-0.165,0],[-0.15,0.081],[0,0],[0,0],[-0.165,0],[-0.15,0.081],[0,0],[0,0],[-0.165,0],[-0.15,0.081],[0,0],[0,0],[-0.165,0],[-0.15,0.081],[0,0],[0,0],[-0.165,0],[-0.15,0.081],[0,0],[0,0],[-0.165,0],[-0.15,0.081],[0,0],[0,0],[-0.165,0],[-0.15,0.081],[0,0],[0,0.366],[0,0],[0.321,0.175],[0,0],[0,0],[0,0],[0,0.366],[0,0],[0.321,0.175],[0,0],[0,0]],"o":[[0.321,-0.175],[0,0],[0,-0.366],[0,0],[0,0],[0,-0.366],[0,0],[-0.299,-0.162],[0,0],[0,0],[-0.299,-0.162],[0,0],[0,0],[-0.299,-0.162],[0,0],[0,0],[-0.299,-0.162],[0,0],[0,0],[-0.299,-0.162],[0,0],[0,0],[-0.299,-0.162],[0,0],[0,0],[-0.299,-0.162],[0,0],[0,0],[-0.299,-0.162],[0,0],[0,0],[-0.298,-0.162],[0,0],[0,0],[-0.298,-0.162],[0,0],[0,0],[-0.298,-0.162],[0,0],[-0.322,0.175],[0,0],[0,0.366],[0,0],[0,0],[0,0],[-0.322,0.175],[0,0],[0,0.366],[0,0],[0,0],[0,0],[-0.322,0.175],[0,0],[0,0.366],[0,0],[0,0],[0,0.366],[0,0],[0.149,0.081],[0.165,0],[0,0],[0,0],[0.149,0.081],[0.165,0],[0,0],[0,0],[0.149,0.081],[0.165,0],[0,0],[0,0],[0.15,0.081],[0.165,0],[0,0],[0,0],[0.15,0.081],[0.165,0],[0,0],[0,0],[0.15,0.081],[0.165,0],[0,0],[0,0],[0.15,0.081],[0.165,0],[0,0],[0,0],[0.15,0.081],[0.165,0],[0,0],[0,0],[0.15,0.081],[0.165,0],[0,0],[0,0],[0.15,0.081],[0.165,0],[0,0],[0,0],[0.15,0.081],[0.165,0],[0,0],[0.321,-0.175],[0,0],[0,-0.366],[0,0],[0,0],[0,0],[0.321,-0.175],[0,0],[0,-0.366],[0,0],[0,0],[0,0]],"v":[[92.479,-14.245],[93,-15.123],[93,-23.836],[92.479,-24.714],[85,-28.786],[85,-36.836],[84.479,-37.714],[76.479,-42.071],[75.521,-42.071],[68,-37.975],[60.479,-42.071],[59.521,-42.071],[52,-37.975],[44.479,-42.071],[43.521,-42.071],[36,-37.975],[28.479,-42.071],[27.521,-42.071],[20,-37.975],[12.479,-42.071],[11.521,-42.071],[4,-37.975],[-3.521,-42.071],[-4.479,-42.071],[-12,-37.975],[-19.521,-42.071],[-20.479,-42.071],[-28,-37.975],[-35.521,-42.071],[-36.479,-42.071],[-44,-37.975],[-51.522,-42.071],[-52.478,-42.071],[-60,-37.975],[-67.522,-42.071],[-68.478,-42.071],[-76,-37.975],[-83.522,-42.071],[-84.478,-42.071],[-92.478,-37.714],[-93,-36.836],[-93,-28.123],[-92.478,-27.245],[-85,-23.173],[-85,-15.786],[-92.478,-11.714],[-93,-10.836],[-93,-2.123],[-92.478,-1.245],[-85,2.827],[-85,10.214],[-92.478,14.286],[-93,15.164],[-93,23.877],[-92.478,24.755],[-85,28.827],[-85,36.877],[-84.478,37.755],[-76.478,42.111],[-76,42.233],[-75.522,42.111],[-68,38.015],[-60.478,42.111],[-60,42.233],[-59.522,42.111],[-52,38.015],[-44.478,42.111],[-44,42.233],[-43.522,42.111],[-36,38.015],[-28.479,42.111],[-28,42.233],[-27.521,42.111],[-20,38.015],[-12.479,42.111],[-12,42.233],[-11.521,42.111],[-4,38.015],[3.521,42.111],[4,42.233],[4.479,42.111],[12,38.015],[19.521,42.111],[20,42.233],[20.479,42.111],[28,38.015],[35.521,42.111],[36,42.233],[36.479,42.111],[44,38.015],[51.521,42.111],[52,42.233],[52.479,42.111],[60,38.015],[67.521,42.111],[68,42.233],[68.479,42.111],[76,38.015],[83.521,42.111],[84,42.233],[84.479,42.111],[92.479,37.755],[93,36.877],[93,28.164],[92.479,27.286],[85,23.214],[85,15.827],[92.479,11.755],[93,10.877],[93,2.164],[92.479,1.286],[85,-2.786],[85,-10.173]],"c":true},"ix":2},"nm":"Path 46","mn":"ADBE Vector Shape - Group","hd":false},{"ty":"mm","mm":1,"nm":"Merge Paths 1","mn":"ADBE Vector Filter - Merge","hd":false},{"ty":"fl","c":{"a":0,"k":[0,0,0,1],"ix":4},"o":{"a":0,"k":100,"ix":5},"r":1,"bm":0,"nm":"Fill 1","mn":"ADBE Vector Graphic - Fill","hd":false},{"ty":"tr","p":{"a":1,"k":[{"i":{"x":0.833,"y":0.833},"o":{"x":0.167,"y":0.167},"t":3,"s":[95,43.628],"to":[-8,0],"ti":[8,0]},{"t":25,"s":[47,43.628]}],"ix":2},"a":{"a":0,"k":[0,0],"ix":1},"s":{"a":0,"k":[100,100],"ix":3},"r":{"a":0,"k":0,"ix":6},"o":{"a":0,"k":100,"ix":7},"sk":{"a":0,"k":0,"ix":4},"sa":{"a":0,"k":0,"ix":5},"nm":"Transform"}],"nm":"Group 1","np":48,"cix":2,"bm":0,"ix":1,"mn":"ADBE Vector Group","hd":false}],"ip":0,"op":28,"st":0,"bm":0},{"ddd":0,"ind":3,"ty":4,"nm":"circle","parent":1,"sr":1,"ks":{"o":{"a":0,"k":100,"ix":11},"r":{"a":0,"k":0,"ix":10},"p":{"a":1,"k":[{"i":{"x":0.76,"y":0},"o":{"x":0.333,"y":0},"t":3,"s":[-0.125,22,0],"to":[0,-0.252,0],"ti":[0,0.69,0]},{"i":{"x":0.667,"y":1},"o":{"x":0.333,"y":0.555},"t":6,"s":[-0.125,22,0],"to":[0,-1.135,0],"ti":[0,0,0]},{"i":{"x":0.667,"y":1},"o":{"x":0.333,"y":0},"t":8,"s":[-0.125,22,0],"to":[0,0,0],"ti":[0,0,0]},{"i":{"x":0.667,"y":0.882},"o":{"x":0.333,"y":0},"t":11,"s":[-0.125,15,0],"to":[0,0,0],"ti":[0,0.69,0]},{"i":{"x":0.667,"y":1},"o":{"x":0.333,"y":0.52},"t":14,"s":[-0.125,22,0],"to":[0,-1.135,0],"ti":[0,0.667,0]},{"i":{"x":0.667,"y":1},"o":{"x":0.333,"y":0},"t":16,"s":[-0.125,22,0],"to":[0,-0.252,0],"ti":[0,0,0]},{"i":{"x":0.667,"y":0.497},"o":{"x":0.333,"y":0},"t":18,"s":[-0.125,20,0],"to":[0,0,0],"ti":[0,0.69,0]},{"i":{"x":0.667,"y":1},"o":{"x":0.333,"y":0.657},"t":22,"s":[-0.125,22,0],"to":[0,-1.135,0],"ti":[0,-0.515,0]},{"t":25,"s":[-0.125,22,0]}],"ix":2},"a":{"a":0,"k":[26.875,49,0],"ix":1},"s":{"a":1,"k":[{"i":{"x":[0.667,0.667,0.667],"y":[1,1,1]},"o":{"x":[0.333,0.333,0.333],"y":[0,0,0]},"t":3,"s":[100,100,100]},{"i":{"x":[0.667,0.667,0.667],"y":[0.926,1,1]},"o":{"x":[0.333,0.333,0.333],"y":[0,0,0]},"t":6,"s":[105,94,100]},{"i":{"x":[0.667,0.667,0.667],"y":[1,1,1]},"o":{"x":[0.333,0.333,0.333],"y":[-0.094,0,0]},"t":8,"s":[96.5,104,100]},{"i":{"x":[0.667,0.667,0.667],"y":[1,1,1]},"o":{"x":[0.333,0.333,0.333],"y":[0,0,0]},"t":11,"s":[106.5,87,100]},{"i":{"x":[0.667,0.667,0.667],"y":[1,1,1]},"o":{"x":[0.333,0.333,0.333],"y":[0,0,0]},"t":14,"s":[95,103,100]},{"i":{"x":[0.667,0.667,0.667],"y":[1,1,1]},"o":{"x":[0.333,0.333,0.333],"y":[0,0,0]},"t":16,"s":[108,93,100]},{"i":{"x":[0.667,0.667,0.667],"y":[1,1,1]},"o":{"x":[0.333,0.333,0.333],"y":[0,0,0]},"t":18,"s":[96.5,99,100]},{"i":{"x":[0.667,0.667,0.667],"y":[1,1,1]},"o":{"x":[0.333,0.333,0.333],"y":[0,0,0]},"t":22,"s":[105,94,100]},{"t":25,"s":[100,100,100]}],"ix":6}},"ao":0,"shapes":[{"ty":"gr","it":[{"ind":0,"ty":"sh","ix":1,"ks":{"a":0,"k":{"i":[[12.149,0],[0,-12.15],[-12.149,0],[0,12.149]],"o":[[-12.149,0],[0,12.149],[12.149,0],[0,-12.15]],"v":[[0,-22],[-22,0],[0,22],[22,0]],"c":true},"ix":2},"nm":"Path 1","mn":"ADBE Vector Shape - Group","hd":false},{"ty":"st","c":{"a":0,"k":[0,0,0,1],"ix":3},"o":{"a":0,"k":100,"ix":4},"w":{"a":0,"k":2,"ix":5},"lc":2,"lj":2,"bm":0,"nm":"Stroke 1","mn":"ADBE Vector Graphic - Stroke","hd":false},{"ty":"tr","p":{"a":0,"k":[27,27],"ix":2},"a":{"a":0,"k":[0,0],"ix":1},"s":{"a":0,"k":[100,100],"ix":3},"r":{"a":0,"k":0,"ix":6},"o":{"a":0,"k":100,"ix":7},"sk":{"a":0,"k":0,"ix":4},"sa":{"a":0,"k":0,"ix":5},"nm":"Transform"}],"nm":"Group 1","np":2,"cix":2,"bm":0,"ix":1,"mn":"ADBE Vector Group","hd":false}],"ip":0,"op":28,"st":0,"bm":0}],"markers":[]}