{"v":"5.4.4","fr":24,"ip":0,"op":28,"w":50,"h":50,"nm":"google-play","ddd":0,"assets":[],"layers":[{"ddd":0,"ind":1,"ty":4,"nm":"Google play","sr":1,"ks":{"o":{"a":0,"k":100,"ix":11},"r":{"a":0,"k":0,"ix":10},"p":{"a":0,"k":[25,25,0],"ix":2},"a":{"a":0,"k":[25,25,0],"ix":1},"s":{"a":0,"k":[100,100,100],"ix":6}},"ao":0,"shapes":[{"ty":"gr","it":[{"ind":0,"ty":"sh","ix":1,"ks":{"a":1,"k":[{"i":{"x":0.667,"y":1},"o":{"x":0.333,"y":0},"t":3,"s":[{"i":[[0,0],[0,0]],"o":[[0,0],[0,0]],"v":[[14.041,13.937],[-14.041,-13.937]],"c":false}],"e":[{"i":[[0,0],[0,0]],"o":[[0,0],[0,0]],"v":[[9.722,14.123],[-14.155,-14.625]],"c":false}]},{"i":{"x":0.667,"y":1},"o":{"x":0.333,"y":0},"t":7,"s":[{"i":[[0,0],[0,0]],"o":[[0,0],[0,0]],"v":[[9.722,14.123],[-14.155,-14.625]],"c":false}],"e":[{"i":[[0,0],[0,0]],"o":[[0,0],[0,0]],"v":[[17.177,13.499],[-13.958,-12.905]],"c":false}]},{"i":{"x":0.667,"y":1},"o":{"x":0.333,"y":0},"t":11,"s":[{"i":[[0,0],[0,0]],"o":[[0,0],[0,0]],"v":[[17.177,13.499],[-13.958,-12.905]],"c":false}],"e":[{"i":[[0,0],[0,0]],"o":[[0,0],[0,0]],"v":[[9.722,14.123],[-14.155,-14.625]],"c":false}]},{"i":{"x":0.667,"y":1},"o":{"x":0.333,"y":0},"t":14,"s":[{"i":[[0,0],[0,0]],"o":[[0,0],[0,0]],"v":[[9.722,14.123],[-14.155,-14.625]],"c":false}],"e":[{"i":[[0,0],[0,0]],"o":[[0,0],[0,0]],"v":[[14.041,13.937],[-14.041,-13.937]],"c":false}]},{"t":17}],"ix":2},"nm":"Path 1","mn":"ADBE Vector Shape - Group","hd":false},{"ty":"st","c":{"a":0,"k":[0,0,0,1],"ix":3},"o":{"a":0,"k":100,"ix":4},"w":{"a":0,"k":2,"ix":5},"lc":2,"lj":2,"bm":0,"nm":"Stroke 1","mn":"ADBE Vector Graphic - Stroke","hd":false},{"ty":"tr","p":{"a":0,"k":[20.805,16.992],"ix":2},"a":{"a":0,"k":[0,0],"ix":1},"s":{"a":0,"k":[100,100],"ix":3},"r":{"a":0,"k":0,"ix":6},"o":{"a":0,"k":100,"ix":7},"sk":{"a":0,"k":0,"ix":4},"sa":{"a":0,"k":0,"ix":5},"nm":"Transform"}],"nm":"Group 1","np":2,"cix":2,"bm":0,"ix":1,"mn":"ADBE Vector Group","hd":false},{"ty":"gr","it":[{"ind":0,"ty":"sh","ix":1,"ks":{"a":1,"k":[{"i":{"x":0.667,"y":1},"o":{"x":0.333,"y":0},"t":3,"s":[{"i":[[0,0],[0,0],[0.986,0.569],[0,-1.19],[0,0],[0,0],[-0.856,0.494],[0,0],[0,0],[-1.038,0.599],[0.876,0.472]],"o":[[0,0],[0,0],[-0.986,-0.569],[0,0],[0,0],[0,0.892],[0.856,-0.495],[0,0],[0,0],[1.037,-0.6],[-0.874,-0.472]],"v":[[9.522,-6.154],[0.317,-11.467],[-17.438,-21.719],[-19.406,-20.755],[-19.406,-0.081],[-19.406,21.012],[-17.848,21.794],[0.316,11.307],[9.52,5.992],[18.369,0.885],[18.43,-1.01]],"c":true}],"e":[{"i":[[0,0],[0,0],[0.838,0.587],[0,-1.227],[0,0],[0,0],[-0.728,0.511],[0,0],[0,0],[-0.882,0.619],[0.745,0.487]],"o":[[0,0],[0,0],[-0.838,-0.587],[0,0],[0,0],[0,0.92],[0.728,-0.511],[0,0],[0,0],[0.882,-0.619],[-0.743,-0.487]],"v":[[5.19,-6.346],[-2.636,-11.827],[-17.733,-22.401],[-19.406,-21.405],[-19.406,-0.083],[-19.406,21.671],[-18.081,22.478],[-2.637,11.661],[5.189,6.18],[12.713,0.912],[12.764,-1.041]],"c":true}]},{"i":{"x":0.667,"y":1},"o":{"x":0.333,"y":0},"t":7,"s":[{"i":[[0,0],[0,0],[0.838,0.587],[0,-1.227],[0,0],[0,0],[-0.728,0.511],[0,0],[0,0],[-0.882,0.619],[0.745,0.487]],"o":[[0,0],[0,0],[-0.838,-0.587],[0,0],[0,0],[0,0.92],[0.728,-0.511],[0,0],[0,0],[0.882,-0.619],[-0.743,-0.487]],"v":[[5.19,-6.346],[-2.636,-11.827],[-17.733,-22.401],[-19.406,-21.405],[-19.406,-0.083],[-19.406,21.671],[-18.081,22.478],[-2.637,11.661],[5.189,6.18],[12.713,0.912],[12.764,-1.041]],"c":true}],"e":[{"i":[[0,0],[0,0],[1.093,0.539],[0,-1.127],[0,0],[0,0],[-0.949,0.469],[0,0],[0,0],[-1.15,0.568],[0.971,0.448]],"o":[[0,0],[0,0],[-1.093,-0.539],[0,0],[0,0],[0,0.845],[0.949,-0.469],[0,0],[0,0],[1.15,-0.568],[-0.969,-0.447]],"v":[[12.667,-5.954],[2.461,-10.987],[-17.224,-20.699],[-19.406,-19.784],[-19.406,-0.201],[-19.406,19.779],[-17.679,20.52],[2.46,10.585],[12.665,5.551],[22.476,0.713],[22.543,-1.081]],"c":true}]},{"i":{"x":0.667,"y":1},"o":{"x":0.333,"y":0},"t":11,"s":[{"i":[[0,0],[0,0],[1.093,0.539],[0,-1.127],[0,0],[0,0],[-0.949,0.469],[0,0],[0,0],[-1.15,0.568],[0.971,0.448]],"o":[[0,0],[0,0],[-1.093,-0.539],[0,0],[0,0],[0,0.845],[0.949,-0.469],[0,0],[0,0],[1.15,-0.568],[-0.969,-0.447]],"v":[[12.667,-5.954],[2.461,-10.987],[-17.224,-20.699],[-19.406,-19.784],[-19.406,-0.201],[-19.406,19.779],[-17.679,20.52],[2.46,10.585],[12.665,5.551],[22.476,0.713],[22.543,-1.081]],"c":true}],"e":[{"i":[[0,0],[0,0],[0.838,0.587],[0,-1.227],[0,0],[0,0],[-0.728,0.511],[0,0],[0,0],[-0.882,0.619],[0.745,0.487]],"o":[[0,0],[0,0],[-0.838,-0.587],[0,0],[0,0],[0,0.92],[0.728,-0.511],[0,0],[0,0],[0.882,-0.619],[-0.743,-0.487]],"v":[[5.19,-6.346],[-2.636,-11.827],[-17.733,-22.401],[-19.406,-21.405],[-19.406,-0.083],[-19.406,21.671],[-18.081,22.478],[-2.637,11.661],[5.189,6.18],[12.713,0.912],[12.764,-1.041]],"c":true}]},{"i":{"x":0.667,"y":1},"o":{"x":0.333,"y":0},"t":14,"s":[{"i":[[0,0],[0,0],[0.838,0.587],[0,-1.227],[0,0],[0,0],[-0.728,0.511],[0,0],[0,0],[-0.882,0.619],[0.745,0.487]],"o":[[0,0],[0,0],[-0.838,-0.587],[0,0],[0,0],[0,0.92],[0.728,-0.511],[0,0],[0,0],[0.882,-0.619],[-0.743,-0.487]],"v":[[5.19,-6.346],[-2.636,-11.827],[-17.733,-22.401],[-19.406,-21.405],[-19.406,-0.083],[-19.406,21.671],[-18.081,22.478],[-2.637,11.661],[5.189,6.18],[12.713,0.912],[12.764,-1.041]],"c":true}],"e":[{"i":[[0,0],[0,0],[0.986,0.569],[0,-1.19],[0,0],[0,0],[-0.856,0.494],[0,0],[0,0],[-1.038,0.599],[0.876,0.472]],"o":[[0,0],[0,0],[-0.986,-0.569],[0,0],[0,0],[0,0.892],[0.856,-0.495],[0,0],[0,0],[1.037,-0.6],[-0.874,-0.472]],"v":[[9.522,-6.154],[0.317,-11.467],[-17.438,-21.719],[-19.406,-20.755],[-19.406,-0.081],[-19.406,21.012],[-17.848,21.794],[0.316,11.307],[9.52,5.992],[18.369,0.885],[18.43,-1.01]],"c":true}]},{"t":17}],"ix":2},"nm":"Path 1","mn":"ADBE Vector Shape - Group","hd":false},{"ty":"st","c":{"a":0,"k":[0,0,0,1],"ix":3},"o":{"a":0,"k":100,"ix":4},"w":{"a":0,"k":2,"ix":5},"lc":2,"lj":2,"bm":0,"nm":"Stroke 1","mn":"ADBE Vector Graphic - Stroke","hd":false},{"ty":"tr","p":{"a":0,"k":[25.406,24.988],"ix":2},"a":{"a":0,"k":[0,0],"ix":1},"s":{"a":0,"k":[100,100],"ix":3},"r":{"a":0,"k":0,"ix":6},"o":{"a":0,"k":100,"ix":7},"sk":{"a":0,"k":0,"ix":4},"sa":{"a":0,"k":0,"ix":5},"nm":"Transform"}],"nm":"Group 2","np":2,"cix":2,"bm":0,"ix":2,"mn":"ADBE Vector Group","hd":false},{"ty":"gr","it":[{"ind":0,"ty":"sh","ix":1,"ks":{"a":1,"k":[{"i":{"x":0.667,"y":1},"o":{"x":0.333,"y":0},"t":3,"s":[{"i":[[0,0],[0,0]],"o":[[0,0],[0,0]],"v":[[14.123,-14.033],[-14.123,14.033]],"c":false}],"e":[{"i":[[0,0],[0,0]],"o":[[0,0],[0,0]],"v":[[9.804,-14.225],[-14.213,14.72]],"c":false}]},{"i":{"x":0.667,"y":1},"o":{"x":0.333,"y":0},"t":7,"s":[{"i":[[0,0],[0,0]],"o":[[0,0],[0,0]],"v":[[9.804,-14.225],[-14.213,14.72]],"c":false}],"e":[{"i":[[0,0],[0,0]],"o":[[0,0],[0,0]],"v":[[17.259,-13.834],[-14.058,12.75]],"c":false}]},{"i":{"x":0.667,"y":1},"o":{"x":0.333,"y":0},"t":11,"s":[{"i":[[0,0],[0,0]],"o":[[0,0],[0,0]],"v":[[17.259,-13.834],[-14.058,12.75]],"c":false}],"e":[{"i":[[0,0],[0,0]],"o":[[0,0],[0,0]],"v":[[9.804,-14.225],[-14.213,14.72]],"c":false}]},{"i":{"x":0.667,"y":1},"o":{"x":0.333,"y":0},"t":14,"s":[{"i":[[0,0],[0,0]],"o":[[0,0],[0,0]],"v":[[9.804,-14.225],[-14.213,14.72]],"c":false}],"e":[{"i":[[0,0],[0,0]],"o":[[0,0],[0,0]],"v":[[14.123,-14.033],[-14.123,14.033]],"c":false}]},{"t":17}],"ix":2},"nm":"Path 1","mn":"ADBE Vector Shape - Group","hd":false},{"ty":"st","c":{"a":0,"k":[0,0,0,1],"ix":3},"o":{"a":0,"k":100,"ix":4},"w":{"a":0,"k":2,"ix":5},"lc":2,"lj":2,"bm":0,"nm":"Stroke 1","mn":"ADBE Vector Graphic - Stroke","hd":false},{"ty":"tr","p":{"a":0,"k":[20.723,32.889],"ix":2},"a":{"a":0,"k":[0,0],"ix":1},"s":{"a":0,"k":[100,100],"ix":3},"r":{"a":0,"k":0,"ix":6},"o":{"a":0,"k":100,"ix":7},"sk":{"a":0,"k":0,"ix":4},"sa":{"a":0,"k":0,"ix":5},"nm":"Transform"}],"nm":"Group 3","np":2,"cix":2,"bm":0,"ix":3,"mn":"ADBE Vector Group","hd":false}],"ip":0,"op":28,"st":0,"bm":0}],"markers":[]}