{"v":"5.4.4","fr":24,"ip":0,"op":28,"w":50,"h":50,"nm":"waste","ddd":0,"assets":[],"layers":[{"ddd":0,"ind":1,"ty":4,"nm":"Lid","sr":1,"ks":{"o":{"a":0,"k":100,"ix":11},"r":{"a":1,"k":[{"i":{"x":[0.667],"y":[1]},"o":{"x":[0.333],"y":[0]},"t":9,"s":[0],"e":[15]},{"i":{"x":[0.667],"y":[1]},"o":{"x":[0.333],"y":[0]},"t":16,"s":[15],"e":[0]},{"t":21}],"ix":10},"p":{"a":1,"k":[{"i":{"x":0.667,"y":1},"o":{"x":0.333,"y":0},"t":3,"s":[40,8,0],"e":[40,13,0],"to":[0,0,0],"ti":[0,0,0]},{"i":{"x":0.667,"y":1},"o":{"x":0.333,"y":0},"t":9,"s":[40,13,0],"e":[40,11,0],"to":[0,0,0],"ti":[0,0,0]},{"i":{"x":0.667,"y":1},"o":{"x":0.333,"y":0},"t":16,"s":[40,11,0],"e":[40,12,0],"to":[0,0,0],"ti":[0,0,0]},{"i":{"x":0.667,"y":1},"o":{"x":0.333,"y":0},"t":21,"s":[40,12,0],"e":[40,8,0],"to":[0,0,0],"ti":[0,0,0]},{"t":25}],"ix":2},"a":{"a":0,"k":[40,8,0],"ix":1},"s":{"a":0,"k":[100,100,100],"ix":6}},"ao":0,"shapes":[{"ty":"gr","it":[{"ind":0,"ty":"sh","ix":1,"ks":{"a":0,"k":{"i":[[0,0],[0,0]],"o":[[0,0],[0,0]],"v":[[8,8],[42,8]],"c":false},"ix":2},"nm":"Path 1","mn":"ADBE Vector Shape - Group","hd":false},{"ty":"st","c":{"a":0,"k":[0,0,0,1],"ix":3},"o":{"a":0,"k":100,"ix":4},"w":{"a":0,"k":2,"ix":5},"lc":2,"lj":1,"ml":10,"bm":0,"nm":"Stroke 1","mn":"ADBE Vector Graphic - Stroke","hd":false},{"ty":"tr","p":{"a":0,"k":[0,0],"ix":2},"a":{"a":0,"k":[0,0],"ix":1},"s":{"a":0,"k":[100,100],"ix":3},"r":{"a":0,"k":0,"ix":6},"o":{"a":0,"k":100,"ix":7},"sk":{"a":0,"k":0,"ix":4},"sa":{"a":0,"k":0,"ix":5},"nm":"Transform"}],"nm":"Group 5","np":2,"cix":2,"bm":0,"ix":1,"mn":"ADBE Vector Group","hd":false},{"ty":"gr","it":[{"ind":0,"ty":"sh","ix":1,"ks":{"a":0,"k":{"i":[[0,0],[0,0],[-1.1,0],[0,0],[0,-1.1],[0,0]],"o":[[0,0],[0,-1.1],[0,0],[1.1,0],[0,0],[0,0]],"v":[[-6,2.5],[-6,-0.5],[-4,-2.5],[4,-2.5],[6,-0.5],[6,2.5]],"c":false},"ix":2},"nm":"Path 1","mn":"ADBE Vector Shape - Group","hd":false},{"ty":"st","c":{"a":0,"k":[0,0,0,1],"ix":3},"o":{"a":0,"k":100,"ix":4},"w":{"a":0,"k":2,"ix":5},"lc":2,"lj":1,"ml":10,"bm":0,"nm":"Stroke 1","mn":"ADBE Vector Graphic - Stroke","hd":false},{"ty":"tr","p":{"a":0,"k":[25,5.5],"ix":2},"a":{"a":0,"k":[0,0],"ix":1},"s":{"a":0,"k":[100,100],"ix":3},"r":{"a":0,"k":0,"ix":6},"o":{"a":0,"k":100,"ix":7},"sk":{"a":0,"k":0,"ix":4},"sa":{"a":0,"k":0,"ix":5},"nm":"Transform"}],"nm":"Group 6","np":2,"cix":2,"bm":0,"ix":2,"mn":"ADBE Vector Group","hd":false}],"ip":0,"op":28,"st":0,"bm":0},{"ddd":0,"ind":2,"ty":4,"nm":"Bin","sr":1,"ks":{"o":{"a":0,"k":100,"ix":11},"r":{"a":0,"k":0,"ix":10},"p":{"a":0,"k":[25,47,0],"ix":2},"a":{"a":0,"k":[25,47,0],"ix":1},"s":{"a":1,"k":[{"i":{"x":[0.667,0.667,0.667],"y":[1,1,1]},"o":{"x":[0.333,0.333,0.333],"y":[0,0,0]},"t":3,"s":[100,100,100],"e":[100,85,100]},{"i":{"x":[0.667,0.667,0.667],"y":[1,1,1]},"o":{"x":[0.333,0.333,0.333],"y":[0,0,0]},"t":9,"s":[100,85,100],"e":[100,90,100]},{"i":{"x":[0.667,0.667,0.667],"y":[1,1,1]},"o":{"x":[0.333,0.333,0.333],"y":[0,0,0]},"t":16,"s":[100,90,100],"e":[100,88,100]},{"i":{"x":[0.667,0.667,0.667],"y":[1,1,1]},"o":{"x":[0.333,0.333,0.333],"y":[0,0,0]},"t":21,"s":[100,88,100],"e":[100,100,100]},{"t":25}],"ix":6}},"ao":0,"shapes":[{"ty":"gr","it":[{"ind":0,"ty":"sh","ix":1,"ks":{"a":1,"k":[{"i":{"x":0.667,"y":1},"o":{"x":0.333,"y":0},"t":3,"s":[{"i":[[0,0],[0,-6.521],[0,0],[1.1,0],[0,0],[0,1.1],[0,5.813],[0,0]],"o":[[0,0],[0,5.813],[0,1.1],[0,0],[-1.1,0],[0,0],[0,-6.521],[0,0]],"v":[[15,-19.5],[15,0.063],[15,17.5],[13,19.5],[-13,19.5],[-15,17.5],[-15,0.063],[-15,-19.5]],"c":false}],"e":[{"i":[[0,0],[0,-9.605],[0,0],[1.1,0],[0,0],[0,1.1],[0,8.562],[0,0]],"o":[[0,0],[0,8.562],[0,1.1],[0,0],[-1.1,0],[0,0],[0,-9.605],[0,0]],"v":[[15,-19.5],[16.375,0.23],[15,17.5],[13,19.5],[-13,19.5],[-15,17.5],[-16.375,0.23],[-15,-19.5]],"c":false}]},{"i":{"x":0.667,"y":1},"o":{"x":0.333,"y":0},"t":9,"s":[{"i":[[0,0],[0,-9.605],[0,0],[1.1,0],[0,0],[0,1.1],[0,8.562],[0,0]],"o":[[0,0],[0,8.562],[0,1.1],[0,0],[-1.1,0],[0,0],[0,-9.605],[0,0]],"v":[[15,-19.5],[16.375,0.23],[15,17.5],[13,19.5],[-13,19.5],[-15,17.5],[-16.375,0.23],[-15,-19.5]],"c":false}],"e":[{"i":[[0,0],[0,-11.984],[0,0],[1.1,0],[0,0],[0,1.1],[0,10.682],[0,0]],"o":[[0,0],[0,10.682],[0,1.1],[0,0],[-1.1,0],[0,0],[0,-11.984],[0,0]],"v":[[15,-19.5],[13.063,0.359],[15,17.5],[13,19.5],[-13,19.5],[-15,17.5],[-13.063,0.359],[-15,-19.5]],"c":false}]},{"i":{"x":0.667,"y":1},"o":{"x":0.333,"y":0},"t":16,"s":[{"i":[[0,0],[0,-11.984],[0,0],[1.1,0],[0,0],[0,1.1],[0,10.682],[0,0]],"o":[[0,0],[0,10.682],[0,1.1],[0,0],[-1.1,0],[0,0],[0,-11.984],[0,0]],"v":[[15,-19.5],[13.063,0.359],[15,17.5],[13,19.5],[-13,19.5],[-15,17.5],[-13.063,0.359],[-15,-19.5]],"c":false}],"e":[{"i":[[0,0],[0,-10.53],[0,0],[1.1,0],[0,0],[0,1.1],[0,9.386],[0,0]],"o":[[0,0],[0,9.386],[0,1.1],[0,0],[-1.1,0],[0,0],[0,-10.53],[0,0]],"v":[[15,-19.5],[16,0.28],[15,17.5],[13,19.5],[-13,19.5],[-15,17.5],[-16,0.28],[-15,-19.5]],"c":false}]},{"i":{"x":0.667,"y":1},"o":{"x":0.333,"y":0},"t":21,"s":[{"i":[[0,0],[0,-10.53],[0,0],[1.1,0],[0,0],[0,1.1],[0,9.386],[0,0]],"o":[[0,0],[0,9.386],[0,1.1],[0,0],[-1.1,0],[0,0],[0,-10.53],[0,0]],"v":[[15,-19.5],[16,0.28],[15,17.5],[13,19.5],[-13,19.5],[-15,17.5],[-16,0.28],[-15,-19.5]],"c":false}],"e":[{"i":[[0,0],[0,-6.521],[0,0],[1.1,0],[0,0],[0,1.1],[0,5.813],[0,0]],"o":[[0,0],[0,5.813],[0,1.1],[0,0],[-1.1,0],[0,0],[0,-6.521],[0,0]],"v":[[15,-19.5],[15,0.063],[15,17.5],[13,19.5],[-13,19.5],[-15,17.5],[-15,0.063],[-15,-19.5]],"c":false}]},{"t":25}],"ix":2},"nm":"Path 1","mn":"ADBE Vector Shape - Group","hd":false},{"ty":"st","c":{"a":0,"k":[0,0,0,1],"ix":3},"o":{"a":0,"k":100,"ix":4},"w":{"a":0,"k":2,"ix":5},"lc":2,"lj":1,"ml":10,"bm":0,"nm":"Stroke 1","mn":"ADBE Vector Graphic - Stroke","hd":false},{"ty":"tr","p":{"a":0,"k":[25,27.5],"ix":2},"a":{"a":0,"k":[0,0],"ix":1},"s":{"a":0,"k":[100,100],"ix":3},"r":{"a":0,"k":0,"ix":6},"o":{"a":0,"k":100,"ix":7},"sk":{"a":0,"k":0,"ix":4},"sa":{"a":0,"k":0,"ix":5},"nm":"Transform"}],"nm":"Group 1","np":2,"cix":2,"bm":0,"ix":1,"mn":"ADBE Vector Group","hd":false},{"ty":"gr","it":[{"ind":0,"ty":"sh","ix":1,"ks":{"a":1,"k":[{"i":{"x":0.667,"y":1},"o":{"x":0.333,"y":0},"t":3,"s":[{"i":[[0,0],[0,-4.188],[0,0]],"o":[[0,0],[0,4.146],[0,0]],"v":[[19,15],[19,27.563],[19,40]],"c":false}],"e":[{"i":[[0,0],[0,-6.168],[0,0]],"o":[[0,0],[0,6.107],[0,0]],"v":[[19,15],[18.45,27.73],[19,40]],"c":false}]},{"i":{"x":0.667,"y":1},"o":{"x":0.333,"y":0},"t":9,"s":[{"i":[[0,0],[0,-6.168],[0,0]],"o":[[0,0],[0,6.107],[0,0]],"v":[[19,15],[18.45,27.73],[19,40]],"c":false}],"e":[{"i":[[0,0],[0,-7.696],[0,0]],"o":[[0,0],[0,7.619],[0,0]],"v":[[19,15],[19.775,27.859],[19,40]],"c":false}]},{"i":{"x":0.667,"y":1},"o":{"x":0.333,"y":0},"t":16,"s":[{"i":[[0,0],[0,-7.696],[0,0]],"o":[[0,0],[0,7.619],[0,0]],"v":[[19,15],[19.775,27.859],[19,40]],"c":false}],"e":[{"i":[[0,0],[0,-6.762],[0,0]],"o":[[0,0],[0,6.695],[0,0]],"v":[[19,15],[18.6,27.78],[19,40]],"c":false}]},{"i":{"x":0.667,"y":1},"o":{"x":0.333,"y":0},"t":21,"s":[{"i":[[0,0],[0,-6.762],[0,0]],"o":[[0,0],[0,6.695],[0,0]],"v":[[19,15],[18.6,27.78],[19,40]],"c":false}],"e":[{"i":[[0,0],[0,-4.188],[0,0]],"o":[[0,0],[0,4.146],[0,0]],"v":[[19,15],[19,27.563],[19,40]],"c":false}]},{"t":25}],"ix":2},"nm":"Path 1","mn":"ADBE Vector Shape - Group","hd":false},{"ty":"st","c":{"a":0,"k":[0,0,0,1],"ix":3},"o":{"a":0,"k":100,"ix":4},"w":{"a":0,"k":2,"ix":5},"lc":2,"lj":1,"ml":10,"bm":0,"nm":"Stroke 1","mn":"ADBE Vector Graphic - Stroke","hd":false},{"ty":"tr","p":{"a":0,"k":[0,0],"ix":2},"a":{"a":0,"k":[0,0],"ix":1},"s":{"a":0,"k":[100,100],"ix":3},"r":{"a":0,"k":0,"ix":6},"o":{"a":0,"k":100,"ix":7},"sk":{"a":0,"k":0,"ix":4},"sa":{"a":0,"k":0,"ix":5},"nm":"Transform"}],"nm":"Group 2","np":2,"cix":2,"bm":0,"ix":2,"mn":"ADBE Vector Group","hd":false},{"ty":"gr","it":[{"ind":0,"ty":"sh","ix":1,"ks":{"a":1,"k":[{"i":{"x":0.667,"y":1},"o":{"x":0.333,"y":0},"t":3,"s":[{"i":[[0,0],[0,-4.229],[0,0]],"o":[[0,0],[0,4.104],[0,0]],"v":[[31,15],[31,27.688],[31,40]],"c":false}],"e":[{"i":[[0,0],[0,-6.229],[0,0]],"o":[[0,0],[0,6.045],[0,0]],"v":[[31,15],[31.55,27.914],[31,40]],"c":false}]},{"i":{"x":0.667,"y":1},"o":{"x":0.333,"y":0},"t":9,"s":[{"i":[[0,0],[0,-6.229],[0,0]],"o":[[0,0],[0,6.045],[0,0]],"v":[[31,15],[31.55,27.914],[31,40]],"c":false}],"e":[{"i":[[0,0],[0,-7.773],[0,0]],"o":[[0,0],[0,7.543],[0,0]],"v":[[31,15],[30.225,28.089],[31,40]],"c":false}]},{"i":{"x":0.667,"y":1},"o":{"x":0.333,"y":0},"t":16,"s":[{"i":[[0,0],[0,-7.773],[0,0]],"o":[[0,0],[0,7.543],[0,0]],"v":[[31,15],[30.225,28.089],[31,40]],"c":false}],"e":[{"i":[[0,0],[0,-6.83],[0,0]],"o":[[0,0],[0,6.628],[0,0]],"v":[[31,15],[31.4,27.982],[31,40]],"c":false}]},{"i":{"x":0.667,"y":1},"o":{"x":0.333,"y":0},"t":21,"s":[{"i":[[0,0],[0,-6.83],[0,0]],"o":[[0,0],[0,6.628],[0,0]],"v":[[31,15],[31.4,27.982],[31,40]],"c":false}],"e":[{"i":[[0,0],[0,-4.229],[0,0]],"o":[[0,0],[0,4.104],[0,0]],"v":[[31,15],[31,27.688],[31,40]],"c":false}]},{"t":25}],"ix":2},"nm":"Path 1","mn":"ADBE Vector Shape - Group","hd":false},{"ty":"st","c":{"a":0,"k":[0,0,0,1],"ix":3},"o":{"a":0,"k":100,"ix":4},"w":{"a":0,"k":2,"ix":5},"lc":2,"lj":1,"ml":10,"bm":0,"nm":"Stroke 1","mn":"ADBE Vector Graphic - Stroke","hd":false},{"ty":"tr","p":{"a":0,"k":[0,0],"ix":2},"a":{"a":0,"k":[0,0],"ix":1},"s":{"a":0,"k":[100,100],"ix":3},"r":{"a":0,"k":0,"ix":6},"o":{"a":0,"k":100,"ix":7},"sk":{"a":0,"k":0,"ix":4},"sa":{"a":0,"k":0,"ix":5},"nm":"Transform"}],"nm":"Group 3","np":2,"cix":2,"bm":0,"ix":3,"mn":"ADBE Vector Group","hd":false},{"ty":"gr","it":[{"ind":0,"ty":"sh","ix":1,"ks":{"a":1,"k":[{"i":{"x":0.667,"y":1},"o":{"x":0.333,"y":0},"t":3,"s":[{"i":[[0,0],[0,-4.167],[0,0]],"o":[[0,0],[0,4.167],[0,0]],"v":[[25,15],[25,27.5],[25,40]],"c":false}],"e":[{"i":[[0,0],[0,-6.137],[0,0]],"o":[[0,0],[0,6.137],[0,0]],"v":[[25,15],[25,27.638],[25,40]],"c":false}]},{"i":{"x":0.667,"y":1},"o":{"x":0.333,"y":0},"t":9,"s":[{"i":[[0,0],[0,-6.137],[0,0]],"o":[[0,0],[0,6.137],[0,0]],"v":[[25,15],[25,27.638],[25,40]],"c":false}],"e":[{"i":[[0,0],[0,-7.658],[0,0]],"o":[[0,0],[0,7.658],[0,0]],"v":[[25,15],[25,27.744],[25,40]],"c":false}]},{"i":{"x":0.667,"y":1},"o":{"x":0.333,"y":0},"t":16,"s":[{"i":[[0,0],[0,-7.658],[0,0]],"o":[[0,0],[0,7.658],[0,0]],"v":[[25,15],[25,27.744],[25,40]],"c":false}],"e":[{"i":[[0,0],[0,-6.729],[0,0]],"o":[[0,0],[0,6.729],[0,0]],"v":[[25,15],[25,27.679],[25,40]],"c":false}]},{"i":{"x":0.667,"y":1},"o":{"x":0.333,"y":0},"t":21,"s":[{"i":[[0,0],[0,-6.729],[0,0]],"o":[[0,0],[0,6.729],[0,0]],"v":[[25,15],[25,27.679],[25,40]],"c":false}],"e":[{"i":[[0,0],[0,-4.167],[0,0]],"o":[[0,0],[0,4.167],[0,0]],"v":[[25,15],[25,27.5],[25,40]],"c":false}]},{"t":25}],"ix":2},"nm":"Path 1","mn":"ADBE Vector Shape - Group","hd":false},{"ty":"st","c":{"a":0,"k":[0,0,0,1],"ix":3},"o":{"a":0,"k":100,"ix":4},"w":{"a":0,"k":2,"ix":5},"lc":2,"lj":1,"ml":10,"bm":0,"nm":"Stroke 1","mn":"ADBE Vector Graphic - Stroke","hd":false},{"ty":"tr","p":{"a":0,"k":[0,0],"ix":2},"a":{"a":0,"k":[0,0],"ix":1},"s":{"a":0,"k":[100,100],"ix":3},"r":{"a":0,"k":0,"ix":6},"o":{"a":0,"k":100,"ix":7},"sk":{"a":0,"k":0,"ix":4},"sa":{"a":0,"k":0,"ix":5},"nm":"Transform"}],"nm":"Group 4","np":2,"cix":2,"bm":0,"ix":4,"mn":"ADBE Vector Group","hd":false}],"ip":0,"op":28,"st":0,"bm":0},{"ddd":0,"ind":3,"ty":4,"nm":"Waste","sr":1,"ks":{"o":{"a":0,"k":100,"ix":11},"r":{"a":0,"k":0,"ix":10},"p":{"a":1,"k":[{"i":{"x":0.833,"y":0.833},"o":{"x":0.167,"y":0.167},"t":11,"s":[-9.688,7.75,0],"e":[17.688,17.438,0],"to":[8.552,-4.625,0],"ti":[-3.083,-13,0]},{"t":19}],"ix":2},"a":{"a":0,"k":[-6,-7,0],"ix":1},"s":{"a":0,"k":[71,71,100],"ix":6}},"ao":0,"shapes":[{"d":1,"ty":"el","s":{"a":0,"k":[4,4],"ix":2},"p":{"a":0,"k":[-6,-7],"ix":3},"nm":"Ellipse Path 1","mn":"ADBE Vector Shape - Ellipse","hd":false},{"ty":"fl","c":{"a":0,"k":[0,0,0,1],"ix":4},"o":{"a":0,"k":100,"ix":5},"r":1,"bm":0,"nm":"Fill 1","mn":"ADBE Vector Graphic - Fill","hd":false}],"ip":11,"op":18,"st":2,"bm":0}],"markers":[]}