{"v":"5.4.4","fr":24,"ip":0,"op":28,"w":50,"h":50,"nm":"whatsapp 3","ddd":0,"assets":[],"layers":[{"ddd":0,"ind":1,"ty":4,"nm":"whatsapp Outlines 2","sr":1,"ks":{"o":{"a":0,"k":100,"ix":11},"r":{"a":1,"k":[{"i":{"x":[0.667],"y":[1]},"o":{"x":[0.333],"y":[0]},"t":7,"s":[0],"e":[5]},{"i":{"x":[0.667],"y":[1]},"o":{"x":[0.333],"y":[0]},"t":10,"s":[5],"e":[-5]},{"i":{"x":[0.667],"y":[1]},"o":{"x":[0.333],"y":[0]},"t":14,"s":[-5],"e":[5]},{"i":{"x":[0.667],"y":[1]},"o":{"x":[0.333],"y":[0]},"t":18,"s":[5],"e":[0]},{"t":21}],"ix":10},"p":{"s":true,"x":{"a":1,"k":[{"i":{"x":[0.667],"y":[1]},"o":{"x":[0.333],"y":[0]},"t":7,"s":[25],"e":[27.25]},{"i":{"x":[0.667],"y":[1]},"o":{"x":[0.333],"y":[0]},"t":10,"s":[27.25],"e":[24]},{"i":{"x":[0.667],"y":[1]},"o":{"x":[0.333],"y":[0]},"t":14,"s":[24],"e":[27.25]},{"i":{"x":[0.667],"y":[1]},"o":{"x":[0.333],"y":[0]},"t":18,"s":[27.25],"e":[25]},{"t":21}],"ix":3},"y":{"a":0,"k":25,"ix":4}},"a":{"a":0,"k":[25,25,0],"ix":1},"s":{"a":1,"k":[{"i":{"x":[0.667,0.667,0.667],"y":[1,1,1]},"o":{"x":[0.333,0.333,0.333],"y":[0,0,0]},"t":3,"s":[100,100,100],"e":[110,110,100]},{"i":{"x":[0.667,0.667,0.667],"y":[1,1,1]},"o":{"x":[0.333,0.333,0.333],"y":[0,0,0]},"t":7,"s":[110,110,100],"e":[110,110,100]},{"i":{"x":[0.667,0.667,0.667],"y":[1,1,1]},"o":{"x":[0.333,0.333,0.333],"y":[0,0,0]},"t":21,"s":[110,110,100],"e":[100,100,100]},{"t":25}],"ix":6}},"ao":0,"shapes":[{"ty":"gr","it":[{"ind":0,"ty":"sh","ix":1,"ks":{"a":0,"k":{"i":[[0.02,-0.14],[0.21,-0.601],[0.7,-0.441],[0.31,-0.051],[1.229,0.39],[1.369,0.58],[1.681,1.77],[0.48,0.621],[0.17,0.23],[0,2.38],[-0.63,0.68],[-0.14,0],[-0.32,-0.02],[-0.05,0],[-0.1,-0.23],[-0.38,-0.9],[-0.139,-0.34],[-0.091,-0.18],[0,0],[0.009,-0.02],[0.219,-0.24],[0.179,-0.18],[0.17,-0.46],[-0.279,-0.48],[-1.9,-1.67],[-0.889,-0.46],[-0.17,-0.09],[-0.491,0.061],[-0.269,0.3],[0,0],[-0.51,0.75],[-0.17,-0.07],[-0.361,-0.16],[-0.441,-0.2],[-0.29,-0.14],[-0.05,0]],"o":[[-0.03,0.4],[-0.11,0.29],[-0.691,0.429],[-0.94,0.139],[-0.84,-0.259],[-2.781,-1.189],[-0.839,-0.889],[-0.48,-0.63],[-0.31,-0.41],[0,-2.51],[0.33,-0.36],[0.39,0],[0.12,0.011],[0.04,0.039],[0.239,0.581],[0.191,0.45],[0.14,0.33],[0.05,0.09],[0,0],[-0.21,0.42],[-0.321,0.38],[-0.15,0.15],[-0.169,0.46],[0.371,0.63],[1.19,1.051],[0.89,0.471],[0.379,0.19],[0.49,-0.059],[0,0],[0.361,-0.4],[0.031,0.011],[0.04,0.01],[0.359,0.16],[0.859,0.411],[0.411,0.2],[0.01,0.091]],"v":[[10.975,6.185],[10.624,7.746],[9.275,9.076],[7.436,9.866],[4.156,9.665],[0.885,8.475],[-5.936,3.505],[-7.936,1.165],[-8.796,-0.015],[-11.005,-5.445],[-9.206,-9.625],[-8.365,-10.035],[-7.275,-10.015],[-7.036,-10.004],[-6.824,-9.625],[-5.786,-7.135],[-5.286,-5.925],[-4.975,-5.235],[-4.904,-5.135],[-4.924,-5.115],[-5.385,-4.345],[-6.215,-3.375],[-6.816,-2.535],[-6.626,-0.965],[-3.146,3.315],[0.044,5.525],[1.826,6.355],[3.115,6.635],[4.294,5.975],[4.294,5.965],[6.214,3.605],[6.406,3.675],[7.065,3.965],[8.315,4.545],[10.335,5.525],[10.986,5.855]],"c":true},"ix":2},"nm":"Path 1","mn":"ADBE Vector Shape - Group","hd":false},{"ind":1,"ty":"sh","ix":2,"ks":{"a":0,"k":{"i":[[0.221,0.37],[0.55,0.27],[0.87,0.41],[0.469,0.161],[0.519,-0.049],[0.3,-0.44],[0.349,-0.391],[0.1,0.05],[0.779,0.4],[1.06,0.931],[0,0],[0.351,0.59],[-0.06,0.05],[-0.27,0.31],[-0.179,0.36],[0.21,0.41],[0,0],[0.129,0.3],[0.19,0.45],[0.25,0.59],[0,0],[0.52,0.24],[0.02,0],[0.409,0],[0.759,-0.809],[0,-3.22],[-0.279,-0.371],[-0.5,-0.65],[-0.901,-0.95],[-3.15,-1.34],[-0.859,-0.271],[-1.101,0.16],[-0.89,0.561],[-0.389,1.07],[-0.051,0.591],[0.019,0.239]],"o":[[-0.47,-0.761],[-0.3,-0.15],[-0.88,-0.42],[-0.29,-0.11],[-0.51,0.071],[-0.29,0.42],[0,0],[-0.419,-0.21],[-0.771,-0.41],[0,0],[-1.58,-1.38],[0.02,-0.02],[0.349,-0.35],[0.38,-0.43],[0.36,-0.71],[0,0],[0,-0.01],[-0.13,-0.33],[-0.371,-0.9],[0,0],[-0.29,-0.69],[-0.52,-0.25],[-0.369,-0.02],[-0.64,0],[-0.451,0.49],[0,3.37],[0,0],[0.52,0.67],[1.799,1.9],[1.44,0.61],[1.61,0.509],[0.819,-0.12],[0.901,-0.569],[0.281,-0.759],[0.02,-0.279],[-0.021,-0.241]],"v":[[12.764,4.786],[11.214,3.735],[9.174,2.746],[7.076,1.795],[5.906,1.585],[4.585,2.465],[2.816,4.616],[2.704,4.555],[0.975,3.765],[-1.825,1.815],[-1.825,1.805],[-4.855,-1.915],[-4.805,-1.955],[-3.865,-3.035],[-3.146,-4.215],[-3.195,-6.125],[-3.195,-6.135],[-3.445,-6.705],[-3.945,-7.905],[-4.984,-10.395],[-4.984,-10.405],[-6.186,-11.835],[-7.186,-12.015],[-8.365,-12.035],[-10.674,-10.985],[-13.005,-5.445],[-10.396,1.196],[-9.525,2.385],[-7.385,4.875],[0.105,10.315],[3.555,11.576],[7.725,11.845],[10.344,10.765],[12.505,8.415],[12.975,6.355],[12.986,5.576]],"c":true},"ix":2},"nm":"Path 2","mn":"ADBE Vector Shape - Group","hd":false},{"ty":"mm","mm":1,"nm":"Merge Paths 1","mn":"ADBE Vector Filter - Merge","hd":false},{"ty":"fl","c":{"a":0,"k":[0,0,0,1],"ix":4},"o":{"a":0,"k":100,"ix":5},"r":1,"bm":0,"nm":"Fill 1","mn":"ADBE Vector Graphic - Fill","hd":false},{"ty":"tr","p":{"a":0,"k":[25.005,25.035],"ix":2},"a":{"a":0,"k":[0,0],"ix":1},"s":{"a":0,"k":[100,100],"ix":3},"r":{"a":0,"k":0,"ix":6},"o":{"a":0,"k":100,"ix":7},"sk":{"a":0,"k":0,"ix":4},"sa":{"a":0,"k":0,"ix":5},"nm":"Transform"}],"nm":"Group 4","np":4,"cix":2,"bm":0,"ix":1,"mn":"ADBE Vector Group","hd":false}],"ip":0,"op":28,"st":0,"bm":0},{"ddd":0,"ind":2,"ty":4,"nm":"Bubble","sr":1,"ks":{"o":{"a":0,"k":100,"ix":11},"r":{"a":0,"k":0,"ix":10},"p":{"a":0,"k":[25,25,0],"ix":2},"a":{"a":0,"k":[25,25,0],"ix":1},"s":{"a":0,"k":[100,100,100],"ix":6}},"ao":0,"shapes":[{"ty":"gr","it":[{"ind":0,"ty":"sh","ix":1,"ks":{"a":0,"k":{"i":[[11.61,0],[3.03,1.7],[0.25,-0.05],[0,0],[0,0],[0.14,0.24],[0,3.89],[-11.61,0],[0,-11.61]],"o":[[-3.72,0],[-0.22,-0.12],[0,0],[0,0],[0.08,-0.27],[-1.84,-3.12],[0,-11.61],[11.61,0],[0,11.61]],"v":[[0.03,20.975],[-10.21,18.305],[-10.94,18.205],[-20.54,20.595],[-17.97,11.405],[-18.07,10.615],[-20.97,-0.025],[0.03,-21.025],[21.03,-0.025]],"c":true},"ix":2},"nm":"Path 1","mn":"ADBE Vector Shape - Group","hd":false},{"ind":1,"ty":"sh","ix":2,"ks":{"a":0,"k":{"i":[[12.69,0],[0,-12.69],[-1.86,-3.32],[0,0],[-0.24,-0.26],[-0.35,0.08],[0,0],[-3.91,0],[0,12.69]],"o":[[-12.69,0],[0,4.08],[0,0],[-0.1,0.34],[0.25,0.25],[0,0],[3.22,1.72],[12.69,0],[0,-12.69]],"v":[[0.03,-23.025],[-22.97,-0.025],[-19.99,11.185],[-22.93,21.705],[-22.69,22.675],[-21.73,22.945],[-10.76,20.225],[0.03,22.975],[23.03,-0.025]],"c":true},"ix":2},"nm":"Path 2","mn":"ADBE Vector Shape - Group","hd":false},{"ty":"mm","mm":1,"nm":"Merge Paths 1","mn":"ADBE Vector Filter - Merge","hd":false},{"ty":"fl","c":{"a":0,"k":[0,0,0,1],"ix":4},"o":{"a":0,"k":100,"ix":5},"r":1,"bm":0,"nm":"Fill 1","mn":"ADBE Vector Graphic - Fill","hd":false},{"ty":"tr","p":{"a":0,"k":[24.97,25.025],"ix":2},"a":{"a":0,"k":[0,0],"ix":1},"s":{"a":0,"k":[100,100],"ix":3},"r":{"a":0,"k":0,"ix":6},"o":{"a":0,"k":100,"ix":7},"sk":{"a":0,"k":0,"ix":4},"sa":{"a":0,"k":0,"ix":5},"nm":"Transform"}],"nm":"Group 3","np":4,"cix":2,"bm":0,"ix":1,"mn":"ADBE Vector Group","hd":false}],"ip":0,"op":28,"st":0,"bm":0}],"markers":[]}