{"v":"5.4.4","fr":24,"ip":0,"op":28,"w":50,"h":50,"nm":"key-password","ddd":0,"assets":[],"layers":[{"ddd":0,"ind":1,"ty":4,"nm":"Pin 1.2","cl":"2","sr":1,"ks":{"o":{"a":0,"k":100,"ix":11},"r":{"a":0,"k":0,"ix":10},"p":{"a":0,"k":[25,25,0],"ix":2},"a":{"a":0,"k":[25,25,0],"ix":1},"s":{"a":0,"k":[100,100,100],"ix":6}},"ao":0,"shapes":[{"ty":"gr","it":[{"ind":0,"ty":"sh","ix":1,"ks":{"a":1,"k":[{"i":{"x":0.667,"y":1},"o":{"x":0.167,"y":0.167},"t":21,"s":[{"i":[[0,0],[0,0],[-1.216,1.211],[0,0],[-0.626,0.645],[0,0]],"o":[[0,0],[0.795,-0.713],[0,0],[1.213,-1.213],[0,0],[0,0]],"v":[[-1.013,4.598],[-1.01,4.604],[1.218,2.431],[2.434,1.211],[4.598,-1.004],[4.599,-1.009]],"c":false}],"e":[{"i":[[0,0],[0,0],[-1.216,1.211],[0,0],[-1.213,-1.216],[0,0]],"o":[[0,0],[-1.213,-1.214],[0,0],[1.213,-1.213],[0,0],[0,0]],"v":[[-1.013,4.598],[-3.386,2.226],[-2.373,-1.154],[-1.157,-2.374],[2.222,-3.382],[4.599,-1.009]],"c":false}]},{"t":25}],"ix":2},"nm":"Path 1","mn":"ADBE Vector Shape - Group","hd":false},{"ty":"st","c":{"a":0,"k":[0,0,0,1],"ix":3},"o":{"a":0,"k":100,"ix":4},"w":{"a":0,"k":2,"ix":5},"lc":1,"lj":1,"ml":10,"bm":0,"nm":"Stroke 1","mn":"ADBE Vector Graphic - Stroke","hd":false},{"ty":"tr","p":{"a":0,"k":[4.934,37.047],"ix":2},"a":{"a":0,"k":[0,0],"ix":1},"s":{"a":0,"k":[100,100],"ix":3},"r":{"a":0,"k":0,"ix":6},"o":{"a":0,"k":100,"ix":7},"sk":{"a":0,"k":0,"ix":4},"sa":{"a":0,"k":0,"ix":5},"nm":"Transform"}],"nm":"Group 4","np":2,"cix":2,"bm":0,"ix":1,"mn":"ADBE Vector Group","hd":false}],"ip":21,"op":28,"st":0,"bm":0},{"ddd":0,"ind":2,"ty":4,"nm":"Pin 1","sr":1,"ks":{"o":{"a":0,"k":100,"ix":11},"r":{"a":0,"k":0,"ix":10},"p":{"a":0,"k":[25,25,0],"ix":2},"a":{"a":0,"k":[25,25,0],"ix":1},"s":{"a":0,"k":[100,100,100],"ix":6}},"ao":0,"shapes":[{"ty":"gr","it":[{"ind":0,"ty":"sh","ix":1,"ks":{"a":1,"k":[{"i":{"x":0.833,"y":0.833},"o":{"x":0.333,"y":0},"t":3,"s":[{"i":[[0,0],[0,0],[-1.216,1.211],[0,0],[-1.213,-1.216],[0,0]],"o":[[0,0],[-1.213,-1.214],[0,0],[1.213,-1.213],[0,0],[0,0]],"v":[[-1.013,4.598],[-3.386,2.226],[-2.373,-1.154],[-1.157,-2.374],[2.222,-3.382],[4.599,-1.009]],"c":false}],"e":[{"i":[[0,0],[0,0],[-1.216,1.211],[0,0],[-0.626,0.645],[0,0]],"o":[[0,0],[0.795,-0.713],[0,0],[1.213,-1.213],[0,0],[0,0]],"v":[[-1.013,4.598],[-1.01,4.604],[1.218,2.431],[2.434,1.211],[4.598,-1.004],[4.599,-1.009]],"c":false}]},{"t":7}],"ix":2},"nm":"Path 1","mn":"ADBE Vector Shape - Group","hd":false},{"ty":"st","c":{"a":0,"k":[0,0,0,1],"ix":3},"o":{"a":0,"k":100,"ix":4},"w":{"a":0,"k":2,"ix":5},"lc":1,"lj":1,"ml":10,"bm":0,"nm":"Stroke 1","mn":"ADBE Vector Graphic - Stroke","hd":false},{"ty":"tr","p":{"a":0,"k":[4.934,37.047],"ix":2},"a":{"a":0,"k":[0,0],"ix":1},"s":{"a":0,"k":[100,100],"ix":3},"r":{"a":0,"k":0,"ix":6},"o":{"a":0,"k":100,"ix":7},"sk":{"a":0,"k":0,"ix":4},"sa":{"a":0,"k":0,"ix":5},"nm":"Transform"}],"nm":"Group 4","np":2,"cix":2,"bm":0,"ix":1,"mn":"ADBE Vector Group","hd":false}],"ip":0,"op":7,"st":0,"bm":0},{"ddd":0,"ind":3,"ty":4,"nm":"Pin 2","sr":1,"ks":{"o":{"a":0,"k":100,"ix":11},"r":{"a":0,"k":0,"ix":10},"p":{"a":0,"k":[25,25,0],"ix":2},"a":{"a":0,"k":[25,25,0],"ix":1},"s":{"a":0,"k":[100,100,100],"ix":6}},"ao":0,"shapes":[{"ty":"gr","it":[{"ind":0,"ty":"sh","ix":1,"ks":{"a":1,"k":[{"i":{"x":0.667,"y":1},"o":{"x":0.167,"y":0.167},"t":7,"s":[{"i":[[0,0],[0,0],[1.213,-1.213],[0,0],[0.732,-0.713],[0,0]],"o":[[0,0],[-0.735,0.77],[0,0],[-1.211,1.216],[0,0],[0,0]],"v":[[1.01,-4.599],[1,-4.586],[-1.183,-2.392],[-2.403,-1.176],[-4.608,1.022],[-4.598,1.013]],"c":false}],"e":[{"i":[[0,0],[0,0],[1.213,-1.213],[0,0],[1.213,1.213],[0,0]],"o":[[0,0],[1.216,1.213],[0,0],[-1.211,1.216],[0,0],[0,0]],"v":[[1.01,-4.599],[3.383,-2.222],[2.374,1.157],[1.154,2.373],[-2.225,3.386],[-4.598,1.013]],"c":false}]},{"i":{"x":0.667,"y":1},"o":{"x":0.333,"y":0},"t":11,"s":[{"i":[[0,0],[0,0],[1.213,-1.213],[0,0],[1.213,1.213],[0,0]],"o":[[0,0],[1.216,1.213],[0,0],[-1.211,1.216],[0,0],[0,0]],"v":[[1.01,-4.599],[3.383,-2.222],[2.374,1.157],[1.154,2.373],[-2.225,3.386],[-4.598,1.013]],"c":false}],"e":[{"i":[[0,0],[0,0],[1.213,-1.213],[0,0],[1.213,1.213],[0,0]],"o":[[0,0],[1.216,1.213],[0,0],[-1.211,1.216],[0,0],[0,0]],"v":[[1.01,-4.599],[3.383,-2.222],[2.374,1.157],[1.154,2.373],[-2.225,3.386],[-4.598,1.013]],"c":false}]},{"i":{"x":0.833,"y":0.833},"o":{"x":0.333,"y":0},"t":17,"s":[{"i":[[0,0],[0,0],[1.213,-1.213],[0,0],[1.213,1.213],[0,0]],"o":[[0,0],[1.216,1.213],[0,0],[-1.211,1.216],[0,0],[0,0]],"v":[[1.01,-4.599],[3.383,-2.222],[2.374,1.157],[1.154,2.373],[-2.225,3.386],[-4.598,1.013]],"c":false}],"e":[{"i":[[0,0],[0,0],[1.213,-1.213],[0,0],[0.732,-0.713],[0,0]],"o":[[0,0],[-0.735,0.77],[0,0],[-1.211,1.216],[0,0],[0,0]],"v":[[1.01,-4.599],[1,-4.586],[-1.183,-2.392],[-2.403,-1.176],[-4.608,1.022],[-4.598,1.013]],"c":false}]},{"t":21}],"ix":2},"nm":"Path 1","mn":"ADBE Vector Shape - Group","hd":false},{"ty":"st","c":{"a":0,"k":[0,0,0,1],"ix":3},"o":{"a":0,"k":100,"ix":4},"w":{"a":0,"k":2,"ix":5},"lc":1,"lj":1,"ml":10,"bm":0,"nm":"Stroke 1","mn":"ADBE Vector Graphic - Stroke","hd":false},{"ty":"tr","p":{"a":0,"k":[12.953,45.066],"ix":2},"a":{"a":0,"k":[0,0],"ix":1},"s":{"a":0,"k":[100,100],"ix":3},"r":{"a":0,"k":0,"ix":6},"o":{"a":0,"k":100,"ix":7},"sk":{"a":0,"k":0,"ix":4},"sa":{"a":0,"k":0,"ix":5},"nm":"Transform"}],"nm":"Group 1","np":2,"cix":2,"bm":0,"ix":1,"mn":"ADBE Vector Group","hd":false}],"ip":7,"op":21,"st":0,"bm":0},{"ddd":0,"ind":4,"ty":4,"nm":"Bow Hole","sr":1,"ks":{"o":{"a":0,"k":100,"ix":11},"r":{"a":0,"k":0,"ix":10},"p":{"a":0,"k":[25,25,0],"ix":2},"a":{"a":0,"k":[25,25,0],"ix":1},"s":{"a":0,"k":[100,100,100],"ix":6}},"ao":0,"shapes":[{"ty":"gr","it":[{"ind":0,"ty":"sh","ix":1,"ks":{"a":1,"k":[{"i":{"x":0.667,"y":1},"o":{"x":0.167,"y":0.167},"t":8,"s":[{"i":[[0.001,0],[0.001,-0.001],[0,-0.002],[-0.008,-0.008],[-0.002,0],[-0.001,0.001],[0,0.001],[0.007,0.016]],"o":[[-0.001,0],[-0.001,0.001],[0,0.002],[0.009,0.014],[0.002,0],[0.001,-0.001],[0,-0.001],[-0.013,-0.01]],"v":[[2.671,-2.813],[-0.003,-0.003],[-2.678,2.806],[-5.038,5.221],[-2.67,2.814],[0.003,0.003],[2.677,-2.807],[5.053,-5.271]],"c":true}],"e":[{"i":[[2.166,0],[1.416,-1.413],[-0.206,-2.024],[-1.729,-1.728],[-2.166,0],[-1.416,1.415],[0.207,2.025],[1.729,1.725]],"o":[[-1.786,0],[-1.58,1.58],[0.2,1.947],[1.949,1.947],[1.787,0],[1.579,-1.578],[-0.2,-1.947],[-1.945,-1.95]],"v":[[-1.221,-8.182],[-6.048,-6.05],[-8.147,-0.54],[-5.16,5.161],[1.221,8.182],[6.049,6.048],[8.146,0.539],[5.16,-5.159]],"c":true}]},{"i":{"x":0.667,"y":1},"o":{"x":0.333,"y":0},"t":11,"s":[{"i":[[2.166,0],[1.416,-1.413],[-0.206,-2.024],[-1.729,-1.728],[-2.166,0],[-1.416,1.415],[0.207,2.025],[1.729,1.725]],"o":[[-1.786,0],[-1.58,1.58],[0.2,1.947],[1.949,1.947],[1.787,0],[1.579,-1.578],[-0.2,-1.947],[-1.945,-1.95]],"v":[[-1.221,-8.182],[-6.048,-6.05],[-8.147,-0.54],[-5.16,5.161],[1.221,8.182],[6.049,6.048],[8.146,0.539],[5.16,-5.159]],"c":true}],"e":[{"i":[[2.166,0],[1.416,-1.413],[-0.206,-2.024],[-1.729,-1.728],[-2.166,0],[-1.416,1.415],[0.207,2.025],[1.729,1.725]],"o":[[-1.786,0],[-1.58,1.58],[0.2,1.947],[1.949,1.947],[1.787,0],[1.579,-1.578],[-0.2,-1.947],[-1.945,-1.95]],"v":[[-1.221,-8.182],[-6.048,-6.05],[-8.147,-0.54],[-5.16,5.161],[1.221,8.182],[6.049,6.048],[8.146,0.539],[5.16,-5.159]],"c":true}]},{"i":{"x":0.833,"y":0.833},"o":{"x":0.333,"y":0},"t":17,"s":[{"i":[[2.166,0],[1.416,-1.413],[-0.206,-2.024],[-1.729,-1.728],[-2.166,0],[-1.416,1.415],[0.207,2.025],[1.729,1.725]],"o":[[-1.786,0],[-1.58,1.58],[0.2,1.947],[1.949,1.947],[1.787,0],[1.579,-1.578],[-0.2,-1.947],[-1.945,-1.95]],"v":[[-1.221,-8.182],[-6.048,-6.05],[-8.147,-0.54],[-5.16,5.161],[1.221,8.182],[6.049,6.048],[8.146,0.539],[5.16,-5.159]],"c":true}],"e":[{"i":[[0.001,0],[0.001,-0.001],[0,-0.002],[-0.008,-0.008],[-0.002,0],[-0.001,0.001],[0,0.001],[0.007,0.016]],"o":[[-0.001,0],[-0.001,0.001],[0,0.002],[0.009,0.014],[0.002,0],[0.001,-0.001],[0,-0.001],[-0.013,-0.01]],"v":[[2.671,-2.813],[-0.003,-0.003],[-2.678,2.806],[-5.038,5.221],[-2.67,2.814],[0.003,0.003],[2.677,-2.807],[5.053,-5.271]],"c":true}]},{"t":20}],"ix":2},"nm":"Path 1","mn":"ADBE Vector Shape - Group","hd":false},{"ty":"st","c":{"a":0,"k":[0,0,0,1],"ix":3},"o":{"a":0,"k":100,"ix":4},"w":{"a":0,"k":2,"ix":5},"lc":1,"lj":1,"ml":10,"bm":0,"nm":"Stroke 1","mn":"ADBE Vector Graphic - Stroke","hd":false},{"ty":"tr","p":{"a":0,"k":[35.099,14.901],"ix":2},"a":{"a":0,"k":[0,0],"ix":1},"s":{"a":0,"k":[100,100],"ix":3},"r":{"a":0,"k":0,"ix":6},"o":{"a":0,"k":100,"ix":7},"sk":{"a":0,"k":0,"ix":4},"sa":{"a":0,"k":0,"ix":5},"nm":"Transform"}],"nm":"Group 2","np":2,"cix":2,"bm":0,"ix":1,"mn":"ADBE Vector Group","hd":false}],"ip":8,"op":20,"st":0,"bm":0},{"ddd":0,"ind":5,"ty":4,"nm":"Bow Hole 2","sr":1,"ks":{"o":{"a":0,"k":100,"ix":11},"r":{"a":0,"k":0,"ix":10},"p":{"a":0,"k":[25,25,0],"ix":2},"a":{"a":0,"k":[25,25,0],"ix":1},"s":{"a":0,"k":[100,100,100],"ix":6}},"ao":0,"shapes":[{"ty":"gr","it":[{"ind":0,"ty":"sh","ix":1,"ks":{"a":1,"k":[{"i":{"x":0.833,"y":0.833},"o":{"x":0.333,"y":0},"t":3,"s":[{"i":[[2.166,0],[1.416,-1.413],[-0.206,-2.024],[-1.729,-1.728],[-2.166,0],[-1.416,1.415],[0.207,2.025],[1.729,1.725]],"o":[[-1.786,0],[-1.58,1.58],[0.2,1.947],[1.949,1.947],[1.787,0],[1.579,-1.578],[-0.2,-1.947],[-1.945,-1.95]],"v":[[-1.221,-8.182],[-6.048,-6.05],[-8.147,-0.54],[-5.16,5.161],[1.221,8.182],[6.049,6.048],[8.146,0.539],[5.16,-5.159]],"c":true}],"e":[{"i":[[0.934,-0.398],[0.741,-0.857],[0.595,-1.565],[-0.75,-0.749],[-0.867,0.348],[-0.738,0.819],[-0.553,1.544],[0.749,0.752]],"o":[[-1.373,0.585],[-0.991,1.147],[-0.3,0.789],[0.845,0.847],[1.414,-0.568],[0.872,-0.969],[0.322,-0.898],[-0.845,-0.846]],"v":[[0.994,-5.126],[-2.608,-2.609],[-5.035,1.364],[-5.091,5.195],[-0.993,5.127],[2.608,2.608],[5.034,-1.365],[5.099,-5.223]],"c":true}]},{"i":{"x":0.833,"y":0.833},"o":{"x":0.167,"y":0.167},"t":5,"s":[{"i":[[0.934,-0.398],[0.741,-0.857],[0.595,-1.565],[-0.75,-0.749],[-0.867,0.348],[-0.738,0.819],[-0.553,1.544],[0.749,0.752]],"o":[[-1.373,0.585],[-0.991,1.147],[-0.3,0.789],[0.845,0.847],[1.414,-0.568],[0.872,-0.969],[0.322,-0.898],[-0.845,-0.846]],"v":[[0.994,-5.126],[-2.608,-2.609],[-5.035,1.364],[-5.091,5.195],[-0.993,5.127],[2.608,2.608],[5.034,-1.365],[5.099,-5.223]],"c":true}],"e":[{"i":[[0.001,0],[0.001,-0.001],[0,-0.002],[-0.008,-0.008],[-0.002,0],[-0.001,0.001],[0,0.001],[0.007,0.016]],"o":[[-0.001,0],[-0.001,0.001],[0,0.002],[0.009,0.014],[0.002,0],[0.001,-0.001],[0,-0.001],[-0.013,-0.01]],"v":[[2.671,-2.813],[-0.003,-0.003],[-2.678,2.806],[-5.038,5.221],[-2.67,2.814],[0.003,0.003],[2.677,-2.807],[5.053,-5.271]],"c":true}]},{"t":6}],"ix":2},"nm":"Path 1","mn":"ADBE Vector Shape - Group","hd":false},{"ty":"st","c":{"a":0,"k":[0,0,0,1],"ix":3},"o":{"a":0,"k":100,"ix":4},"w":{"a":0,"k":2,"ix":5},"lc":1,"lj":1,"ml":10,"bm":0,"nm":"Stroke 1","mn":"ADBE Vector Graphic - Stroke","hd":false},{"ty":"tr","p":{"a":0,"k":[35.099,14.901],"ix":2},"a":{"a":0,"k":[0,0],"ix":1},"s":{"a":0,"k":[100,100],"ix":3},"r":{"a":0,"k":0,"ix":6},"o":{"a":0,"k":100,"ix":7},"sk":{"a":0,"k":0,"ix":4},"sa":{"a":0,"k":0,"ix":5},"nm":"Transform"}],"nm":"Group 2","np":2,"cix":2,"bm":0,"ix":1,"mn":"ADBE Vector Group","hd":false}],"ip":0,"op":6,"st":0,"bm":0},{"ddd":0,"ind":6,"ty":4,"nm":"Bow Hole 2.2","cl":"2","sr":1,"ks":{"o":{"a":0,"k":100,"ix":11},"r":{"a":0,"k":0,"ix":10},"p":{"a":0,"k":[25,25,0],"ix":2},"a":{"a":0,"k":[25,25,0],"ix":1},"s":{"a":0,"k":[100,100,100],"ix":6}},"ao":0,"shapes":[{"ty":"gr","it":[{"ind":0,"ty":"sh","ix":1,"ks":{"a":1,"k":[{"i":{"x":0.833,"y":0.833},"o":{"x":0.167,"y":0.167},"t":22,"s":[{"i":[[0.001,0],[0.001,-0.001],[0,-0.002],[-0.008,-0.008],[-0.002,0],[-0.001,0.001],[0,0.001],[0.007,0.016]],"o":[[-0.001,0],[-0.001,0.001],[0,0.002],[0.009,0.014],[0.002,0],[0.001,-0.001],[0,-0.001],[-0.013,-0.01]],"v":[[2.671,-2.813],[-0.003,-0.003],[-2.678,2.806],[-5.038,5.221],[-2.67,2.814],[0.003,0.003],[2.677,-2.807],[5.053,-5.271]],"c":true}],"e":[{"i":[[0.934,-0.398],[0.741,-0.857],[0.595,-1.565],[-0.75,-0.749],[-0.867,0.348],[-0.738,0.819],[-0.553,1.544],[0.749,0.752]],"o":[[-1.373,0.585],[-0.991,1.147],[-0.3,0.789],[0.845,0.847],[1.414,-0.568],[0.872,-0.969],[0.322,-0.898],[-0.845,-0.846]],"v":[[0.994,-5.126],[-2.608,-2.609],[-5.035,1.364],[-5.091,5.195],[-0.993,5.127],[2.608,2.608],[5.034,-1.365],[5.099,-5.223]],"c":true}]},{"i":{"x":0.667,"y":1},"o":{"x":0.167,"y":0.167},"t":23,"s":[{"i":[[0.934,-0.398],[0.741,-0.857],[0.595,-1.565],[-0.75,-0.749],[-0.867,0.348],[-0.738,0.819],[-0.553,1.544],[0.749,0.752]],"o":[[-1.373,0.585],[-0.991,1.147],[-0.3,0.789],[0.845,0.847],[1.414,-0.568],[0.872,-0.969],[0.322,-0.898],[-0.845,-0.846]],"v":[[0.994,-5.126],[-2.608,-2.609],[-5.035,1.364],[-5.091,5.195],[-0.993,5.127],[2.608,2.608],[5.034,-1.365],[5.099,-5.223]],"c":true}],"e":[{"i":[[2.166,0],[1.416,-1.413],[-0.206,-2.024],[-1.729,-1.728],[-2.166,0],[-1.416,1.415],[0.207,2.025],[1.729,1.725]],"o":[[-1.786,0],[-1.58,1.58],[0.2,1.947],[1.949,1.947],[1.787,0],[1.579,-1.578],[-0.2,-1.947],[-1.945,-1.95]],"v":[[-1.221,-8.182],[-6.048,-6.05],[-8.147,-0.54],[-5.16,5.161],[1.221,8.182],[6.049,6.048],[8.146,0.539],[5.16,-5.159]],"c":true}]},{"t":25}],"ix":2},"nm":"Path 1","mn":"ADBE Vector Shape - Group","hd":false},{"ty":"st","c":{"a":0,"k":[0,0,0,1],"ix":3},"o":{"a":0,"k":100,"ix":4},"w":{"a":0,"k":2,"ix":5},"lc":1,"lj":1,"ml":10,"bm":0,"nm":"Stroke 1","mn":"ADBE Vector Graphic - Stroke","hd":false},{"ty":"tr","p":{"a":0,"k":[35.099,14.901],"ix":2},"a":{"a":0,"k":[0,0],"ix":1},"s":{"a":0,"k":[100,100],"ix":3},"r":{"a":0,"k":0,"ix":6},"o":{"a":0,"k":100,"ix":7},"sk":{"a":0,"k":0,"ix":4},"sa":{"a":0,"k":0,"ix":5},"nm":"Transform"}],"nm":"Group 2","np":2,"cix":2,"bm":0,"ix":1,"mn":"ADBE Vector Group","hd":false}],"ip":22,"op":28,"st":21,"bm":0},{"ddd":0,"ind":7,"ty":4,"nm":"Bow","sr":1,"ks":{"o":{"a":0,"k":100,"ix":11},"r":{"a":0,"k":0,"ix":10},"p":{"a":0,"k":[25,25,0],"ix":2},"a":{"a":0,"k":[25,25,0],"ix":1},"s":{"a":0,"k":[100,100,100],"ix":6}},"ao":0,"shapes":[{"ty":"gr","it":[{"ind":0,"ty":"sh","ix":1,"ks":{"a":1,"k":[{"i":{"x":0.833,"y":0.833},"o":{"x":0.333,"y":0},"t":3,"s":[{"i":[[3.177,0],[3.147,3.151],[0.338,3.276],[-2.773,2.769],[-3.176,0],[-3.147,-3.15],[-0.333,-3.277],[2.772,-2.77]],"o":[[-3.686,0],[-2.776,-2.775],[-0.369,-3.642],[2.439,-2.44],[3.687,0],[2.776,2.773],[0.373,3.642],[-2.439,2.44]],"v":[[1.584,13.901],[-9.015,9.017],[-13.84,-0.37],[-10.168,-10.171],[-1.584,-13.901],[9.016,-9.014],[13.836,0.369],[10.169,10.171]],"c":true}],"e":[{"i":[[3.18,-2.161],[2.043,2.016],[-0.811,2.013],[-1.329,1.328],[-2.443,1.37],[-1.916,-1.847],[1.166,-2.293],[1.329,-1.328]],"o":[[-2.682,1.499],[-1.925,-1.896],[1.753,-3.125],[1.169,-1.17],[2.623,-1.385],[1.823,1.749],[-1.301,2.555],[-1.169,1.17]],"v":[[-2.049,10.275],[-9.015,9.017],[-10.553,2.857],[-4.875,-4.876],[2.084,-10.235],[9.016,-9.014],[10.643,-2.855],[4.875,4.876]],"c":true}]},{"i":{"x":0.833,"y":0.833},"o":{"x":0.167,"y":0.167},"t":6,"s":[{"i":[[3.18,-2.161],[2.043,2.016],[-0.811,2.013],[-1.329,1.328],[-2.443,1.37],[-1.916,-1.847],[1.166,-2.293],[1.329,-1.328]],"o":[[-2.682,1.499],[-1.925,-1.896],[1.753,-3.125],[1.169,-1.17],[2.623,-1.385],[1.823,1.749],[-1.301,2.555],[-1.169,1.17]],"v":[[-2.049,10.275],[-9.015,9.017],[-10.553,2.857],[-4.875,-4.876],[2.084,-10.235],[9.016,-9.014],[10.643,-2.855],[4.875,4.876]],"c":true}],"e":[{"i":[[3.182,-3.183],[1.521,1.479],[-1.354,1.416],[-0.647,0.646],[-2.097,2.018],[-1.334,-1.231],[1.874,-1.828],[0.647,-0.646]],"o":[[-2.207,2.208],[-1.522,-1.48],[2.756,-2.881],[0.569,-0.569],[2.12,-2.04],[1.372,1.265],[-2.092,2.041],[-0.569,0.569]],"v":[[-4.358,9.124],[-9.608,9.581],[-9.593,4.946],[-2.373,-2.374],[3.817,-8.502],[9.016,-9.014],[9.133,-4.38],[2.373,2.374]],"c":true}]},{"i":{"x":0.833,"y":0.833},"o":{"x":0.167,"y":0.167},"t":7,"s":[{"i":[[3.182,-3.183],[1.521,1.479],[-1.354,1.416],[-0.647,0.646],[-2.097,2.018],[-1.334,-1.231],[1.874,-1.828],[0.647,-0.646]],"o":[[-2.207,2.208],[-1.522,-1.48],[2.756,-2.881],[0.569,-0.569],[2.12,-2.04],[1.372,1.265],[-2.092,2.041],[-0.569,0.569]],"v":[[-4.358,9.124],[-9.608,9.581],[-9.593,4.946],[-2.373,-2.374],[3.817,-8.502],[9.016,-9.014],[9.133,-4.38],[2.373,2.374]],"c":true}],"e":[{"i":[[3.18,-2.161],[2.043,2.016],[-0.811,2.013],[-1.329,1.328],[-2.443,1.37],[-1.916,-1.847],[1.166,-2.293],[1.329,-1.328]],"o":[[-2.682,1.499],[-1.925,-1.896],[1.753,-3.125],[1.169,-1.17],[2.623,-1.385],[1.823,1.749],[-1.301,2.555],[-1.169,1.17]],"v":[[-2.049,10.275],[-9.015,9.017],[-10.553,2.857],[-4.875,-4.876],[2.084,-10.235],[9.016,-9.014],[10.643,-2.855],[4.875,4.876]],"c":true}]},{"i":{"x":0.667,"y":1},"o":{"x":0.167,"y":0.167},"t":8,"s":[{"i":[[3.18,-2.161],[2.043,2.016],[-0.811,2.013],[-1.329,1.328],[-2.443,1.37],[-1.916,-1.847],[1.166,-2.293],[1.329,-1.328]],"o":[[-2.682,1.499],[-1.925,-1.896],[1.753,-3.125],[1.169,-1.17],[2.623,-1.385],[1.823,1.749],[-1.301,2.555],[-1.169,1.17]],"v":[[-2.049,10.275],[-9.015,9.017],[-10.553,2.857],[-4.875,-4.876],[2.084,-10.235],[9.016,-9.014],[10.643,-2.855],[4.875,4.876]],"c":true}],"e":[{"i":[[3.177,0],[3.147,3.151],[0.338,3.276],[-2.773,2.769],[-3.176,0],[-3.147,-3.15],[-0.333,-3.277],[2.772,-2.77]],"o":[[-3.686,0],[-2.776,-2.775],[-0.369,-3.642],[2.439,-2.44],[3.687,0],[2.776,2.773],[0.373,3.642],[-2.439,2.44]],"v":[[1.584,13.901],[-9.015,9.017],[-13.84,-0.37],[-10.168,-10.171],[-1.584,-13.901],[9.016,-9.014],[13.836,0.369],[10.169,10.171]],"c":true}]},{"i":{"x":0.667,"y":1},"o":{"x":0.333,"y":0},"t":11,"s":[{"i":[[3.177,0],[3.147,3.151],[0.338,3.276],[-2.773,2.769],[-3.176,0],[-3.147,-3.15],[-0.333,-3.277],[2.772,-2.77]],"o":[[-3.686,0],[-2.776,-2.775],[-0.369,-3.642],[2.439,-2.44],[3.687,0],[2.776,2.773],[0.373,3.642],[-2.439,2.44]],"v":[[1.584,13.901],[-9.015,9.017],[-13.84,-0.37],[-10.168,-10.171],[-1.584,-13.901],[9.016,-9.014],[13.836,0.369],[10.169,10.171]],"c":true}],"e":[{"i":[[3.177,0],[3.147,3.151],[0.338,3.276],[-2.773,2.769],[-3.176,0],[-3.147,-3.15],[-0.333,-3.277],[2.772,-2.77]],"o":[[-3.686,0],[-2.776,-2.775],[-0.369,-3.642],[2.439,-2.44],[3.687,0],[2.776,2.773],[0.373,3.642],[-2.439,2.44]],"v":[[1.584,13.901],[-9.015,9.017],[-13.84,-0.37],[-10.168,-10.171],[-1.584,-13.901],[9.016,-9.014],[13.836,0.369],[10.169,10.171]],"c":true}]},{"i":{"x":0.833,"y":0.833},"o":{"x":0.333,"y":0},"t":17,"s":[{"i":[[3.177,0],[3.147,3.151],[0.338,3.276],[-2.773,2.769],[-3.176,0],[-3.147,-3.15],[-0.333,-3.277],[2.772,-2.77]],"o":[[-3.686,0],[-2.776,-2.775],[-0.369,-3.642],[2.439,-2.44],[3.687,0],[2.776,2.773],[0.373,3.642],[-2.439,2.44]],"v":[[1.584,13.901],[-9.015,9.017],[-13.84,-0.37],[-10.168,-10.171],[-1.584,-13.901],[9.016,-9.014],[13.836,0.369],[10.169,10.171]],"c":true}],"e":[{"i":[[3.18,-2.161],[2.043,2.016],[-0.811,2.013],[-1.329,1.328],[-2.443,1.37],[-1.916,-1.847],[1.166,-2.293],[1.329,-1.328]],"o":[[-2.682,1.499],[-1.925,-1.896],[1.753,-3.125],[1.169,-1.17],[2.623,-1.385],[1.823,1.749],[-1.301,2.555],[-1.169,1.17]],"v":[[-2.049,10.275],[-9.015,9.017],[-10.553,2.857],[-4.875,-4.876],[2.084,-10.235],[9.016,-9.014],[10.643,-2.855],[4.875,4.876]],"c":true}]},{"i":{"x":0.833,"y":0.833},"o":{"x":0.167,"y":0.167},"t":20,"s":[{"i":[[3.18,-2.161],[2.043,2.016],[-0.811,2.013],[-1.329,1.328],[-2.443,1.37],[-1.916,-1.847],[1.166,-2.293],[1.329,-1.328]],"o":[[-2.682,1.499],[-1.925,-1.896],[1.753,-3.125],[1.169,-1.17],[2.623,-1.385],[1.823,1.749],[-1.301,2.555],[-1.169,1.17]],"v":[[-2.049,10.275],[-9.015,9.017],[-10.553,2.857],[-4.875,-4.876],[2.084,-10.235],[9.016,-9.014],[10.643,-2.855],[4.875,4.876]],"c":true}],"e":[{"i":[[3.182,-3.183],[1.521,1.479],[-1.354,1.416],[-0.647,0.646],[-2.097,2.018],[-1.334,-1.231],[1.874,-1.828],[0.647,-0.646]],"o":[[-2.207,2.208],[-1.522,-1.48],[2.756,-2.881],[0.569,-0.569],[2.12,-2.04],[1.372,1.265],[-2.092,2.041],[-0.569,0.569]],"v":[[-4.358,9.124],[-9.608,9.581],[-9.593,4.946],[-2.373,-2.374],[3.817,-8.502],[9.016,-9.014],[9.133,-4.38],[2.373,2.374]],"c":true}]},{"i":{"x":0.833,"y":0.833},"o":{"x":0.167,"y":0.167},"t":21,"s":[{"i":[[3.182,-3.183],[1.521,1.479],[-1.354,1.416],[-0.647,0.646],[-2.097,2.018],[-1.334,-1.231],[1.874,-1.828],[0.647,-0.646]],"o":[[-2.207,2.208],[-1.522,-1.48],[2.756,-2.881],[0.569,-0.569],[2.12,-2.04],[1.372,1.265],[-2.092,2.041],[-0.569,0.569]],"v":[[-4.358,9.124],[-9.608,9.581],[-9.593,4.946],[-2.373,-2.374],[3.817,-8.502],[9.016,-9.014],[9.133,-4.38],[2.373,2.374]],"c":true}],"e":[{"i":[[3.18,-2.161],[2.043,2.016],[-0.811,2.013],[-1.329,1.328],[-2.443,1.37],[-1.916,-1.847],[1.166,-2.293],[1.329,-1.328]],"o":[[-2.682,1.499],[-1.925,-1.896],[1.753,-3.125],[1.169,-1.17],[2.623,-1.385],[1.823,1.749],[-1.301,2.555],[-1.169,1.17]],"v":[[-2.049,10.275],[-9.015,9.017],[-10.553,2.857],[-4.875,-4.876],[2.084,-10.235],[9.016,-9.014],[10.643,-2.855],[4.875,4.876]],"c":true}]},{"i":{"x":0.667,"y":1},"o":{"x":0.167,"y":0.167},"t":22,"s":[{"i":[[3.18,-2.161],[2.043,2.016],[-0.811,2.013],[-1.329,1.328],[-2.443,1.37],[-1.916,-1.847],[1.166,-2.293],[1.329,-1.328]],"o":[[-2.682,1.499],[-1.925,-1.896],[1.753,-3.125],[1.169,-1.17],[2.623,-1.385],[1.823,1.749],[-1.301,2.555],[-1.169,1.17]],"v":[[-2.049,10.275],[-9.015,9.017],[-10.553,2.857],[-4.875,-4.876],[2.084,-10.235],[9.016,-9.014],[10.643,-2.855],[4.875,4.876]],"c":true}],"e":[{"i":[[3.177,0],[3.147,3.151],[0.338,3.276],[-2.773,2.769],[-3.176,0],[-3.147,-3.15],[-0.333,-3.277],[2.772,-2.77]],"o":[[-3.686,0],[-2.776,-2.775],[-0.369,-3.642],[2.439,-2.44],[3.687,0],[2.776,2.773],[0.373,3.642],[-2.439,2.44]],"v":[[1.584,13.901],[-9.015,9.017],[-13.84,-0.37],[-10.168,-10.171],[-1.584,-13.901],[9.016,-9.014],[13.836,0.369],[10.169,10.171]],"c":true}]},{"t":25}],"ix":2},"nm":"Path 1","mn":"ADBE Vector Shape - Group","hd":false},{"ty":"st","c":{"a":0,"k":[0,0,0,1],"ix":3},"o":{"a":0,"k":100,"ix":4},"w":{"a":0,"k":2,"ix":5},"lc":1,"lj":1,"ml":10,"bm":0,"nm":"Stroke 1","mn":"ADBE Vector Graphic - Stroke","hd":false},{"ty":"tr","p":{"a":0,"k":[35.1,14.901],"ix":2},"a":{"a":0,"k":[0,0],"ix":1},"s":{"a":0,"k":[100,100],"ix":3},"r":{"a":0,"k":0,"ix":6},"o":{"a":0,"k":100,"ix":7},"sk":{"a":0,"k":0,"ix":4},"sa":{"a":0,"k":0,"ix":5},"nm":"Transform"}],"nm":"Group 3","np":2,"cix":2,"bm":0,"ix":1,"mn":"ADBE Vector Group","hd":false}],"ip":0,"op":28,"st":0,"bm":0},{"ddd":0,"ind":8,"ty":4,"nm":"Stem","sr":1,"ks":{"o":{"a":0,"k":100,"ix":11},"r":{"a":0,"k":0,"ix":10},"p":{"a":0,"k":[25,25,0],"ix":2},"a":{"a":0,"k":[25,25,0],"ix":1},"s":{"a":0,"k":[100,100,100],"ix":6}},"ao":0,"shapes":[{"ty":"gr","it":[{"ind":0,"ty":"sh","ix":1,"ks":{"a":1,"k":[{"i":{"x":0.833,"y":0.833},"o":{"x":0.333,"y":0},"t":3,"s":[{"i":[[0,0],[0,0],[1.212,1.209],[-1.213,1.212],[0,0]],"o":[[0,0],[-1.213,1.209],[-1.213,-1.214],[0,0],[0,0]],"v":[[13.878,-9.484],[-8.273,12.669],[-12.665,12.669],[-12.665,8.279],[9.492,-13.878]],"c":false}],"e":[{"i":[[0,0],[0,0],[1.212,1.209],[-1.213,1.212],[0,0]],"o":[[0,0],[-1.213,1.209],[-1.213,-1.214],[0,0],[0,0]],"v":[[13.75,-9.345],[-8.273,12.669],[-12.665,12.669],[-12.665,8.279],[9.458,-13.834]],"c":false}]},{"i":{"x":0.833,"y":0.833},"o":{"x":0.167,"y":0.167},"t":4,"s":[{"i":[[0,0],[0,0],[1.212,1.209],[-1.213,1.212],[0,0]],"o":[[0,0],[-1.213,1.209],[-1.213,-1.214],[0,0],[0,0]],"v":[[13.75,-9.345],[-8.273,12.669],[-12.665,12.669],[-12.665,8.279],[9.458,-13.834]],"c":false}],"e":[{"i":[[0,0],[0,0],[1.212,1.209],[-1.213,1.212],[0,0]],"o":[[0,0],[-1.213,1.209],[-1.213,-1.214],[0,0],[0,0]],"v":[[13.777,-9.365],[-8.273,12.669],[-12.665,12.669],[-12.665,8.279],[9.502,-13.888]],"c":false}]},{"i":{"x":0.833,"y":0.833},"o":{"x":0.167,"y":0.167},"t":5,"s":[{"i":[[0,0],[0,0],[1.212,1.209],[-1.213,1.212],[0,0]],"o":[[0,0],[-1.213,1.209],[-1.213,-1.214],[0,0],[0,0]],"v":[[13.777,-9.365],[-8.273,12.669],[-12.665,12.669],[-12.665,8.279],[9.502,-13.888]],"c":false}],"e":[{"i":[[0,0],[0,0],[1.212,1.209],[-1.213,1.212],[0,0]],"o":[[0,0],[-1.213,1.209],[-1.213,-1.214],[0,0],[0,0]],"v":[[13.777,-9.365],[-8.273,12.669],[-12.665,12.669],[-12.665,8.279],[9.502,-13.888]],"c":false}]},{"i":{"x":0.833,"y":0.833},"o":{"x":0.167,"y":0.167},"t":9,"s":[{"i":[[0,0],[0,0],[1.212,1.209],[-1.213,1.212],[0,0]],"o":[[0,0],[-1.213,1.209],[-1.213,-1.214],[0,0],[0,0]],"v":[[13.777,-9.365],[-8.273,12.669],[-12.665,12.669],[-12.665,8.279],[9.502,-13.888]],"c":false}],"e":[{"i":[[0,0],[0,0],[1.212,1.209],[-1.213,1.212],[0,0]],"o":[[0,0],[-1.213,1.209],[-1.213,-1.214],[0,0],[0,0]],"v":[[13.75,-9.345],[-8.273,12.669],[-12.665,12.669],[-12.665,8.279],[9.458,-13.834]],"c":false}]},{"i":{"x":0.667,"y":1},"o":{"x":0.167,"y":0.167},"t":10,"s":[{"i":[[0,0],[0,0],[1.212,1.209],[-1.213,1.212],[0,0]],"o":[[0,0],[-1.213,1.209],[-1.213,-1.214],[0,0],[0,0]],"v":[[13.75,-9.345],[-8.273,12.669],[-12.665,12.669],[-12.665,8.279],[9.458,-13.834]],"c":false}],"e":[{"i":[[0,0],[0,0],[1.212,1.209],[-1.213,1.212],[0,0]],"o":[[0,0],[-1.213,1.209],[-1.213,-1.214],[0,0],[0,0]],"v":[[13.878,-9.484],[-8.273,12.669],[-12.665,12.669],[-12.665,8.279],[9.492,-13.878]],"c":false}]},{"i":{"x":0.667,"y":1},"o":{"x":0.333,"y":0},"t":11,"s":[{"i":[[0,0],[0,0],[1.212,1.209],[-1.213,1.212],[0,0]],"o":[[0,0],[-1.213,1.209],[-1.213,-1.214],[0,0],[0,0]],"v":[[13.878,-9.484],[-8.273,12.669],[-12.665,12.669],[-12.665,8.279],[9.492,-13.878]],"c":false}],"e":[{"i":[[0,0],[0,0],[1.212,1.209],[-1.213,1.212],[0,0]],"o":[[0,0],[-1.213,1.209],[-1.213,-1.214],[0,0],[0,0]],"v":[[13.878,-9.484],[-8.273,12.669],[-12.665,12.669],[-12.665,8.279],[9.492,-13.878]],"c":false}]},{"i":{"x":0.833,"y":0.833},"o":{"x":0.333,"y":0},"t":17,"s":[{"i":[[0,0],[0,0],[1.212,1.209],[-1.213,1.212],[0,0]],"o":[[0,0],[-1.213,1.209],[-1.213,-1.214],[0,0],[0,0]],"v":[[13.878,-9.484],[-8.273,12.669],[-12.665,12.669],[-12.665,8.279],[9.492,-13.878]],"c":false}],"e":[{"i":[[0,0],[0,0],[1.212,1.209],[-1.213,1.212],[0,0]],"o":[[0,0],[-1.213,1.209],[-1.213,-1.214],[0,0],[0,0]],"v":[[13.75,-9.345],[-8.273,12.669],[-12.665,12.669],[-12.665,8.279],[9.458,-13.834]],"c":false}]},{"i":{"x":0.833,"y":0.833},"o":{"x":0.167,"y":0.167},"t":18,"s":[{"i":[[0,0],[0,0],[1.212,1.209],[-1.213,1.212],[0,0]],"o":[[0,0],[-1.213,1.209],[-1.213,-1.214],[0,0],[0,0]],"v":[[13.75,-9.345],[-8.273,12.669],[-12.665,12.669],[-12.665,8.279],[9.458,-13.834]],"c":false}],"e":[{"i":[[0,0],[0,0],[1.212,1.209],[-1.213,1.212],[0,0]],"o":[[0,0],[-1.213,1.209],[-1.213,-1.214],[0,0],[0,0]],"v":[[13.777,-9.365],[-8.273,12.669],[-12.665,12.669],[-12.665,8.279],[9.502,-13.888]],"c":false}]},{"i":{"x":0.833,"y":0.833},"o":{"x":0.167,"y":0.167},"t":19,"s":[{"i":[[0,0],[0,0],[1.212,1.209],[-1.213,1.212],[0,0]],"o":[[0,0],[-1.213,1.209],[-1.213,-1.214],[0,0],[0,0]],"v":[[13.777,-9.365],[-8.273,12.669],[-12.665,12.669],[-12.665,8.279],[9.502,-13.888]],"c":false}],"e":[{"i":[[0,0],[0,0],[1.212,1.209],[-1.213,1.212],[0,0]],"o":[[0,0],[-1.213,1.209],[-1.213,-1.214],[0,0],[0,0]],"v":[[13.777,-9.365],[-8.273,12.669],[-12.665,12.669],[-12.665,8.279],[9.502,-13.888]],"c":false}]},{"i":{"x":0.833,"y":0.833},"o":{"x":0.167,"y":0.167},"t":23,"s":[{"i":[[0,0],[0,0],[1.212,1.209],[-1.213,1.212],[0,0]],"o":[[0,0],[-1.213,1.209],[-1.213,-1.214],[0,0],[0,0]],"v":[[13.777,-9.365],[-8.273,12.669],[-12.665,12.669],[-12.665,8.279],[9.502,-13.888]],"c":false}],"e":[{"i":[[0,0],[0,0],[1.212,1.209],[-1.213,1.212],[0,0]],"o":[[0,0],[-1.213,1.209],[-1.213,-1.214],[0,0],[0,0]],"v":[[13.75,-9.345],[-8.273,12.669],[-12.665,12.669],[-12.665,8.279],[9.458,-13.834]],"c":false}]},{"i":{"x":0.667,"y":1},"o":{"x":0.167,"y":0.167},"t":24,"s":[{"i":[[0,0],[0,0],[1.212,1.209],[-1.213,1.212],[0,0]],"o":[[0,0],[-1.213,1.209],[-1.213,-1.214],[0,0],[0,0]],"v":[[13.75,-9.345],[-8.273,12.669],[-12.665,12.669],[-12.665,8.279],[9.458,-13.834]],"c":false}],"e":[{"i":[[0,0],[0,0],[1.212,1.209],[-1.213,1.212],[0,0]],"o":[[0,0],[-1.213,1.209],[-1.213,-1.214],[0,0],[0,0]],"v":[[13.878,-9.484],[-8.273,12.669],[-12.665,12.669],[-12.665,8.279],[9.492,-13.878]],"c":false}]},{"t":25}],"ix":2},"nm":"Path 1","mn":"ADBE Vector Shape - Group","hd":false},{"ty":"st","c":{"a":0,"k":[0,0,0,1],"ix":3},"o":{"a":0,"k":100,"ix":4},"w":{"a":0,"k":2,"ix":5},"lc":2,"lj":1,"ml":10,"bm":0,"nm":"Stroke 1","mn":"ADBE Vector Graphic - Stroke","hd":false},{"ty":"tr","p":{"a":0,"k":[14.575,35.423],"ix":2},"a":{"a":0,"k":[0,0],"ix":1},"s":{"a":0,"k":[100,100],"ix":3},"r":{"a":0,"k":0,"ix":6},"o":{"a":0,"k":100,"ix":7},"sk":{"a":0,"k":0,"ix":4},"sa":{"a":0,"k":0,"ix":5},"nm":"Transform"}],"nm":"Group 5","np":2,"cix":2,"bm":0,"ix":1,"mn":"ADBE Vector Group","hd":false}],"ip":0,"op":28,"st":0,"bm":0}],"markers":[]}