{"v":"5.4.4","fr":24,"ip":0,"op":28,"w":50,"h":50,"nm":"design","ddd":0,"assets":[],"layers":[{"ddd":0,"ind":1,"ty":4,"nm":"Pen","sr":1,"ks":{"o":{"a":0,"k":100,"ix":11},"r":{"a":1,"k":[{"i":{"x":[0.833],"y":[0.833]},"o":{"x":[0.167],"y":[0.167]},"t":3,"s":[0],"e":[6]},{"i":{"x":[0.833],"y":[0.833]},"o":{"x":[0.167],"y":[0.167]},"t":5,"s":[6],"e":[-30]},{"i":{"x":[0.833],"y":[0.833]},"o":{"x":[0.167],"y":[0.167]},"t":8,"s":[-30],"e":[-36]},{"i":{"x":[0.833],"y":[0.833]},"o":{"x":[0.167],"y":[0.167]},"t":18,"s":[-36],"e":[20.429]},{"i":{"x":[0.833],"y":[0.833]},"o":{"x":[0.167],"y":[0.167]},"t":21,"s":[20.429],"e":[0]},{"t":25}],"ix":10},"p":{"a":1,"k":[{"i":{"x":0.833,"y":0.833},"o":{"x":0.167,"y":0.167},"t":5,"s":[25,24.719,0],"e":[8.375,23.719,0],"to":[-2.771,-0.167,0],"ti":[-2.25,0.167,0]},{"i":{"x":0.833,"y":0.833},"o":{"x":0.167,"y":0.167},"t":8,"s":[8.375,23.719,0],"e":[38.5,23.719,0],"to":[2.25,-0.167,0],"ti":[-2.771,0,0]},{"i":{"x":0.833,"y":0.833},"o":{"x":0.167,"y":0.167},"t":14,"s":[38.5,23.719,0],"e":[25,23.719,0],"to":[2.771,0,0],"ti":[2.25,-0.167,0]},{"i":{"x":0.833,"y":0.833},"o":{"x":0.167,"y":0.167},"t":18,"s":[25,23.719,0],"e":[25,24.719,0],"to":[-2.25,0.167,0],"ti":[0,-0.167,0]},{"t":21}],"ix":2},"a":{"a":0,"k":[25,25,0],"ix":1},"s":{"a":0,"k":[100,100,100],"ix":6}},"ao":0,"shapes":[{"ty":"gr","it":[{"ind":0,"ty":"sh","ix":1,"ks":{"a":1,"k":[{"i":{"x":0.833,"y":0.833},"o":{"x":0.167,"y":0.167},"t":3,"s":[{"i":[[0,0],[0,0],[1.899,1.9],[1.9,-1.9],[0,0]],"o":[[-0.005,0.004],[1.901,-1.901],[-1.903,-1.902],[0,0],[0,0]],"v":[[19.775,-12.891],[20.599,-13.716],[20.601,-20.599],[13.717,-20.599],[12.891,-19.774]],"c":true}],"e":[{"i":[[0,0],[0,0],[1.899,1.9],[1.9,-1.9],[0,0]],"o":[[-0.005,0.004],[1.901,-1.901],[-1.903,-1.902],[0,0],[0,0]],"v":[[14.806,-7.923],[15.63,-8.748],[15.632,-15.631],[8.748,-15.631],[7.922,-14.806]],"c":true}]},{"i":{"x":0.833,"y":0.833},"o":{"x":0.167,"y":0.167},"t":8,"s":[{"i":[[0,0],[0,0],[1.899,1.9],[1.9,-1.9],[0,0]],"o":[[-0.005,0.004],[1.901,-1.901],[-1.903,-1.902],[0,0],[0,0]],"v":[[14.806,-7.923],[15.63,-8.748],[15.632,-15.631],[8.748,-15.631],[7.922,-14.806]],"c":true}],"e":[{"i":[[0,0],[0,0],[1.899,1.9],[1.9,-1.9],[0,0]],"o":[[-0.005,0.004],[1.901,-1.901],[-1.903,-1.902],[0,0],[0,0]],"v":[[14.806,-7.923],[15.63,-8.748],[15.632,-15.631],[8.748,-15.631],[7.922,-14.806]],"c":true}]},{"i":{"x":0.833,"y":0.833},"o":{"x":0.167,"y":0.167},"t":21,"s":[{"i":[[0,0],[0,0],[1.899,1.9],[1.9,-1.9],[0,0]],"o":[[-0.005,0.004],[1.901,-1.901],[-1.903,-1.902],[0,0],[0,0]],"v":[[14.806,-7.923],[15.63,-8.748],[15.632,-15.631],[8.748,-15.631],[7.922,-14.806]],"c":true}],"e":[{"i":[[0,0],[0,0],[1.899,1.9],[1.9,-1.9],[0,0]],"o":[[-0.005,0.004],[1.901,-1.901],[-1.903,-1.902],[0,0],[0,0]],"v":[[19.775,-12.891],[20.599,-13.716],[20.601,-20.599],[13.717,-20.599],[12.891,-19.774]],"c":true}]},{"t":25}],"ix":2},"nm":"Path 2","mn":"ADBE Vector Shape - Group","hd":false},{"ty":"fl","c":{"a":0,"k":[0,0,0,1],"ix":4},"o":{"a":0,"k":100,"ix":5},"r":1,"bm":0,"nm":"Fill 1","mn":"ADBE Vector Graphic - Fill","hd":false},{"ty":"tr","p":{"a":0,"k":[25.974,24.025],"ix":2},"a":{"a":0,"k":[0,0],"ix":1},"s":{"a":0,"k":[100,100],"ix":3},"r":{"a":0,"k":0,"ix":6},"o":{"a":0,"k":100,"ix":7},"sk":{"a":0,"k":0,"ix":4},"sa":{"a":0,"k":0,"ix":5},"nm":"Transform"}],"nm":"Group 3","np":2,"cix":2,"bm":0,"ix":1,"mn":"ADBE Vector Group","hd":false},{"ty":"gr","it":[{"ind":0,"ty":"sh","ix":1,"ks":{"a":1,"k":[{"i":{"x":0.833,"y":0.833},"o":{"x":0.167,"y":0.167},"t":3,"s":[{"i":[[0,0],[0,0],[0,0]],"o":[[0,0],[0,0],[0,0]],"v":[[-20.783,15.303],[-15.302,20.782],[-22.5,22.501]],"c":true}],"e":[{"i":[[0,0],[0,0],[0,0]],"o":[[0,0],[0,0],[0,0]],"v":[[-10.799,5.287],[-5.318,10.766],[-12.516,12.485]],"c":true}]},{"i":{"x":0.833,"y":0.833},"o":{"x":0.167,"y":0.167},"t":8,"s":[{"i":[[0,0],[0,0],[0,0]],"o":[[0,0],[0,0],[0,0]],"v":[[-10.799,5.287],[-5.318,10.766],[-12.516,12.485]],"c":true}],"e":[{"i":[[0,0],[0,0],[0,0]],"o":[[0,0],[0,0],[0,0]],"v":[[-10.799,5.287],[-5.318,10.766],[-12.516,12.485]],"c":true}]},{"i":{"x":0.833,"y":0.833},"o":{"x":0.167,"y":0.167},"t":21,"s":[{"i":[[0,0],[0,0],[0,0]],"o":[[0,0],[0,0],[0,0]],"v":[[-10.799,5.287],[-5.318,10.766],[-12.516,12.485]],"c":true}],"e":[{"i":[[0,0],[0,0],[0,0]],"o":[[0,0],[0,0],[0,0]],"v":[[-20.783,15.303],[-15.302,20.782],[-22.5,22.501]],"c":true}]},{"t":25}],"ix":2},"nm":"Path 1","mn":"ADBE Vector Shape - Group","hd":false},{"ty":"fl","c":{"a":0,"k":[0,0,0,1],"ix":4},"o":{"a":0,"k":100,"ix":5},"r":1,"bm":0,"nm":"Fill 1","mn":"ADBE Vector Graphic - Fill","hd":false},{"ty":"tr","p":{"a":0,"k":[25.974,24.025],"ix":2},"a":{"a":0,"k":[0,0],"ix":1},"s":{"a":0,"k":[100,100],"ix":3},"r":{"a":0,"k":0,"ix":6},"o":{"a":0,"k":100,"ix":7},"sk":{"a":0,"k":0,"ix":4},"sa":{"a":0,"k":0,"ix":5},"nm":"Transform"}],"nm":"Group 1","np":2,"cix":2,"bm":0,"ix":2,"mn":"ADBE Vector Group","hd":false},{"ty":"gr","it":[{"ind":0,"ty":"sh","ix":1,"ks":{"a":1,"k":[{"i":{"x":0.833,"y":0.833},"o":{"x":0.167,"y":0.167},"t":3,"s":[{"i":[[0,0],[0,0],[0,0],[0,0],[0,0]],"o":[[0,0],[0,0],[0,0],[0,0],[0,0]],"v":[[21.024,-15.544],[-13.535,19.014],[-21.024,21.023],[-19.015,13.535],[15.544,-21.023]],"c":false}],"e":[{"i":[[0,0],[0,0],[0,0],[0,0],[0,0]],"o":[[0,0],[0,0],[0,0],[0,0],[0,0]],"v":[[16.055,-10.575],[-3.551,8.999],[-11.04,11.008],[-9.031,3.519],[10.575,-16.055]],"c":false}]},{"i":{"x":0.833,"y":0.833},"o":{"x":0.167,"y":0.167},"t":8,"s":[{"i":[[0,0],[0,0],[0,0],[0,0],[0,0]],"o":[[0,0],[0,0],[0,0],[0,0],[0,0]],"v":[[16.055,-10.575],[-3.551,8.999],[-11.04,11.008],[-9.031,3.519],[10.575,-16.055]],"c":false}],"e":[{"i":[[0,0],[0,0],[0,0],[0,0],[0,0]],"o":[[0,0],[0,0],[0,0],[0,0],[0,0]],"v":[[16.055,-10.575],[-3.551,8.999],[-11.04,11.008],[-9.031,3.519],[10.575,-16.055]],"c":false}]},{"i":{"x":0.833,"y":0.833},"o":{"x":0.167,"y":0.167},"t":21,"s":[{"i":[[0,0],[0,0],[0,0],[0,0],[0,0]],"o":[[0,0],[0,0],[0,0],[0,0],[0,0]],"v":[[16.055,-10.575],[-3.551,8.999],[-11.04,11.008],[-9.031,3.519],[10.575,-16.055]],"c":false}],"e":[{"i":[[0,0],[0,0],[0,0],[0,0],[0,0]],"o":[[0,0],[0,0],[0,0],[0,0],[0,0]],"v":[[21.024,-15.544],[-13.535,19.014],[-21.024,21.023],[-19.015,13.535],[15.544,-21.023]],"c":false}]},{"t":25}],"ix":2},"nm":"Path 1","mn":"ADBE Vector Shape - Group","hd":false},{"ty":"st","c":{"a":0,"k":[0,0,0,1],"ix":3},"o":{"a":0,"k":100,"ix":4},"w":{"a":0,"k":2,"ix":5},"lc":1,"lj":2,"bm":0,"nm":"Stroke 1","mn":"ADBE Vector Graphic - Stroke","hd":false},{"ty":"tr","p":{"a":0,"k":[24.024,25.977],"ix":2},"a":{"a":0,"k":[0,0],"ix":1},"s":{"a":0,"k":[100,100],"ix":3},"r":{"a":0,"k":0,"ix":6},"o":{"a":0,"k":100,"ix":7},"sk":{"a":0,"k":0,"ix":4},"sa":{"a":0,"k":0,"ix":5},"nm":"Transform"}],"nm":"Group 2","np":2,"cix":2,"bm":0,"ix":3,"mn":"ADBE Vector Group","hd":false}],"ip":0,"op":28,"st":0,"bm":0},{"ddd":0,"ind":2,"ty":4,"nm":"Pen mask","parent":1,"td":1,"sr":1,"ks":{"o":{"a":0,"k":100,"ix":11},"r":{"a":0,"k":0,"ix":10},"p":{"a":0,"k":[25,25,0],"ix":2},"a":{"a":0,"k":[25,25,0],"ix":1},"s":{"a":0,"k":[100,100,100],"ix":6}},"ao":0,"shapes":[{"ty":"gr","it":[{"ind":0,"ty":"sh","ix":1,"ks":{"a":1,"k":[{"i":{"x":0.833,"y":0.833},"o":{"x":0.167,"y":0.167},"t":3,"s":[{"i":[[2.478,2.478],[1.834,0],[1.203,-0.944],[0,0],[0,0],[0.136,-0.508],[0,0],[-0.757,-0.756],[-0.803,0],[-0.255,0.07],[0,0],[-0.37,0.37],[0,0],[0,0]],"o":[[-1.298,-1.297],[-1.554,0],[0,0],[0,0],[-0.373,0.373],[0,0],[-0.277,1.032],[0.564,0.566],[0.267,0],[0,0],[0.511,-0.138],[0,0],[0,0],[2.109,-2.692]],"v":[[22.993,-22.988],[19.968,-23.143],[15.736,-21.687],[14.28,-20.311],[-20.281,14.246],[-21.058,15.592],[-23.067,23.079],[-24.121,24.121],[-22,25],[-21.214,24.895],[-13.733,22.888],[-12.389,22.112],[20.759,-11.032],[23.545,-13.902]],"c":true}],"e":[{"i":[[2.478,2.478],[1.834,0],[1.203,-0.944],[0,0],[0,0],[0.136,-0.508],[0,0],[-0.757,-0.756],[-0.803,0],[-0.255,0.07],[0,0],[-0.37,0.37],[0,0],[0,0]],"o":[[-1.298,-1.297],[-1.554,0],[0,0],[0,0],[-0.373,0.373],[0,0],[-0.277,1.032],[0.564,0.566],[0.267,0],[0,0],[0.511,-0.138],[0,0],[0,0],[2.109,-2.692]],"v":[[18.032,-18.011],[14.709,-17.803],[10.477,-16.347],[9.021,-14.971],[-6.527,0.583],[-7.304,1.929],[-10.734,7.189],[-10.069,10.095],[-7.948,10.974],[-7.162,10.869],[0.319,8.862],[1.663,8.086],[15.798,-6.055],[18.584,-8.925]],"c":true}]},{"i":{"x":0.833,"y":0.833},"o":{"x":0.167,"y":0.167},"t":8,"s":[{"i":[[2.478,2.478],[1.834,0],[1.203,-0.944],[0,0],[0,0],[0.136,-0.508],[0,0],[-0.757,-0.756],[-0.803,0],[-0.255,0.07],[0,0],[-0.37,0.37],[0,0],[0,0]],"o":[[-1.298,-1.297],[-1.554,0],[0,0],[0,0],[-0.373,0.373],[0,0],[-0.277,1.032],[0.564,0.566],[0.267,0],[0,0],[0.511,-0.138],[0,0],[0,0],[2.109,-2.692]],"v":[[18.032,-18.011],[14.709,-17.803],[10.477,-16.347],[9.021,-14.971],[-6.527,0.583],[-7.304,1.929],[-10.734,7.189],[-10.069,10.095],[-7.948,10.974],[-7.162,10.869],[0.319,8.862],[1.663,8.086],[15.798,-6.055],[18.584,-8.925]],"c":true}],"e":[{"i":[[2.478,2.478],[1.834,0],[1.203,-0.944],[0,0],[0,0],[0.136,-0.508],[0,0],[-0.757,-0.756],[-0.803,0],[-0.255,0.07],[0,0],[-0.37,0.37],[0,0],[0,0]],"o":[[-1.298,-1.297],[-1.554,0],[0,0],[0,0],[-0.373,0.373],[0,0],[-0.277,1.032],[0.564,0.566],[0.267,0],[0,0],[0.511,-0.138],[0,0],[0,0],[2.109,-2.692]],"v":[[18.032,-18.011],[14.709,-17.803],[10.477,-16.347],[9.021,-14.971],[-6.527,0.583],[-7.304,1.929],[-10.734,7.189],[-10.069,10.095],[-7.948,10.974],[-7.162,10.869],[0.319,8.862],[1.663,8.086],[15.798,-6.055],[18.584,-8.925]],"c":true}]},{"i":{"x":0.833,"y":0.833},"o":{"x":0.167,"y":0.167},"t":20,"s":[{"i":[[2.478,2.478],[1.834,0],[1.203,-0.944],[0,0],[0,0],[0.136,-0.508],[0,0],[-0.757,-0.756],[-0.803,0],[-0.255,0.07],[0,0],[-0.37,0.37],[0,0],[0,0]],"o":[[-1.298,-1.297],[-1.554,0],[0,0],[0,0],[-0.373,0.373],[0,0],[-0.277,1.032],[0.564,0.566],[0.267,0],[0,0],[0.511,-0.138],[0,0],[0,0],[2.109,-2.692]],"v":[[18.032,-18.011],[14.709,-17.803],[10.477,-16.347],[9.021,-14.971],[-6.527,0.583],[-7.304,1.929],[-10.734,7.189],[-10.069,10.095],[-7.948,10.974],[-7.162,10.869],[0.319,8.862],[1.663,8.086],[15.798,-6.055],[18.584,-8.925]],"c":true}],"e":[{"i":[[2.478,2.478],[1.834,0],[1.203,-0.944],[0,0],[0,0],[0.136,-0.508],[0,0],[-0.757,-0.756],[-0.803,0],[-0.255,0.07],[0,0],[-0.37,0.37],[0,0],[0,0]],"o":[[-1.298,-1.297],[-1.554,0],[0,0],[0,0],[-0.373,0.373],[0,0],[-0.277,1.032],[0.564,0.566],[0.267,0],[0,0],[0.511,-0.138],[0,0],[0,0],[2.109,-2.692]],"v":[[22.993,-22.988],[19.968,-23.143],[15.736,-21.687],[14.28,-20.311],[-20.281,14.246],[-21.058,15.592],[-23.067,23.079],[-24.121,24.121],[-22,25],[-21.214,24.895],[-13.733,22.888],[-12.389,22.112],[20.759,-11.032],[23.545,-13.902]],"c":true}]},{"t":25}],"ix":2},"nm":"Path 1","mn":"ADBE Vector Shape - Group","hd":false},{"ty":"fl","c":{"a":0,"k":[0.991999966491,1,0.830999995213,1],"ix":4},"o":{"a":0,"k":100,"ix":5},"r":1,"bm":0,"nm":"Fill 1","mn":"ADBE Vector Graphic - Fill","hd":false},{"ty":"tr","p":{"a":0,"k":[25,25],"ix":2},"a":{"a":0,"k":[0,0],"ix":1},"s":{"a":0,"k":[100,100],"ix":3},"r":{"a":0,"k":0,"ix":6},"o":{"a":0,"k":100,"ix":7},"sk":{"a":0,"k":0,"ix":4},"sa":{"a":0,"k":0,"ix":5},"nm":"Transform"}],"nm":"Group 3","np":2,"cix":2,"bm":0,"ix":1,"mn":"ADBE Vector Group","hd":false}],"ip":0,"op":28,"st":0,"bm":0},{"ddd":0,"ind":3,"ty":4,"nm":"Ruler","tt":2,"sr":1,"ks":{"o":{"a":0,"k":100,"ix":11},"r":{"a":1,"k":[{"i":{"x":[0.833],"y":[0.833]},"o":{"x":[0.167],"y":[0.167]},"t":3,"s":[0],"e":[-45]},{"i":{"x":[0.833],"y":[0.833]},"o":{"x":[0.167],"y":[0.167]},"t":8,"s":[-45],"e":[-45]},{"i":{"x":[0.833],"y":[0.833]},"o":{"x":[0.167],"y":[0.167]},"t":21,"s":[-45],"e":[0]},{"t":25}],"ix":10},"p":{"a":1,"k":[{"i":{"x":0.833,"y":0.833},"o":{"x":0.167,"y":0.167},"t":3,"s":[25,25,0],"e":[25,46.688,0],"to":[0,3.615,0],"ti":[0,-3.615,0]},{"i":{"x":0.833,"y":0.833},"o":{"x":0.167,"y":0.167},"t":8,"s":[25,46.688,0],"e":[25,46.688,0],"to":[0,0,0],"ti":[0,0,0]},{"i":{"x":0.833,"y":0.833},"o":{"x":0.167,"y":0.167},"t":21,"s":[25,46.688,0],"e":[25,25,0],"to":[0,-3.615,0],"ti":[0,3.615,0]},{"t":25}],"ix":2},"a":{"a":0,"k":[25,25,0],"ix":1},"s":{"a":1,"k":[{"i":{"x":[0.833,0.833,0.833],"y":[0.833,0.833,0.833]},"o":{"x":[0.167,0.167,0.167],"y":[0.167,0.167,0.167]},"t":3,"s":[100,100,100],"e":[88,88,100]},{"i":{"x":[0.833,0.833,0.833],"y":[0.833,0.833,0.833]},"o":{"x":[0.167,0.167,0.167],"y":[0.167,0.167,0.167]},"t":6,"s":[88,88,100],"e":[100,100,100]},{"i":{"x":[0.833,0.833,0.833],"y":[0.833,0.833,0.833]},"o":{"x":[0.167,0.167,0.167],"y":[0.167,0.167,0.167]},"t":8,"s":[100,100,100],"e":[100,100,100]},{"i":{"x":[0.833,0.833,0.833],"y":[0.833,0.833,0.833]},"o":{"x":[0.167,0.167,0.167],"y":[0.167,0.167,0.167]},"t":21,"s":[100,100,100],"e":[88,88,100]},{"i":{"x":[0.833,0.833,0.833],"y":[0.833,0.833,0.833]},"o":{"x":[0.167,0.167,0.167],"y":[0.167,0.167,0.167]},"t":23,"s":[88,88,100],"e":[100,100,100]},{"t":25}],"ix":6}},"ao":0,"shapes":[{"ty":"gr","it":[{"ind":0,"ty":"sh","ix":1,"ks":{"a":0,"k":{"i":[[0,0],[0,0]],"o":[[0,0],[0,0]],"v":[[-1.298,1.298],[1.5,-1.5]],"c":false},"ix":2},"nm":"Path 1","mn":"ADBE Vector Shape - Group","hd":false},{"ty":"st","c":{"a":0,"k":[0,0,0,1],"ix":3},"o":{"a":0,"k":100,"ix":4},"w":{"a":0,"k":2,"ix":5},"lc":1,"lj":1,"ml":10,"bm":0,"nm":"Stroke 1","mn":"ADBE Vector Graphic - Stroke","hd":false},{"ty":"tr","p":{"a":0,"k":[39.409,34.406],"ix":2},"a":{"a":0,"k":[0,0],"ix":1},"s":{"a":0,"k":[100,100],"ix":3},"r":{"a":0,"k":0,"ix":6},"o":{"a":0,"k":100,"ix":7},"sk":{"a":0,"k":0,"ix":4},"sa":{"a":0,"k":0,"ix":5},"nm":"Transform"}],"nm":"Group 4","np":2,"cix":2,"bm":0,"ix":1,"mn":"ADBE Vector Group","hd":false},{"ty":"gr","it":[{"ind":0,"ty":"sh","ix":1,"ks":{"a":0,"k":{"i":[[0,0],[0,0]],"o":[[0,0],[0,0]],"v":[[-1.017,0.983],[0.983,-1.017]],"c":false},"ix":2},"nm":"Path 1","mn":"ADBE Vector Shape - Group","hd":false},{"ty":"st","c":{"a":0,"k":[0,0,0,1],"ix":3},"o":{"a":0,"k":100,"ix":4},"w":{"a":0,"k":2,"ix":5},"lc":1,"lj":1,"ml":10,"bm":0,"nm":"Stroke 1","mn":"ADBE Vector Graphic - Stroke","hd":false},{"ty":"tr","p":{"a":0,"k":[42.91,36.906],"ix":2},"a":{"a":0,"k":[0,0],"ix":1},"s":{"a":0,"k":[100,100],"ix":3},"r":{"a":0,"k":0,"ix":6},"o":{"a":0,"k":100,"ix":7},"sk":{"a":0,"k":0,"ix":4},"sa":{"a":0,"k":0,"ix":5},"nm":"Transform"}],"nm":"Group 5","np":2,"cix":2,"bm":0,"ix":2,"mn":"ADBE Vector Group","hd":false},{"ty":"gr","it":[{"ind":0,"ty":"sh","ix":1,"ks":{"a":0,"k":{"i":[[0,0],[0,0]],"o":[[0,0],[0,0]],"v":[[-1.298,1.298],[1.5,-1.5]],"c":false},"ix":2},"nm":"Path 1","mn":"ADBE Vector Shape - Group","hd":false},{"ty":"st","c":{"a":0,"k":[0,0,0,1],"ix":3},"o":{"a":0,"k":100,"ix":4},"w":{"a":0,"k":2,"ix":5},"lc":1,"lj":1,"ml":10,"bm":0,"nm":"Stroke 1","mn":"ADBE Vector Graphic - Stroke","hd":false},{"ty":"tr","p":{"a":0,"k":[33.503,28.5],"ix":2},"a":{"a":0,"k":[0,0],"ix":1},"s":{"a":0,"k":[100,100],"ix":3},"r":{"a":0,"k":0,"ix":6},"o":{"a":0,"k":100,"ix":7},"sk":{"a":0,"k":0,"ix":4},"sa":{"a":0,"k":0,"ix":5},"nm":"Transform"}],"nm":"Group 6","np":2,"cix":2,"bm":0,"ix":3,"mn":"ADBE Vector Group","hd":false},{"ty":"gr","it":[{"ind":0,"ty":"sh","ix":1,"ks":{"a":0,"k":{"i":[[0,0],[0,0]],"o":[[0,0],[0,0]],"v":[[-1,1],[1,-1]],"c":false},"ix":2},"nm":"Path 1","mn":"ADBE Vector Shape - Group","hd":false},{"ty":"st","c":{"a":0,"k":[0,0,0,1],"ix":3},"o":{"a":0,"k":100,"ix":4},"w":{"a":0,"k":2,"ix":5},"lc":1,"lj":1,"ml":10,"bm":0,"nm":"Stroke 1","mn":"ADBE Vector Graphic - Stroke","hd":false},{"ty":"tr","p":{"a":0,"k":[37.003,31],"ix":2},"a":{"a":0,"k":[0,0],"ix":1},"s":{"a":0,"k":[100,100],"ix":3},"r":{"a":0,"k":0,"ix":6},"o":{"a":0,"k":100,"ix":7},"sk":{"a":0,"k":0,"ix":4},"sa":{"a":0,"k":0,"ix":5},"nm":"Transform"}],"nm":"Group 7","np":2,"cix":2,"bm":0,"ix":4,"mn":"ADBE Vector Group","hd":false},{"ty":"gr","it":[{"ind":0,"ty":"sh","ix":1,"ks":{"a":0,"k":{"i":[[0,0],[0,0]],"o":[[0,0],[0,0]],"v":[[-1.298,1.298],[1.5,-1.5]],"c":false},"ix":2},"nm":"Path 1","mn":"ADBE Vector Shape - Group","hd":false},{"ty":"st","c":{"a":0,"k":[0,0,0,1],"ix":3},"o":{"a":0,"k":100,"ix":4},"w":{"a":0,"k":2,"ix":5},"lc":1,"lj":1,"ml":10,"bm":0,"nm":"Stroke 1","mn":"ADBE Vector Graphic - Stroke","hd":false},{"ty":"tr","p":{"a":0,"k":[27.502,22.5],"ix":2},"a":{"a":0,"k":[0,0],"ix":1},"s":{"a":0,"k":[100,100],"ix":3},"r":{"a":0,"k":0,"ix":6},"o":{"a":0,"k":100,"ix":7},"sk":{"a":0,"k":0,"ix":4},"sa":{"a":0,"k":0,"ix":5},"nm":"Transform"}],"nm":"Group 8","np":2,"cix":2,"bm":0,"ix":5,"mn":"ADBE Vector Group","hd":false},{"ty":"gr","it":[{"ind":0,"ty":"sh","ix":1,"ks":{"a":0,"k":{"i":[[0,0],[0,0]],"o":[[0,0],[0,0]],"v":[[-1,1],[1,-1]],"c":false},"ix":2},"nm":"Path 1","mn":"ADBE Vector Shape - Group","hd":false},{"ty":"st","c":{"a":0,"k":[0,0,0,1],"ix":3},"o":{"a":0,"k":100,"ix":4},"w":{"a":0,"k":2,"ix":5},"lc":1,"lj":1,"ml":10,"bm":0,"nm":"Stroke 1","mn":"ADBE Vector Graphic - Stroke","hd":false},{"ty":"tr","p":{"a":0,"k":[31.003,25],"ix":2},"a":{"a":0,"k":[0,0],"ix":1},"s":{"a":0,"k":[100,100],"ix":3},"r":{"a":0,"k":0,"ix":6},"o":{"a":0,"k":100,"ix":7},"sk":{"a":0,"k":0,"ix":4},"sa":{"a":0,"k":0,"ix":5},"nm":"Transform"}],"nm":"Group 9","np":2,"cix":2,"bm":0,"ix":6,"mn":"ADBE Vector Group","hd":false},{"ty":"gr","it":[{"ind":0,"ty":"sh","ix":1,"ks":{"a":0,"k":{"i":[[0,0],[0,0]],"o":[[0,0],[0,0]],"v":[[-1.298,1.298],[1.5,-1.5]],"c":false},"ix":2},"nm":"Path 1","mn":"ADBE Vector Shape - Group","hd":false},{"ty":"st","c":{"a":0,"k":[0,0,0,1],"ix":3},"o":{"a":0,"k":100,"ix":4},"w":{"a":0,"k":2,"ix":5},"lc":1,"lj":1,"ml":10,"bm":0,"nm":"Stroke 1","mn":"ADBE Vector Graphic - Stroke","hd":false},{"ty":"tr","p":{"a":0,"k":[21.501,16.5],"ix":2},"a":{"a":0,"k":[0,0],"ix":1},"s":{"a":0,"k":[100,100],"ix":3},"r":{"a":0,"k":0,"ix":6},"o":{"a":0,"k":100,"ix":7},"sk":{"a":0,"k":0,"ix":4},"sa":{"a":0,"k":0,"ix":5},"nm":"Transform"}],"nm":"Group 10","np":2,"cix":2,"bm":0,"ix":7,"mn":"ADBE Vector Group","hd":false},{"ty":"gr","it":[{"ind":0,"ty":"sh","ix":1,"ks":{"a":0,"k":{"i":[[0,0],[0,0]],"o":[[0,0],[0,0]],"v":[[-1,1],[1,-1]],"c":false},"ix":2},"nm":"Path 1","mn":"ADBE Vector Shape - Group","hd":false},{"ty":"st","c":{"a":0,"k":[0,0,0,1],"ix":3},"o":{"a":0,"k":100,"ix":4},"w":{"a":0,"k":2,"ix":5},"lc":1,"lj":1,"ml":10,"bm":0,"nm":"Stroke 1","mn":"ADBE Vector Graphic - Stroke","hd":false},{"ty":"tr","p":{"a":0,"k":[25.002,19],"ix":2},"a":{"a":0,"k":[0,0],"ix":1},"s":{"a":0,"k":[100,100],"ix":3},"r":{"a":0,"k":0,"ix":6},"o":{"a":0,"k":100,"ix":7},"sk":{"a":0,"k":0,"ix":4},"sa":{"a":0,"k":0,"ix":5},"nm":"Transform"}],"nm":"Group 11","np":2,"cix":2,"bm":0,"ix":8,"mn":"ADBE Vector Group","hd":false},{"ty":"gr","it":[{"ind":0,"ty":"sh","ix":1,"ks":{"a":0,"k":{"i":[[0,0],[0,0]],"o":[[0,0],[0,0]],"v":[[-1.298,1.298],[1.5,-1.5]],"c":false},"ix":2},"nm":"Path 1","mn":"ADBE Vector Shape - Group","hd":false},{"ty":"st","c":{"a":0,"k":[0,0,0,1],"ix":3},"o":{"a":0,"k":100,"ix":4},"w":{"a":0,"k":2,"ix":5},"lc":1,"lj":1,"ml":10,"bm":0,"nm":"Stroke 1","mn":"ADBE Vector Graphic - Stroke","hd":false},{"ty":"tr","p":{"a":0,"k":[15.501,10.5],"ix":2},"a":{"a":0,"k":[0,0],"ix":1},"s":{"a":0,"k":[100,100],"ix":3},"r":{"a":0,"k":0,"ix":6},"o":{"a":0,"k":100,"ix":7},"sk":{"a":0,"k":0,"ix":4},"sa":{"a":0,"k":0,"ix":5},"nm":"Transform"}],"nm":"Group 12","np":2,"cix":2,"bm":0,"ix":9,"mn":"ADBE Vector Group","hd":false},{"ty":"gr","it":[{"ind":0,"ty":"sh","ix":1,"ks":{"a":0,"k":{"i":[[0,0],[0,0]],"o":[[0,0],[0,0]],"v":[[-1,1],[1,-1]],"c":false},"ix":2},"nm":"Path 1","mn":"ADBE Vector Shape - Group","hd":false},{"ty":"st","c":{"a":0,"k":[0,0,0,1],"ix":3},"o":{"a":0,"k":100,"ix":4},"w":{"a":0,"k":2,"ix":5},"lc":1,"lj":1,"ml":10,"bm":0,"nm":"Stroke 1","mn":"ADBE Vector Graphic - Stroke","hd":false},{"ty":"tr","p":{"a":0,"k":[19.001,13],"ix":2},"a":{"a":0,"k":[0,0],"ix":1},"s":{"a":0,"k":[100,100],"ix":3},"r":{"a":0,"k":0,"ix":6},"o":{"a":0,"k":100,"ix":7},"sk":{"a":0,"k":0,"ix":4},"sa":{"a":0,"k":0,"ix":5},"nm":"Transform"}],"nm":"Group 13","np":2,"cix":2,"bm":0,"ix":10,"mn":"ADBE Vector Group","hd":false},{"ty":"gr","it":[{"ind":0,"ty":"sh","ix":1,"ks":{"a":0,"k":{"i":[[0,0],[0,0]],"o":[[0,0],[0,0]],"v":[[-0.873,1.138],[1.127,-0.862]],"c":false},"ix":2},"nm":"Path 1","mn":"ADBE Vector Shape - Group","hd":false},{"ty":"st","c":{"a":0,"k":[0,0,0,1],"ix":3},"o":{"a":0,"k":100,"ix":4},"w":{"a":0,"k":2,"ix":5},"lc":1,"lj":1,"ml":10,"bm":0,"nm":"Stroke 1","mn":"ADBE Vector Graphic - Stroke","hd":false},{"ty":"tr","p":{"a":0,"k":[13.001,7],"ix":2},"a":{"a":0,"k":[0,0],"ix":1},"s":{"a":0,"k":[100,100],"ix":3},"r":{"a":0,"k":0,"ix":6},"o":{"a":0,"k":100,"ix":7},"sk":{"a":0,"k":0,"ix":4},"sa":{"a":0,"k":0,"ix":5},"nm":"Transform"}],"nm":"Group 14","np":2,"cix":2,"bm":0,"ix":11,"mn":"ADBE Vector Group","hd":false},{"ty":"gr","it":[{"ind":0,"ty":"sh","ix":1,"ks":{"a":1,"k":[{"i":{"x":0.833,"y":0.833},"o":{"x":0.167,"y":0.167},"t":3,"s":[{"i":[[0,0],[0,0],[0,0],[0,0]],"o":[[0,0],[0,0],[0,0],[0,0]],"v":[[-23.064,-15.062],[-15.063,-23.063],[23.064,15.062],[15.063,23.063]],"c":true}],"e":[{"i":[[0,0],[0,0],[0,0],[0,0]],"o":[[0,0],[0,0],[0,0],[0,0]],"v":[[-18.542,-15.322],[-12.936,-20.939],[20.986,12.985],[15.381,18.602]],"c":true}]},{"i":{"x":0.833,"y":0.833},"o":{"x":0.167,"y":0.167},"t":8,"s":[{"i":[[0,0],[0,0],[0,0],[0,0]],"o":[[0,0],[0,0],[0,0],[0,0]],"v":[[-18.542,-15.322],[-12.936,-20.939],[20.986,12.985],[15.381,18.602]],"c":true}],"e":[{"i":[[0,0],[0,0],[0,0],[0,0]],"o":[[0,0],[0,0],[0,0],[0,0]],"v":[[-18.542,-15.322],[-12.936,-20.939],[20.986,12.985],[15.381,18.602]],"c":true}]},{"i":{"x":0.833,"y":0.833},"o":{"x":0.167,"y":0.167},"t":21,"s":[{"i":[[0,0],[0,0],[0,0],[0,0]],"o":[[0,0],[0,0],[0,0],[0,0]],"v":[[-18.542,-15.322],[-12.936,-20.939],[20.986,12.985],[15.381,18.602]],"c":true}],"e":[{"i":[[0,0],[0,0],[0,0],[0,0]],"o":[[0,0],[0,0],[0,0],[0,0]],"v":[[-23.064,-15.062],[-15.063,-23.063],[23.064,15.062],[15.063,23.063]],"c":true}]},{"t":25}],"ix":2},"nm":"Path 1","mn":"ADBE Vector Shape - Group","hd":false},{"ty":"st","c":{"a":0,"k":[0,0,0,1],"ix":3},"o":{"a":0,"k":100,"ix":4},"w":{"a":0,"k":2,"ix":5},"lc":1,"lj":1,"ml":10,"bm":0,"nm":"Stroke 1","mn":"ADBE Vector Graphic - Stroke","hd":false},{"ty":"tr","p":{"a":0,"k":[25.002,25],"ix":2},"a":{"a":0,"k":[0,0],"ix":1},"s":{"a":0,"k":[100,100],"ix":3},"r":{"a":0,"k":0,"ix":6},"o":{"a":0,"k":100,"ix":7},"sk":{"a":0,"k":0,"ix":4},"sa":{"a":0,"k":0,"ix":5},"nm":"Transform"}],"nm":"Group 15","np":2,"cix":2,"bm":0,"ix":12,"mn":"ADBE Vector Group","hd":false}],"ip":0,"op":28,"st":0,"bm":0}],"markers":[]}