{"v":"5.4.4","fr":24,"ip":0,"op":28,"w":50,"h":50,"nm":"laptop-coding","ddd":0,"assets":[],"layers":[{"ddd":0,"ind":1,"ty":4,"nm":"Laptop","sr":1,"ks":{"o":{"a":0,"k":100,"ix":11},"r":{"a":0,"k":0,"ix":10},"p":{"a":0,"k":[25,25,0],"ix":2},"a":{"a":0,"k":[25,25,0],"ix":1},"s":{"a":0,"k":[100,100,100],"ix":6}},"ao":0,"shapes":[{"ty":"gr","it":[{"ind":0,"ty":"sh","ix":1,"ks":{"a":0,"k":{"i":[[0,2.209],[0,0],[2.209,0],[0,0]],"o":[[0,0],[0,2.209],[0,0],[-2.209,0]],"v":[[-23,-2],[23,-2],[19,2],[-19,2]],"c":true},"ix":2},"nm":"Path 1","mn":"ADBE Vector Shape - Group","hd":false},{"ty":"st","c":{"a":0,"k":[0,0,0,1],"ix":3},"o":{"a":0,"k":100,"ix":4},"w":{"a":0,"k":2,"ix":5},"lc":1,"lj":2,"bm":0,"nm":"Stroke 1","mn":"ADBE Vector Graphic - Stroke","hd":false},{"ty":"tr","p":{"a":0,"k":[25,39],"ix":2},"a":{"a":0,"k":[0,0],"ix":1},"s":{"a":0,"k":[100,100],"ix":3},"r":{"a":0,"k":0,"ix":6},"o":{"a":0,"k":100,"ix":7},"sk":{"a":0,"k":0,"ix":4},"sa":{"a":0,"k":0,"ix":5},"nm":"Transform"}],"nm":"Group 1","np":2,"cix":2,"bm":0,"ix":1,"mn":"ADBE Vector Group","hd":false},{"ty":"gr","it":[{"ind":0,"ty":"sh","ix":1,"ks":{"a":1,"k":[{"i":{"x":0.667,"y":1},"o":{"x":0.333,"y":0},"t":3,"s":[{"i":[[1.657,0],[0,0],[0,1.657],[0,0],[-1.657,0],[0,0],[0,-1.657],[0,0]],"o":[[0,0],[-1.657,0],[0,0],[0,-1.657],[0,0],[1.657,0],[0,0],[0,1.657]],"v":[[17,14],[-17,14],[-20,11],[-20,-11],[-17,-14],[17,-14],[20,-11],[20,11]],"c":true}],"e":[{"i":[[0,0],[0,0],[0,0],[0,0],[-2.209,0],[0,0],[0,-2.209],[0,0]],"o":[[0,0],[0,0],[0,0],[0,-2.209],[0,0],[2.209,0],[0,0],[0,0]],"v":[[17.358,14],[-17.358,14],[-19.094,14],[-23,14],[-19,10],[19,10],[23,14],[19.094,14]],"c":true}]},{"i":{"x":0.667,"y":1},"o":{"x":0.333,"y":0},"t":11,"s":[{"i":[[0,0],[0,0],[0,0],[0,0],[-2.209,0],[0,0],[0,-2.209],[0,0]],"o":[[0,0],[0,0],[0,0],[0,-2.209],[0,0],[2.209,0],[0,0],[0,0]],"v":[[17.358,14],[-17.358,14],[-19.094,14],[-23,14],[-19,10],[19,10],[23,14],[19.094,14]],"c":true}],"e":[{"i":[[0,0],[0,0],[0,0],[0,0],[-2.209,0],[0,0],[0,-2.209],[0,0]],"o":[[0,0],[0,0],[0,0],[0,-2.209],[0,0],[2.209,0],[0,0],[0,0]],"v":[[17.358,14],[-17.358,14],[-19.094,14],[-23,14],[-19,10],[19,10],[23,14],[19.094,14]],"c":true}]},{"i":{"x":0.667,"y":1},"o":{"x":0.333,"y":0},"t":17,"s":[{"i":[[0,0],[0,0],[0,0],[0,0],[-2.209,0],[0,0],[0,-2.209],[0,0]],"o":[[0,0],[0,0],[0,0],[0,-2.209],[0,0],[2.209,0],[0,0],[0,0]],"v":[[17.358,14],[-17.358,14],[-19.094,14],[-23,14],[-19,10],[19,10],[23,14],[19.094,14]],"c":true}],"e":[{"i":[[1.657,0],[0,0],[0,1.657],[0,0],[-1.657,0],[0,0],[0,-1.657],[0,0]],"o":[[0,0],[-1.657,0],[0,0],[0,-1.657],[0,0],[1.657,0],[0,0],[0,1.657]],"v":[[17,14],[-17,14],[-20,11],[-20,-11],[-17,-14],[17,-14],[20,-11],[20,11]],"c":true}]},{"t":25}],"ix":2},"nm":"Path 1","mn":"ADBE Vector Shape - Group","hd":false},{"ty":"st","c":{"a":0,"k":[0,0,0,1],"ix":3},"o":{"a":0,"k":100,"ix":4},"w":{"a":0,"k":2,"ix":5},"lc":1,"lj":2,"bm":0,"nm":"Stroke 1","mn":"ADBE Vector Graphic - Stroke","hd":false},{"ty":"tr","p":{"a":0,"k":[25,23],"ix":2},"a":{"a":0,"k":[0,0],"ix":1},"s":{"a":0,"k":[100,100],"ix":3},"r":{"a":0,"k":0,"ix":6},"o":{"a":0,"k":100,"ix":7},"sk":{"a":0,"k":0,"ix":4},"sa":{"a":0,"k":0,"ix":5},"nm":"Transform"}],"nm":"Group 3","np":2,"cix":2,"bm":0,"ix":2,"mn":"ADBE Vector Group","hd":false}],"ip":0,"op":28,"st":0,"bm":0}],"markers":[]}