{"v":"5.6.3","fr":24,"ip":0,"op":28,"w":50,"h":50,"nm":"Fire-in-my-heart","ddd":0,"assets":[],"layers":[{"ddd":0,"ind":1,"ty":4,"nm":"flame-2","sr":1,"ks":{"o":{"a":0,"k":100,"ix":11},"r":{"a":0,"k":0,"ix":10},"p":{"a":1,"k":[{"i":{"x":0.667,"y":1},"o":{"x":0.333,"y":0},"t":13,"s":[32,17,0],"to":[0,-1.167,0],"ti":[0,1.167,0]},{"t":21,"s":[32,10,0]}],"ix":2},"a":{"a":0,"k":[32,17,0],"ix":1},"s":{"a":1,"k":[{"i":{"x":[0.667,0.667,0.667],"y":[1,1,1]},"o":{"x":[0.333,0.333,0.333],"y":[0,0,0]},"t":13,"s":[100,100,100]},{"t":21,"s":[18,18,100]}],"ix":6}},"ao":0,"shapes":[{"ty":"gr","it":[{"ind":0,"ty":"sh","ix":1,"ks":{"a":0,"k":{"i":[[0,-0.552],[0.553,0],[0,0.552],[-0.559,0]],"o":[[0,0.552],[-0.553,0],[0,-0.552],[0.559,0]],"v":[[1,0.5],[0,1.5],[-1,0.5],[0,-1.5]],"c":true},"ix":2},"nm":"Path 1","mn":"ADBE Vector Shape - Group","hd":false},{"ty":"fl","c":{"a":0,"k":[0,0,0,1],"ix":4},"o":{"a":0,"k":100,"ix":5},"r":1,"bm":0,"nm":"Fill 1","mn":"ADBE Vector Graphic - Fill","hd":false},{"ty":"tr","p":{"a":0,"k":[32,18.5],"ix":2},"a":{"a":0,"k":[0,0],"ix":1},"s":{"a":0,"k":[100,100],"ix":3},"r":{"a":0,"k":0,"ix":6},"o":{"a":0,"k":100,"ix":7},"sk":{"a":0,"k":0,"ix":4},"sa":{"a":0,"k":0,"ix":5},"nm":"Transform"}],"nm":"Group 1","np":2,"cix":2,"bm":0,"ix":1,"mn":"ADBE Vector Group","hd":false}],"ip":13,"op":21,"st":-2,"bm":0},{"ddd":0,"ind":2,"ty":4,"nm":"flame-1","sr":1,"ks":{"o":{"a":0,"k":100,"ix":11},"r":{"a":0,"k":0,"ix":10},"p":{"a":1,"k":[{"i":{"x":0.667,"y":1},"o":{"x":0.333,"y":0},"t":5,"s":[15,22,0],"to":[0,-1.5,0],"ti":[0,1.5,0]},{"t":15,"s":[15,13,0]}],"ix":2},"a":{"a":0,"k":[15,22,0],"ix":1},"s":{"a":1,"k":[{"i":{"x":[0.667,0.667,0.667],"y":[1,1,1]},"o":{"x":[0.333,0.333,0.333],"y":[0,0,0]},"t":5,"s":[100,100,100]},{"t":15,"s":[34,34,100]}],"ix":6}},"ao":0,"shapes":[{"ty":"gr","it":[{"ind":0,"ty":"sh","ix":1,"ks":{"a":0,"k":{"i":[[0,-0.552],[0.552,0],[0,0.552],[-0.559,0]],"o":[[0,0.552],[-0.552,0],[0,-0.552],[0.559,0]],"v":[[1,0.5],[0,1.5],[-1,0.5],[0,-1.5]],"c":true},"ix":2},"nm":"Path 1","mn":"ADBE Vector Shape - Group","hd":false},{"ty":"fl","c":{"a":0,"k":[0,0,0,1],"ix":4},"o":{"a":0,"k":100,"ix":5},"r":1,"bm":0,"nm":"Fill 1","mn":"ADBE Vector Graphic - Fill","hd":false},{"ty":"tr","p":{"a":0,"k":[15,23.5],"ix":2},"a":{"a":0,"k":[0,0],"ix":1},"s":{"a":0,"k":[100,100],"ix":3},"r":{"a":0,"k":0,"ix":6},"o":{"a":0,"k":100,"ix":7},"sk":{"a":0,"k":0,"ix":4},"sa":{"a":0,"k":0,"ix":5},"nm":"Transform"}],"nm":"Group 2","np":2,"cix":2,"bm":0,"ix":1,"mn":"ADBE Vector Group","hd":false}],"ip":5,"op":15,"st":-12,"bm":0},{"ddd":0,"ind":3,"ty":4,"nm":"mask","td":1,"sr":1,"ks":{"o":{"a":0,"k":100,"ix":11},"r":{"a":0,"k":0,"ix":10},"p":{"a":0,"k":[25,25,0],"ix":2},"a":{"a":0,"k":[25,25,0],"ix":1},"s":{"a":0,"k":[100,100,100],"ix":6}},"ao":0,"shapes":[{"ty":"gr","it":[{"ind":0,"ty":"sh","ix":1,"ks":{"a":0,"k":{"i":[[9.034,6.366],[0,0],[0.324,-0.148],[0.034,-0.355],[0,0],[2.056,-2.282],[0.036,-4.698],[-4.798,-0.037],[0,0],[0,0],[0,0],[0,0],[-0.104,0.038],[-0.045,5.828]],"o":[[0,0],[-0.291,-0.206],[-0.324,0.149],[0,0],[-0.298,3.144],[-2.218,2.463],[-0.055,7.291],[0,0],[0,0],[0,0],[0,0],[0.11,-0.003],[4.801,-1.767],[0.05,-6.442]],"v":[[-0.136,-15.12],[-2.953,-17.105],[-3.947,-17.197],[-4.525,-16.383],[-4.851,-12.952],[-8.981,-5.554],[-13.997,4.672],[-2.178,17.332],[-0.393,17.345],[-0.386,17.345],[-0.361,17.345],[3.645,17.248],[3.967,17.186],[14.002,5.034]],"c":true},"ix":2},"nm":"Path 1","mn":"ADBE Vector Shape - Group","hd":false},{"ty":"fl","c":{"a":0,"k":[0.081999999402,1,0.736999990426,1],"ix":4},"o":{"a":0,"k":100,"ix":5},"r":1,"bm":0,"nm":"Fill 1","mn":"ADBE Vector Graphic - Fill","hd":false},{"ty":"tr","p":{"a":0,"k":[24.967,30.653],"ix":2},"a":{"a":0,"k":[0,0],"ix":1},"s":{"a":0,"k":[100,100],"ix":3},"r":{"a":0,"k":0,"ix":6},"o":{"a":0,"k":100,"ix":7},"sk":{"a":0,"k":0,"ix":4},"sa":{"a":0,"k":0,"ix":5},"nm":"Transform"}],"nm":"Group 2","np":2,"cix":2,"bm":0,"ix":1,"mn":"ADBE Vector Group","hd":false}],"ip":0,"op":29,"st":0,"bm":0},{"ddd":0,"ind":4,"ty":4,"nm":"heart","tt":2,"sr":1,"ks":{"o":{"a":0,"k":100,"ix":11},"r":{"a":0,"k":0,"ix":10},"p":{"a":0,"k":[25,25,0],"ix":2},"a":{"a":0,"k":[25,25,0],"ix":1},"s":{"a":0,"k":[100,100,100],"ix":6}},"ao":0,"shapes":[{"ty":"gr","it":[{"ind":0,"ty":"sh","ix":1,"ks":{"a":0,"k":{"i":[[6.626,0],[2.15,-3.193],[4.174,0],[0,-6.541],[-6.001,-4.937],[0,13.818]],"o":[[-4.175,0],[-2.149,-3.193],[-6.628,0],[0,13.818],[6.001,-4.937],[0,-6.541]],"v":[[10.001,-19],[0,-13.698],[-9.999,-19],[-22,-7.155],[0,19],[22,-7.155]],"c":true},"ix":2},"nm":"Path 1","mn":"ADBE Vector Shape - Group","hd":false},{"ty":"st","c":{"a":0,"k":[0,0,0,1],"ix":3},"o":{"a":0,"k":100,"ix":4},"w":{"a":0,"k":2,"ix":5},"lc":2,"lj":1,"ml":4,"bm":0,"nm":"Stroke 1","mn":"ADBE Vector Graphic - Stroke","hd":false},{"ty":"tr","p":{"a":0,"k":[25,24],"ix":2},"a":{"a":0,"k":[0,0],"ix":1},"s":{"a":0,"k":[100,100],"ix":3},"r":{"a":0,"k":0,"ix":6},"o":{"a":0,"k":100,"ix":7},"sk":{"a":0,"k":0,"ix":4},"sa":{"a":0,"k":0,"ix":5},"nm":"Transform"}],"nm":"Group 3","np":2,"cix":2,"bm":0,"ix":1,"mn":"ADBE Vector Group","hd":false}],"ip":0,"op":29,"st":0,"bm":0},{"ddd":0,"ind":5,"ty":4,"nm":"fire","sr":1,"ks":{"o":{"a":0,"k":100,"ix":11},"r":{"a":0,"k":0,"ix":10},"p":{"a":0,"k":[25,25,0],"ix":2},"a":{"a":0,"k":[25,25,0],"ix":1},"s":{"a":0,"k":[100,100,100],"ix":6}},"ao":0,"shapes":[{"ty":"gr","it":[{"ind":0,"ty":"sh","ix":1,"ks":{"a":1,"k":[{"i":{"x":0.667,"y":1},"o":{"x":0.333,"y":0},"t":0,"s":[{"i":[[8.889,6.264],[0.055,-7.174],[-3.387,-0.027],[0.068,2.433],[-1.14,2.124],[4.014,9.714],[-0.063,-3.095],[1.546,-2.907],[-0.035,4.564]],"o":[[-0.779,8.199],[-0.041,5.411],[-0.473,-0.573],[-0.035,-1.246],[0.982,5.915],[2.684,2.252],[0.049,2.413],[3.564,-1.312],[0.038,-4.98]],"v":[[-1.865,-13.52],[-10.998,3.844],[-2.156,13.48],[-4.04,9.465],[-2.841,4.475],[1.051,-2.497],[4.99,5.534],[2.929,13.52],[11.001,4.159]],"c":true}]},{"i":{"x":0.667,"y":1},"o":{"x":0.333,"y":0},"t":3,"s":[{"i":[[2.21,8.515],[0.055,-7.174],[-3.387,-0.027],[0.745,2.317],[-5.689,5.959],[-5.081,9.93],[-0.058,-1.6],[1.665,-2.399],[-0.035,4.564]],"o":[[-7.103,6.39],[-0.041,5.411],[-0.473,-0.573],[-0.553,-1.72],[-0.877,6.209],[1.294,1.117],[0.042,1.15],[3.564,-1.312],[0.038,-4.98]],"v":[[1.885,-13.457],[-10.998,3.844],[-2.156,13.48],[-4.04,9.465],[-0.279,-3.463],[3.238,3.004],[4.615,7.346],[2.929,13.52],[11.001,4.159]],"c":true}]},{"i":{"x":0.667,"y":1},"o":{"x":0.333,"y":0},"t":6,"s":[{"i":[[6.585,6.203],[0.055,-7.174],[-3.387,-0.027],[0.603,2.405],[-3.127,3.146],[-2.019,-0.258],[-0.058,-1.6],[0.853,-1.993],[-0.135,4.562]],"o":[[-7.103,6.39],[-0.041,5.411],[-0.473,-0.573],[-0.44,-1.752],[-0.064,4.334],[1.825,0.867],[0.042,1.15],[3.564,-1.312],[0.156,-5.288]],"v":[[-0.178,-13.145],[-10.998,3.844],[-2.156,13.48],[-4.478,9.434],[-0.529,0.162],[1.926,6.129],[4.084,9.346],[2.929,13.52],[11.001,4.159]],"c":true}]},{"i":{"x":0.667,"y":1},"o":{"x":0.333,"y":0},"t":9,"s":[{"i":[[8.889,6.264],[0.055,-7.174],[-3.387,-0.027],[0.068,2.433],[-1.14,2.124],[4.014,9.714],[-0.063,-3.095],[1.546,-2.907],[-0.035,4.564]],"o":[[-0.779,8.199],[-0.041,5.411],[-0.473,-0.573],[-0.035,-1.246],[0.982,5.915],[2.684,2.252],[0.049,2.413],[3.564,-1.312],[0.038,-4.98]],"v":[[-1.865,-13.52],[-10.998,3.844],[-2.156,13.48],[-4.04,9.465],[-2.841,4.475],[1.051,-2.497],[4.99,5.534],[2.929,13.52],[11.001,4.159]],"c":true}]},{"i":{"x":0.667,"y":1},"o":{"x":0.333,"y":0},"t":12,"s":[{"i":[[2.21,8.515],[0.055,-7.174],[-3.387,-0.027],[0.745,2.317],[-5.689,5.959],[-5.081,9.93],[-0.058,-1.6],[1.665,-2.399],[-0.035,4.564]],"o":[[-7.103,6.39],[-0.041,5.411],[-0.473,-0.573],[-0.553,-1.72],[-0.877,6.209],[1.294,1.117],[0.042,1.15],[3.564,-1.312],[0.038,-4.98]],"v":[[1.885,-13.457],[-10.998,3.844],[-2.156,13.48],[-4.04,9.465],[-0.279,-3.463],[3.238,3.004],[4.615,7.346],[2.929,13.52],[11.001,4.159]],"c":true}]},{"i":{"x":0.667,"y":1},"o":{"x":0.333,"y":0},"t":15,"s":[{"i":[[6.585,6.203],[0.055,-7.174],[-3.387,-0.027],[0.603,2.405],[-3.127,3.146],[-2.019,-0.258],[-0.058,-1.6],[0.853,-1.993],[-0.135,4.562]],"o":[[-7.103,6.39],[-0.041,5.411],[-0.473,-0.573],[-0.44,-1.752],[-0.064,4.334],[1.825,0.867],[0.042,1.15],[3.564,-1.312],[0.156,-5.288]],"v":[[-0.178,-13.145],[-10.998,3.844],[-2.156,13.48],[-4.478,9.434],[-0.529,0.162],[1.926,6.129],[4.084,9.346],[2.929,13.52],[11.001,4.159]],"c":true}]},{"i":{"x":0.667,"y":1},"o":{"x":0.333,"y":0},"t":18,"s":[{"i":[[8.889,6.264],[0.055,-7.174],[-3.387,-0.027],[0.068,2.433],[-1.14,2.124],[4.014,9.714],[-0.063,-3.095],[1.546,-2.907],[-0.035,4.564]],"o":[[-0.779,8.199],[-0.041,5.411],[-0.473,-0.573],[-0.035,-1.246],[0.982,5.915],[2.684,2.252],[0.049,2.413],[3.564,-1.312],[0.038,-4.98]],"v":[[-1.865,-13.52],[-10.998,3.844],[-2.156,13.48],[-4.04,9.465],[-2.841,4.475],[1.051,-2.497],[4.99,5.534],[2.929,13.52],[11.001,4.159]],"c":true}]},{"i":{"x":0.667,"y":1},"o":{"x":0.333,"y":0},"t":22,"s":[{"i":[[2.21,8.515],[0.055,-7.174],[-3.387,-0.027],[0.745,2.317],[-5.689,5.959],[-5.081,9.93],[-0.058,-1.6],[1.665,-2.399],[-0.035,4.564]],"o":[[-7.103,6.39],[-0.041,5.411],[-0.473,-0.573],[-0.553,-1.72],[-0.877,6.209],[1.294,1.117],[0.042,1.15],[3.564,-1.312],[0.038,-4.98]],"v":[[1.885,-13.457],[-10.998,3.844],[-2.156,13.48],[-4.04,9.465],[-0.279,-3.463],[3.238,3.004],[4.615,7.346],[2.929,13.52],[11.001,4.159]],"c":true}]},{"i":{"x":0.667,"y":1},"o":{"x":0.333,"y":0},"t":25,"s":[{"i":[[6.585,6.203],[0.055,-7.174],[-3.387,-0.027],[0.603,2.405],[-3.127,3.146],[-2.019,-0.258],[-0.058,-1.6],[0.853,-1.993],[-0.135,4.562]],"o":[[-7.103,6.39],[-0.041,5.411],[-0.473,-0.573],[-0.44,-1.752],[-0.064,4.334],[1.825,0.867],[0.042,1.15],[3.564,-1.312],[0.156,-5.288]],"v":[[-0.178,-13.145],[-10.998,3.844],[-2.156,13.48],[-4.478,9.434],[-0.529,0.162],[1.926,6.129],[4.084,9.346],[2.929,13.52],[11.001,4.159]],"c":true}]},{"t":28,"s":[{"i":[[8.889,6.264],[0.055,-7.174],[-3.387,-0.027],[0.068,2.433],[-1.14,2.124],[4.014,9.714],[-0.063,-3.095],[1.546,-2.907],[-0.035,4.564]],"o":[[-0.779,8.199],[-0.041,5.411],[-0.473,-0.573],[-0.035,-1.246],[0.982,5.915],[2.684,2.252],[0.049,2.413],[3.564,-1.312],[0.038,-4.98]],"v":[[-1.865,-13.52],[-10.998,3.844],[-2.156,13.48],[-4.04,9.465],[-2.841,4.475],[1.051,-2.497],[4.99,5.534],[2.929,13.52],[11.001,4.159]],"c":true}]}],"ix":2},"nm":"Path 1","mn":"ADBE Vector Shape - Group","hd":false},{"ty":"st","c":{"a":0,"k":[0,0,0,1],"ix":3},"o":{"a":0,"k":100,"ix":4},"w":{"a":0,"k":2,"ix":5},"lc":2,"lj":2,"bm":0,"nm":"Stroke 1","mn":"ADBE Vector Graphic - Stroke","hd":false},{"ty":"tr","p":{"a":0,"k":[24.968,31.504],"ix":2},"a":{"a":0,"k":[0,0],"ix":1},"s":{"a":0,"k":[100,100],"ix":3},"r":{"a":0,"k":0,"ix":6},"o":{"a":0,"k":100,"ix":7},"sk":{"a":0,"k":0,"ix":4},"sa":{"a":0,"k":0,"ix":5},"nm":"Transform"}],"nm":"Group 1","np":2,"cix":2,"bm":0,"ix":1,"mn":"ADBE Vector Group","hd":false}],"ip":0,"op":29,"st":0,"bm":0}],"markers":[]}