{"v":"5.4.4","fr":24,"ip":0,"op":28,"w":50,"h":50,"nm":"pricing","ddd":0,"assets":[],"layers":[{"ddd":0,"ind":1,"ty":4,"nm":"Price tag","sr":1,"ks":{"o":{"a":0,"k":100,"ix":11},"r":{"a":1,"k":[{"i":{"x":[0.667],"y":[1]},"o":{"x":[0.333],"y":[0]},"t":3,"s":[0],"e":[-6]},{"i":{"x":[0.497],"y":[1]},"o":{"x":[0.49],"y":[0]},"t":7,"s":[-6],"e":[6]},{"i":{"x":[0.58],"y":[1]},"o":{"x":[0.646],"y":[0]},"t":14,"s":[6],"e":[-2]},{"i":{"x":[0.667],"y":[1]},"o":{"x":[0.333],"y":[0]},"t":20,"s":[-2],"e":[0]},{"t":24}],"ix":10},"p":{"a":0,"k":[39,11,0],"ix":2},"a":{"a":0,"k":[39,11,0],"ix":1},"s":{"a":0,"k":[100,100,100],"ix":6}},"ao":0,"shapes":[{"ty":"gr","it":[{"ind":0,"ty":"sh","ix":1,"ks":{"a":0,"k":{"i":[[-2.7,2.801],[1.4,2.3],[-1.4,1.4],[-2.099,-2.101],[0.9,-1.3],[0,0],[1.701,2.4],[0,0],[0,0],[0,0],[2.4,-2.4],[3.4,-3.399],[2.2,2.2],[-0.9,0.899],[0,0],[-1,-1.399],[0,0],[0,0],[0,0]],"o":[[2.3,-2.3],[-1.2,-1.901],[0.6,-0.6],[1.5,1.5],[0,0],[1.1,-2],[0,0],[0,0],[0,0],[-1.3,-1],[-4.5,4.5],[-1.2,1.2],[-2.2,-2.199],[0,0],[-2.8,3.3],[0,0],[0,0],[0,0],[1.3,0.901]],"v":[[1.95,6.65],[1.65,-0.549],[0.95,-5.551],[5.349,-5.249],[5.75,-0.85],[7.15,0.549],[7.349,-5.951],[8.95,-7.551],[7.55,-8.951],[5.95,-7.35],[-0.75,-7.051],[0.25,5.15],[-4.65,4.65],[-4.85,-0.749],[-6.25,-2.15],[-6.65,5.35],[-8.05,6.751],[-6.65,8.15],[-5.35,6.85]],"c":true},"ix":2},"nm":"Path 1","mn":"ADBE Vector Shape - Group","hd":false},{"ty":"fl","c":{"a":0,"k":[0,0,0,1],"ix":4},"o":{"a":0,"k":100,"ix":5},"r":1,"bm":0,"nm":"Fill 1","mn":"ADBE Vector Graphic - Fill","hd":false},{"ty":"tr","p":{"a":0,"k":[24.75,25.95],"ix":2},"a":{"a":0,"k":[0,0],"ix":1},"s":{"a":0,"k":[100,100],"ix":3},"r":{"a":0,"k":0,"ix":6},"o":{"a":0,"k":100,"ix":7},"sk":{"a":0,"k":0,"ix":4},"sa":{"a":0,"k":0,"ix":5},"nm":"Transform"}],"nm":"Group 1","np":2,"cix":2,"bm":0,"ix":1,"mn":"ADBE Vector Group","hd":false},{"ty":"gr","it":[{"ind":0,"ty":"sh","ix":1,"ks":{"a":0,"k":{"i":[[0,0.2],[1.4,0],[0,0],[0.7,-0.8],[0,0],[-0.7,-0.8],[0,0],[-0.8,0.7],[0,0],[0,1.3]],"o":[[0,-1.4],[0,0],[-1.3,0],[0,0],[-0.7,0.7],[0,0],[0.7,0.7],[0,0],[0.7,-0.7],[-0.1,-0.1]],"v":[[22,-19.55],[19.5,-22.05],[4.6,-22.05],[1.3,-21.35],[-21.4,1.35],[-21.4,4.05],[-4,21.45],[-1.3,21.45],[21.4,-1.25],[22.1,-4.55]],"c":true},"ix":2},"nm":"Path 1","mn":"ADBE Vector Shape - Group","hd":false},{"ty":"st","c":{"a":0,"k":[0,0,0,1],"ix":3},"o":{"a":0,"k":100,"ix":4},"w":{"a":0,"k":2,"ix":5},"lc":2,"lj":1,"ml":10,"bm":0,"nm":"Stroke 1","mn":"ADBE Vector Graphic - Stroke","hd":false},{"ty":"tr","p":{"a":0,"k":[25,25.05],"ix":2},"a":{"a":0,"k":[0,0],"ix":1},"s":{"a":0,"k":[100,100],"ix":3},"r":{"a":0,"k":0,"ix":6},"o":{"a":0,"k":100,"ix":7},"sk":{"a":0,"k":0,"ix":4},"sa":{"a":0,"k":0,"ix":5},"nm":"Transform"}],"nm":"Group 2","np":2,"cix":2,"bm":0,"ix":2,"mn":"ADBE Vector Group","hd":false},{"ty":"gr","it":[{"ind":0,"ty":"sh","ix":1,"ks":{"a":0,"k":{"i":[[1.657,0],[0,-1.657],[-1.657,0],[0,1.657]],"o":[[-1.657,0],[0,1.657],[1.657,0],[0,-1.657]],"v":[[0,-3],[-3,0],[0,3],[3,0]],"c":true},"ix":2},"nm":"Path 1","mn":"ADBE Vector Shape - Group","hd":false},{"ty":"st","c":{"a":0,"k":[0,0,0,1],"ix":3},"o":{"a":0,"k":100,"ix":4},"w":{"a":0,"k":2,"ix":5},"lc":2,"lj":1,"ml":10,"bm":0,"nm":"Stroke 1","mn":"ADBE Vector Graphic - Stroke","hd":false},{"ty":"tr","p":{"a":0,"k":[39,11],"ix":2},"a":{"a":0,"k":[0,0],"ix":1},"s":{"a":0,"k":[100,100],"ix":3},"r":{"a":0,"k":0,"ix":6},"o":{"a":0,"k":100,"ix":7},"sk":{"a":0,"k":0,"ix":4},"sa":{"a":0,"k":0,"ix":5},"nm":"Transform"}],"nm":"Group 3","np":2,"cix":2,"bm":0,"ix":3,"mn":"ADBE Vector Group","hd":false}],"ip":0,"op":28,"st":0,"bm":0}],"markers":[]}