{"v":"5.4.4","fr":24,"ip":0,"op":28,"w":50,"h":50,"nm":"edit","ddd":0,"assets":[],"layers":[{"ddd":0,"ind":1,"ty":4,"nm":"Line","sr":1,"ks":{"o":{"a":0,"k":100,"ix":11},"r":{"a":0,"k":0,"ix":10},"p":{"a":0,"k":[25,25,0],"ix":2},"a":{"a":0,"k":[0,0,0],"ix":1},"s":{"a":0,"k":[100,100,100],"ix":6}},"ao":0,"shapes":[{"ty":"gr","it":[{"ind":0,"ty":"sh","ix":1,"ks":{"a":1,"k":[{"i":{"x":0.833,"y":0.833},"o":{"x":0.631,"y":0},"t":5,"s":[{"i":[[0,0],[0,0]],"o":[[0,0],[0,0]],"v":[[-21.979,21.584],[-21.923,21.584]],"c":false}],"e":[{"i":[[0,0],[0,0]],"o":[[0,0],[0,0]],"v":[[-21.993,21.612],[1.179,21.599]],"c":true}]},{"i":{"x":0.426,"y":1},"o":{"x":0.167,"y":0.167},"t":10,"s":[{"i":[[0,0],[0,0]],"o":[[0,0],[0,0]],"v":[[-21.993,21.612],[1.179,21.599]],"c":true}],"e":[{"i":[[0,0],[0,0]],"o":[[0,0],[0,0]],"v":[[-22,21.625],[16.993,21.625]],"c":true}]},{"i":{"x":0.667,"y":1},"o":{"x":0.333,"y":0},"t":14,"s":[{"i":[[0,0],[0,0]],"o":[[0,0],[0,0]],"v":[[-22,21.625],[16.993,21.625]],"c":true}],"e":[{"i":[[0,0],[0,0]],"o":[[0,0],[0,0]],"v":[[16.875,21.625],[16.931,21.625]],"c":false}]},{"t":18}],"ix":2},"nm":"Path 1","mn":"ADBE Vector Shape - Group","hd":false},{"ty":"st","c":{"a":0,"k":[0,0,0,1],"ix":3},"o":{"a":0,"k":100,"ix":4},"w":{"a":0,"k":2,"ix":5},"lc":2,"lj":1,"ml":4,"bm":0,"nm":"Stroke 1","mn":"ADBE Vector Graphic - Stroke","hd":false},{"ty":"fl","c":{"a":0,"k":[0,0,0,1],"ix":4},"o":{"a":0,"k":100,"ix":5},"r":1,"bm":0,"nm":"Fill 1","mn":"ADBE Vector Graphic - Fill","hd":false},{"ty":"tr","p":{"a":0,"k":[0,0.375],"ix":2},"a":{"a":0,"k":[0,0],"ix":1},"s":{"a":0,"k":[100,100],"ix":3},"r":{"a":0,"k":0,"ix":6},"o":{"a":0,"k":100,"ix":7},"sk":{"a":0,"k":0,"ix":4},"sa":{"a":0,"k":0,"ix":5},"nm":"Transform"}],"nm":"Shape 1","np":3,"cix":2,"bm":0,"ix":1,"mn":"ADBE Vector Group","hd":false}],"ip":5,"op":18,"st":0,"bm":0},{"ddd":0,"ind":2,"ty":4,"nm":"Pencil","sr":1,"ks":{"o":{"a":0,"k":100,"ix":11},"r":{"a":1,"k":[{"i":{"x":[0.667],"y":[1]},"o":{"x":[0.766],"y":[0]},"t":3,"s":[0],"e":[-45]},{"i":{"x":[0.227],"y":[1]},"o":{"x":[0.333],"y":[0]},"t":14,"s":[-45],"e":[0]},{"t":25}],"ix":10},"p":{"s":true,"x":{"a":1,"k":[{"i":{"x":[0.528],"y":[-23.205]},"o":{"x":[0.333],"y":[0]},"t":3,"s":[25],"e":[25.387]},{"i":{"x":[0.667],"y":[1]},"o":{"x":[0.419],"y":[0.6]},"t":8,"s":[25.387],"e":[42]},{"i":{"x":[0.667],"y":[0.759]},"o":{"x":[0.333],"y":[0]},"t":14,"s":[42],"e":[22.907]},{"i":{"x":[0.667],"y":[1]},"o":{"x":[0.333],"y":[-1.83]},"t":20,"s":[22.907],"e":[25]},{"t":25}],"ix":3},"y":{"a":1,"k":[{"i":{"x":[0.634],"y":[0.31]},"o":{"x":[0.368],"y":[0]},"t":3,"s":[25],"e":[26.562]},{"i":{"x":[0.601],"y":[0.183]},"o":{"x":[0.281],"y":[0.307]},"t":6,"s":[26.562],"e":[28.358]},{"i":{"x":[0.684],"y":[0.621]},"o":{"x":[0.352],"y":[0.756]},"t":8,"s":[28.358],"e":[29.214]},{"i":{"x":[0.682],"y":[0.68]},"o":{"x":[0.351],"y":[0.385]},"t":9,"s":[29.214],"e":[30.151]},{"i":{"x":[0.678],"y":[0.757]},"o":{"x":[0.347],"y":[0.369]},"t":10,"s":[30.151],"e":[31.039]},{"i":{"x":[0.644],"y":[1]},"o":{"x":[0.337],"y":[0.369]},"t":11,"s":[31.039],"e":[32.875]},{"i":{"x":[0.667],"y":[0.546]},"o":{"x":[0.333],"y":[0]},"t":14,"s":[32.875],"e":[28.183]},{"i":{"x":[0.667],"y":[1]},"o":{"x":[0.333],"y":[0.558]},"t":20,"s":[28.183],"e":[25]},{"t":25}],"ix":4}},"a":{"a":0,"k":[25,25,0],"ix":1},"s":{"a":0,"k":[100,100,100],"ix":6}},"ao":0,"shapes":[{"ty":"gr","it":[{"ind":0,"ty":"sh","ix":1,"ks":{"a":1,"k":[{"i":{"x":0.667,"y":1},"o":{"x":0.333,"y":0},"t":3,"s":[{"i":[[0,0],[0,0],[0,0]],"o":[[0,0],[0,0],[0,0]],"v":[[-20.783,15.303],[-15.302,20.783],[-22.5,22.501]],"c":true}],"e":[{"i":[[0,0],[0,0],[0,0]],"o":[[0,0],[0,0],[0,0]],"v":[[-8.092,2.642],[-2.611,8.122],[-9.809,9.84]],"c":true}]},{"i":{"x":0.667,"y":1},"o":{"x":0.333,"y":0},"t":14,"s":[{"i":[[0,0],[0,0],[0,0]],"o":[[0,0],[0,0],[0,0]],"v":[[-8.092,2.642],[-2.611,8.122],[-9.809,9.84]],"c":true}],"e":[{"i":[[0,0],[0,0],[0,0]],"o":[[0,0],[0,0],[0,0]],"v":[[-20.783,15.303],[-15.302,20.783],[-22.5,22.501]],"c":true}]},{"t":25}],"ix":2},"nm":"Path 1","mn":"ADBE Vector Shape - Group","hd":false},{"ty":"fl","c":{"a":0,"k":[0,0,0,1],"ix":4},"o":{"a":0,"k":100,"ix":5},"r":1,"bm":0,"nm":"Fill 1","mn":"ADBE Vector Graphic - Fill","hd":false},{"ty":"tr","p":{"a":0,"k":[25.974,24.025],"ix":2},"a":{"a":0,"k":[0,0],"ix":1},"s":{"a":0,"k":[100,100],"ix":3},"r":{"a":0,"k":0,"ix":6},"o":{"a":0,"k":100,"ix":7},"sk":{"a":0,"k":0,"ix":4},"sa":{"a":0,"k":0,"ix":5},"nm":"Transform"}],"nm":"Group 4","np":2,"cix":2,"bm":0,"ix":1,"mn":"ADBE Vector Group","hd":false},{"ty":"gr","it":[{"ind":0,"ty":"sh","ix":1,"ks":{"a":0,"k":{"i":[[0,0],[0,0],[1.899,1.9],[1.9,-1.9],[0,0]],"o":[[-0.005,0.004],[1.901,-1.901],[-1.903,-1.902],[0,0],[0,0]],"v":[[19.775,-12.891],[20.599,-13.716],[20.601,-20.599],[13.717,-20.599],[12.891,-19.774]],"c":true},"ix":2},"nm":"Path 2","mn":"ADBE Vector Shape - Group","hd":false},{"ty":"fl","c":{"a":0,"k":[0,0,0,1],"ix":4},"o":{"a":0,"k":100,"ix":5},"r":1,"bm":0,"nm":"Fill 1","mn":"ADBE Vector Graphic - Fill","hd":false},{"ty":"tr","p":{"a":0,"k":[25.974,24.025],"ix":2},"a":{"a":0,"k":[0,0],"ix":1},"s":{"a":0,"k":[100,100],"ix":3},"r":{"a":0,"k":0,"ix":6},"o":{"a":0,"k":100,"ix":7},"sk":{"a":0,"k":0,"ix":4},"sa":{"a":0,"k":0,"ix":5},"nm":"Transform"}],"nm":"Group 2","np":2,"cix":2,"bm":0,"ix":2,"mn":"ADBE Vector Group","hd":false},{"ty":"gr","it":[{"ind":0,"ty":"sh","ix":1,"ks":{"a":1,"k":[{"i":{"x":0.667,"y":1},"o":{"x":0.333,"y":0},"t":3,"s":[{"i":[[0,0],[0,0],[0,0],[0,0],[0,0]],"o":[[0,0],[0,0],[0,0],[0,0],[0,0]],"v":[[19.974,-14.494],[-12.485,17.964],[-19.974,19.974],[-17.965,12.485],[14.494,-19.974]],"c":false}],"e":[{"i":[[0,0],[0,0],[0,0],[0,0],[0,0]],"o":[[0,0],[0,0],[0,0],[0,0],[0,0]],"v":[[19.974,-14.494],[0.206,5.303],[-7.283,7.313],[-5.274,-0.176],[15.216,-20.667]],"c":false}]},{"i":{"x":0.667,"y":1},"o":{"x":0.333,"y":0},"t":14,"s":[{"i":[[0,0],[0,0],[0,0],[0,0],[0,0]],"o":[[0,0],[0,0],[0,0],[0,0],[0,0]],"v":[[19.974,-14.494],[0.206,5.303],[-7.283,7.313],[-5.274,-0.176],[15.216,-20.667]],"c":false}],"e":[{"i":[[0,0],[0,0],[0,0],[0,0],[0,0]],"o":[[0,0],[0,0],[0,0],[0,0],[0,0]],"v":[[19.974,-14.494],[-12.485,17.964],[-19.974,19.974],[-17.965,12.485],[14.494,-19.974]],"c":false}]},{"t":25}],"ix":2},"nm":"Path 1","mn":"ADBE Vector Shape - Group","hd":false},{"ty":"st","c":{"a":0,"k":[0,0,0,1],"ix":3},"o":{"a":0,"k":100,"ix":4},"w":{"a":0,"k":2,"ix":5},"lc":2,"lj":2,"bm":0,"nm":"Stroke 1","mn":"ADBE Vector Graphic - Stroke","hd":false},{"ty":"tr","p":{"a":0,"k":[22.974,27.026],"ix":2},"a":{"a":0,"k":[0,0],"ix":1},"s":{"a":0,"k":[100,100],"ix":3},"r":{"a":0,"k":0,"ix":6},"o":{"a":0,"k":100,"ix":7},"sk":{"a":0,"k":0,"ix":4},"sa":{"a":0,"k":0,"ix":5},"nm":"Transform"}],"nm":"Group 3","np":2,"cix":2,"bm":0,"ix":3,"mn":"ADBE Vector Group","hd":false}],"ip":0,"op":28,"st":0,"bm":0}],"markers":[]}