{"v":"5.4.4","fr":24,"ip":0,"op":28,"w":50,"h":50,"nm":"rocket","ddd":0,"assets":[],"layers":[{"ddd":0,"ind":1,"ty":4,"nm":"Fire","parent":2,"sr":1,"ks":{"o":{"a":0,"k":100,"ix":11},"r":{"a":0,"k":0,"ix":10},"p":{"a":0,"k":[25,25,0],"ix":2},"a":{"a":0,"k":[25,25,0],"ix":1},"s":{"a":0,"k":[100,100,100],"ix":6}},"ao":0,"shapes":[{"ty":"gr","it":[{"ind":0,"ty":"sh","ix":1,"ks":{"a":1,"k":[{"i":{"x":0.667,"y":1},"o":{"x":0.333,"y":0},"t":0,"s":[{"i":[[0,0],[0,-8.977],[-2.318,3.158]],"o":[[-3.594,2.762],[8.976,0],[0,0]],"v":[[0.988,-4.989],[-4.988,4.988],[4.988,-0.989]],"c":false}],"e":[{"i":[[0,0],[-1.54,-1.587],[-1.062,1.125]],"o":[[-1.938,1.5],[1.272,1.288],[0,0]],"v":[[0.988,-4.989],[-0.034,0.036],[4.988,-0.988]],"c":false}]},{"i":{"x":0.667,"y":1},"o":{"x":0.333,"y":0},"t":2,"s":[{"i":[[0,0],[-1.54,-1.587],[-1.062,1.125]],"o":[[-1.938,1.5],[1.272,1.288],[0,0]],"v":[[0.988,-4.989],[-0.034,0.036],[4.988,-0.988]],"c":false}],"e":[{"i":[[0,0],[0,-8.977],[-2.318,3.158]],"o":[[-3.594,2.762],[8.976,0],[0,0]],"v":[[0.988,-4.989],[-4.988,4.988],[4.988,-0.989]],"c":false}]},{"i":{"x":0.667,"y":1},"o":{"x":0.333,"y":0},"t":7,"s":[{"i":[[0,0],[0,-8.977],[-2.318,3.158]],"o":[[-3.594,2.762],[8.976,0],[0,0]],"v":[[0.988,-4.989],[-4.988,4.988],[4.988,-0.989]],"c":false}],"e":[{"i":[[0,0],[-1.54,-1.587],[-1.062,1.125]],"o":[[-1.938,1.5],[1.272,1.288],[0,0]],"v":[[0.988,-4.989],[-0.034,0.036],[4.988,-0.989]],"c":false}]},{"i":{"x":0.667,"y":1},"o":{"x":0.333,"y":0},"t":9,"s":[{"i":[[0,0],[-1.54,-1.587],[-1.062,1.125]],"o":[[-1.938,1.5],[1.272,1.288],[0,0]],"v":[[0.988,-4.989],[-0.034,0.036],[4.988,-0.989]],"c":false}],"e":[{"i":[[0,0],[0,-8.977],[-2.318,3.158]],"o":[[-3.594,2.762],[8.976,0],[0,0]],"v":[[0.988,-4.989],[-4.988,4.988],[4.988,-0.989]],"c":false}]},{"i":{"x":0.667,"y":1},"o":{"x":0.333,"y":0},"t":14,"s":[{"i":[[0,0],[0,-8.977],[-2.318,3.158]],"o":[[-3.594,2.762],[8.976,0],[0,0]],"v":[[0.988,-4.989],[-4.988,4.988],[4.988,-0.989]],"c":false}],"e":[{"i":[[0,0],[-1.54,-1.587],[-1.062,1.125]],"o":[[-1.938,1.5],[1.272,1.288],[0,0]],"v":[[0.988,-4.989],[-0.034,0.036],[4.988,-0.989]],"c":false}]},{"i":{"x":0.667,"y":1},"o":{"x":0.333,"y":0},"t":16,"s":[{"i":[[0,0],[-1.54,-1.587],[-1.062,1.125]],"o":[[-1.938,1.5],[1.272,1.288],[0,0]],"v":[[0.988,-4.989],[-0.034,0.036],[4.988,-0.989]],"c":false}],"e":[{"i":[[0,0],[0,-8.977],[-2.318,3.158]],"o":[[-3.594,2.762],[8.976,0],[0,0]],"v":[[0.988,-4.989],[-4.988,4.988],[4.988,-0.989]],"c":false}]},{"i":{"x":0.667,"y":1},"o":{"x":0.333,"y":0},"t":21,"s":[{"i":[[0,0],[0,-8.977],[-2.318,3.158]],"o":[[-3.594,2.762],[8.976,0],[0,0]],"v":[[0.988,-4.989],[-4.988,4.988],[4.988,-0.989]],"c":false}],"e":[{"i":[[0,0],[-1.54,-1.587],[-1.062,1.125]],"o":[[-1.938,1.5],[1.272,1.288],[0,0]],"v":[[0.988,-4.989],[-0.034,0.036],[4.988,-0.989]],"c":false}]},{"i":{"x":0.667,"y":1},"o":{"x":0.333,"y":0},"t":23,"s":[{"i":[[0,0],[-1.54,-1.587],[-1.062,1.125]],"o":[[-1.938,1.5],[1.272,1.288],[0,0]],"v":[[0.988,-4.989],[-0.034,0.036],[4.988,-0.989]],"c":false}],"e":[{"i":[[0,0],[0,-8.977],[-2.318,3.158]],"o":[[-3.594,2.762],[8.976,0],[0,0]],"v":[[0.988,-4.989],[-4.988,4.988],[4.988,-0.989]],"c":false}]},{"t":28}],"ix":2},"nm":"Path 1","mn":"ADBE Vector Shape - Group","hd":false},{"ty":"st","c":{"a":0,"k":[0,0,0,1],"ix":3},"o":{"a":0,"k":100,"ix":4},"w":{"a":0,"k":2,"ix":5},"lc":1,"lj":1,"ml":10,"bm":0,"nm":"Stroke 1","mn":"ADBE Vector Graphic - Stroke","hd":false},{"ty":"tr","p":{"a":0,"k":[6.012,43.989],"ix":2},"a":{"a":0,"k":[0,0],"ix":1},"s":{"a":0,"k":[100,100],"ix":3},"r":{"a":0,"k":0,"ix":6},"o":{"a":0,"k":100,"ix":7},"sk":{"a":0,"k":0,"ix":4},"sa":{"a":0,"k":0,"ix":5},"nm":"Transform"}],"nm":"Group 2","np":2,"cix":2,"bm":0,"ix":1,"mn":"ADBE Vector Group","hd":false}],"ip":0,"op":28,"st":0,"bm":0},{"ddd":0,"ind":2,"ty":4,"nm":"Rocket","sr":1,"ks":{"o":{"a":0,"k":100,"ix":11},"r":{"a":0,"k":0,"ix":10},"p":{"a":1,"k":[{"i":{"x":0.667,"y":1},"o":{"x":0.333,"y":0},"t":0,"s":[25,25,0],"e":[25.9,24.1,0],"to":[0,0,0],"ti":[0,0,0]},{"i":{"x":0.667,"y":1},"o":{"x":0.333,"y":0},"t":14,"s":[25.9,24.1,0],"e":[25,25,0],"to":[0,0,0],"ti":[0,0,0]},{"t":28}],"ix":2},"a":{"a":0,"k":[25,25,0],"ix":1},"s":{"a":0,"k":[100,100,100],"ix":6}},"ao":0,"shapes":[{"ty":"gr","it":[{"ind":0,"ty":"sh","ix":1,"ks":{"a":0,"k":{"i":[[2.209,0],[0,-2.209],[-2.209,0],[0,2.209]],"o":[[-2.209,0],[0,2.209],[2.209,0],[0,-2.209]],"v":[[0,-4],[-4,0],[0,4],[4,0]],"c":true},"ix":2},"nm":"Path 1","mn":"ADBE Vector Shape - Group","hd":false},{"ty":"st","c":{"a":0,"k":[0,0,0,1],"ix":3},"o":{"a":0,"k":100,"ix":4},"w":{"a":0,"k":2,"ix":5},"lc":2,"lj":2,"bm":0,"nm":"Stroke 1","mn":"ADBE Vector Graphic - Stroke","hd":false},{"ty":"tr","p":{"a":0,"k":[34,16],"ix":2},"a":{"a":0,"k":[0,0],"ix":1},"s":{"a":0,"k":[100,100],"ix":3},"r":{"a":0,"k":0,"ix":6},"o":{"a":0,"k":100,"ix":7},"sk":{"a":0,"k":0,"ix":4},"sa":{"a":0,"k":0,"ix":5},"nm":"Transform"}],"nm":"Group 1","np":2,"cix":2,"bm":0,"ix":1,"mn":"ADBE Vector Group","hd":false},{"ty":"gr","it":[{"ind":0,"ty":"sh","ix":1,"ks":{"a":0,"k":{"i":[[0,0],[6.845,-3.407],[1.97,-1.969],[0,0],[-4.02,-4.021],[0,0],[-5.575,5.574],[-1.095,2.201]],"o":[[0,0],[-2.197,1.097],[-5.741,5.741],[0,0],[4.018,4.017],[0,0],[1.961,-1.964],[3.392,-6.834]],"v":[[19.119,-19.12],[5.09,-15.587],[-1.277,-11.051],[-18.606,9.421],[-15.099,15.104],[-9.419,18.607],[11.05,1.277],[15.575,-5.085]],"c":true},"ix":2},"nm":"Path 1","mn":"ADBE Vector Shape - Group","hd":false},{"ty":"st","c":{"a":0,"k":[0,0,0,1],"ix":3},"o":{"a":0,"k":100,"ix":4},"w":{"a":0,"k":2,"ix":5},"lc":2,"lj":1,"ml":10,"bm":0,"nm":"Stroke 1","mn":"ADBE Vector Graphic - Stroke","hd":false},{"ty":"tr","p":{"a":0,"k":[28.881,21.121],"ix":2},"a":{"a":0,"k":[0,0],"ix":1},"s":{"a":0,"k":[100,100],"ix":3},"r":{"a":0,"k":0,"ix":6},"o":{"a":0,"k":100,"ix":7},"sk":{"a":0,"k":0,"ix":4},"sa":{"a":0,"k":0,"ix":5},"nm":"Transform"}],"nm":"Group 3","np":2,"cix":2,"bm":0,"ix":2,"mn":"ADBE Vector Group","hd":false},{"ty":"gr","it":[{"ind":0,"ty":"sh","ix":1,"ks":{"a":0,"k":{"i":[[0,0],[0,0],[0,0],[0,0]],"o":[[0,0],[0,0],[0,0],[0,0]],"v":[[7,-3.915],[-2,-3.915],[-7,2.085],[0.318,3.915]],"c":false},"ix":2},"nm":"Path 1","mn":"ADBE Vector Shape - Group","hd":false},{"ty":"st","c":{"a":0,"k":[0,0,0,1],"ix":3},"o":{"a":0,"k":100,"ix":4},"w":{"a":0,"k":2,"ix":5},"lc":2,"lj":2,"bm":0,"nm":"Stroke 1","mn":"ADBE Vector Graphic - Stroke","hd":false},{"ty":"tr","p":{"a":0,"k":[11,24.915],"ix":2},"a":{"a":0,"k":[0,0],"ix":1},"s":{"a":0,"k":[100,100],"ix":3},"r":{"a":0,"k":0,"ix":6},"o":{"a":0,"k":100,"ix":7},"sk":{"a":0,"k":0,"ix":4},"sa":{"a":0,"k":0,"ix":5},"nm":"Transform"}],"nm":"Group 4","np":2,"cix":2,"bm":0,"ix":3,"mn":"ADBE Vector Group","hd":false},{"ty":"gr","it":[{"ind":0,"ty":"sh","ix":1,"ks":{"a":0,"k":{"i":[[0,0],[0,0],[0,0],[0,0]],"o":[[0,0],[0,0],[0,0],[0,0]],"v":[[3.915,-7],[3.915,2],[-2.085,7],[-3.915,-0.318]],"c":false},"ix":2},"nm":"Path 1","mn":"ADBE Vector Shape - Group","hd":false},{"ty":"st","c":{"a":0,"k":[0,0,0,1],"ix":3},"o":{"a":0,"k":100,"ix":4},"w":{"a":0,"k":2,"ix":5},"lc":2,"lj":2,"bm":0,"nm":"Stroke 1","mn":"ADBE Vector Graphic - Stroke","hd":false},{"ty":"tr","p":{"a":0,"k":[25.085,39],"ix":2},"a":{"a":0,"k":[0,0],"ix":1},"s":{"a":0,"k":[100,100],"ix":3},"r":{"a":0,"k":0,"ix":6},"o":{"a":0,"k":100,"ix":7},"sk":{"a":0,"k":0,"ix":4},"sa":{"a":0,"k":0,"ix":5},"nm":"Transform"}],"nm":"Group 5","np":2,"cix":2,"bm":0,"ix":4,"mn":"ADBE Vector Group","hd":false},{"ty":"gr","it":[{"ind":0,"ty":"sh","ix":1,"ks":{"a":0,"k":{"i":[[0,0],[0,0],[-3.051,-3.053],[0,0],[0,0]],"o":[[0,0],[0,0],[3.052,3.05],[0,0],[0,0]],"v":[[-2.667,-5.281],[-4.816,-1.665],[-2.242,2.23],[1.654,4.801],[5.292,2.648]],"c":false},"ix":2},"nm":"Path 1","mn":"ADBE Vector Shape - Group","hd":false},{"ty":"st","c":{"a":0,"k":[0,0,0,1],"ix":3},"o":{"a":0,"k":100,"ix":4},"w":{"a":0,"k":2,"ix":5},"lc":2,"lj":2,"bm":0,"nm":"Stroke 1","mn":"ADBE Vector Graphic - Stroke","hd":false},{"ty":"tr","p":{"a":0,"k":[12.843,37.171],"ix":2},"a":{"a":0,"k":[0,0],"ix":1},"s":{"a":0,"k":[100,100],"ix":3},"r":{"a":0,"k":0,"ix":6},"o":{"a":0,"k":100,"ix":7},"sk":{"a":0,"k":0,"ix":4},"sa":{"a":0,"k":0,"ix":5},"nm":"Transform"}],"nm":"Group 6","np":2,"cix":2,"bm":0,"ix":5,"mn":"ADBE Vector Group","hd":false}],"ip":0,"op":28,"st":0,"bm":0}],"markers":[]}