{"v":"5.4.4","fr":24,"ip":0,"op":28,"w":50,"h":50,"nm":"brain","ddd":0,"assets":[],"layers":[{"ddd":0,"ind":1,"ty":4,"nm":"Brain","sr":1,"ks":{"o":{"a":0,"k":100,"ix":11},"r":{"a":0,"k":0,"ix":10},"p":{"a":0,"k":[25,25,0],"ix":2},"a":{"a":0,"k":[25,25,0],"ix":1},"s":{"a":0,"k":[100,100,100],"ix":6}},"ao":0,"shapes":[{"ty":"gr","it":[{"ind":0,"ty":"sh","ix":1,"ks":{"a":1,"k":[{"i":{"x":0.667,"y":1},"o":{"x":0.333,"y":0},"t":3,"s":[{"i":[[0,0],[0,4]],"o":[[-3,-1],[0,0]],"v":[[2.5,3.5],[-2.5,-3.5]],"c":false}],"e":[{"i":[[0,0],[-0.438,4.969]],"o":[[-3.125,-0.5],[0,0]],"v":[[2.5,3.5],[-2.5,-3.5]],"c":false}]},{"i":{"x":0.667,"y":1},"o":{"x":0.333,"y":0},"t":14,"s":[{"i":[[0,0],[-0.438,4.969]],"o":[[-3.125,-0.5],[0,0]],"v":[[2.5,3.5],[-2.5,-3.5]],"c":false}],"e":[{"i":[[0,0],[0,4]],"o":[[-3,-1],[0,0]],"v":[[2.5,3.5],[-2.5,-3.5]],"c":false}]},{"t":25}],"ix":2},"nm":"Path 1","mn":"ADBE Vector Shape - Group","hd":false},{"ty":"st","c":{"a":0,"k":[0,0,0,1],"ix":3},"o":{"a":0,"k":100,"ix":4},"w":{"a":0,"k":2,"ix":5},"lc":2,"lj":1,"ml":10,"bm":0,"nm":"Stroke 1","mn":"ADBE Vector Graphic - Stroke","hd":false},{"ty":"tr","p":{"a":0,"k":[33.5,40.5],"ix":2},"a":{"a":0,"k":[0,0],"ix":1},"s":{"a":0,"k":[100,100],"ix":3},"r":{"a":0,"k":0,"ix":6},"o":{"a":0,"k":100,"ix":7},"sk":{"a":0,"k":0,"ix":4},"sa":{"a":0,"k":0,"ix":5},"nm":"Transform"}],"nm":"Group 1","np":2,"cix":2,"bm":0,"ix":1,"mn":"ADBE Vector Group","hd":false},{"ty":"gr","it":[{"ind":0,"ty":"sh","ix":1,"ks":{"a":1,"k":[{"i":{"x":0.667,"y":1},"o":{"x":0.333,"y":0},"t":3,"s":[{"i":[[0,0],[5,0]],"o":[[0,1],[0,0]],"v":[[2.997,-2],[-2.997,2]],"c":false}],"e":[{"i":[[0,0],[4.375,-0.25]],"o":[[-0.244,1.156],[0,0]],"v":[[2.997,-2],[-2.997,2]],"c":false}]},{"i":{"x":0.667,"y":1},"o":{"x":0.333,"y":0},"t":14,"s":[{"i":[[0,0],[4.375,-0.25]],"o":[[-0.244,1.156],[0,0]],"v":[[2.997,-2],[-2.997,2]],"c":false}],"e":[{"i":[[0,0],[5,0]],"o":[[0,1],[0,0]],"v":[[2.997,-2],[-2.997,2]],"c":false}]},{"t":25}],"ix":2},"nm":"Path 1","mn":"ADBE Vector Shape - Group","hd":false},{"ty":"st","c":{"a":0,"k":[0,0,0,1],"ix":3},"o":{"a":0,"k":100,"ix":4},"w":{"a":0,"k":2,"ix":5},"lc":2,"lj":1,"ml":10,"bm":0,"nm":"Stroke 1","mn":"ADBE Vector Graphic - Stroke","hd":false},{"ty":"tr","p":{"a":0,"k":[15.997,13],"ix":2},"a":{"a":0,"k":[0,0],"ix":1},"s":{"a":0,"k":[100,100],"ix":3},"r":{"a":0,"k":0,"ix":6},"o":{"a":0,"k":100,"ix":7},"sk":{"a":0,"k":0,"ix":4},"sa":{"a":0,"k":0,"ix":5},"nm":"Transform"}],"nm":"Group 2","np":2,"cix":2,"bm":0,"ix":2,"mn":"ADBE Vector Group","hd":false},{"ty":"gr","it":[{"ind":0,"ty":"sh","ix":1,"ks":{"a":1,"k":[{"i":{"x":0.667,"y":1},"o":{"x":0.333,"y":0},"t":3,"s":[{"i":[[0,0],[6.012,1]],"o":[[0,-0.999],[0,0]],"v":[[3,3.999],[-3.006,-3.999]],"c":false}],"e":[{"i":[[0,0],[4.668,1.469]],"o":[[-0.275,-1.468],[0,0]],"v":[[3,3.999],[-3.006,-3.999]],"c":false}]},{"i":{"x":0.667,"y":1},"o":{"x":0.333,"y":0},"t":14,"s":[{"i":[[0,0],[4.668,1.469]],"o":[[-0.275,-1.468],[0,0]],"v":[[3,3.999],[-3.006,-3.999]],"c":false}],"e":[{"i":[[0,0],[6.012,1]],"o":[[0,-0.999],[0,0]],"v":[[3,3.999],[-3.006,-3.999]],"c":false}]},{"t":25}],"ix":2},"nm":"Path 1","mn":"ADBE Vector Shape - Group","hd":false},{"ty":"st","c":{"a":0,"k":[0,0,0,1],"ix":3},"o":{"a":0,"k":100,"ix":4},"w":{"a":0,"k":2,"ix":5},"lc":2,"lj":1,"ml":10,"bm":0,"nm":"Stroke 1","mn":"ADBE Vector Graphic - Stroke","hd":false},{"ty":"tr","p":{"a":0,"k":[13.994,35],"ix":2},"a":{"a":0,"k":[0,0],"ix":1},"s":{"a":0,"k":[100,100],"ix":3},"r":{"a":0,"k":0,"ix":6},"o":{"a":0,"k":100,"ix":7},"sk":{"a":0,"k":0,"ix":4},"sa":{"a":0,"k":0,"ix":5},"nm":"Transform"}],"nm":"Group 3","np":2,"cix":2,"bm":0,"ix":3,"mn":"ADBE Vector Group","hd":false},{"ty":"gr","it":[{"ind":0,"ty":"sh","ix":1,"ks":{"a":1,"k":[{"i":{"x":0.667,"y":1},"o":{"x":0.333,"y":0},"t":3,"s":[{"i":[[0,0],[3.904,0],[0,0]],"o":[[0,0],[-3.406,0],[0,0]],"v":[[6.008,0.5],[0.008,-1.5],[-6.008,1.5]],"c":false}],"e":[{"i":[[0,0],[3.904,0],[0,0]],"o":[[0,0],[-3.406,0],[0,0]],"v":[[6.008,0.5],[0.883,-2.063],[-6.008,1.5]],"c":false}]},{"i":{"x":0.667,"y":1},"o":{"x":0.333,"y":0},"t":14,"s":[{"i":[[0,0],[3.904,0],[0,0]],"o":[[0,0],[-3.406,0],[0,0]],"v":[[6.008,0.5],[0.883,-2.063],[-6.008,1.5]],"c":false}],"e":[{"i":[[0,0],[3.904,0],[0,0]],"o":[[0,0],[-3.406,0],[0,0]],"v":[[6.008,0.5],[0.008,-1.5],[-6.008,1.5]],"c":false}]},{"t":25}],"ix":2},"nm":"Path 1","mn":"ADBE Vector Shape - Group","hd":false},{"ty":"st","c":{"a":0,"k":[0,0,0,1],"ix":3},"o":{"a":0,"k":100,"ix":4},"w":{"a":0,"k":2,"ix":5},"lc":2,"lj":1,"ml":10,"bm":0,"nm":"Stroke 1","mn":"ADBE Vector Graphic - Stroke","hd":false},{"ty":"tr","p":{"a":0,"k":[10.991,23.5],"ix":2},"a":{"a":0,"k":[0,0],"ix":1},"s":{"a":0,"k":[100,100],"ix":3},"r":{"a":0,"k":0,"ix":6},"o":{"a":0,"k":100,"ix":7},"sk":{"a":0,"k":0,"ix":4},"sa":{"a":0,"k":0,"ix":5},"nm":"Transform"}],"nm":"Group 4","np":2,"cix":2,"bm":0,"ix":4,"mn":"ADBE Vector Group","hd":false},{"ty":"gr","it":[{"ind":0,"ty":"sh","ix":1,"ks":{"a":1,"k":[{"i":{"x":0.667,"y":1},"o":{"x":0.333,"y":0},"t":3,"s":[{"i":[[-4.879,-10.125],[-6,-2],[-4.63,0],[-1.997,0],[0,2.32],[0,0],[2.687,0],[0.699,-2.436]],"o":[[-2.771,3.006],[-3,5],[0.99,3.975],[2.281,0],[0,0],[0,-4.518],[-6.006,0],[-5.943,0.724]],"v":[[-7.569,0],[-4.552,11],[1.448,20],[8.445,24],[12.448,20],[12.448,-18.342],[8.445,-24],[-1.564,-18]],"c":true}],"e":[{"i":[[-2.483,-10.5],[-5.062,-1.25],[-4.75,0.375],[-1.997,0],[0,2.32],[0,0],[1.628,-0.063],[0.699,-2.436]],"o":[[-2.233,3.5],[-3.375,5.813],[1.156,2.344],[1.909,0],[0,0],[0,-4.518],[-4.681,0.18],[-5.738,0]],"v":[[-7.569,0],[-4.552,11],[1.448,20],[7.883,23.5],[12.448,20],[12.448,-18.342],[6.258,-23.625],[-1.564,-18]],"c":true}]},{"i":{"x":0.667,"y":1},"o":{"x":0.333,"y":0},"t":14,"s":[{"i":[[-2.483,-10.5],[-5.062,-1.25],[-4.75,0.375],[-1.997,0],[0,2.32],[0,0],[1.628,-0.063],[0.699,-2.436]],"o":[[-2.233,3.5],[-3.375,5.813],[1.156,2.344],[1.909,0],[0,0],[0,-4.518],[-4.681,0.18],[-5.738,0]],"v":[[-7.569,0],[-4.552,11],[1.448,20],[7.883,23.5],[12.448,20],[12.448,-18.342],[6.258,-23.625],[-1.564,-18]],"c":true}],"e":[{"i":[[-4.879,-10.125],[-6,-2],[-4.63,0],[-1.997,0],[0,2.32],[0,0],[2.687,0],[0.699,-2.436]],"o":[[-2.771,3.006],[-3,5],[0.99,3.975],[2.281,0],[0,0],[0,-4.518],[-6.006,0],[-5.943,0.724]],"v":[[-7.569,0],[-4.552,11],[1.448,20],[8.445,24],[12.448,20],[12.448,-18.342],[8.445,-24],[-1.564,-18]],"c":true}]},{"t":25}],"ix":2},"nm":"Path 1","mn":"ADBE Vector Shape - Group","hd":false},{"ty":"st","c":{"a":0,"k":[0,0,0,1],"ix":3},"o":{"a":0,"k":100,"ix":4},"w":{"a":0,"k":2,"ix":5},"lc":2,"lj":1,"ml":10,"bm":0,"nm":"Stroke 1","mn":"ADBE Vector Graphic - Stroke","hd":false},{"ty":"tr","p":{"a":0,"k":[12.552,25],"ix":2},"a":{"a":0,"k":[0,0],"ix":1},"s":{"a":0,"k":[100,100],"ix":3},"r":{"a":0,"k":0,"ix":6},"o":{"a":0,"k":100,"ix":7},"sk":{"a":0,"k":0,"ix":4},"sa":{"a":0,"k":0,"ix":5},"nm":"Transform"}],"nm":"Group 5","np":2,"cix":2,"bm":0,"ix":5,"mn":"ADBE Vector Group","hd":false},{"ty":"gr","it":[{"ind":0,"ty":"sh","ix":1,"ks":{"a":1,"k":[{"i":{"x":0.667,"y":1},"o":{"x":0.333,"y":0},"t":3,"s":[{"i":[[0,0],[-6,0]],"o":[[0,2],[0,0]],"v":[[-4,-3],[4,3]],"c":false}],"e":[{"i":[[0,0],[-5.25,-1.125]],"o":[[1.063,3.031],[0,0]],"v":[[-4,-3],[4,3]],"c":false}]},{"i":{"x":0.667,"y":1},"o":{"x":0.333,"y":0},"t":14,"s":[{"i":[[0,0],[-5.25,-1.125]],"o":[[1.063,3.031],[0,0]],"v":[[-4,-3],[4,3]],"c":false}],"e":[{"i":[[0,0],[-6,0]],"o":[[0,2],[0,0]],"v":[[-4,-3],[4,3]],"c":false}]},{"t":25}],"ix":2},"nm":"Path 1","mn":"ADBE Vector Shape - Group","hd":false},{"ty":"st","c":{"a":0,"k":[0,0,0,1],"ix":3},"o":{"a":0,"k":100,"ix":4},"w":{"a":0,"k":2,"ix":5},"lc":2,"lj":1,"ml":10,"bm":0,"nm":"Stroke 1","mn":"ADBE Vector Graphic - Stroke","hd":false},{"ty":"tr","p":{"a":0,"k":[37,16],"ix":2},"a":{"a":0,"k":[0,0],"ix":1},"s":{"a":0,"k":[100,100],"ix":3},"r":{"a":0,"k":0,"ix":6},"o":{"a":0,"k":100,"ix":7},"sk":{"a":0,"k":0,"ix":4},"sa":{"a":0,"k":0,"ix":5},"nm":"Transform"}],"nm":"Group 6","np":2,"cix":2,"bm":0,"ix":6,"mn":"ADBE Vector Group","hd":false},{"ty":"gr","it":[{"ind":0,"ty":"sh","ix":1,"ks":{"a":1,"k":[{"i":{"x":0.667,"y":1},"o":{"x":0.333,"y":0},"t":3,"s":[{"i":[[0,0],[8,0]],"o":[[0,0],[0,0]],"v":[[4.59,-2.5],[-4.59,2.5]],"c":false}],"e":[{"i":[[0,0],[7.375,-1.125]],"o":[[0,0],[0,0]],"v":[[4.59,-2.5],[-4.59,2.5]],"c":false}]},{"i":{"x":0.667,"y":1},"o":{"x":0.333,"y":0},"t":14,"s":[{"i":[[0,0],[7.375,-1.125]],"o":[[0,0],[0,0]],"v":[[4.59,-2.5],[-4.59,2.5]],"c":false}],"e":[{"i":[[0,0],[8,0]],"o":[[0,0],[0,0]],"v":[[4.59,-2.5],[-4.59,2.5]],"c":false}]},{"t":25}],"ix":2},"nm":"Path 1","mn":"ADBE Vector Shape - Group","hd":false},{"ty":"st","c":{"a":0,"k":[0,0,0,1],"ix":3},"o":{"a":0,"k":100,"ix":4},"w":{"a":0,"k":2,"ix":5},"lc":2,"lj":1,"ml":10,"bm":0,"nm":"Stroke 1","mn":"ADBE Vector Graphic - Stroke","hd":false},{"ty":"tr","p":{"a":0,"k":[40.59,26.5],"ix":2},"a":{"a":0,"k":[0,0],"ix":1},"s":{"a":0,"k":[100,100],"ix":3},"r":{"a":0,"k":0,"ix":6},"o":{"a":0,"k":100,"ix":7},"sk":{"a":0,"k":0,"ix":4},"sa":{"a":0,"k":0,"ix":5},"nm":"Transform"}],"nm":"Group 7","np":2,"cix":2,"bm":0,"ix":7,"mn":"ADBE Vector Group","hd":false},{"ty":"gr","it":[{"ind":0,"ty":"sh","ix":1,"ks":{"a":1,"k":[{"i":{"x":0.667,"y":1},"o":{"x":0.333,"y":0},"t":3,"s":[{"i":[[4.879,-10.125],[6,-2],[4.631,0],[1.853,0.013],[0,2.32],[0,0],[-2.686,0],[-0.698,-2.436]],"o":[[2.982,3],[3,6],[-0.99,3.975],[-2.281,-0.016],[0,0],[0,-4.518],[6.006,0],[5.944,0.724]],"v":[[7.57,-0.007],[4.551,10.993],[-1.449,18.993],[-8.445,23.993],[-12.449,19.993],[-12.449,-18.348],[-8.445,-24.007],[1.564,-18.007]],"c":true}],"e":[{"i":[[4.232,-10.375],[4.5,-2.375],[5.188,0.938],[1.853,0.013],[0,2.32],[0,0],[-2.252,0.028],[-0.698,-2.436]],"o":[[2.232,3.625],[2.563,5.625],[-1.062,3.375],[-2.281,-0.016],[0,0],[0,-4.518],[4.997,-0.063],[5.363,0.25]],"v":[[7.57,-0.007],[4.551,10.993],[-1.449,18.993],[-8.133,23.118],[-12.449,19.993],[-12.449,-18.348],[-6.82,-23.569],[1.564,-18.007]],"c":true}]},{"i":{"x":0.667,"y":1},"o":{"x":0.333,"y":0},"t":14,"s":[{"i":[[4.232,-10.375],[4.5,-2.375],[5.188,0.938],[1.853,0.013],[0,2.32],[0,0],[-2.252,0.028],[-0.698,-2.436]],"o":[[2.232,3.625],[2.563,5.625],[-1.062,3.375],[-2.281,-0.016],[0,0],[0,-4.518],[4.997,-0.063],[5.363,0.25]],"v":[[7.57,-0.007],[4.551,10.993],[-1.449,18.993],[-8.133,23.118],[-12.449,19.993],[-12.449,-18.348],[-6.82,-23.569],[1.564,-18.007]],"c":true}],"e":[{"i":[[4.879,-10.125],[6,-2],[4.631,0],[1.853,0.013],[0,2.32],[0,0],[-2.686,0],[-0.698,-2.436]],"o":[[2.982,3],[3,6],[-0.99,3.975],[-2.281,-0.016],[0,0],[0,-4.518],[6.006,0],[5.944,0.724]],"v":[[7.57,-0.007],[4.551,10.993],[-1.449,18.993],[-8.445,23.993],[-12.449,19.993],[-12.449,-18.348],[-8.445,-24.007],[1.564,-18.007]],"c":true}]},{"t":25}],"ix":2},"nm":"Path 1","mn":"ADBE Vector Shape - Group","hd":false},{"ty":"st","c":{"a":0,"k":[0,0,0,1],"ix":3},"o":{"a":0,"k":100,"ix":4},"w":{"a":0,"k":2,"ix":5},"lc":2,"lj":1,"ml":10,"bm":0,"nm":"Stroke 1","mn":"ADBE Vector Graphic - Stroke","hd":false},{"ty":"tr","p":{"a":0,"k":[37.448,25.007],"ix":2},"a":{"a":0,"k":[0,0],"ix":1},"s":{"a":0,"k":[100,100],"ix":3},"r":{"a":0,"k":0,"ix":6},"o":{"a":0,"k":100,"ix":7},"sk":{"a":0,"k":0,"ix":4},"sa":{"a":0,"k":0,"ix":5},"nm":"Transform"}],"nm":"Group 8","np":2,"cix":2,"bm":0,"ix":8,"mn":"ADBE Vector Group","hd":false}],"ip":0,"op":28,"st":0,"bm":0}],"markers":[]}