{"v":"5.6.3","fr":24,"ip":0,"op":28,"w":50,"h":50,"nm":"engagement-ring","ddd":0,"assets":[],"layers":[{"ddd":0,"ind":1,"ty":4,"nm":"mask","td":1,"sr":1,"ks":{"o":{"a":0,"k":100,"ix":11},"r":{"a":0,"k":0,"ix":10},"p":{"a":1,"k":[{"i":{"x":0.667,"y":1},"o":{"x":0.333,"y":0},"t":3,"s":[25,25,0],"to":[0,-3.833,0],"ti":[0,3.833,0]},{"i":{"x":0.833,"y":0.833},"o":{"x":0.167,"y":0.167},"t":11,"s":[25,2,0],"to":[0,0,0],"ti":[0,0,0]},{"i":{"x":0.667,"y":1},"o":{"x":0.333,"y":0},"t":17,"s":[25,2,0],"to":[0,3.833,0],"ti":[0,-3.833,0]},{"t":25,"s":[25,25,0]}],"ix":2},"a":{"a":0,"k":[25,25,0],"ix":1},"s":{"a":0,"k":[100,100,100],"ix":6}},"ao":0,"shapes":[{"ty":"gr","it":[{"ind":0,"ty":"sh","ix":1,"ks":{"a":0,"k":{"i":[[21.682,0],[-0.98,-8.186],[0,0]],"o":[[-21.682,0],[0,0],[0.982,-8.186]],"v":[[0,10],[-23.877,29.5],[23.875,29.5]],"c":true},"ix":2},"nm":"Path 1","mn":"ADBE Vector Shape - Group","hd":false},{"ty":"tr","p":{"a":0,"k":[25,7.5],"ix":2},"a":{"a":0,"k":[0,0],"ix":1},"s":{"a":0,"k":[100,100],"ix":3},"r":{"a":0,"k":0,"ix":6},"o":{"a":0,"k":100,"ix":7},"sk":{"a":0,"k":0,"ix":4},"sa":{"a":0,"k":0,"ix":5},"nm":"Transform"}],"nm":"Group 2","np":1,"cix":2,"bm":0,"ix":1,"mn":"ADBE Vector Group","hd":false},{"ty":"st","c":{"a":0,"k":[0,0,0,1],"ix":3},"o":{"a":0,"k":100,"ix":4},"w":{"a":0,"k":2,"ix":5},"lc":1,"lj":1,"ml":4,"bm":0,"nm":"Stroke 1","mn":"ADBE Vector Graphic - Stroke","hd":false},{"ty":"fl","c":{"a":0,"k":[0,0,0,1],"ix":4},"o":{"a":0,"k":100,"ix":5},"r":1,"bm":0,"nm":"Fill 1","mn":"ADBE Vector Graphic - Fill","hd":false}],"ip":0,"op":28,"st":0,"bm":0},{"ddd":0,"ind":2,"ty":4,"nm":"ring","tt":2,"sr":1,"ks":{"o":{"a":0,"k":100,"ix":11},"r":{"a":0,"k":0,"ix":10},"p":{"a":0,"k":[25,25,0],"ix":2},"a":{"a":0,"k":[25,25,0],"ix":1},"s":{"a":0,"k":[100,100,100],"ix":6}},"ao":0,"shapes":[{"ty":"gr","it":[{"ind":0,"ty":"sh","ix":1,"ks":{"a":0,"k":{"i":[[0,0],[0,0],[0,0],[0,0],[0,0],[0,0]],"o":[[0,0],[0,0],[0,0],[0,0],[0,0],[0,0]],"v":[[1.667,3],[-1.667,3],[-5,0],[-1.667,-3],[1.667,-3],[5,0]],"c":true},"ix":2},"nm":"Path 1","mn":"ADBE Vector Shape - Group","hd":false},{"ty":"st","c":{"a":0,"k":[0,0,0,1],"ix":3},"o":{"a":0,"k":100,"ix":4},"w":{"a":0,"k":2,"ix":5},"lc":2,"lj":2,"bm":0,"nm":"Stroke 1","mn":"ADBE Vector Graphic - Stroke","hd":false},{"ty":"tr","p":{"a":0,"k":[25,22],"ix":2},"a":{"a":0,"k":[0,0],"ix":1},"s":{"a":0,"k":[100,100],"ix":3},"r":{"a":0,"k":0,"ix":6},"o":{"a":0,"k":100,"ix":7},"sk":{"a":0,"k":0,"ix":4},"sa":{"a":0,"k":0,"ix":5},"nm":"Transform"}],"nm":"Group 1","np":2,"cix":2,"bm":0,"ix":1,"mn":"ADBE Vector Group","hd":false},{"ty":"gr","it":[{"ind":0,"ty":"sh","ix":1,"ks":{"a":0,"k":{"i":[[0,0],[-3.866,0],[0,-3.885]],"o":[[0,-3.885],[3.868,0],[0,0]],"v":[[-7,3.517],[0,-3.517],[7,3.517]],"c":false},"ix":2},"nm":"Path 1","mn":"ADBE Vector Shape - Group","hd":false},{"ty":"st","c":{"a":0,"k":[0,0,0,1],"ix":3},"o":{"a":0,"k":100,"ix":4},"w":{"a":0,"k":2,"ix":5},"lc":1,"lj":2,"bm":0,"nm":"Stroke 1","mn":"ADBE Vector Graphic - Stroke","hd":false},{"ty":"tr","p":{"a":0,"k":[25,28.517],"ix":2},"a":{"a":0,"k":[0,0],"ix":1},"s":{"a":0,"k":[100,100],"ix":3},"r":{"a":0,"k":0,"ix":6},"o":{"a":0,"k":100,"ix":7},"sk":{"a":0,"k":0,"ix":4},"sa":{"a":0,"k":0,"ix":5},"nm":"Transform"}],"nm":"Group 2","np":2,"cix":2,"bm":0,"ix":2,"mn":"ADBE Vector Group","hd":false}],"ip":0,"op":28,"st":0,"bm":0},{"ddd":0,"ind":3,"ty":4,"nm":"middle part","sr":1,"ks":{"o":{"a":0,"k":100,"ix":11},"r":{"a":0,"k":0,"ix":10},"p":{"a":0,"k":[25,25,0],"ix":2},"a":{"a":0,"k":[25,25,0],"ix":1},"s":{"a":0,"k":[100,100,100],"ix":6}},"ao":0,"shapes":[{"ty":"gr","it":[{"ind":0,"ty":"sh","ix":1,"ks":{"a":0,"k":{"i":[[0.552,0],[0,-0.552],[-0.552,0],[0,0.552]],"o":[[-0.552,0],[0,0.552],[0.552,0],[0,-0.552]],"v":[[-18,3.5],[-19,4.5],[-18,5.5],[-17,4.5]],"c":true},"ix":2},"nm":"Path 1","mn":"ADBE Vector Shape - Group","hd":false},{"ind":1,"ty":"sh","ix":2,"ks":{"a":0,"k":{"i":[[0.552,0],[0,-0.552],[-0.552,0],[0,0.552]],"o":[[-0.552,0],[0,0.552],[0.552,0],[0,-0.552]],"v":[[-15,0.5],[-16,1.5],[-15,2.5],[-14,1.5]],"c":true},"ix":2},"nm":"Path 2","mn":"ADBE Vector Shape - Group","hd":false},{"ind":2,"ty":"sh","ix":3,"ks":{"a":0,"k":{"i":[[0.552,0],[0,-0.552],[-0.552,0],[0,0.552]],"o":[[-0.552,0],[0,0.552],[0.552,0],[0,-0.552]],"v":[[-18,-2.5],[-19,-1.5],[-18,-0.5],[-17,-1.5]],"c":true},"ix":2},"nm":"Path 3","mn":"ADBE Vector Shape - Group","hd":false},{"ind":3,"ty":"sh","ix":4,"ks":{"a":0,"k":{"i":[[0.552,0],[0,-0.552],[-0.552,0],[0,0.552]],"o":[[-0.552,0],[0,0.552],[0.552,0],[0,-0.552]],"v":[[-21,0.5],[-22,1.5],[-21,2.5],[-20,1.5]],"c":true},"ix":2},"nm":"Path 4","mn":"ADBE Vector Shape - Group","hd":false},{"ind":4,"ty":"sh","ix":5,"ks":{"a":0,"k":{"i":[[0.552,0],[0,-0.552],[-0.552,0],[0,0.552]],"o":[[-0.552,0],[0,0.552],[0.552,0],[0,-0.552]],"v":[[0,3.5],[-1,4.5],[0,5.5],[1,4.5]],"c":true},"ix":2},"nm":"Path 5","mn":"ADBE Vector Shape - Group","hd":false},{"ind":5,"ty":"sh","ix":6,"ks":{"a":0,"k":{"i":[[0.552,0],[0,-0.552],[-0.552,0],[0,0.552]],"o":[[-0.552,0],[0,0.552],[0.552,0],[0,-0.552]],"v":[[-6,3.5],[-7,4.5],[-6,5.5],[-5,4.5]],"c":true},"ix":2},"nm":"Path 6","mn":"ADBE Vector Shape - Group","hd":false},{"ind":6,"ty":"sh","ix":7,"ks":{"a":0,"k":{"i":[[0.552,0],[0,-0.552],[-0.552,0],[0,0.552]],"o":[[-0.552,0],[0,0.552],[0.552,0],[0,-0.552]],"v":[[-12,3.5],[-13,4.5],[-12,5.5],[-11,4.5]],"c":true},"ix":2},"nm":"Path 7","mn":"ADBE Vector Shape - Group","hd":false},{"ind":7,"ty":"sh","ix":8,"ks":{"a":0,"k":{"i":[[0.553,0],[0,-0.552],[-0.553,0],[0,0.552]],"o":[[-0.553,0],[0,0.552],[0.553,0],[0,-0.552]],"v":[[3,0.5],[2,1.5],[3,2.5],[4,1.5]],"c":true},"ix":2},"nm":"Path 8","mn":"ADBE Vector Shape - Group","hd":false},{"ind":8,"ty":"sh","ix":9,"ks":{"a":0,"k":{"i":[[0.552,0],[0,-0.552],[-0.552,0],[0,0.552]],"o":[[-0.552,0],[0,0.552],[0.552,0],[0,-0.552]],"v":[[0,-2.5],[-1,-1.5],[0,-0.5],[1,-1.5]],"c":true},"ix":2},"nm":"Path 9","mn":"ADBE Vector Shape - Group","hd":false},{"ind":9,"ty":"sh","ix":10,"ks":{"a":0,"k":{"i":[[0.552,0],[0,-0.552],[-0.552,0],[0,0.552]],"o":[[-0.552,0],[0,0.552],[0.552,0],[0,-0.552]],"v":[[-3,0.5],[-4,1.5],[-3,2.5],[-2,1.5]],"c":true},"ix":2},"nm":"Path 10","mn":"ADBE Vector Shape - Group","hd":false},{"ind":10,"ty":"sh","ix":11,"ks":{"a":0,"k":{"i":[[0.552,0],[0,-0.552],[-0.552,0],[0,0.552]],"o":[[-0.552,0],[0,0.552],[0.552,0],[0,-0.552]],"v":[[-6,-2.5],[-7,-1.5],[-6,-0.5],[-5,-1.5]],"c":true},"ix":2},"nm":"Path 11","mn":"ADBE Vector Shape - Group","hd":false},{"ind":11,"ty":"sh","ix":12,"ks":{"a":0,"k":{"i":[[0.552,0],[0,-0.552],[-0.552,0],[0,0.552]],"o":[[-0.552,0],[0,0.552],[0.552,0],[0,-0.552]],"v":[[-9,0.5],[-10,1.5],[-9,2.5],[-8,1.5]],"c":true},"ix":2},"nm":"Path 12","mn":"ADBE Vector Shape - Group","hd":false},{"ind":12,"ty":"sh","ix":13,"ks":{"a":0,"k":{"i":[[0.552,0],[0,-0.552],[-0.552,0],[0,0.552]],"o":[[-0.552,0],[0,0.552],[0.552,0],[0,-0.552]],"v":[[-12,-2.5],[-13,-1.5],[-12,-0.5],[-11,-1.5]],"c":true},"ix":2},"nm":"Path 13","mn":"ADBE Vector Shape - Group","hd":false},{"ind":13,"ty":"sh","ix":14,"ks":{"a":0,"k":{"i":[[0.553,0],[0,-0.552],[-0.553,0],[0,0.552]],"o":[[-0.553,0],[0,0.552],[0.553,0],[0,-0.552]],"v":[[3,-5.5],[2,-4.5],[3,-3.5],[4,-4.5]],"c":true},"ix":2},"nm":"Path 14","mn":"ADBE Vector Shape - Group","hd":false},{"ind":14,"ty":"sh","ix":15,"ks":{"a":0,"k":{"i":[[0.552,0],[0,-0.552],[-0.552,0],[0,0.552]],"o":[[-0.552,0],[0,0.552],[0.552,0],[0,-0.552]],"v":[[-3,-5.5],[-4,-4.5],[-3,-3.5],[-2,-4.5]],"c":true},"ix":2},"nm":"Path 15","mn":"ADBE Vector Shape - Group","hd":false},{"ind":15,"ty":"sh","ix":16,"ks":{"a":0,"k":{"i":[[0.552,0],[0,-0.552],[-0.552,0],[0,0.552]],"o":[[-0.552,0],[0,0.552],[0.552,0],[0,-0.552]],"v":[[-9,-5.5],[-10,-4.5],[-9,-3.5],[-8,-4.5]],"c":true},"ix":2},"nm":"Path 16","mn":"ADBE Vector Shape - Group","hd":false},{"ind":16,"ty":"sh","ix":17,"ks":{"a":0,"k":{"i":[[0.553,0],[0,-0.552],[-0.553,0],[0,0.552]],"o":[[-0.553,0],[0,0.552],[0.553,0],[0,-0.552]],"v":[[18,3.5],[17,4.5],[18,5.5],[19,4.5]],"c":true},"ix":2},"nm":"Path 17","mn":"ADBE Vector Shape - Group","hd":false},{"ind":17,"ty":"sh","ix":18,"ks":{"a":0,"k":{"i":[[0.553,0],[0,-0.552],[-0.553,0],[0,0.552]],"o":[[-0.553,0],[0,0.552],[0.553,0],[0,-0.552]],"v":[[12,3.5],[11,4.5],[12,5.5],[13,4.5]],"c":true},"ix":2},"nm":"Path 18","mn":"ADBE Vector Shape - Group","hd":false},{"ind":18,"ty":"sh","ix":19,"ks":{"a":0,"k":{"i":[[0.553,0],[0,-0.552],[-0.553,0],[0,0.552]],"o":[[-0.553,0],[0,0.552],[0.553,0],[0,-0.552]],"v":[[6,3.5],[5,4.5],[6,5.5],[7,4.5]],"c":true},"ix":2},"nm":"Path 19","mn":"ADBE Vector Shape - Group","hd":false},{"ind":19,"ty":"sh","ix":20,"ks":{"a":0,"k":{"i":[[0.553,0],[0,-0.552],[-0.553,0],[0,0.552]],"o":[[-0.553,0],[0,0.552],[0.553,0],[0,-0.552]],"v":[[21,0.5],[20,1.5],[21,2.5],[22,1.5]],"c":true},"ix":2},"nm":"Path 20","mn":"ADBE Vector Shape - Group","hd":false},{"ind":20,"ty":"sh","ix":21,"ks":{"a":0,"k":{"i":[[0.553,0],[0,-0.552],[-0.553,0],[0,0.552]],"o":[[-0.553,0],[0,0.552],[0.553,0],[0,-0.552]],"v":[[18,-2.5],[17,-1.5],[18,-0.5],[19,-1.5]],"c":true},"ix":2},"nm":"Path 21","mn":"ADBE Vector Shape - Group","hd":false},{"ind":21,"ty":"sh","ix":22,"ks":{"a":0,"k":{"i":[[0.553,0],[0,-0.552],[-0.553,0],[0,0.552]],"o":[[-0.553,0],[0,0.552],[0.553,0],[0,-0.552]],"v":[[15,0.5],[14,1.5],[15,2.5],[16,1.5]],"c":true},"ix":2},"nm":"Path 22","mn":"ADBE Vector Shape - Group","hd":false},{"ind":22,"ty":"sh","ix":23,"ks":{"a":0,"k":{"i":[[0.553,0],[0,-0.552],[-0.553,0],[0,0.552]],"o":[[-0.553,0],[0,0.552],[0.553,0],[0,-0.552]],"v":[[12,-2.5],[11,-1.5],[12,-0.5],[13,-1.5]],"c":true},"ix":2},"nm":"Path 23","mn":"ADBE Vector Shape - Group","hd":false},{"ind":23,"ty":"sh","ix":24,"ks":{"a":0,"k":{"i":[[0.553,0],[0,-0.552],[-0.553,0],[0,0.552]],"o":[[-0.553,0],[0,0.552],[0.553,0],[0,-0.552]],"v":[[9,0.5],[8,1.5],[9,2.5],[10,1.5]],"c":true},"ix":2},"nm":"Path 24","mn":"ADBE Vector Shape - Group","hd":false},{"ind":24,"ty":"sh","ix":25,"ks":{"a":0,"k":{"i":[[0.553,0],[0,-0.552],[-0.553,0],[0,0.552]],"o":[[-0.553,0],[0,0.552],[0.553,0],[0,-0.552]],"v":[[6,-2.5],[5,-1.5],[6,-0.5],[7,-1.5]],"c":true},"ix":2},"nm":"Path 25","mn":"ADBE Vector Shape - Group","hd":false},{"ind":25,"ty":"sh","ix":26,"ks":{"a":0,"k":{"i":[[0.553,0],[0,-0.552],[-0.553,0],[0,0.552]],"o":[[-0.553,0],[0,0.552],[0.553,0],[0,-0.552]],"v":[[9,-5.5],[8,-4.5],[9,-3.5],[10,-4.5]],"c":true},"ix":2},"nm":"Path 26","mn":"ADBE Vector Shape - Group","hd":false},{"ty":"mm","mm":1,"nm":"Merge Paths 1","mn":"ADBE Vector Filter - Merge","hd":false},{"ty":"fl","c":{"a":0,"k":[0,0,0,1],"ix":4},"o":{"a":0,"k":100,"ix":5},"r":1,"bm":0,"nm":"Fill 1","mn":"ADBE Vector Graphic - Fill","hd":false},{"ty":"tr","p":{"a":1,"k":[{"i":{"x":0.667,"y":1},"o":{"x":0.333,"y":0},"t":3,"s":[25,30.5],"to":[0,-3.833],"ti":[0,3.833]},{"i":{"x":0.833,"y":0.833},"o":{"x":0.167,"y":0.167},"t":11,"s":[25,7.5],"to":[0,0],"ti":[0,0]},{"i":{"x":0.667,"y":1},"o":{"x":0.333,"y":0},"t":17,"s":[25,7.5],"to":[0,3.833],"ti":[0,-3.833]},{"t":25,"s":[25,30.5]}],"ix":2},"a":{"a":0,"k":[0,0],"ix":1},"s":{"a":0,"k":[100,100],"ix":3},"r":{"a":0,"k":0,"ix":6},"o":{"a":0,"k":100,"ix":7},"sk":{"a":0,"k":0,"ix":4},"sa":{"a":0,"k":0,"ix":5},"nm":"Transform"}],"nm":"Group 4","np":28,"cix":2,"bm":0,"ix":1,"mn":"ADBE Vector Group","hd":false},{"ty":"gr","it":[{"ind":0,"ty":"sh","ix":1,"ks":{"a":1,"k":[{"i":{"x":0.667,"y":1},"o":{"x":0.333,"y":0},"t":3,"s":[{"i":[[0,0],[0,0],[0,0]],"o":[[0,0],[0,0],[0,0]],"v":[[-24,10.5],[-24.083,10.489],[-24.015,10.518]],"c":false}]},{"i":{"x":0.833,"y":0.833},"o":{"x":0.167,"y":0.167},"t":11,"s":[{"i":[[0,0],[0,0],[0,0]],"o":[[0,0],[0,0],[0,0]],"v":[[-24,10.5],[-17,2.239],[-21.857,-10.5]],"c":false}]},{"i":{"x":0.667,"y":1},"o":{"x":0.333,"y":0},"t":17,"s":[{"i":[[0,0],[0,0],[0,0]],"o":[[0,0],[0,0],[0,0]],"v":[[-24,10.5],[-17,2.239],[-21.857,-10.5]],"c":false}]},{"t":25,"s":[{"i":[[0,0],[0,0],[0,0]],"o":[[0,0],[0,0],[0,0]],"v":[[-24,10.5],[-24.083,10.489],[-24.015,10.518]],"c":false}]}],"ix":2},"nm":"Path 1","mn":"ADBE Vector Shape - Group","hd":false},{"ind":1,"ty":"sh","ix":2,"ks":{"a":1,"k":[{"i":{"x":0.667,"y":1},"o":{"x":0.333,"y":0},"t":3,"s":[{"i":[[0,0],[0,0],[0,0]],"o":[[0,0],[0,0],[0,0]],"v":[[24,10.5],[24.062,10.489],[23.998,10.492]],"c":false}]},{"i":{"x":0.833,"y":0.833},"o":{"x":0.167,"y":0.167},"t":11,"s":[{"i":[[0,0],[0,0],[0,0]],"o":[[0,0],[0,0],[0,0]],"v":[[24,10.5],[17,2.239],[21.857,-10.5]],"c":false}]},{"i":{"x":0.667,"y":1},"o":{"x":0.333,"y":0},"t":17,"s":[{"i":[[0,0],[0,0],[0,0]],"o":[[0,0],[0,0],[0,0]],"v":[[24,10.5],[17,2.239],[21.857,-10.5]],"c":false}]},{"t":25,"s":[{"i":[[0,0],[0,0],[0,0]],"o":[[0,0],[0,0],[0,0]],"v":[[24,10.5],[24.062,10.489],[23.998,10.492]],"c":false}]}],"ix":2},"nm":"Path 2","mn":"ADBE Vector Shape - Group","hd":false},{"ty":"mm","mm":1,"nm":"Merge Paths 1","mn":"ADBE Vector Filter - Merge","hd":false},{"ty":"st","c":{"a":0,"k":[0,0,0,1],"ix":3},"o":{"a":0,"k":100,"ix":4},"w":{"a":0,"k":2,"ix":5},"lc":2,"lj":2,"bm":0,"nm":"Stroke 1","mn":"ADBE Vector Graphic - Stroke","hd":false},{"ty":"tr","p":{"a":0,"k":[25,24.5],"ix":2},"a":{"a":0,"k":[0,0],"ix":1},"s":{"a":0,"k":[100,100],"ix":3},"r":{"a":0,"k":0,"ix":6},"o":{"a":0,"k":100,"ix":7},"sk":{"a":0,"k":0,"ix":4},"sa":{"a":0,"k":0,"ix":5},"nm":"Transform"}],"nm":"Group 5","np":4,"cix":2,"bm":0,"ix":2,"mn":"ADBE Vector Group","hd":false}],"ip":0,"op":28,"st":0,"bm":0},{"ddd":0,"ind":4,"ty":4,"nm":"bottom part","sr":1,"ks":{"o":{"a":0,"k":100,"ix":11},"r":{"a":0,"k":0,"ix":10},"p":{"a":0,"k":[25,25,0],"ix":2},"a":{"a":0,"k":[25,25,0],"ix":1},"s":{"a":0,"k":[100,100,100],"ix":6}},"ao":0,"shapes":[{"ty":"gr","it":[{"ind":0,"ty":"sh","ix":1,"ks":{"a":0,"k":{"i":[[2.426,0],[0,0],[1.844,1.324],[0,0],[-5.175,0],[0,0],[0,5.195],[0,0]],"o":[[0,0],[-2.427,0],[0,0],[0,5.195],[0,0],[5.175,0],[0,0],[-1.844,1.324]],"v":[[17.481,-4.981],[-17.481,-4.981],[-24,-7.019],[-24,-2.43],[-14.593,7.019],[14.591,7.019],[24,-2.43],[24,-7.019]],"c":true},"ix":2},"nm":"Path 1","mn":"ADBE Vector Shape - Group","hd":false},{"ty":"st","c":{"a":0,"k":[0,0,0,1],"ix":3},"o":{"a":0,"k":100,"ix":4},"w":{"a":0,"k":2,"ix":5},"lc":2,"lj":2,"bm":0,"nm":"Stroke 1","mn":"ADBE Vector Graphic - Stroke","hd":false},{"ty":"tr","p":{"a":0,"k":[25,41.981],"ix":2},"a":{"a":0,"k":[0,0],"ix":1},"s":{"a":0,"k":[100,100],"ix":3},"r":{"a":0,"k":0,"ix":6},"o":{"a":0,"k":100,"ix":7},"sk":{"a":0,"k":0,"ix":4},"sa":{"a":0,"k":0,"ix":5},"nm":"Transform"}],"nm":"Group 1","np":2,"cix":2,"bm":0,"ix":1,"mn":"ADBE Vector Group","hd":false},{"ty":"gr","it":[{"ind":0,"ty":"sh","ix":1,"ks":{"a":0,"k":{"i":[[0.552,0],[0,-0.553],[-0.552,0],[0,0.553]],"o":[[-0.552,0],[0,0.553],[0.552,0],[0,-0.553]],"v":[[-18,3.5],[-19,4.5],[-18,5.5],[-17,4.5]],"c":true},"ix":2},"nm":"Path 1","mn":"ADBE Vector Shape - Group","hd":false},{"ind":1,"ty":"sh","ix":2,"ks":{"a":0,"k":{"i":[[0.552,0],[0,-0.553],[-0.552,0],[0,0.553]],"o":[[-0.552,0],[0,0.553],[0.552,0],[0,-0.553]],"v":[[-15,-5.5],[-16,-4.5],[-15,-3.5],[-14,-4.5]],"c":true},"ix":2},"nm":"Path 2","mn":"ADBE Vector Shape - Group","hd":false},{"ind":2,"ty":"sh","ix":3,"ks":{"a":0,"k":{"i":[[0.553,0],[0,-0.553],[-0.553,0],[0,0.553]],"o":[[-0.553,0],[0,0.553],[0.553,0],[0,-0.553]],"v":[[15,-5.5],[14,-4.5],[15,-3.5],[16,-4.5]],"c":true},"ix":2},"nm":"Path 3","mn":"ADBE Vector Shape - Group","hd":false},{"ind":3,"ty":"sh","ix":4,"ks":{"a":0,"k":{"i":[[0.552,0],[0,-0.553],[-0.552,0],[0,0.553]],"o":[[-0.552,0],[0,0.553],[0.552,0],[0,-0.553]],"v":[[-15,0.5],[-16,1.5],[-15,2.5],[-14,1.5]],"c":true},"ix":2},"nm":"Path 4","mn":"ADBE Vector Shape - Group","hd":false},{"ind":4,"ty":"sh","ix":5,"ks":{"a":0,"k":{"i":[[0.552,0],[0,-0.553],[-0.552,0],[0,0.553]],"o":[[-0.552,0],[0,0.553],[0.552,0],[0,-0.553]],"v":[[-18,-2.5],[-19,-1.5],[-18,-0.5],[-17,-1.5]],"c":true},"ix":2},"nm":"Path 5","mn":"ADBE Vector Shape - Group","hd":false},{"ind":5,"ty":"sh","ix":6,"ks":{"a":0,"k":{"i":[[0.552,0],[0,-0.553],[-0.552,0],[0,0.553]],"o":[[-0.552,0],[0,0.553],[0.552,0],[0,-0.553]],"v":[[-21,-5.5],[-22,-4.5],[-21,-3.5],[-20,-4.5]],"c":true},"ix":2},"nm":"Path 6","mn":"ADBE Vector Shape - Group","hd":false},{"ind":6,"ty":"sh","ix":7,"ks":{"a":0,"k":{"i":[[0.553,0],[0,-0.553],[-0.553,0],[0,0.553]],"o":[[-0.553,0],[0,0.553],[0.553,0],[0,-0.553]],"v":[[21,-5.5],[20,-4.5],[21,-3.5],[22,-4.5]],"c":true},"ix":2},"nm":"Path 7","mn":"ADBE Vector Shape - Group","hd":false},{"ind":7,"ty":"sh","ix":8,"ks":{"a":0,"k":{"i":[[0.552,0],[0,-0.553],[-0.552,0],[0,0.553]],"o":[[-0.552,0],[0,0.553],[0.552,0],[0,-0.553]],"v":[[-21,0.5],[-22,1.5],[-21,2.5],[-20,1.5]],"c":true},"ix":2},"nm":"Path 8","mn":"ADBE Vector Shape - Group","hd":false},{"ind":8,"ty":"sh","ix":9,"ks":{"a":0,"k":{"i":[[0.552,0],[0,-0.553],[-0.552,0],[0,0.553]],"o":[[-0.552,0],[0,0.553],[0.552,0],[0,-0.553]],"v":[[0,3.5],[-1,4.5],[0,5.5],[1,4.5]],"c":true},"ix":2},"nm":"Path 9","mn":"ADBE Vector Shape - Group","hd":false},{"ind":9,"ty":"sh","ix":10,"ks":{"a":0,"k":{"i":[[0.552,0],[0,-0.553],[-0.552,0],[0,0.553]],"o":[[-0.552,0],[0,0.553],[0.552,0],[0,-0.553]],"v":[[-6,3.5],[-7,4.5],[-6,5.5],[-5,4.5]],"c":true},"ix":2},"nm":"Path 10","mn":"ADBE Vector Shape - Group","hd":false},{"ind":10,"ty":"sh","ix":11,"ks":{"a":0,"k":{"i":[[0.552,0],[0,-0.553],[-0.552,0],[0,0.553]],"o":[[-0.552,0],[0,0.553],[0.552,0],[0,-0.553]],"v":[[-12,3.5],[-13,4.5],[-12,5.5],[-11,4.5]],"c":true},"ix":2},"nm":"Path 11","mn":"ADBE Vector Shape - Group","hd":false},{"ind":11,"ty":"sh","ix":12,"ks":{"a":0,"k":{"i":[[0.553,0],[0,-0.553],[-0.553,0],[0,0.553]],"o":[[-0.553,0],[0,0.553],[0.553,0],[0,-0.553]],"v":[[3,0.5],[2,1.5],[3,2.5],[4,1.5]],"c":true},"ix":2},"nm":"Path 12","mn":"ADBE Vector Shape - Group","hd":false},{"ind":12,"ty":"sh","ix":13,"ks":{"a":0,"k":{"i":[[0.552,0],[0,-0.553],[-0.552,0],[0,0.553]],"o":[[-0.552,0],[0,0.553],[0.552,0],[0,-0.553]],"v":[[0,-2.5],[-1,-1.5],[0,-0.5],[1,-1.5]],"c":true},"ix":2},"nm":"Path 13","mn":"ADBE Vector Shape - Group","hd":false},{"ind":13,"ty":"sh","ix":14,"ks":{"a":0,"k":{"i":[[0.552,0],[0,-0.553],[-0.552,0],[0,0.553]],"o":[[-0.552,0],[0,0.553],[0.552,0],[0,-0.553]],"v":[[-3,0.5],[-4,1.5],[-3,2.5],[-2,1.5]],"c":true},"ix":2},"nm":"Path 14","mn":"ADBE Vector Shape - Group","hd":false},{"ind":14,"ty":"sh","ix":15,"ks":{"a":0,"k":{"i":[[0.552,0],[0,-0.553],[-0.552,0],[0,0.553]],"o":[[-0.552,0],[0,0.553],[0.552,0],[0,-0.553]],"v":[[-6,-2.5],[-7,-1.5],[-6,-0.5],[-5,-1.5]],"c":true},"ix":2},"nm":"Path 15","mn":"ADBE Vector Shape - Group","hd":false},{"ind":15,"ty":"sh","ix":16,"ks":{"a":0,"k":{"i":[[0.552,0],[0,-0.553],[-0.552,0],[0,0.553]],"o":[[-0.552,0],[0,0.553],[0.552,0],[0,-0.553]],"v":[[-9,0.5],[-10,1.5],[-9,2.5],[-8,1.5]],"c":true},"ix":2},"nm":"Path 16","mn":"ADBE Vector Shape - Group","hd":false},{"ind":16,"ty":"sh","ix":17,"ks":{"a":0,"k":{"i":[[0.552,0],[0,-0.553],[-0.552,0],[0,0.553]],"o":[[-0.552,0],[0,0.553],[0.552,0],[0,-0.553]],"v":[[-12,-2.5],[-13,-1.5],[-12,-0.5],[-11,-1.5]],"c":true},"ix":2},"nm":"Path 17","mn":"ADBE Vector Shape - Group","hd":false},{"ind":17,"ty":"sh","ix":18,"ks":{"a":0,"k":{"i":[[0.553,0],[0,-0.553],[-0.553,0],[0,0.553]],"o":[[-0.553,0],[0,0.553],[0.553,0],[0,-0.553]],"v":[[3,-5.5],[2,-4.5],[3,-3.5],[4,-4.5]],"c":true},"ix":2},"nm":"Path 18","mn":"ADBE Vector Shape - Group","hd":false},{"ind":18,"ty":"sh","ix":19,"ks":{"a":0,"k":{"i":[[0.552,0],[0,-0.553],[-0.552,0],[0,0.553]],"o":[[-0.552,0],[0,0.553],[0.552,0],[0,-0.553]],"v":[[-3,-5.5],[-4,-4.5],[-3,-3.5],[-2,-4.5]],"c":true},"ix":2},"nm":"Path 19","mn":"ADBE Vector Shape - Group","hd":false},{"ind":19,"ty":"sh","ix":20,"ks":{"a":0,"k":{"i":[[0.552,0],[0,-0.553],[-0.552,0],[0,0.553]],"o":[[-0.552,0],[0,0.553],[0.552,0],[0,-0.553]],"v":[[-9,-5.5],[-10,-4.5],[-9,-3.5],[-8,-4.5]],"c":true},"ix":2},"nm":"Path 20","mn":"ADBE Vector Shape - Group","hd":false},{"ind":20,"ty":"sh","ix":21,"ks":{"a":0,"k":{"i":[[0.553,0],[0,-0.553],[-0.553,0],[0,0.553]],"o":[[-0.553,0],[0,0.553],[0.553,0],[0,-0.553]],"v":[[18,3.5],[17,4.5],[18,5.5],[19,4.5]],"c":true},"ix":2},"nm":"Path 21","mn":"ADBE Vector Shape - Group","hd":false},{"ind":21,"ty":"sh","ix":22,"ks":{"a":0,"k":{"i":[[0.553,0],[0,-0.553],[-0.553,0],[0,0.553]],"o":[[-0.553,0],[0,0.553],[0.553,0],[0,-0.553]],"v":[[12,3.5],[11,4.5],[12,5.5],[13,4.5]],"c":true},"ix":2},"nm":"Path 22","mn":"ADBE Vector Shape - Group","hd":false},{"ind":22,"ty":"sh","ix":23,"ks":{"a":0,"k":{"i":[[0.553,0],[0,-0.553],[-0.553,0],[0,0.553]],"o":[[-0.553,0],[0,0.553],[0.553,0],[0,-0.553]],"v":[[6,3.5],[5,4.5],[6,5.5],[7,4.5]],"c":true},"ix":2},"nm":"Path 23","mn":"ADBE Vector Shape - Group","hd":false},{"ind":23,"ty":"sh","ix":24,"ks":{"a":0,"k":{"i":[[0.553,0],[0,-0.553],[-0.553,0],[0,0.553]],"o":[[-0.553,0],[0,0.553],[0.553,0],[0,-0.553]],"v":[[21,0.5],[20,1.5],[21,2.5],[22,1.5]],"c":true},"ix":2},"nm":"Path 24","mn":"ADBE Vector Shape - Group","hd":false},{"ind":24,"ty":"sh","ix":25,"ks":{"a":0,"k":{"i":[[0.553,0],[0,-0.553],[-0.553,0],[0,0.553]],"o":[[-0.553,0],[0,0.553],[0.553,0],[0,-0.553]],"v":[[18,-2.5],[17,-1.5],[18,-0.5],[19,-1.5]],"c":true},"ix":2},"nm":"Path 25","mn":"ADBE Vector Shape - Group","hd":false},{"ind":25,"ty":"sh","ix":26,"ks":{"a":0,"k":{"i":[[0.553,0],[0,-0.553],[-0.553,0],[0,0.553]],"o":[[-0.553,0],[0,0.553],[0.553,0],[0,-0.553]],"v":[[15,0.5],[14,1.5],[15,2.5],[16,1.5]],"c":true},"ix":2},"nm":"Path 26","mn":"ADBE Vector Shape - Group","hd":false},{"ind":26,"ty":"sh","ix":27,"ks":{"a":0,"k":{"i":[[0.553,0],[0,-0.553],[-0.553,0],[0,0.553]],"o":[[-0.553,0],[0,0.553],[0.553,0],[0,-0.553]],"v":[[12,-2.5],[11,-1.5],[12,-0.5],[13,-1.5]],"c":true},"ix":2},"nm":"Path 27","mn":"ADBE Vector Shape - Group","hd":false},{"ind":27,"ty":"sh","ix":28,"ks":{"a":0,"k":{"i":[[0.553,0],[0,-0.553],[-0.553,0],[0,0.553]],"o":[[-0.553,0],[0,0.553],[0.553,0],[0,-0.553]],"v":[[9,0.5],[8,1.5],[9,2.5],[10,1.5]],"c":true},"ix":2},"nm":"Path 28","mn":"ADBE Vector Shape - Group","hd":false},{"ind":28,"ty":"sh","ix":29,"ks":{"a":0,"k":{"i":[[0.553,0],[0,-0.553],[-0.553,0],[0,0.553]],"o":[[-0.553,0],[0,0.553],[0.553,0],[0,-0.553]],"v":[[6,-2.5],[5,-1.5],[6,-0.5],[7,-1.5]],"c":true},"ix":2},"nm":"Path 29","mn":"ADBE Vector Shape - Group","hd":false},{"ind":29,"ty":"sh","ix":30,"ks":{"a":0,"k":{"i":[[0.553,0],[0,-0.553],[-0.553,0],[0,0.553]],"o":[[-0.553,0],[0,0.553],[0.553,0],[0,-0.553]],"v":[[9,-5.5],[8,-4.5],[9,-3.5],[10,-4.5]],"c":true},"ix":2},"nm":"Path 30","mn":"ADBE Vector Shape - Group","hd":false},{"ty":"mm","mm":1,"nm":"Merge Paths 1","mn":"ADBE Vector Filter - Merge","hd":false},{"ty":"fl","c":{"a":0,"k":[0,0,0,1],"ix":4},"o":{"a":0,"k":100,"ix":5},"r":1,"bm":0,"nm":"Fill 1","mn":"ADBE Vector Graphic - Fill","hd":false},{"ty":"tr","p":{"a":0,"k":[25,42.5],"ix":2},"a":{"a":0,"k":[0,0],"ix":1},"s":{"a":0,"k":[100,100],"ix":3},"r":{"a":0,"k":0,"ix":6},"o":{"a":0,"k":100,"ix":7},"sk":{"a":0,"k":0,"ix":4},"sa":{"a":0,"k":0,"ix":5},"nm":"Transform"}],"nm":"Group 2","np":32,"cix":2,"bm":0,"ix":2,"mn":"ADBE Vector Group","hd":false}],"ip":0,"op":28,"st":0,"bm":0},{"ddd":0,"ind":5,"ty":4,"nm":"top part ","sr":1,"ks":{"o":{"a":0,"k":100,"ix":11},"r":{"a":0,"k":0,"ix":10},"p":{"a":0,"k":[25,25,0],"ix":2},"a":{"a":0,"k":[25,25,0],"ix":1},"s":{"a":0,"k":[100,100,100],"ix":6}},"ao":0,"shapes":[{"ty":"gr","it":[{"ind":0,"ty":"sh","ix":1,"ks":{"a":1,"k":[{"i":{"x":0.667,"y":1},"o":{"x":0.333,"y":0},"t":3,"s":[{"i":[[19.517,0],[-0.018,-7.808],[-0.097,-0.808],[-3,0],[0,0],[0,0],[-0.002,0.854]],"o":[[-19.518,0],[0.002,0.854],[0,0],[0,0],[3,0],[0.097,-0.808],[0.02,-7.808]],"v":[[0.001,-9.75],[-24,7.25],[-24,7.75],[-18,9.75],[18.5,9.75],[24,7.75],[24,7.25]],"c":true}]},{"i":{"x":0.833,"y":0.833},"o":{"x":0.167,"y":0.167},"t":11,"s":[{"i":[[17.886,0],[-0.016,-5.205],[-0.089,-0.539],[-2.749,0],[0,0],[0,0],[-0.002,0.569]],"o":[[-17.887,0],[0.002,0.569],[0,0],[0,0],[2.749,0],[0.089,-0.539],[0.018,-5.205]],"v":[[0.001,-26.25],[-21.994,-14.917],[-21.854,-13.25],[-16.496,-13.25],[16.954,-13.25],[21.869,-13.25],[21.994,-14.917]],"c":true}]},{"i":{"x":0.667,"y":1},"o":{"x":0.333,"y":0},"t":17,"s":[{"i":[[17.886,0],[-0.016,-5.205],[-0.089,-0.539],[-2.749,0],[0,0],[0,0],[-0.002,0.569]],"o":[[-17.887,0],[0.002,0.569],[0,0],[0,0],[2.749,0],[0.089,-0.539],[0.018,-5.205]],"v":[[0.001,-26.25],[-21.994,-14.917],[-21.854,-13.25],[-16.496,-13.25],[16.954,-13.25],[21.869,-13.25],[21.994,-14.917]],"c":true}]},{"t":25,"s":[{"i":[[19.517,0],[-0.018,-7.808],[-0.097,-0.808],[-3,0],[0,0],[0,0],[-0.002,0.854]],"o":[[-19.518,0],[0.002,0.854],[0,0],[0,0],[3,0],[0.097,-0.808],[0.02,-7.808]],"v":[[0.001,-9.75],[-24,7.25],[-24,7.75],[-18,9.75],[18.5,9.75],[24,7.75],[24,7.25]],"c":true}]}],"ix":2},"nm":"Path 1","mn":"ADBE Vector Shape - Group","hd":false},{"ty":"st","c":{"a":0,"k":[0,0,0,1],"ix":3},"o":{"a":0,"k":100,"ix":4},"w":{"a":0,"k":2,"ix":5},"lc":2,"lj":2,"bm":0,"nm":"Stroke 1","mn":"ADBE Vector Graphic - Stroke","hd":false},{"ty":"tr","p":{"a":0,"k":[25,27.25],"ix":2},"a":{"a":0,"k":[0,0],"ix":1},"s":{"a":0,"k":[100,100],"ix":3},"r":{"a":0,"k":0,"ix":6},"o":{"a":0,"k":100,"ix":7},"sk":{"a":0,"k":0,"ix":4},"sa":{"a":0,"k":0,"ix":5},"nm":"Transform"}],"nm":"Group 1","np":2,"cix":2,"bm":0,"ix":1,"mn":"ADBE Vector Group","hd":false}],"ip":0,"op":28,"st":0,"bm":0}],"markers":[]}