{"v":"5.4.4","fr":24,"ip":0,"op":28,"w":50,"h":50,"nm":"female-user","ddd":0,"assets":[],"layers":[{"ddd":0,"ind":1,"ty":4,"nm":"Left eye","sr":1,"ks":{"o":{"a":0,"k":100,"ix":11},"r":{"a":0,"k":0,"ix":10},"p":{"a":0,"k":[19.5,29.5,0],"ix":2},"a":{"a":0,"k":[19.5,29.5,0],"ix":1},"s":{"a":0,"k":[100,100,100],"ix":6}},"ao":0,"shapes":[{"ty":"gr","it":[{"ind":0,"ty":"sh","ix":1,"ks":{"a":1,"k":[{"i":{"x":0.833,"y":0.833},"o":{"x":0.333,"y":0},"t":4,"s":[{"i":[[0.829,0],[0,-0.828],[-0.829,0],[0,0.828]],"o":[[-0.829,0],[0,0.828],[0.829,0],[0,-0.828]],"v":[[-5.5,-1.5],[-7,0],[-5.5,1.5],[-4,0]],"c":true}],"e":[{"i":[[0.829,0],[0,-0.508],[-0.829,0],[0,0.508]],"o":[[-0.829,0],[0,0.508],[0.829,0],[0,-0.508]],"v":[[-5.5,-0.5],[-7,0],[-5.5,0.5],[-4,0]],"c":true}]},{"i":{"x":0.667,"y":1},"o":{"x":0.167,"y":0.167},"t":8,"s":[{"i":[[0.829,0],[0,-0.508],[-0.829,0],[0,0.508]],"o":[[-0.829,0],[0,0.508],[0.829,0],[0,-0.508]],"v":[[-5.5,-0.5],[-7,0],[-5.5,0.5],[-4,0]],"c":true}],"e":[{"i":[[0.829,0],[0,-0.828],[-0.829,0],[0,0.828]],"o":[[-0.829,0],[0,0.828],[0.829,0],[0,-0.828]],"v":[[-5.5,-1.5],[-7,0],[-5.5,1.5],[-4,0]],"c":true}]},{"t":12}],"ix":2},"nm":"Path 1","mn":"ADBE Vector Shape - Group","hd":false},{"ty":"fl","c":{"a":0,"k":[0,0,0,1],"ix":4},"o":{"a":0,"k":100,"ix":5},"r":1,"bm":0,"nm":"Fill 1","mn":"ADBE Vector Graphic - Fill","hd":false},{"ty":"tr","p":{"a":0,"k":[25,29.5],"ix":2},"a":{"a":0,"k":[0,0],"ix":1},"s":{"a":0,"k":[100,100],"ix":3},"r":{"a":0,"k":0,"ix":6},"o":{"a":0,"k":100,"ix":7},"sk":{"a":0,"k":0,"ix":4},"sa":{"a":0,"k":0,"ix":5},"nm":"Transform"}],"nm":"Group 5","np":2,"cix":2,"bm":0,"ix":1,"mn":"ADBE Vector Group","hd":false}],"ip":0,"op":28,"st":0,"bm":0},{"ddd":0,"ind":2,"ty":4,"nm":"Right eye","sr":1,"ks":{"o":{"a":0,"k":100,"ix":11},"r":{"a":0,"k":0,"ix":10},"p":{"a":0,"k":[30.5,29.5,0],"ix":2},"a":{"a":0,"k":[30.5,29.5,0],"ix":1},"s":{"a":0,"k":[100,100,100],"ix":6}},"ao":0,"shapes":[{"ty":"gr","it":[{"ind":0,"ty":"sh","ix":1,"ks":{"a":1,"k":[{"i":{"x":0.833,"y":0.833},"o":{"x":0.333,"y":0},"t":4,"s":[{"i":[[0.828,0],[0,-0.828],[-0.828,0],[0,0.828]],"o":[[-0.828,0],[0,0.828],[0.828,0],[0,-0.828]],"v":[[5.5,-1.5],[4,0],[5.5,1.5],[7,0]],"c":true}],"e":[{"i":[[0.828,0],[0,-0.492],[-0.828,0],[0,0.492]],"o":[[-0.828,0],[0,0.492],[0.828,0],[0,-0.492]],"v":[[5.5,-0.484],[4,0],[5.5,0.484],[7,0]],"c":true}]},{"i":{"x":0.667,"y":1},"o":{"x":0.167,"y":0.167},"t":8,"s":[{"i":[[0.828,0],[0,-0.492],[-0.828,0],[0,0.492]],"o":[[-0.828,0],[0,0.492],[0.828,0],[0,-0.492]],"v":[[5.5,-0.484],[4,0],[5.5,0.484],[7,0]],"c":true}],"e":[{"i":[[0.828,0],[0,-0.828],[-0.828,0],[0,0.828]],"o":[[-0.828,0],[0,0.828],[0.828,0],[0,-0.828]],"v":[[5.5,-1.5],[4,0],[5.5,1.5],[7,0]],"c":true}]},{"t":12}],"ix":2},"nm":"Path 2","mn":"ADBE Vector Shape - Group","hd":false},{"ty":"fl","c":{"a":0,"k":[0,0,0,1],"ix":4},"o":{"a":0,"k":100,"ix":5},"r":1,"bm":0,"nm":"Fill 1","mn":"ADBE Vector Graphic - Fill","hd":false},{"ty":"tr","p":{"a":0,"k":[25,29.5],"ix":2},"a":{"a":0,"k":[0,0],"ix":1},"s":{"a":0,"k":[100,100],"ix":3},"r":{"a":0,"k":0,"ix":6},"o":{"a":0,"k":100,"ix":7},"sk":{"a":0,"k":0,"ix":4},"sa":{"a":0,"k":0,"ix":5},"nm":"Transform"}],"nm":"Group 4","np":2,"cix":2,"bm":0,"ix":1,"mn":"ADBE Vector Group","hd":false}],"ip":0,"op":28,"st":0,"bm":0},{"ddd":0,"ind":3,"ty":4,"nm":"Head","sr":1,"ks":{"o":{"a":0,"k":100,"ix":11},"r":{"a":0,"k":0,"ix":10},"p":{"a":0,"k":[25,25,0],"ix":2},"a":{"a":0,"k":[25,25,0],"ix":1},"s":{"a":0,"k":[100,100,100],"ix":6}},"ao":0,"shapes":[{"ty":"gr","it":[{"ind":0,"ty":"sh","ix":1,"ks":{"a":0,"k":{"i":[[0,0],[6.065,-1.88],[0,-6.933],[0,0]],"o":[[0,0],[-3.882,1.203],[0,7.116],[0,0]],"v":[[9.25,-13.596],[1.75,-6.705],[-9.25,1.779],[-4.182,13.596]],"c":false},"ix":2},"nm":"Path 1","mn":"ADBE Vector Shape - Group","hd":false},{"ty":"st","c":{"a":0,"k":[0,0,0,1],"ix":3},"o":{"a":0,"k":100,"ix":4},"w":{"a":0,"k":2,"ix":5},"lc":2,"lj":1,"ml":10,"bm":0,"nm":"Stroke 1","mn":"ADBE Vector Graphic - Stroke","hd":false},{"ty":"tr","p":{"a":0,"k":[22.25,29.221],"ix":2},"a":{"a":0,"k":[0,0],"ix":1},"s":{"a":0,"k":[100,100],"ix":3},"r":{"a":0,"k":0,"ix":6},"o":{"a":0,"k":100,"ix":7},"sk":{"a":0,"k":0,"ix":4},"sa":{"a":0,"k":0,"ix":5},"nm":"Transform"}],"nm":"Group 1","np":2,"cix":2,"bm":0,"ix":1,"mn":"ADBE Vector Group","hd":false},{"ty":"gr","it":[{"ind":0,"ty":"sh","ix":1,"ks":{"a":0,"k":{"i":[[0,0],[0,6.071],[7.953,0],[4.53,0],[0,-10.653],[5.289,-7.183],[-9.25,-0.957],[-2.314,0],[-2.216,2.804]],"o":[[-5.369,-6.9],[0,-6.158],[-1.015,-1.049],[-10.162,0],[0,5.729],[0,0],[2.211,2.792],[2.321,0],[9.259,-0.971]],"v":[[20.35,14.147],[17.854,-4.433],[7.301,-17.839],[-1.398,-22],[-18.146,-5.23],[-20.35,14.147],[-7.139,17.749],[-0.146,22],[6.867,17.735]],"c":true},"ix":2},"nm":"Path 1","mn":"ADBE Vector Shape - Group","hd":false},{"ty":"st","c":{"a":0,"k":[0,0,0,1],"ix":3},"o":{"a":0,"k":100,"ix":4},"w":{"a":0,"k":2,"ix":5},"lc":2,"lj":2,"bm":0,"nm":"Stroke 1","mn":"ADBE Vector Graphic - Stroke","hd":false},{"ty":"tr","p":{"a":0,"k":[25.147,25.001],"ix":2},"a":{"a":0,"k":[0,0],"ix":1},"s":{"a":0,"k":[100,100],"ix":3},"r":{"a":0,"k":0,"ix":6},"o":{"a":0,"k":100,"ix":7},"sk":{"a":0,"k":0,"ix":4},"sa":{"a":0,"k":0,"ix":5},"nm":"Transform"}],"nm":"Group 2","np":2,"cix":2,"bm":0,"ix":2,"mn":"ADBE Vector Group","hd":false},{"ty":"gr","it":[{"ind":0,"ty":"sh","ix":1,"ks":{"a":0,"k":{"i":[[0,0],[0,-8.434],[0,0]],"o":[[0,0],[0,8.135],[0,0]],"v":[[-2.75,-13.564],[2.75,-0.908],[-2.262,13.564]],"c":false},"ix":2},"nm":"Path 1","mn":"ADBE Vector Shape - Group","hd":false},{"ty":"st","c":{"a":0,"k":[0,0,0,1],"ix":3},"o":{"a":0,"k":100,"ix":4},"w":{"a":0,"k":2,"ix":5},"lc":2,"lj":1,"ml":10,"bm":0,"nm":"Stroke 1","mn":"ADBE Vector Graphic - Stroke","hd":false},{"ty":"tr","p":{"a":0,"k":[34.25,29.188],"ix":2},"a":{"a":0,"k":[0,0],"ix":1},"s":{"a":0,"k":[100,100],"ix":3},"r":{"a":0,"k":0,"ix":6},"o":{"a":0,"k":100,"ix":7},"sk":{"a":0,"k":0,"ix":4},"sa":{"a":0,"k":0,"ix":5},"nm":"Transform"}],"nm":"Group 3","np":2,"cix":2,"bm":0,"ix":3,"mn":"ADBE Vector Group","hd":false}],"ip":0,"op":28,"st":0,"bm":0}],"markers":[]}