{"v":"5.5.8","fr":24,"ip":0,"op":28,"w":50,"h":50,"nm":"load-from-cloud","ddd":0,"assets":[],"layers":[{"ddd":0,"ind":1,"ty":4,"nm":"cloud","sr":1,"ks":{"o":{"a":0,"k":100,"ix":11},"r":{"a":0,"k":0,"ix":10},"p":{"a":0,"k":[25,30,0],"ix":2},"a":{"a":0,"k":[25,25,0],"ix":1},"s":{"a":0,"k":[100,100,100],"ix":6}},"ao":0,"shapes":[{"ty":"gr","it":[{"ind":0,"ty":"sh","ix":1,"ks":{"a":1,"k":[{"i":{"x":0.833,"y":0.833},"o":{"x":0.333,"y":0},"t":2,"s":[{"i":[[0,0],[0,0],[0,4.474],[4.4,0],[0,0],[0,0],[6.7,0],[1.7,-4.678],[1.7,0],[0,-5],[0,-4.067],[-5,0],[0,0]],"o":[[0,0],[5,0],[0,-4.474],[0,0],[0,0],[0,-6.813],[-5.2,0],[-1.1,-1.119],[-3,0],[-3.6,1.119],[0,4.882],[0,0],[0,0]],"v":[[-0.859,15],[16,15],[24,6.966],[16,-1],[16,-1.914],[16,-3],[4,-15],[-7,-7],[-12,-9],[-18,-2],[-24,6.152],[-15,15],[-0.794,15]],"c":false}]},{"i":{"x":0.833,"y":0.833},"o":{"x":0.167,"y":0.167},"t":3,"s":[{"i":[[0,0],[0,0],[0,4.474],[4.4,0],[0,0],[0,0],[6.7,0],[1.7,-4.678],[1.7,0],[0,-5],[0,-4.067],[-5,0],[0,0]],"o":[[0,0],[5,0],[0,-4.474],[0,0],[0,0],[0,-6.813],[-5.2,0],[-1.1,-1.119],[-3,0],[-3.6,1.119],[0,4.882],[0,0],[0,0]],"v":[[12.995,15],[16,15],[24,6.966],[16,-1],[16,-1.914],[16,-3],[4,-15],[-7,-7],[-12,-9],[-18,-2],[-24,6.152],[-15,15],[-13.003,15]],"c":false}]},{"i":{"x":0.833,"y":0.833},"o":{"x":0.167,"y":0.167},"t":7,"s":[{"i":[[0,0],[0,0],[-0.04,4.422],[3.315,0.276],[0,0],[0,0],[6.374,0.163],[0.831,-1.82],[3.336,0],[-0.268,-4.664],[-0.018,-4.067],[-4.615,-0.021],[0,0]],"o":[[0,0],[4.417,0],[0.042,-4.62],[0,0],[0,0],[0.083,-3.495],[-3.25,-0.083],[-0.971,-1.81],[-5.417,0],[-3.331,1.044],[0.021,4.772],[0,0],[0,0]],"v":[[12.995,15],[15.021,15],[23,6.995],[15.935,-0.943],[15.965,-1.428],[16,-2.005],[7,-11],[-0.497,-6.971],[-8,-11],[-16.982,-1.628],[-23,6.498],[-14.51,15],[-13.003,15]],"c":false}]},{"i":{"x":0.833,"y":0.833},"o":{"x":0.167,"y":0.167},"t":11,"s":[{"i":[[0,0],[0,0],[-0.026,4.44],[2.433,0.369],[-0.025,0.105],[0,0],[2.166,0],[0.105,-0.318],[6.682,-0.036],[-0.411,-5.285],[0.04,-3.17],[-4.751,-0.013],[0,0]],"o":[[0,0],[4.623,0],[0.027,-4.568],[0,0],[0.025,-0.105],[-0.128,-3.961],[-2.356,0],[-0.749,-2.693],[-8.234,0.044],[-3.286,1.423],[-0.06,4.704],[0,0],[0,0]],"v":[[12.995,15],[14.012,15],[21.999,7],[15.734,-0.807],[15.933,-1.582],[16.003,-2.497],[10.501,-8],[6.291,-6.036],[-4.995,-14.002],[-16.964,-1.256],[-21.999,6.504],[-13.501,15],[-13.003,15]],"c":false}]},{"i":{"x":0.833,"y":0.833},"o":{"x":0.167,"y":0.167},"t":17,"s":[{"i":[[0,0],[0,0],[-0.026,4.44],[2.433,0.369],[-0.025,0.105],[0,0],[2.166,0],[0.105,-0.318],[6.682,-0.036],[-0.411,-5.285],[0.04,-3.17],[-4.751,-0.013],[0,0]],"o":[[0,0],[4.623,0],[0.027,-4.568],[0,0],[0.025,-0.105],[-0.128,-3.961],[-2.356,0],[-0.749,-2.693],[-8.234,0.044],[-3.286,1.423],[-0.06,4.704],[0,0],[0,0]],"v":[[12.995,15],[14.012,15],[21.999,7],[15.734,-0.807],[15.933,-1.582],[16.003,-2.497],[10.501,-8],[6.291,-6.036],[-4.995,-14.002],[-16.964,-1.256],[-21.999,6.504],[-13.501,15],[-13.003,15]],"c":false}]},{"i":{"x":0.833,"y":0.833},"o":{"x":0.167,"y":0.167},"t":21,"s":[{"i":[[0,0],[0,0],[-0.04,4.422],[3.315,0.276],[0,0],[0,0],[6.374,0.163],[0.831,-1.82],[3.336,0],[-0.268,-4.664],[-0.018,-4.067],[-4.615,-0.021],[0,0]],"o":[[0,0],[4.417,0],[0.042,-4.62],[0,0],[0,0],[0.083,-3.495],[-3.25,-0.083],[-0.971,-1.81],[-5.417,0],[-3.331,1.044],[0.021,4.772],[0,0],[0,0]],"v":[[12.995,15],[15.021,15],[23,6.995],[15.935,-0.943],[15.965,-1.428],[16,-2.005],[7,-11],[-0.497,-6.971],[-8,-11],[-16.982,-1.628],[-23,6.498],[-14.51,15],[-13.003,15]],"c":false}]},{"i":{"x":0.667,"y":1},"o":{"x":0.167,"y":0.167},"t":25,"s":[{"i":[[0,0],[0,0],[0,4.474],[4.4,0],[0,0],[0,0],[6.7,0],[1.7,-4.678],[1.7,0],[0,-5],[0,-4.067],[-5,0],[0,0]],"o":[[0,0],[5,0],[0,-4.474],[0,0],[0,0],[0,-6.813],[-5.2,0],[-1.1,-1.119],[-3,0],[-3.6,1.119],[0,4.882],[0,0],[0,0]],"v":[[12.995,15],[16,15],[24,6.966],[16,-1],[16,-1.914],[16,-3],[4,-15],[-7,-7],[-12,-9],[-18,-2],[-24,6.152],[-15,15],[-13.003,15]],"c":false}]},{"t":26,"s":[{"i":[[0,0],[0,0],[0,4.474],[4.4,0],[0,0],[0,0],[6.7,0],[1.7,-4.678],[1.7,0],[0,-5],[0,-4.067],[-5,0],[0,0]],"o":[[0,0],[5,0],[0,-4.474],[0,0],[0,0],[0,-6.813],[-5.2,0],[-1.1,-1.119],[-3,0],[-3.6,1.119],[0,4.882],[0,0],[0,0]],"v":[[-0.859,15],[16,15],[24,6.966],[16,-1],[16,-1.914],[16,-3],[4,-15],[-7,-7],[-12,-9],[-18,-2],[-24,6.152],[-15,15],[-0.794,15]],"c":false}]}],"ix":2},"nm":"Path 1","mn":"ADBE Vector Shape - Group","hd":false},{"ty":"st","c":{"a":0,"k":[0,0,0,1],"ix":3},"o":{"a":0,"k":100,"ix":4},"w":{"a":0,"k":2,"ix":5},"lc":2,"lj":2,"bm":0,"nm":"Stroke 1","mn":"ADBE Vector Graphic - Stroke","hd":false},{"ty":"tr","p":{"a":0,"k":[25,20],"ix":2},"a":{"a":0,"k":[0,0],"ix":1},"s":{"a":0,"k":[100,100],"ix":3},"r":{"a":0,"k":0,"ix":6},"o":{"a":0,"k":100,"ix":7},"sk":{"a":0,"k":0,"ix":4},"sa":{"a":0,"k":0,"ix":5},"nm":"Transform"}],"nm":"Group 1","np":2,"cix":2,"bm":0,"ix":1,"mn":"ADBE Vector Group","hd":false}],"ip":0,"op":28,"st":0,"bm":0},{"ddd":0,"ind":2,"ty":4,"nm":"loader","sr":1,"ks":{"o":{"a":0,"k":100,"ix":11},"r":{"a":1,"k":[{"i":{"x":[0.667],"y":[1]},"o":{"x":[0.333],"y":[0]},"t":3,"s":[-90]},{"i":{"x":[0.833],"y":[0.833]},"o":{"x":[0.167],"y":[0.167]},"t":11,"s":[90]},{"i":{"x":[0.667],"y":[1]},"o":{"x":[0.333],"y":[0]},"t":17,"s":[90]},{"t":25,"s":[270]}],"ix":10},"p":{"a":0,"k":[25,40,0],"ix":2},"a":{"a":0,"k":[25,40,0],"ix":1},"s":{"a":0,"k":[100,100,100],"ix":6}},"ao":0,"shapes":[{"ty":"gr","it":[{"ind":0,"ty":"sh","ix":1,"ks":{"a":0,"k":{"i":[[0,-4.971],[4.971,0],[0,4.971],[-4.971,0]],"o":[[0,4.971],[-4.971,0],[0,-4.971],[4.971,0]],"v":[[9,0],[0,9],[-9,0],[0,-9]],"c":true},"ix":2},"nm":"Path 1","mn":"ADBE Vector Shape - Group","hd":false},{"ty":"tm","s":{"a":1,"k":[{"i":{"x":[0.667],"y":[1]},"o":{"x":[0.333],"y":[0]},"t":3,"s":[0]},{"i":{"x":[0.833],"y":[0.833]},"o":{"x":[0.167],"y":[0.167]},"t":11,"s":[100]},{"t":17,"s":[100]}],"ix":1},"e":{"a":1,"k":[{"i":{"x":[0.833],"y":[0.833]},"o":{"x":[0.167],"y":[0.167]},"t":11,"s":[0]},{"i":{"x":[0.667],"y":[1]},"o":{"x":[0.333],"y":[0]},"t":17,"s":[0]},{"t":25,"s":[100]}],"ix":2},"o":{"a":0,"k":0,"ix":3},"m":1,"ix":2,"nm":"Trim Paths 1","mn":"ADBE Vector Filter - Trim","hd":false},{"ty":"st","c":{"a":0,"k":[0,0,0,1],"ix":3},"o":{"a":0,"k":100,"ix":4},"w":{"a":0,"k":2,"ix":5},"lc":2,"lj":2,"bm":0,"nm":"Stroke 1","mn":"ADBE Vector Graphic - Stroke","hd":false},{"ty":"tr","p":{"a":0,"k":[25,40],"ix":2},"a":{"a":0,"k":[0,0],"ix":1},"s":{"a":0,"k":[100,100],"ix":3},"r":{"a":0,"k":0,"ix":6},"o":{"a":0,"k":100,"ix":7},"sk":{"a":0,"k":0,"ix":4},"sa":{"a":0,"k":0,"ix":5},"nm":"Transform"}],"nm":"Group 1","np":3,"cix":2,"bm":0,"ix":1,"mn":"ADBE Vector Group","hd":false}],"ip":0,"op":28,"st":0,"bm":0}],"markers":[]}