{"v":"5.6.5","fr":24,"ip":0,"op":28,"w":50,"h":50,"nm":"hand-scissors","ddd":0,"assets":[],"layers":[{"ddd":0,"ind":1,"ty":4,"nm":"Hand","sr":1,"ks":{"o":{"a":0,"k":100,"ix":11},"r":{"a":1,"k":[{"i":{"x":[0.667],"y":[1]},"o":{"x":[0.333],"y":[0]},"t":3,"s":[0]},{"i":{"x":[0.667],"y":[1]},"o":{"x":[0.333],"y":[0]},"t":14,"s":[-2]},{"t":25,"s":[0]}],"ix":10},"p":{"a":0,"k":[25,25,0],"ix":2},"a":{"a":0,"k":[25,25,0],"ix":1},"s":{"a":1,"k":[{"i":{"x":[0.667,0.667,0.667],"y":[1,1,1]},"o":{"x":[0.333,0.333,0.333],"y":[0,0,0]},"t":3,"s":[100,100,100]},{"i":{"x":[0.667,0.667,0.667],"y":[1,1,1]},"o":{"x":[0.333,0.333,0.333],"y":[0,0,0]},"t":14,"s":[99,99,100]},{"t":25,"s":[100,100,100]}],"ix":6}},"ao":0,"shapes":[{"ty":"gr","it":[{"ind":0,"ty":"sh","ix":1,"ks":{"a":1,"k":[{"i":{"x":0.833,"y":0.833},"o":{"x":0.333,"y":0},"t":3,"s":[{"i":[[0,0],[0,0],[0,0],[-1.881,0.449],[0.448,1.881],[0,0],[4.799,0.84],[0.748,-0.223],[0,0],[0,-2.742],[0,0],[-4.418,0],[0,0],[0,0]],"o":[[0,0],[0,0],[0.759,2.171],[1.88,-0.448],[0,0],[0,0],[-1.684,-0.295],[0,0],[-2.633,0.762],[0,0],[0,4.418],[0,0],[3.999,0],[0,0]],"v":[[-1.353,-3.881],[1.571,-5.476],[3.849,3.326],[8.065,5.919],[10.659,1.704],[9.172,-9.799],[4.058,-14.755],[-0.175,-14.475],[-8.976,-11.93],[-13,-5.471],[-13,7.049],[-5,15.049],[6,15.049],[13,13.049]],"c":false}]},{"i":{"x":0.667,"y":1},"o":{"x":0.167,"y":0.167},"t":14,"s":[{"i":[[0,0],[0,0],[0,0],[-1.911,0.28],[0.28,1.911],[0,0],[4.799,0.84],[0.748,-0.223],[0,0],[0,-2.742],[0,0],[-4.418,0],[0,0],[0,0]],"o":[[0,0],[0,0],[0.564,2.227],[1.91,-0.28],[0,0],[0,0],[-1.684,-0.295],[0,0],[-2.633,0.762],[0,0],[0,4.418],[0,0],[3.999,0],[0,0]],"v":[[-1.353,-3.881],[1.044,-5.828],[2.535,3.131],[6.501,6.083],[9.454,2.116],[8.988,-9.46],[4.058,-14.755],[-0.175,-14.475],[-8.976,-11.93],[-13,-5.471],[-13,7.049],[-5,15.049],[6,15.049],[13,13.049]],"c":false}]},{"t":25,"s":[{"i":[[0,0],[0,0],[0,0],[-1.881,0.449],[0.448,1.881],[0,0],[4.799,0.84],[0.748,-0.223],[0,0],[0,-2.742],[0,0],[-4.418,0],[0,0],[0,0]],"o":[[0,0],[0,0],[0.759,2.171],[1.88,-0.448],[0,0],[0,0],[-1.684,-0.295],[0,0],[-2.633,0.762],[0,0],[0,4.418],[0,0],[3.999,0],[0,0]],"v":[[-1.353,-3.881],[1.571,-5.476],[3.849,3.326],[8.065,5.919],[10.659,1.704],[9.172,-9.799],[4.058,-14.755],[-0.175,-14.475],[-8.976,-11.93],[-13,-5.471],[-13,7.049],[-5,15.049],[6,15.049],[13,13.049]],"c":false}]}],"ix":2},"nm":"Path 1","mn":"ADBE Vector Shape - Group","hd":false},{"ty":"st","c":{"a":0,"k":[0,0,0,1],"ix":3},"o":{"a":0,"k":100,"ix":4},"w":{"a":0,"k":2,"ix":5},"lc":2,"lj":2,"bm":0,"nm":"Stroke 1","mn":"ADBE Vector Graphic - Stroke","hd":false},{"ty":"tr","p":{"a":0,"k":[14,26.95],"ix":2},"a":{"a":0,"k":[0,0],"ix":1},"s":{"a":0,"k":[100,100],"ix":3},"r":{"a":0,"k":0,"ix":6},"o":{"a":0,"k":100,"ix":7},"sk":{"a":0,"k":0,"ix":4},"sa":{"a":0,"k":0,"ix":5},"nm":"Transform"}],"nm":"Group 1","np":2,"cix":2,"bm":0,"ix":1,"mn":"ADBE Vector Group","hd":false},{"ty":"gr","it":[{"ind":0,"ty":"sh","ix":1,"ks":{"a":1,"k":[{"i":{"x":0.833,"y":0.833},"o":{"x":0.333,"y":0},"t":3,"s":[{"i":[[0,0],[0,0],[0,-1.657],[1.657,0],[0,0]],"o":[[0,0],[1.657,0],[0,1.657],[0,0],[0,0]],"v":[[-5.5,-3],[2.5,-3],[5.5,0],[2.5,3],[-1.5,3]],"c":false}]},{"i":{"x":0.667,"y":1},"o":{"x":0.167,"y":0.167},"t":9,"s":[{"i":[[0,0],[0,0],[0,-1.657],[1.657,0],[0,0]],"o":[[0,0],[1.657,0],[0,1.657],[0,0],[0,0]],"v":[[-5.512,-2.979],[1.95,-3],[4.95,0],[1.95,3],[-1.5,3]],"c":false}]},{"i":{"x":0.833,"y":0.833},"o":{"x":0.333,"y":0},"t":14,"s":[{"i":[[0,0],[0,0],[0,-1.657],[1.657,0],[0,0]],"o":[[0,0],[1.657,0],[0,1.657],[0,0],[0,0]],"v":[[-6.336,-2.972],[1.531,-3],[4.531,0],[1.531,3],[-1.5,3]],"c":false}]},{"i":{"x":0.833,"y":0.833},"o":{"x":0.167,"y":0.167},"t":19,"s":[{"i":[[0,0],[0,0],[0,-1.657],[1.657,0],[0,0]],"o":[[0,0],[1.657,0],[0,1.657],[0,0],[0,0]],"v":[[-5.566,-2.982],[1.95,-3],[4.95,0],[1.95,3],[-1.5,3]],"c":false}]},{"i":{"x":0.667,"y":1},"o":{"x":0.167,"y":0.167},"t":23,"s":[{"i":[[0,0],[0,0],[0,-1.657],[1.657,0],[0,0]],"o":[[0,0],[1.657,0],[0,1.657],[0,0],[0,0]],"v":[[-5.419,-3.001],[2.398,-3],[5.398,0],[2.398,3],[-1.5,3]],"c":false}]},{"t":25,"s":[{"i":[[0,0],[0,0],[0,-1.657],[1.657,0],[0,0]],"o":[[0,0],[1.657,0],[0,1.657],[0,0],[0,0]],"v":[[-5.547,-3],[2.5,-3],[5.5,0],[2.5,3],[-1.5,3]],"c":false}]}],"ix":2},"nm":"Path 1","mn":"ADBE Vector Shape - Group","hd":false},{"ty":"st","c":{"a":0,"k":[0,0,0,1],"ix":3},"o":{"a":0,"k":100,"ix":4},"w":{"a":0,"k":2,"ix":5},"lc":2,"lj":2,"bm":0,"nm":"Stroke 1","mn":"ADBE Vector Graphic - Stroke","hd":false},{"ty":"tr","p":{"a":0,"k":[30.5,31],"ix":2},"a":{"a":0,"k":[0,0],"ix":1},"s":{"a":0,"k":[100,100],"ix":3},"r":{"a":0,"k":0,"ix":6},"o":{"a":0,"k":100,"ix":7},"sk":{"a":0,"k":0,"ix":4},"sa":{"a":0,"k":0,"ix":5},"nm":"Transform"}],"nm":"Group 2","np":2,"cix":2,"bm":0,"ix":2,"mn":"ADBE Vector Group","hd":false},{"ty":"gr","it":[{"ind":0,"ty":"sh","ix":1,"ks":{"a":1,"k":[{"i":{"x":0.667,"y":1},"o":{"x":0.333,"y":0},"t":3,"s":[{"i":[[0,0],[0,0],[0,-1.657],[2,0],[0,0]],"o":[[0,0],[1.792,0.354],[0,1.657],[0,0],[0,0]],"v":[[-11,-4.5],[8,-1.5],[11,1.5],[8,4.5],[-2,3.5]],"c":false}]},{"i":{"x":0.833,"y":0.833},"o":{"x":0.333,"y":0},"t":5,"s":[{"i":[[0,0],[0,0],[0.16,-1.649],[1.991,0.193],[0,0]],"o":[[0,0],[1.75,0.525],[-0.16,1.649],[0,0],[0,0]],"v":[[-11,-4.5],[7.269,-0.667],[9.966,2.608],[6.691,5.305],[-2,3.5]],"c":false}]},{"i":{"x":0.667,"y":1},"o":{"x":0.167,"y":0.167},"t":9,"s":[{"i":[[0,0],[0,0],[-0.23,-1.641],[1.981,-0.278],[0,0]],"o":[[0,0],[1.824,0.101],[0.23,1.641],[0,0],[0,0]],"v":[[-11,-4.5],[7.566,-4.606],[10.954,-2.052],[8.4,1.336],[-3.688,1.719]],"c":false}]},{"i":{"x":0.833,"y":0.833},"o":{"x":0.333,"y":0},"t":14,"s":[{"i":[[0,0],[0,0],[-0.077,-1.652],[1.994,-0.093],[0,0]],"o":[[0,0],[1.803,0.27],[0.077,1.652],[0,0],[0,0]],"v":[[-11,-4.5],[7.855,-2.535],[10.985,0.316],[8.133,3.445],[-3.219,2.969]],"c":false}]},{"i":{"x":0.667,"y":1},"o":{"x":0.167,"y":0.167},"t":19,"s":[{"i":[[0,0],[0,0],[-0.23,-1.641],[1.981,-0.278],[0,0]],"o":[[0,0],[1.824,0.101],[0.23,1.641],[0,0],[0,0]],"v":[[-11,-4.5],[7.566,-4.606],[10.954,-2.052],[8.4,1.336],[-3.688,1.719]],"c":false}]},{"i":{"x":0.667,"y":1},"o":{"x":0.333,"y":0},"t":23,"s":[{"i":[[0,0],[0,0],[0.16,-1.649],[1.991,0.193],[0,0]],"o":[[0,0],[1.75,0.525],[-0.16,1.649],[0,0],[0,0]],"v":[[-11,-4.5],[7.269,-0.667],[9.966,2.608],[6.691,5.305],[-2,3.5]],"c":false}]},{"t":25,"s":[{"i":[[0,0],[0,0],[0,-1.657],[2,0],[0,0]],"o":[[0,0],[1.792,0.354],[0,1.657],[0,0],[0,0]],"v":[[-11,-4.5],[8,-1.5],[11,1.5],[8,4.5],[-2,3.5]],"c":false}]}],"ix":2},"nm":"Path 1","mn":"ADBE Vector Shape - Group","hd":false},{"ty":"st","c":{"a":0,"k":[0,0,0,1],"ix":3},"o":{"a":0,"k":100,"ix":4},"w":{"a":0,"k":2,"ix":5},"lc":2,"lj":2,"bm":0,"nm":"Stroke 1","mn":"ADBE Vector Graphic - Stroke","hd":false},{"ty":"tr","p":{"a":0,"k":[38,26.5],"ix":2},"a":{"a":0,"k":[0,0],"ix":1},"s":{"a":0,"k":[100,100],"ix":3},"r":{"a":0,"k":0,"ix":6},"o":{"a":0,"k":100,"ix":7},"sk":{"a":0,"k":0,"ix":4},"sa":{"a":0,"k":0,"ix":5},"nm":"Transform"}],"nm":"Group 3","np":2,"cix":2,"bm":0,"ix":3,"mn":"ADBE Vector Group","hd":false},{"ty":"gr","it":[{"ind":0,"ty":"sh","ix":1,"ks":{"a":1,"k":[{"i":{"x":0.667,"y":1},"o":{"x":0.333,"y":0},"t":3,"s":[{"i":[[0,0],[0,0],[0.019,-1.584],[0,0],[2,-0.521],[0,0]],"o":[[0,0],[2.292,-0.417],[0,0],[-0.022,1.375],[0,0],[0,0]],"v":[[-11.512,-0.303],[8.201,-5.282],[11.493,-2.74],[11.493,-2.301],[8.493,0.699],[-7.507,5.699]],"c":false}]},{"i":{"x":0.833,"y":0.833},"o":{"x":0.333,"y":0},"t":5,"s":[{"i":[[0,0],[0,0],[-0.262,-1.562],[0,0],[1.876,-0.867],[0,0]],"o":[[0,0],[2.182,-0.816],[0,0],[0.222,1.357],[0,0],[0,0]],"v":[[-11.512,-0.303],[7.079,-5.914],[10.769,-3.994],[10.846,-3.563],[8.424,-0.079],[-7.507,5.699]],"c":false}]},{"i":{"x":0.667,"y":1},"o":{"x":0.167,"y":0.167},"t":9,"s":[{"i":[[0,0],[0,0],[0.321,-1.551],[0,0],[2.063,-0.129],[0,0]],"o":[[0,0],[2.329,0.029],[0,0],[-0.284,1.345],[0,0],[0,0]],"v":[[-11.512,-0.303],[9.888,-0.297],[12.634,2.828],[12.55,3.258],[9.032,5.629],[-7.507,5.699]],"c":false}]},{"i":{"x":0.833,"y":0.833},"o":{"x":0.333,"y":0},"t":14,"s":[{"i":[[0,0],[0,0],[0.12,-1.573],[0,0],[2.021,-0.39],[0,0]],"o":[[0,0],[2.304,-0.268],[0,0],[-0.109,1.365],[0,0],[0,0]],"v":[[-11.512,-0.303],[8.763,-3.62],[11.873,-0.884],[11.845,-0.448],[8.673,2.342],[-7.507,5.699]],"c":false}]},{"i":{"x":0.667,"y":1},"o":{"x":0.167,"y":0.167},"t":19,"s":[{"i":[[0,0],[0,0],[0.321,-1.551],[0,0],[2.063,-0.129],[0,0]],"o":[[0,0],[2.329,0.029],[0,0],[-0.284,1.345],[0,0],[0,0]],"v":[[-11.512,-0.303],[9.888,-0.297],[12.634,2.828],[12.55,3.258],[9.032,5.629],[-7.507,5.699]],"c":false}]},{"i":{"x":0.667,"y":1},"o":{"x":0.333,"y":0},"t":23,"s":[{"i":[[0,0],[0,0],[-0.262,-1.562],[0,0],[1.876,-0.867],[0,0]],"o":[[0,0],[2.182,-0.816],[0,0],[0.222,1.357],[0,0],[0,0]],"v":[[-11.512,-0.303],[7.079,-5.914],[10.769,-3.994],[10.846,-3.563],[8.424,-0.079],[-7.507,5.699]],"c":false}]},{"t":25,"s":[{"i":[[0,0],[0,0],[0.019,-1.584],[0,0],[2,-0.521],[0,0]],"o":[[0,0],[2.292,-0.417],[0,0],[-0.022,1.375],[0,0],[0,0]],"v":[[-11.512,-0.303],[8.201,-5.282],[11.493,-2.74],[11.493,-2.301],[8.493,0.699],[-7.507,5.699]],"c":false}]}],"ix":2},"nm":"Path 1","mn":"ADBE Vector Shape - Group","hd":false},{"ty":"st","c":{"a":0,"k":[0,0,0,1],"ix":3},"o":{"a":0,"k":100,"ix":4},"w":{"a":0,"k":2,"ix":5},"lc":2,"lj":2,"bm":0,"nm":"Stroke 1","mn":"ADBE Vector Graphic - Stroke","hd":false},{"ty":"tr","p":{"a":0,"k":[34.507,16.303],"ix":2},"a":{"a":0,"k":[0,0],"ix":1},"s":{"a":0,"k":[100,100],"ix":3},"r":{"a":0,"k":0,"ix":6},"o":{"a":0,"k":100,"ix":7},"sk":{"a":0,"k":0,"ix":4},"sa":{"a":0,"k":0,"ix":5},"nm":"Transform"}],"nm":"Group 4","np":2,"cix":2,"bm":0,"ix":4,"mn":"ADBE Vector Group","hd":false},{"ty":"gr","it":[{"ind":0,"ty":"sh","ix":1,"ks":{"a":1,"k":[{"i":{"x":0.667,"y":1},"o":{"x":0.333,"y":0},"t":3,"s":[{"i":[[0,1.657],[0,0],[-1.657,0],[0,0],[0,-1.657],[1.657,0],[0,0]],"o":[[0,0],[0,-1.657],[0,0],[1.657,0],[0,1.657],[0,0],[-1.657,0]],"v":[[-6.5,0],[-6.5,0],[-3.5,-3],[3.5,-3],[6.5,0],[3.5,3],[-3.5,3]],"c":true}]},{"i":{"x":0.667,"y":1},"o":{"x":0.333,"y":0},"t":14,"s":[{"i":[[0,1.657],[0,0],[-1.657,0],[0,0],[0,-1.657],[1.657,0],[0,0]],"o":[[0,0],[0,-1.657],[0,0],[1.657,0],[0,1.657],[0,0],[-1.657,0]],"v":[[-6.875,0],[-6.875,0],[-3.875,-3],[2.563,-3],[5.563,0],[2.563,3],[-3.875,3]],"c":true}]},{"t":25,"s":[{"i":[[0,1.657],[0,0],[-1.657,0],[0,0],[0,-1.657],[1.657,0],[0,0]],"o":[[0,0],[0,-1.657],[0,0],[1.657,0],[0,1.657],[0,0],[-1.657,0]],"v":[[-6.5,0],[-6.5,0],[-3.5,-3],[3.5,-3],[6.5,0],[3.5,3],[-3.5,3]],"c":true}]}],"ix":2},"nm":"Path 1","mn":"ADBE Vector Shape - Group","hd":false},{"ty":"st","c":{"a":0,"k":[0,0,0,1],"ix":3},"o":{"a":0,"k":100,"ix":4},"w":{"a":0,"k":2,"ix":5},"lc":2,"lj":2,"bm":0,"nm":"Stroke 1","mn":"ADBE Vector Graphic - Stroke","hd":false},{"ty":"tr","p":{"a":0,"k":[26.5,37],"ix":2},"a":{"a":0,"k":[0,0],"ix":1},"s":{"a":0,"k":[100,100],"ix":3},"r":{"a":0,"k":0,"ix":6},"o":{"a":0,"k":100,"ix":7},"sk":{"a":0,"k":0,"ix":4},"sa":{"a":0,"k":0,"ix":5},"nm":"Transform"}],"nm":"Group 5","np":2,"cix":2,"bm":0,"ix":5,"mn":"ADBE Vector Group","hd":false},{"ty":"gr","it":[{"ind":0,"ty":"sh","ix":1,"ks":{"a":1,"k":[{"i":{"x":0.667,"y":1},"o":{"x":0.333,"y":0},"t":3,"s":[{"i":[[0,0],[0,0]],"o":[[5.682,-0.99],[0,0]],"v":[[-3.995,2.764],[3.995,-2.764]],"c":false}]},{"i":{"x":0.667,"y":1},"o":{"x":0.333,"y":0},"t":14,"s":[{"i":[[0,0],[0,0]],"o":[[5.682,-0.99],[0,0]],"v":[[-3.995,2.764],[3.307,-1.764]],"c":false}]},{"t":25,"s":[{"i":[[0,0],[0,0]],"o":[[5.682,-0.99],[0,0]],"v":[[-3.995,2.764],[3.995,-2.764]],"c":false}]}],"ix":2},"nm":"Path 1","mn":"ADBE Vector Shape - Group","hd":false},{"ty":"st","c":{"a":0,"k":[0,0,0,1],"ix":3},"o":{"a":0,"k":100,"ix":4},"w":{"a":0,"k":2,"ix":5},"lc":2,"lj":2,"bm":0,"nm":"Stroke 1","mn":"ADBE Vector Graphic - Stroke","hd":false},{"ty":"tr","p":{"a":0,"k":[11.995,26.231],"ix":2},"a":{"a":0,"k":[0,0],"ix":1},"s":{"a":0,"k":[100,100],"ix":3},"r":{"a":0,"k":0,"ix":6},"o":{"a":0,"k":100,"ix":7},"sk":{"a":0,"k":0,"ix":4},"sa":{"a":0,"k":0,"ix":5},"nm":"Transform"}],"nm":"Group 6","np":2,"cix":2,"bm":0,"ix":6,"mn":"ADBE Vector Group","hd":false}],"ip":0,"op":28,"st":0,"bm":0}],"markers":[]}