{"v":"5.4.4","fr":24,"ip":0,"op":28,"w":50,"h":50,"nm":"two-circles-1","ddd":0,"assets":[],"layers":[{"ddd":0,"ind":1,"ty":4,"nm":"Circle 2","sr":1,"ks":{"o":{"a":0,"k":100,"ix":11},"r":{"a":0,"k":0,"ix":10},"p":{"a":1,"k":[{"i":{"x":0.833,"y":0.833},"o":{"x":0.731,"y":0},"t":2,"s":[25,25,0],"e":[8.25,17.75,0],"to":[-4.229,-4.333,0],"ti":[5.75,-0.563,0]},{"i":{"x":0.375,"y":1},"o":{"x":0.167,"y":0.167},"t":14,"s":[8.25,17.75,0],"e":[1,25,0],"to":[-3.981,0.389,0],"ti":[0.146,-2.271,0]},{"t":26}],"ix":2},"a":{"a":0,"k":[25,25,0],"ix":1},"s":{"a":1,"k":[{"i":{"x":[0.833,0.833,0.833],"y":[0.833,0.833,-5.667]},"o":{"x":[0.731,0.731,0.333],"y":[0,0,0]},"t":2,"s":[100,100,100],"e":[140,140,100]},{"i":{"x":[0.375,0.375,0.667],"y":[1,1,1]},"o":{"x":[0.167,0.167,0.167],"y":[0.167,0.167,-11.429]},"t":14,"s":[140,140,100],"e":[100,100,100]},{"t":26}],"ix":6}},"ao":0,"shapes":[{"ty":"gr","it":[{"ind":0,"ty":"sh","ix":1,"ks":{"a":0,"k":{"i":[[4.971,0],[0,-4.971],[-4.971,0],[0,4.971]],"o":[[-4.971,0],[0,4.971],[4.971,0],[0,-4.971]],"v":[[0,-9],[-9,0],[0,9],[9,0]],"c":true},"ix":2},"nm":"Path 1","mn":"ADBE Vector Shape - Group","hd":false},{"ty":"st","c":{"a":0,"k":[0,0,0,1],"ix":3},"o":{"a":0,"k":100,"ix":4},"w":{"a":0,"k":2,"ix":5},"lc":2,"lj":1,"ml":10,"bm":0,"nm":"Stroke 1","mn":"ADBE Vector Graphic - Stroke","hd":false},{"ty":"tr","p":{"a":0,"k":[37,25],"ix":2},"a":{"a":0,"k":[0,0],"ix":1},"s":{"a":0,"k":[100,100],"ix":3},"r":{"a":0,"k":0,"ix":6},"o":{"a":0,"k":100,"ix":7},"sk":{"a":0,"k":0,"ix":4},"sa":{"a":0,"k":0,"ix":5},"nm":"Transform"}],"nm":"Group 2","np":2,"cix":2,"bm":0,"ix":1,"mn":"ADBE Vector Group","hd":false}],"ip":0,"op":28,"st":0,"bm":0},{"ddd":0,"ind":2,"ty":4,"nm":"Circle 1","sr":1,"ks":{"o":{"a":0,"k":100,"ix":11},"r":{"a":0,"k":0,"ix":10},"p":{"a":1,"k":[{"i":{"x":0.833,"y":0.833},"o":{"x":0.731,"y":0},"t":2,"s":[25,25,0],"e":[26,36.25,0],"to":[-2.833,4.396,0],"ti":[-3.942,-1.714,0]},{"i":{"x":0.375,"y":1},"o":{"x":0.167,"y":0.167},"t":14,"s":[26,36.25,0],"e":[49,25,0],"to":[5.476,2.381,0],"ti":[-6.521,11.708,0]},{"t":26}],"ix":2},"a":{"a":0,"k":[25,25,0],"ix":1},"s":{"a":1,"k":[{"i":{"x":[0.833,0.833,0.833],"y":[0.833,0.833,-15.667]},"o":{"x":[0.731,0.731,0.333],"y":[0,0,0]},"t":2,"s":[100,100,100],"e":[20,20,100]},{"i":{"x":[0.375,0.375,0.667],"y":[1,1,1]},"o":{"x":[0.167,0.167,0.167],"y":[0.167,0.167,-5.556]},"t":14,"s":[20,20,100],"e":[100,100,100]},{"t":26}],"ix":6}},"ao":0,"shapes":[{"ty":"gr","it":[{"ind":0,"ty":"sh","ix":1,"ks":{"a":0,"k":{"i":[[4.971,0],[0,-4.971],[-4.971,0],[0,4.971]],"o":[[-4.971,0],[0,4.971],[4.971,0],[0,-4.971]],"v":[[0,-9],[-9,0],[0,9],[9,0]],"c":true},"ix":2},"nm":"Path 1","mn":"ADBE Vector Shape - Group","hd":false},{"ty":"st","c":{"a":0,"k":[0,0,0,1],"ix":3},"o":{"a":0,"k":100,"ix":4},"w":{"a":0,"k":2,"ix":5},"lc":2,"lj":1,"ml":10,"bm":0,"nm":"Stroke 1","mn":"ADBE Vector Graphic - Stroke","hd":false},{"ty":"tr","p":{"a":0,"k":[13,25],"ix":2},"a":{"a":0,"k":[0,0],"ix":1},"s":{"a":0,"k":[100,100],"ix":3},"r":{"a":0,"k":0,"ix":6},"o":{"a":0,"k":100,"ix":7},"sk":{"a":0,"k":0,"ix":4},"sa":{"a":0,"k":0,"ix":5},"nm":"Transform"}],"nm":"Group 1","np":2,"cix":2,"bm":0,"ix":1,"mn":"ADBE Vector Group","hd":false}],"ip":0,"op":28,"st":0,"bm":0}],"markers":[]}