{"v":"5.4.4","fr":24,"ip":0,"op":28,"w":50,"h":50,"nm":"pencil","ddd":0,"assets":[],"layers":[{"ddd":0,"ind":1,"ty":4,"nm":"circle Outlines","sr":1,"ks":{"o":{"a":0,"k":100,"ix":11},"r":{"a":0,"k":-135,"ix":10},"p":{"a":0,"k":[25,25,0],"ix":2},"a":{"a":0,"k":[25,25,0],"ix":1},"s":{"a":0,"k":[100,100,100],"ix":6}},"ao":0,"shapes":[{"ty":"gr","it":[{"ind":0,"ty":"sh","ix":1,"ks":{"a":0,"k":{"i":[[12.1,0],[0,-12.1],[-12.1,0],[0,12.1]],"o":[[-12.1,0],[0,12.1],[12.1,0],[0,-12.1]],"v":[[0,-22],[-22,0],[0,22],[22,0]],"c":true},"ix":2},"nm":"Path 1","mn":"ADBE Vector Shape - Group","hd":false},{"ty":"st","c":{"a":0,"k":[0,0,0,1],"ix":3},"o":{"a":0,"k":100,"ix":4},"w":{"a":0,"k":2,"ix":5},"lc":2,"lj":2,"bm":0,"nm":"Stroke 1","mn":"ADBE Vector Graphic - Stroke","hd":false},{"ty":"tr","p":{"a":0,"k":[25,25],"ix":2},"a":{"a":0,"k":[0,0],"ix":1},"s":{"a":0,"k":[100,100],"ix":3},"r":{"a":0,"k":0,"ix":6},"o":{"a":0,"k":100,"ix":7},"sk":{"a":0,"k":0,"ix":4},"sa":{"a":0,"k":0,"ix":5},"nm":"Transform"}],"nm":"Group 1","np":2,"cix":2,"bm":0,"ix":1,"mn":"ADBE Vector Group","hd":false},{"ty":"tm","s":{"a":1,"k":[{"i":{"x":[0.833],"y":[0.833]},"o":{"x":[0.167],"y":[0.167]},"t":3,"s":[100],"e":[100]},{"i":{"x":[0.667],"y":[1]},"o":{"x":[0.333],"y":[0]},"t":8,"s":[100],"e":[0]},{"i":{"x":[0.833],"y":[0.833]},"o":{"x":[0.167],"y":[0.167]},"t":23,"s":[0],"e":[0]},{"t":25}],"ix":1},"e":{"a":1,"k":[{"i":{"x":[0.667],"y":[1]},"o":{"x":[0.333],"y":[0]},"t":13,"s":[100],"e":[0]},{"t":23}],"ix":2},"o":{"a":0,"k":0,"ix":3},"m":1,"ix":2,"nm":"Trim Paths 1","mn":"ADBE Vector Filter - Trim","hd":false}],"ip":0,"op":28,"st":0,"bm":0},{"ddd":0,"ind":2,"ty":4,"nm":"pencil Outlines","sr":1,"ks":{"o":{"a":0,"k":100,"ix":11},"r":{"a":1,"k":[{"i":{"x":[0.667],"y":[1]},"o":{"x":[0.333],"y":[0]},"t":8,"s":[0],"e":[360]},{"t":23}],"ix":10},"p":{"a":0,"k":[25,25,0],"ix":2},"a":{"a":0,"k":[25,25,0],"ix":1},"s":{"a":0,"k":[100,100,100],"ix":6}},"ao":0,"shapes":[{"ty":"gr","it":[{"ind":0,"ty":"sh","ix":1,"ks":{"a":1,"k":[{"i":{"x":0.667,"y":1},"o":{"x":0.333,"y":0},"t":3,"s":[{"i":[[0,0],[0,0],[0,0]],"o":[[0,0],[0,0],[0,0]],"v":[[-0.95,-1.75],[1.75,0.95],[-1.75,1.75]],"c":true}],"e":[{"i":[[0,0],[0,0],[0,0]],"o":[[0,0],[0,0],[0,0]],"v":[[-1.794,-0.906],[0.906,1.794],[-2.594,2.594]],"c":true}]},{"i":{"x":0.667,"y":1},"o":{"x":0.333,"y":0},"t":5,"s":[{"i":[[0,0],[0,0],[0,0]],"o":[[0,0],[0,0],[0,0]],"v":[[-1.794,-0.906],[0.906,1.794],[-2.594,2.594]],"c":true}],"e":[{"i":[[0,0],[0,0],[0,0]],"o":[[0,0],[0,0],[0,0]],"v":[[4.894,-7.594],[7.594,-4.894],[4.094,-4.094]],"c":true}]},{"i":{"x":0.833,"y":0.833},"o":{"x":0.167,"y":0.167},"t":8,"s":[{"i":[[0,0],[0,0],[0,0]],"o":[[0,0],[0,0],[0,0]],"v":[[4.894,-7.594],[7.594,-4.894],[4.094,-4.094]],"c":true}],"e":[{"i":[[0,0],[0,0],[0,0]],"o":[[0,0],[0,0],[0,0]],"v":[[4.894,-7.594],[7.594,-4.894],[4.094,-4.094]],"c":true}]},{"i":{"x":0.667,"y":1},"o":{"x":0.333,"y":0},"t":23,"s":[{"i":[[0,0],[0,0],[0,0]],"o":[[0,0],[0,0],[0,0]],"v":[[4.894,-7.594],[7.594,-4.894],[4.094,-4.094]],"c":true}],"e":[{"i":[[0,0],[0,0],[0,0]],"o":[[0,0],[0,0],[0,0]],"v":[[-0.95,-1.75],[1.75,0.95],[-1.75,1.75]],"c":true}]},{"t":28}],"ix":2},"nm":"Path 1","mn":"ADBE Vector Shape - Group","hd":false},{"ty":"fl","c":{"a":0,"k":[0,0,0,1],"ix":4},"o":{"a":0,"k":100,"ix":5},"r":1,"bm":0,"nm":"Fill 1","mn":"ADBE Vector Graphic - Fill","hd":false},{"ty":"tr","p":{"a":0,"k":[6.25,43.75],"ix":2},"a":{"a":0,"k":[0,0],"ix":1},"s":{"a":0,"k":[100,100],"ix":3},"r":{"a":0,"k":0,"ix":6},"o":{"a":0,"k":100,"ix":7},"sk":{"a":0,"k":0,"ix":4},"sa":{"a":0,"k":0,"ix":5},"nm":"Transform"}],"nm":"Group 2","np":2,"cix":2,"bm":0,"ix":1,"mn":"ADBE Vector Group","hd":false},{"ty":"gr","it":[{"ind":0,"ty":"sh","ix":1,"ks":{"a":1,"k":[{"i":{"x":0.667,"y":1},"o":{"x":0.333,"y":0},"t":3,"s":[{"i":[[0,0],[0,0],[0,0],[0,0],[0,0]],"o":[[0,0],[0,0],[0,0],[0,0],[0,0]],"v":[[-16.3,11.1],[-14.7,12.701],[-12.7,12.701],[-12.7,14.701],[-11.1,16.299]],"c":false}],"e":[{"i":[[0,0],[0,0],[0,0],[0,0],[0,0]],"o":[[0,0],[0,0],[0,0],[0,0],[0,0]],"v":[[-17.144,11.944],[-15.544,13.544],[-13.544,13.544],[-13.544,15.544],[-11.944,17.143]],"c":false}]},{"i":{"x":0.667,"y":1},"o":{"x":0.333,"y":0},"t":5,"s":[{"i":[[0,0],[0,0],[0,0],[0,0],[0,0]],"o":[[0,0],[0,0],[0,0],[0,0],[0,0]],"v":[[-17.144,11.944],[-15.544,13.544],[-13.544,13.544],[-13.544,15.544],[-11.944,17.143]],"c":false}],"e":[{"i":[[0,0],[0,0],[0,0],[0,0],[0,0]],"o":[[0,0],[0,0],[0,0],[0,0],[0,0]],"v":[[-10.456,5.257],[-8.856,6.857],[-6.856,6.857],[-6.856,8.857],[-5.256,10.456]],"c":false}]},{"i":{"x":0.833,"y":0.833},"o":{"x":0.167,"y":0.167},"t":8,"s":[{"i":[[0,0],[0,0],[0,0],[0,0],[0,0]],"o":[[0,0],[0,0],[0,0],[0,0],[0,0]],"v":[[-10.456,5.257],[-8.856,6.857],[-6.856,6.857],[-6.856,8.857],[-5.256,10.456]],"c":false}],"e":[{"i":[[0,0],[0,0],[0,0],[0,0],[0,0]],"o":[[0,0],[0,0],[0,0],[0,0],[0,0]],"v":[[-10.456,5.257],[-8.856,6.857],[-6.856,6.857],[-6.856,8.857],[-5.256,10.456]],"c":false}]},{"i":{"x":0.667,"y":1},"o":{"x":0.333,"y":0},"t":23,"s":[{"i":[[0,0],[0,0],[0,0],[0,0],[0,0]],"o":[[0,0],[0,0],[0,0],[0,0],[0,0]],"v":[[-10.456,5.257],[-8.856,6.857],[-6.856,6.857],[-6.856,8.857],[-5.256,10.456]],"c":false}],"e":[{"i":[[0,0],[0,0],[0,0],[0,0],[0,0]],"o":[[0,0],[0,0],[0,0],[0,0],[0,0]],"v":[[-16.3,11.1],[-14.7,12.701],[-12.7,12.701],[-12.7,14.701],[-11.1,16.299]],"c":false}]},{"t":28}],"ix":2},"nm":"Path 1","mn":"ADBE Vector Shape - Group","hd":false},{"ind":1,"ty":"sh","ix":2,"ks":{"a":1,"k":[{"i":{"x":0.667,"y":1},"o":{"x":0.333,"y":0},"t":3,"s":[{"i":[[0,0],[0,0]],"o":[[0,0],[0,0]],"v":[[10.9,-16.299],[16.3,-10.9]],"c":false}],"e":[{"i":[[0,0],[0,0]],"o":[[0,0],[0,0]],"v":[[11.852,-17.253],[17.252,-11.853]],"c":false}]},{"i":{"x":0.667,"y":1},"o":{"x":0.333,"y":0},"t":5,"s":[{"i":[[0,0],[0,0]],"o":[[0,0],[0,0]],"v":[[11.852,-17.253],[17.252,-11.853]],"c":false}],"e":[{"i":[[0,0],[0,0]],"o":[[0,0],[0,0]],"v":[[6.365,-11.772],[11.765,-6.372]],"c":false}]},{"i":{"x":0.833,"y":0.833},"o":{"x":0.167,"y":0.167},"t":8,"s":[{"i":[[0,0],[0,0]],"o":[[0,0],[0,0]],"v":[[6.365,-11.772],[11.765,-6.372]],"c":false}],"e":[{"i":[[0,0],[0,0]],"o":[[0,0],[0,0]],"v":[[6.365,-11.772],[11.765,-6.372]],"c":false}]},{"i":{"x":0.667,"y":1},"o":{"x":0.333,"y":0},"t":23,"s":[{"i":[[0,0],[0,0]],"o":[[0,0],[0,0]],"v":[[6.365,-11.772],[11.765,-6.372]],"c":false}],"e":[{"i":[[0,0],[0,0]],"o":[[0,0],[0,0]],"v":[[10.9,-16.299],[16.3,-10.9]],"c":false}]},{"t":28}],"ix":2},"nm":"Path 2","mn":"ADBE Vector Shape - Group","hd":false},{"ty":"mm","mm":1,"nm":"Merge Paths 1","mn":"ADBE Vector Filter - Merge","hd":false},{"ty":"st","c":{"a":0,"k":[0,0,0,1],"ix":3},"o":{"a":0,"k":100,"ix":4},"w":{"a":0,"k":2,"ix":5},"lc":2,"lj":2,"bm":0,"nm":"Stroke 1","mn":"ADBE Vector Graphic - Stroke","hd":false},{"ty":"tr","p":{"a":0,"k":[23.7,26.3],"ix":2},"a":{"a":0,"k":[0,0],"ix":1},"s":{"a":0,"k":[100,100],"ix":3},"r":{"a":0,"k":0,"ix":6},"o":{"a":0,"k":100,"ix":7},"sk":{"a":0,"k":0,"ix":4},"sa":{"a":0,"k":0,"ix":5},"nm":"Transform"}],"nm":"Group 3","np":4,"cix":2,"bm":0,"ix":2,"mn":"ADBE Vector Group","hd":false},{"ty":"gr","it":[{"ind":0,"ty":"sh","ix":1,"ks":{"a":1,"k":[{"i":{"x":0.667,"y":1},"o":{"x":0.333,"y":0},"t":3,"s":[{"i":[[0,0],[0,0],[0,0],[0,0],[0,0]],"o":[[0,0],[0,0],[0,0],[0,0],[0,0]],"v":[[20.1,-14.6],[-11.3,16.8],[-20.1,20.1],[-16.8,11.3],[14.6,-20.1]],"c":true}],"e":[{"i":[[0,0],[0,0],[0,0],[0,0],[0,0]],"o":[[0,0],[0,0],[0,0],[0,0],[0,0]],"v":[[21.052,-15.554],[-11.191,16.69],[-20.944,20.944],[-17.644,12.144],[15.552,-21.054]],"c":true}]},{"i":{"x":0.667,"y":1},"o":{"x":0.333,"y":0},"t":5,"s":[{"i":[[0,0],[0,0],[0,0],[0,0],[0,0]],"o":[[0,0],[0,0],[0,0],[0,0],[0,0]],"v":[[21.052,-15.554],[-11.191,16.69],[-20.944,20.944],[-17.644,12.144],[15.552,-21.054]],"c":true}],"e":[{"i":[[0,0],[0,0],[0,0],[0,0],[0,0]],"o":[[0,0],[0,0],[0,0],[0,0],[0,0]],"v":[[15.565,-10.072],[-5.456,10.956],[-14.256,14.256],[-10.956,5.456],[10.065,-15.572]],"c":true}]},{"i":{"x":0.833,"y":0.833},"o":{"x":0.167,"y":0.167},"t":8,"s":[{"i":[[0,0],[0,0],[0,0],[0,0],[0,0]],"o":[[0,0],[0,0],[0,0],[0,0],[0,0]],"v":[[15.565,-10.072],[-5.456,10.956],[-14.256,14.256],[-10.956,5.456],[10.065,-15.572]],"c":true}],"e":[{"i":[[0,0],[0,0],[0,0],[0,0],[0,0]],"o":[[0,0],[0,0],[0,0],[0,0],[0,0]],"v":[[15.565,-10.072],[-5.456,10.956],[-14.256,14.256],[-10.956,5.456],[10.065,-15.572]],"c":true}]},{"i":{"x":0.667,"y":1},"o":{"x":0.333,"y":0},"t":23,"s":[{"i":[[0,0],[0,0],[0,0],[0,0],[0,0]],"o":[[0,0],[0,0],[0,0],[0,0],[0,0]],"v":[[15.565,-10.072],[-5.456,10.956],[-14.256,14.256],[-10.956,5.456],[10.065,-15.572]],"c":true}],"e":[{"i":[[0,0],[0,0],[0,0],[0,0],[0,0]],"o":[[0,0],[0,0],[0,0],[0,0],[0,0]],"v":[[20.1,-14.6],[-11.3,16.8],[-20.1,20.1],[-16.8,11.3],[14.6,-20.1]],"c":true}]},{"t":28}],"ix":2},"nm":"Path 1","mn":"ADBE Vector Shape - Group","hd":false},{"ty":"st","c":{"a":0,"k":[0,0,0,1],"ix":3},"o":{"a":0,"k":100,"ix":4},"w":{"a":0,"k":2,"ix":5},"lc":2,"lj":2,"bm":0,"nm":"Stroke 1","mn":"ADBE Vector Graphic - Stroke","hd":false},{"ty":"tr","p":{"a":0,"k":[24.1,25.9],"ix":2},"a":{"a":0,"k":[0,0],"ix":1},"s":{"a":0,"k":[100,100],"ix":3},"r":{"a":0,"k":0,"ix":6},"o":{"a":0,"k":100,"ix":7},"sk":{"a":0,"k":0,"ix":4},"sa":{"a":0,"k":0,"ix":5},"nm":"Transform"}],"nm":"Group 5","np":2,"cix":2,"bm":0,"ix":3,"mn":"ADBE Vector Group","hd":false},{"ty":"gr","it":[{"ind":0,"ty":"sh","ix":1,"ks":{"a":1,"k":[{"i":{"x":0.667,"y":1},"o":{"x":0.333,"y":0},"t":3,"s":[{"i":[[0,0],[0,0],[1.2,1.2],[1.2,-1.2],[0,0]],"o":[[0,0],[1.2,-1.2],[-1.199,-1.2],[0,0],[0,0]],"v":[[0.85,3.55],[2.35,2.05],[2.35,-2.35],[-2.049,-2.35],[-3.549,-0.85]],"c":false}],"e":[{"i":[[0,0],[0,0],[1.2,1.2],[1.2,-1.2],[0,0]],"o":[[0,0],[1.2,-1.2],[-1.199,-1.2],[0,0],[0,0]],"v":[[1.802,2.596],[3.302,1.096],[3.302,-3.304],[-1.097,-3.304],[-2.597,-1.804]],"c":false}]},{"i":{"x":0.667,"y":1},"o":{"x":0.333,"y":0},"t":5,"s":[{"i":[[0,0],[0,0],[1.2,1.2],[1.2,-1.2],[0,0]],"o":[[0,0],[1.2,-1.2],[-1.199,-1.2],[0,0],[0,0]],"v":[[1.802,2.596],[3.302,1.096],[3.302,-3.304],[-1.097,-3.304],[-2.597,-1.804]],"c":false}],"e":[{"i":[[0,0],[0,0],[1.2,1.2],[1.2,-1.2],[0,0]],"o":[[0,0],[1.2,-1.2],[-1.199,-1.2],[0,0],[0,0]],"v":[[-3.685,8.078],[-2.185,6.578],[-2.185,2.178],[-6.584,2.178],[-8.084,3.678]],"c":false}]},{"i":{"x":0.833,"y":0.833},"o":{"x":0.167,"y":0.167},"t":8,"s":[{"i":[[0,0],[0,0],[1.2,1.2],[1.2,-1.2],[0,0]],"o":[[0,0],[1.2,-1.2],[-1.199,-1.2],[0,0],[0,0]],"v":[[-3.685,8.078],[-2.185,6.578],[-2.185,2.178],[-6.584,2.178],[-8.084,3.678]],"c":false}],"e":[{"i":[[0,0],[0,0],[1.2,1.2],[1.2,-1.2],[0,0]],"o":[[0,0],[1.2,-1.2],[-1.199,-1.2],[0,0],[0,0]],"v":[[-3.685,8.078],[-2.185,6.578],[-2.185,2.178],[-6.584,2.178],[-8.084,3.678]],"c":false}]},{"i":{"x":0.667,"y":1},"o":{"x":0.333,"y":0},"t":23,"s":[{"i":[[0,0],[0,0],[1.2,1.2],[1.2,-1.2],[0,0]],"o":[[0,0],[1.2,-1.2],[-1.199,-1.2],[0,0],[0,0]],"v":[[-3.685,8.078],[-2.185,6.578],[-2.185,2.178],[-6.584,2.178],[-8.084,3.678]],"c":false}],"e":[{"i":[[0,0],[0,0],[1.2,1.2],[1.2,-1.2],[0,0]],"o":[[0,0],[1.2,-1.2],[-1.199,-1.2],[0,0],[0,0]],"v":[[0.85,3.55],[2.35,2.05],[2.35,-2.35],[-2.049,-2.35],[-3.549,-0.85]],"c":false}]},{"t":28}],"ix":2},"nm":"Path 1","mn":"ADBE Vector Shape - Group","hd":false},{"ty":"st","c":{"a":0,"k":[0,0,0,1],"ix":3},"o":{"a":0,"k":100,"ix":4},"w":{"a":0,"k":2,"ix":5},"lc":1,"lj":2,"bm":0,"nm":"Stroke 1","mn":"ADBE Vector Graphic - Stroke","hd":false},{"ty":"tr","p":{"a":0,"k":[42.75,7.15],"ix":2},"a":{"a":0,"k":[0,0],"ix":1},"s":{"a":0,"k":[100,100],"ix":3},"r":{"a":0,"k":0,"ix":6},"o":{"a":0,"k":100,"ix":7},"sk":{"a":0,"k":0,"ix":4},"sa":{"a":0,"k":0,"ix":5},"nm":"Transform"}],"nm":"Group 4","np":2,"cix":2,"bm":0,"ix":4,"mn":"ADBE Vector Group","hd":false}],"ip":0,"op":28,"st":0,"bm":0}],"markers":[]}