{"v":"5.5.9","fr":24,"ip":0,"op":28,"w":50,"h":50,"nm":"shuttercock","ddd":0,"assets":[],"layers":[{"ddd":0,"ind":1,"ty":4,"nm":"line1 Outlines 2","sr":1,"ks":{"o":{"a":0,"k":100,"ix":11},"r":{"a":0,"k":0,"ix":10},"p":{"a":0,"k":[20.32,19.18,0],"ix":2},"a":{"a":0,"k":[15.32,9.82,0],"ix":1},"s":{"a":0,"k":[100,100,100],"ix":6}},"ao":0,"shapes":[{"ty":"gr","it":[{"ind":0,"ty":"sh","ix":1,"ks":{"a":1,"k":[{"i":{"x":0.667,"y":1},"o":{"x":0.333,"y":0},"t":0,"s":[{"i":[[0,0],[0,0]],"o":[[0,0],[0,0]],"v":[[-14.32,8.82],[14.32,-8.82]],"c":false}]},{"i":{"x":0.667,"y":1},"o":{"x":0.333,"y":0},"t":6,"s":[{"i":[[0,0],[0,0]],"o":[[9.547,-5.88],[0,0]],"v":[[-15.695,5.32],[13.945,-10.195]],"c":false}]},{"t":14,"s":[{"i":[[0,0],[0,0]],"o":[[6.938,-2.813],[0,0]],"v":[[-16.258,1.508],[12.82,-11.18]],"c":false}]}],"ix":2},"nm":"Path 1","mn":"ADBE Vector Shape - Group","hd":false},{"ty":"st","c":{"a":0,"k":[0,0,0,1],"ix":3},"o":{"a":0,"k":100,"ix":4},"w":{"a":0,"k":2,"ix":5},"lc":2,"lj":2,"bm":0,"nm":"Stroke 1","mn":"ADBE Vector Graphic - Stroke","hd":false},{"ty":"tr","p":{"a":0,"k":[15.32,9.82],"ix":2},"a":{"a":0,"k":[0,0],"ix":1},"s":{"a":0,"k":[100,100],"ix":3},"r":{"a":0,"k":0,"ix":6},"o":{"a":0,"k":100,"ix":7},"sk":{"a":0,"k":0,"ix":4},"sa":{"a":0,"k":0,"ix":5},"nm":"Transform"}],"nm":"Group 1","np":2,"cix":2,"bm":0,"ix":1,"mn":"ADBE Vector Group","hd":false}],"ip":0,"op":15,"st":0,"bm":0},{"ddd":0,"ind":2,"ty":4,"nm":"line1 Outlines","sr":1,"ks":{"o":{"a":0,"k":100,"ix":11},"r":{"a":0,"k":0,"ix":10},"p":{"a":0,"k":[28.945,28.43,0],"ix":2},"a":{"a":0,"k":[15.32,9.82,0],"ix":1},"s":{"a":0,"k":[93.842,102.207,100],"ix":6}},"ao":0,"shapes":[{"ty":"gr","it":[{"ind":0,"ty":"sh","ix":1,"ks":{"a":1,"k":[{"i":{"x":0.833,"y":1},"o":{"x":0.167,"y":0},"t":14,"s":[{"i":[[0,0],[0,0]],"o":[[3.666,-7.848],[0,0]],"v":[[0.456,17.639],[13.99,-11.181]],"c":false}]},{"i":{"x":0.667,"y":1},"o":{"x":0.167,"y":0},"t":22,"s":[{"i":[[0,0],[0,0]],"o":[[5.25,-9.5],[0,0]],"v":[[-3.695,17.07],[12.445,-12.305]],"c":false}]},{"t":28,"s":[{"i":[[0,0],[0,0]],"o":[[6.157,-9.007],[0,0]],"v":[[-7.164,15.068],[11.666,-13.315]],"c":false}]}],"ix":2},"nm":"Path 1","mn":"ADBE Vector Shape - Group","hd":false},{"ty":"st","c":{"a":0,"k":[0,0,0,1],"ix":3},"o":{"a":0,"k":100,"ix":4},"w":{"a":0,"k":2,"ix":5},"lc":2,"lj":2,"bm":0,"nm":"Stroke 1","mn":"ADBE Vector Graphic - Stroke","hd":false},{"ty":"tr","p":{"a":0,"k":[15.32,9.82],"ix":2},"a":{"a":0,"k":[0,0],"ix":1},"s":{"a":0,"k":[100,100],"ix":3},"r":{"a":0,"k":0,"ix":6},"o":{"a":0,"k":100,"ix":7},"sk":{"a":0,"k":0,"ix":4},"sa":{"a":0,"k":0,"ix":5},"nm":"Transform"}],"nm":"Group 1","np":2,"cix":2,"bm":0,"ix":1,"mn":"ADBE Vector Group","hd":false}],"ip":14,"op":31,"st":0,"bm":0},{"ddd":0,"ind":3,"ty":4,"nm":"line4","sr":1,"ks":{"o":{"a":0,"k":100,"ix":11},"r":{"a":0,"k":0,"ix":10},"p":{"a":0,"k":[38.507,31.68,0],"ix":2},"a":{"a":0,"k":[9.82,15.32,0],"ix":1},"s":{"a":0,"k":[100,100,100],"ix":6}},"ao":0,"shapes":[{"ty":"gr","it":[{"ind":0,"ty":"sh","ix":1,"ks":{"a":1,"k":[{"i":{"x":0.667,"y":1},"o":{"x":0.333,"y":0},"t":0,"s":[{"i":[[0,0],[-4.39,10.39]],"o":[[0,0],[0,0]],"v":[[-9.195,14.57],[3.445,-14.695]],"c":false}]},{"i":{"x":0.667,"y":1},"o":{"x":0.333,"y":0},"t":6,"s":[{"i":[[0,0],[-5.64,11.14]],"o":[[0,0],[0,0]],"v":[[-12.695,14.32],[2.82,-15.445]],"c":false}]},{"i":{"x":0.833,"y":1},"o":{"x":0.167,"y":0},"t":14,"s":[{"i":[[0,0],[-5.702,9.14]],"o":[[0,0],[0,0]],"v":[[-16.07,11.758],[1.445,-16.695]],"c":false}]},{"i":{"x":0.667,"y":1},"o":{"x":0.167,"y":0},"t":22,"s":[{"i":[[0,0],[-6.452,8.64]],"o":[[0,0],[0,0]],"v":[[-20.695,9.008],[-0.055,-18.57]],"c":false}]},{"t":28,"s":[{"i":[[0,0],[-7.504,8.056]],"o":[[0,0],[0,0]],"v":[[-25.5,5.496],[-0.989,-19.404]],"c":false}]}],"ix":2},"nm":"Path 1","mn":"ADBE Vector Shape - Group","hd":false},{"ty":"st","c":{"a":0,"k":[0,0,0,1],"ix":3},"o":{"a":0,"k":100,"ix":4},"w":{"a":0,"k":2,"ix":5},"lc":2,"lj":2,"bm":0,"nm":"Stroke 1","mn":"ADBE Vector Graphic - Stroke","hd":false},{"ty":"tr","p":{"a":0,"k":[9.82,15.32],"ix":2},"a":{"a":0,"k":[0,0],"ix":1},"s":{"a":0,"k":[100,100],"ix":3},"r":{"a":0,"k":0,"ix":6},"o":{"a":0,"k":100,"ix":7},"sk":{"a":0,"k":0,"ix":4},"sa":{"a":0,"k":0,"ix":5},"nm":"Transform"}],"nm":"Group 1","np":2,"cix":2,"bm":0,"ix":1,"mn":"ADBE Vector Group","hd":false}],"ip":0,"op":31,"st":0,"bm":0},{"ddd":0,"ind":4,"ty":4,"nm":"line2 Outlines","sr":1,"ks":{"o":{"a":0,"k":100,"ix":11},"r":{"a":0,"k":0,"ix":10},"p":{"a":0,"k":[30.82,29.68,0],"ix":2},"a":{"a":0,"k":[9.82,15.32,0],"ix":1},"s":{"a":0,"k":[100,100,100],"ix":6}},"ao":0,"shapes":[{"ty":"gr","it":[{"ind":0,"ty":"sh","ix":1,"ks":{"a":1,"k":[{"i":{"x":0.667,"y":1},"o":{"x":0.333,"y":0},"t":0,"s":[{"i":[[0,0],[0,0]],"o":[[0,0],[0,0]],"v":[[-8.82,14.32],[8.82,-14.32]],"c":false}]},{"i":{"x":0.667,"y":1},"o":{"x":0.333,"y":0},"t":6,"s":[{"i":[[0,0],[0,0]],"o":[[0,0],[0,0]],"v":[[-13.82,11.383],[8.009,-15.76]],"c":false}]},{"i":{"x":0.833,"y":1},"o":{"x":0.167,"y":0},"t":14,"s":[{"i":[[0,0],[0,0]],"o":[[0,0],[0,0]],"v":[[-17.557,7.166],[6.504,-16.922]],"c":false}]},{"i":{"x":0.667,"y":1},"o":{"x":0.167,"y":0},"t":22,"s":[{"i":[[0,0],[0,0]],"o":[[0,0],[0,0]],"v":[[-21.401,3.197],[5.015,-18.782]],"c":false}]},{"t":28,"s":[{"i":[[0,0],[0,0]],"o":[[0,0],[0,0]],"v":[[-24.191,-1.918],[4.204,-19.477]],"c":false}]}],"ix":2},"nm":"Path 1","mn":"ADBE Vector Shape - Group","hd":false},{"ty":"st","c":{"a":0,"k":[0,0,0,1],"ix":3},"o":{"a":0,"k":100,"ix":4},"w":{"a":0,"k":2,"ix":5},"lc":2,"lj":2,"bm":0,"nm":"Stroke 1","mn":"ADBE Vector Graphic - Stroke","hd":false},{"ty":"tr","p":{"a":0,"k":[9.82,15.32],"ix":2},"a":{"a":0,"k":[0,0],"ix":1},"s":{"a":0,"k":[100.275,100.788],"ix":3},"r":{"a":0,"k":0,"ix":6},"o":{"a":0,"k":100,"ix":7},"sk":{"a":0,"k":0,"ix":4},"sa":{"a":0,"k":0,"ix":5},"nm":"Transform"}],"nm":"Group 1","np":2,"cix":2,"bm":0,"ix":1,"mn":"ADBE Vector Group","hd":false}],"ip":-1,"op":31,"st":0,"bm":0},{"ddd":0,"ind":5,"ty":4,"nm":"line3 Outlines","sr":1,"ks":{"o":{"a":0,"k":100,"ix":11},"r":{"a":0,"k":0,"ix":10},"p":{"a":0,"k":[25.32,24.68,0],"ix":2},"a":{"a":0,"k":[13.32,13.32,0],"ix":1},"s":{"a":0,"k":[100,100,100],"ix":6}},"ao":0,"shapes":[{"ty":"gr","it":[{"ind":0,"ty":"sh","ix":1,"ks":{"a":1,"k":[{"i":{"x":0.667,"y":1},"o":{"x":0.333,"y":0},"t":0,"s":[{"i":[[0,0],[0,0]],"o":[[0,0],[0,0]],"v":[[-12.32,12.32],[12.32,-12.32]],"c":false}]},{"i":{"x":0.667,"y":1},"o":{"x":0.333,"y":0},"t":6,"s":[{"i":[[0,0],[-7.015,5.89]],"o":[[10.375,-8],[0,0]],"v":[[-16.695,7.82],[10.945,-13.445]],"c":false}]},{"i":{"x":0.833,"y":1},"o":{"x":0.167,"y":0},"t":14,"s":[{"i":[[0,0],[-7.64,4.89]],"o":[[0,0],[0,0]],"v":[[-18.82,2.82],[9.945,-14.57]],"c":false}]},{"i":{"x":0.667,"y":1},"o":{"x":0.167,"y":0},"t":22,"s":[{"i":[[0,0],[-8.765,5.015]],"o":[[0,0],[0,0]],"v":[[-20.32,0.195],[8.32,-16.07]],"c":false}]},{"t":28,"s":[{"i":[[0,0],[-9.14,3.89]],"o":[[0,0],[0,0]],"v":[[-21.695,-4.055],[7.633,-16.57]],"c":false}]}],"ix":2},"nm":"Path 1","mn":"ADBE Vector Shape - Group","hd":false},{"ty":"st","c":{"a":0,"k":[0,0,0,1],"ix":3},"o":{"a":0,"k":100,"ix":4},"w":{"a":0,"k":2,"ix":5},"lc":2,"lj":2,"bm":0,"nm":"Stroke 1","mn":"ADBE Vector Graphic - Stroke","hd":false},{"ty":"tr","p":{"a":0,"k":[13.32,13.32],"ix":2},"a":{"a":0,"k":[0,0],"ix":1},"s":{"a":0,"k":[100,100],"ix":3},"r":{"a":0,"k":0,"ix":6},"o":{"a":0,"k":100,"ix":7},"sk":{"a":0,"k":0,"ix":4},"sa":{"a":0,"k":0,"ix":5},"nm":"Transform"}],"nm":"Group 1","np":2,"cix":2,"bm":0,"ix":1,"mn":"ADBE Vector Group","hd":false}],"ip":-1,"op":27,"st":0,"bm":0},{"ddd":0,"ind":6,"ty":4,"nm":"main Outlines","sr":1,"ks":{"o":{"a":0,"k":100,"ix":11},"r":{"a":0,"k":0,"ix":10},"p":{"a":0,"k":[22.524,27.476,0],"ix":2},"a":{"a":0,"k":[24.524,24.524,0],"ix":1},"s":{"a":0,"k":[100,100,100],"ix":6}},"ao":0,"shapes":[{"ty":"gr","it":[{"ind":0,"ty":"sh","ix":1,"ks":{"a":1,"k":[{"i":{"x":0.667,"y":1},"o":{"x":0.333,"y":0},"t":0,"s":[{"i":[[0,0],[0,0],[0,0],[0,0],[-5.948,0],[-3.712,-0.291],[-0.207,-0.001],[-0.012,0],[0,0]],"o":[[0,0],[0,4.06],[0,7.652],[0,0],[0,0],[0.201,0.016],[0.012,0],[0,0],[0,0]],"v":[[10.783,-19.524],[-19.524,-6.476],[-16.524,0.524],[-9.524,9.524],[-0.524,16.524],[5.828,19.499],[6.44,19.524],[6.476,19.524],[19.524,-10.783]],"c":false}]},{"i":{"x":0.667,"y":1},"o":{"x":0.333,"y":0},"t":6,"s":[{"i":[[0,0],[0,0],[0,0],[-2.625,-1.375],[-4.562,-0.313],[-6.133,0.87],[-1.018,0.278],[-0.054,0.02],[0,0]],"o":[[0,0],[-0.625,1.75],[-0.437,3.437],[0.688,3.812],[0,0],[0.879,1.001],[0.058,-0.016],[0,0],[0,0]],"v":[[10.783,-19.524],[-19.524,-6.476],[-18.524,-2.663],[-13.899,5.524],[-5.712,13.524],[2.797,18.466],[6.308,19.578],[6.476,19.524],[19.524,-10.783]],"c":false}]},{"i":{"x":0.833,"y":1},"o":{"x":0.167,"y":0},"t":14,"s":[{"i":[[0,0],[0,0],[0,0],[-2.625,-1.375],[-4.625,-1.063],[-4.633,0.995],[-2.707,0.003],[-0.155,0.007],[0,0]],"o":[[0,0],[0.063,-0.063],[-0.187,3.062],[-0.625,4.75],[0.125,2.5],[0.702,2.065],[0.155,0],[0,0],[0,0]],"v":[[10.783,-19.524],[-19.024,-6.601],[-19.337,-6.538],[-16.212,0.399],[-9.212,9.462],[0.172,16.216],[6.136,19.284],[6.601,19.274],[19.524,-10.783]],"c":false}]},{"i":{"x":0.667,"y":1},"o":{"x":0.167,"y":0},"t":22,"s":[{"i":[[0,0],[0,0],[0,0],[-2,-1.313],[-4.25,-1.25],[-6.633,-0.13],[-3.934,0.341],[-0.269,0.498],[0,0]],"o":[[0,0],[0.063,-0.063],[-0.125,0.75],[-0.625,4.75],[0.125,2.5],[0.688,2.025],[0.566,1.529],[0,0],[0,0]],"v":[[10.783,-19.524],[-19.024,-6.601],[-19.337,-6.538],[-17.837,-2.414],[-13.212,5.774],[-5.265,13.279],[2.41,18.183],[6.601,19.274],[19.524,-10.783]],"c":false}]},{"t":28,"s":[{"i":[[0,0],[0,0],[0,0],[-0.131,-0.145],[-2.907,-1.834],[-5.738,-1.477],[-3.934,0.341],[-0.269,0.498],[0,0]],"o":[[0,0],[0.063,-0.063],[0.051,0.107],[-0.333,2.764],[-0.126,2.897],[0.563,3.282],[1.092,3.105],[0,0],[0,0]],"v":[[10.783,-19.524],[-18.557,-6.835],[-18.337,-6.913],[-19.113,-6.459],[-16.148,0.252],[-9.41,9.625],[-0.5,16.181],[6.601,19.274],[19.524,-10.783]],"c":false}]}],"ix":2},"nm":"Path 1","mn":"ADBE Vector Shape - Group","hd":false},{"ty":"st","c":{"a":0,"k":[0,0,0,1],"ix":3},"o":{"a":0,"k":100,"ix":4},"w":{"a":0,"k":2,"ix":5},"lc":2,"lj":2,"bm":0,"nm":"Stroke 1","mn":"ADBE Vector Graphic - Stroke","hd":false},{"ty":"tr","p":{"a":0,"k":[24.524,24.524],"ix":2},"a":{"a":0,"k":[0,0],"ix":1},"s":{"a":0,"k":[100,100],"ix":3},"r":{"a":0,"k":0,"ix":6},"o":{"a":0,"k":100,"ix":7},"sk":{"a":0,"k":0,"ix":4},"sa":{"a":0,"k":0,"ix":5},"nm":"Transform"}],"nm":"Group 1","np":2,"cix":2,"bm":0,"ix":1,"mn":"ADBE Vector Group","hd":false}],"ip":-1,"op":31,"st":0,"bm":0},{"ddd":0,"ind":7,"ty":4,"nm":"two lines Outlines","sr":1,"ks":{"o":{"a":0,"k":100,"ix":11},"r":{"a":0,"k":0,"ix":10},"p":{"a":0,"k":[29.518,20.504,0],"ix":2},"a":{"a":0,"k":[10.704,10.702,0],"ix":1},"s":{"a":0,"k":[100,100,100],"ix":6}},"ao":0,"shapes":[{"ty":"gr","it":[{"ind":0,"ty":"sh","ix":1,"ks":{"a":0,"k":{"i":[[0,0],[0,0]],"o":[[0,0],[0,0]],"v":[[-6.21,-6.21],[6.21,6.21]],"c":false},"ix":2},"nm":"Path 1","mn":"ADBE Vector Shape - Group","hd":false},{"ty":"st","c":{"a":0,"k":[0,0,0,1],"ix":3},"o":{"a":0,"k":100,"ix":4},"w":{"a":0,"k":2,"ix":5},"lc":2,"lj":2,"bm":0,"nm":"Stroke 1","mn":"ADBE Vector Graphic - Stroke","hd":false},{"ty":"tr","p":{"a":0,"k":[14.199,7.21],"ix":2},"a":{"a":0,"k":[0,0],"ix":1},"s":{"a":0,"k":[100,100],"ix":3},"r":{"a":0,"k":0,"ix":6},"o":{"a":0,"k":100,"ix":7},"sk":{"a":0,"k":0,"ix":4},"sa":{"a":0,"k":0,"ix":5},"nm":"Transform"}],"nm":"Group 1","np":2,"cix":2,"bm":0,"ix":1,"mn":"ADBE Vector Group","hd":false},{"ty":"gr","it":[{"ind":0,"ty":"sh","ix":1,"ks":{"a":0,"k":{"i":[[0,0],[0,0]],"o":[[0,0],[0,0]],"v":[[-8.196,-8.196],[8.196,8.196]],"c":false},"ix":2},"nm":"Path 1","mn":"ADBE Vector Shape - Group","hd":false},{"ty":"st","c":{"a":0,"k":[0,0,0,1],"ix":3},"o":{"a":0,"k":100,"ix":4},"w":{"a":0,"k":2,"ix":5},"lc":2,"lj":2,"bm":0,"nm":"Stroke 1","mn":"ADBE Vector Graphic - Stroke","hd":false},{"ty":"tr","p":{"a":0,"k":[9.196,12.207],"ix":2},"a":{"a":0,"k":[0,0],"ix":1},"s":{"a":0,"k":[100,100],"ix":3},"r":{"a":0,"k":0,"ix":6},"o":{"a":0,"k":100,"ix":7},"sk":{"a":0,"k":0,"ix":4},"sa":{"a":0,"k":0,"ix":5},"nm":"Transform"}],"nm":"Group 2","np":2,"cix":2,"bm":0,"ix":2,"mn":"ADBE Vector Group","hd":false}],"ip":-1,"op":29,"st":0,"bm":0},{"ddd":0,"ind":8,"ty":4,"nm":"top Outlines","sr":1,"ks":{"o":{"a":0,"k":100,"ix":11},"r":{"a":0,"k":0,"ix":10},"p":{"a":0,"k":[40.495,9.505,0],"ix":2},"a":{"a":0,"k":[12.188,12.188,0],"ix":1},"s":{"a":0,"k":[100,100,100],"ix":6}},"ao":0,"shapes":[{"ty":"gr","it":[{"ind":0,"ty":"sh","ix":1,"ks":{"a":0,"k":{"i":[[0,0],[-0.839,0.84],[2.734,2.733],[2.734,-2.734],[0.324,-1.062]],"o":[[1.062,-0.324],[2.734,-2.734],[-2.734,-2.734],[-0.84,0.84],[0,0]],"v":[[1.553,7.188],[4.454,5.445],[4.454,-4.454],[-5.445,-4.454],[-7.189,-1.552]],"c":true},"ix":2},"nm":"Path 1","mn":"ADBE Vector Shape - Group","hd":false},{"ty":"st","c":{"a":0,"k":[0,0,0,1],"ix":3},"o":{"a":0,"k":100,"ix":4},"w":{"a":0,"k":2,"ix":5},"lc":1,"lj":2,"bm":0,"nm":"Stroke 1","mn":"ADBE Vector Graphic - Stroke","hd":false},{"ty":"tr","p":{"a":0,"k":[12.188,12.188],"ix":2},"a":{"a":0,"k":[0,0],"ix":1},"s":{"a":0,"k":[100,100],"ix":3},"r":{"a":0,"k":0,"ix":6},"o":{"a":0,"k":100,"ix":7},"sk":{"a":0,"k":0,"ix":4},"sa":{"a":0,"k":0,"ix":5},"nm":"Transform"}],"nm":"Group 1","np":2,"cix":2,"bm":0,"ix":1,"mn":"ADBE Vector Group","hd":false}],"ip":-1,"op":29,"st":0,"bm":0}],"markers":[]}