{"v":"5.4.4","fr":24,"ip":0,"op":28,"w":50,"h":50,"nm":"dribbble-circled","ddd":0,"assets":[],"layers":[{"ddd":0,"ind":1,"ty":4,"nm":"dribbble-circled Outlines 2","sr":1,"ks":{"o":{"a":0,"k":100,"ix":11},"r":{"a":1,"k":[{"i":{"x":[0.825],"y":[1]},"o":{"x":[1],"y":[0]},"t":3,"s":[0],"e":[385]},{"i":{"x":[0.215],"y":[1]},"o":{"x":[0.511],"y":[0]},"t":22,"s":[385],"e":[360]},{"t":25}],"ix":10},"p":{"a":0,"k":[25,25,0],"ix":2},"a":{"a":0,"k":[25,25,0],"ix":1},"s":{"a":0,"k":[100,100,100],"ix":6}},"ao":0,"shapes":[{"ty":"gr","it":[{"ind":0,"ty":"sh","ix":1,"ks":{"a":0,"k":{"i":[[1.311,-2.65],[0,4.349],[-0.47,1.809],[-0.281,0.43],[-0.07,0.019],[-0.12,-0.17],[-0.27,-0.81],[0,-2.911]],"o":[[-1.09,-1.94],[0,-2.22],[0.23,-0.9],[0.219,-0.34],[0.04,0.03],[0.26,0.34],[0.54,1.611],[0,3.25]],"v":[[1.41,6.86],[-0.56,-2.5],[0.16,-8.97],[0.971,-11.04],[1.38,-11.47],[1.64,-11.19],[2.48,-9.431],[3.44,-2.5]],"c":true},"ix":2},"nm":"Path 1","mn":"ADBE Vector Shape - Group","hd":false},{"ind":1,"ty":"sh","ix":2,"ks":{"a":0,"k":{"i":[[2,0],[0.76,0.76],[0,1.96],[-0.849,0.66],[-0.45,0],[-0.5,-0.229],[-0.221,-0.38],[0,-0.009],[-0.741,-1.3],[-0.18,-0.25]],"o":[[-0.89,0],[-0.77,-0.75],[0,-2.39],[0.85,-0.66],[0.29,0],[0.51,0.241],[0.009,0.011],[0.4,2],[0.159,0.28],[-1.28,1.739]],"v":[[-4.56,11.5],[-7.2,10.41],[-8.56,6.5],[-6.93,2.32],[-4.56,1.5],[-3.2,1.839],[-2.029,2.809],[-2.01,2.839],[-0.319,7.87],[0.23,8.53]],"c":true},"ix":2},"nm":"Path 2","mn":"ADBE Vector Shape - Group","hd":false},{"ind":2,"ty":"sh","ix":3,"ks":{"a":0,"k":{"i":[[0.519,0.181],[0.181,-0.519],[0.71,-1.231],[0.83,0],[0.66,0.6],[-0.09,0.161],[0,3.64],[0.641,1.889],[0.429,0.589],[0.84,0],[0.47,-0.73],[0.269,-1.03],[0,-2.36],[-0.08,-0.88],[0.03,0.01],[0.68,0],[1.33,-1.03],[0,-2.861],[-1.17,-1.151],[-1.38,0],[-1.56,1.931],[-0.969,0],[-0.871,1.51],[-0.5,1.5]],"o":[[-0.531,-0.169],[-0.5,1.5],[-0.72,1.25],[-0.37,0],[0.091,-0.15],[1.601,-3.07],[0,-3.09],[-0.319,-0.94],[-0.431,-0.59],[-0.95,0],[-0.47,0.72],[-0.531,2.05],[0,0.99],[-0.029,-0.011],[-0.76,-0.36],[-0.84,0],[-1.32,1.029],[0,2.38],[1.17,1.16],[2.57,0],[0.88,0.75],[1.83,0],[0.87,-1.51],[0.17,-0.53]],"v":[[9.761,2.549],[8.49,3.179],[6.7,7.62],[4.44,9.5],[2.79,8.53],[3.08,8.089],[5.44,-2.5],[4.37,-10.07],[3.261,-12.37],[1.44,-13.5],[-0.71,-12.12],[-1.779,-9.47],[-2.56,-2.5],[-2.29,0.08],[-2.36,0.03],[-4.56,-0.5],[-8.16,0.74],[-10.56,6.5],[-8.62,11.83],[-4.56,13.5],[1.66,10.269],[4.44,11.5],[8.431,8.62],[10.39,3.82]],"c":true},"ix":2},"nm":"Path 3","mn":"ADBE Vector Shape - Group","hd":false},{"ty":"mm","mm":1,"nm":"Merge Paths 1","mn":"ADBE Vector Filter - Merge","hd":false},{"ty":"fl","c":{"a":0,"k":[0,0,0,1],"ix":4},"o":{"a":0,"k":100,"ix":5},"r":1,"bm":0,"nm":"Fill 1","mn":"ADBE Vector Graphic - Fill","hd":false},{"ty":"tr","p":{"a":0,"k":[24.56,24.5],"ix":2},"a":{"a":0,"k":[0,0],"ix":1},"s":{"a":0,"k":[100,100],"ix":3},"r":{"a":0,"k":0,"ix":6},"o":{"a":0,"k":100,"ix":7},"sk":{"a":0,"k":0,"ix":4},"sa":{"a":0,"k":0,"ix":5},"nm":"Transform"}],"nm":"Group 1","np":5,"cix":2,"bm":0,"ix":1,"mn":"ADBE Vector Group","hd":false}],"ip":0,"op":28,"st":0,"bm":0},{"ddd":0,"ind":2,"ty":4,"nm":"Circle 2","sr":1,"ks":{"o":{"a":0,"k":100,"ix":11},"r":{"a":0,"k":0,"ix":10},"p":{"a":0,"k":[25,25,0],"ix":2},"a":{"a":0,"k":[25,25,0],"ix":1},"s":{"a":1,"k":[{"i":{"x":[0.667,0.667,0.667],"y":[1,1,1]},"o":{"x":[0.833,0.833,0.333],"y":[0,0,0]},"t":16,"s":[100,100,100],"e":[103,103,100]},{"i":{"x":[0.491,0.491,0.667],"y":[1,1,1]},"o":{"x":[0.45,0.45,0.333],"y":[0,0,0]},"t":22,"s":[103,103,100],"e":[100,100,100]},{"t":25}],"ix":6}},"ao":0,"shapes":[{"ty":"gr","it":[{"ind":0,"ty":"sh","ix":1,"ks":{"a":0,"k":{"i":[[11.61,0],[0,11.61],[-11.61,0],[0,-11.61]],"o":[[-11.61,0],[0,-11.61],[11.61,0],[0,11.61]],"v":[[0,21],[-21,0],[0,-21],[21,0]],"c":true},"ix":2},"nm":"Path 3","mn":"ADBE Vector Shape - Group","hd":false},{"ind":1,"ty":"sh","ix":2,"ks":{"a":0,"k":{"i":[[12.69,0],[0,-12.69],[-12.69,0],[0,12.69]],"o":[[-12.69,0],[0,12.69],[12.69,0],[0,-12.69]],"v":[[0,-23],[-23,0],[0,23],[23,0]],"c":true},"ix":2},"nm":"Path 4","mn":"ADBE Vector Shape - Group","hd":false},{"ty":"mm","mm":1,"nm":"Merge Paths 1","mn":"ADBE Vector Filter - Merge","hd":false},{"ty":"fl","c":{"a":0,"k":[0,0,0,1],"ix":4},"o":{"a":0,"k":100,"ix":5},"r":1,"bm":0,"nm":"Fill 1","mn":"ADBE Vector Graphic - Fill","hd":false},{"ty":"tr","p":{"a":0,"k":[25,25],"ix":2},"a":{"a":0,"k":[0,0],"ix":1},"s":{"a":0,"k":[100,100],"ix":3},"r":{"a":0,"k":0,"ix":6},"o":{"a":0,"k":100,"ix":7},"sk":{"a":0,"k":0,"ix":4},"sa":{"a":0,"k":0,"ix":5},"nm":"Transform"}],"nm":"Group 2","np":4,"cix":2,"bm":0,"ix":1,"mn":"ADBE Vector Group","hd":false}],"ip":0,"op":28,"st":0,"bm":0}],"markers":[]}