{"v":"5.6.3","fr":24,"ip":0,"op":28,"w":50,"h":50,"nm":"lips","ddd":0,"assets":[],"layers":[{"ddd":0,"ind":1,"ty":4,"nm":"heart","sr":1,"ks":{"o":{"a":0,"k":100,"ix":11},"r":{"a":0,"k":0,"ix":10},"p":{"a":0,"k":[25,25,0],"ix":2},"a":{"a":0,"k":[25,25,0],"ix":1},"s":{"a":0,"k":[100,100,100],"ix":6}},"ao":0,"hasMask":true,"masksProperties":[{"inv":false,"mode":"a","pt":{"a":0,"k":{"i":[[0,0],[0,0],[0,0],[0,0]],"o":[[0,0],[0,0],[0,0],[0,0]],"v":[[-0.183,0.205],[0.141,28.658],[50.144,28.427],[49.986,0.128]],"c":true},"ix":1},"o":{"a":0,"k":100,"ix":3},"x":{"a":0,"k":0,"ix":4},"nm":"Mask 1"}],"shapes":[{"ty":"gr","it":[{"ind":0,"ty":"sh","ix":1,"ks":{"a":0,"k":{"i":[[0.904,0],[0.293,-0.426],[0.57,0],[0,-0.872],[-0.819,-0.658],[0,1.842]],"o":[[-0.569,0],[-0.293,-0.426],[-0.903,0],[0,1.842],[0.818,-0.658],[0,-0.872]],"v":[[1.363,-2.5],[0,-1.793],[-1.364,-2.5],[-3,-0.921],[0,2.5],[3,-0.921]],"c":true},"ix":2},"nm":"Path 1","mn":"ADBE Vector Shape - Group","hd":false},{"ty":"fl","c":{"a":0,"k":[0,0,0,1],"ix":4},"o":{"a":0,"k":100,"ix":5},"r":1,"bm":0,"nm":"Fill 1","mn":"ADBE Vector Graphic - Fill","hd":false},{"ty":"tr","p":{"a":1,"k":[{"i":{"x":0.667,"y":1},"o":{"x":0.333,"y":0},"t":11,"s":[25,31.5],"to":[0,-3.262],"ti":[0,3.262]},{"t":19,"s":[25,11.929]}],"ix":2},"a":{"a":0,"k":[0,0],"ix":1},"s":{"a":1,"k":[{"i":{"x":[0.667,0.667],"y":[1,1]},"o":{"x":[0.333,0.333],"y":[0,0]},"t":15,"s":[100,100]},{"t":19,"s":[130,130]}],"ix":3},"r":{"a":0,"k":0,"ix":6},"o":{"a":1,"k":[{"i":{"x":[0.667],"y":[1]},"o":{"x":[0.333],"y":[0]},"t":16,"s":[100]},{"t":19,"s":[0]}],"ix":7},"sk":{"a":0,"k":0,"ix":4},"sa":{"a":0,"k":0,"ix":5},"nm":"Transform"}],"nm":"Group 1","np":2,"cix":2,"bm":0,"ix":1,"mn":"ADBE Vector Group","hd":false}],"ip":0,"op":28,"st":0,"bm":0},{"ddd":0,"ind":2,"ty":4,"nm":"lips","sr":1,"ks":{"o":{"a":0,"k":100,"ix":11},"r":{"a":0,"k":0,"ix":10},"p":{"a":0,"k":[25,25,0],"ix":2},"a":{"a":0,"k":[25,25,0],"ix":1},"s":{"a":0,"k":[100,100,100],"ix":6}},"ao":0,"shapes":[{"ty":"gr","it":[{"ind":0,"ty":"sh","ix":1,"ks":{"a":1,"k":[{"i":{"x":0.667,"y":1},"o":{"x":0.333,"y":0},"t":3,"s":[{"i":[[0,0],[-3.714,-0.276],[-1.111,0],[-0.9,0.052],[0,0]],"o":[[0,0],[0.896,0.067],[1.11,0],[4.009,-0.23],[0,0]],"v":[[-9.5,1.509],[-3.018,2.137],[0,2.219],[3.071,2.136],[9.5,1.513]],"c":false}]},{"i":{"x":0.667,"y":1},"o":{"x":0.333,"y":0},"t":10,"s":[{"i":[[0,0],[-3.722,-0.221],[-1.111,0],[-0.899,0.059],[0,0]],"o":[[0,0],[0.897,0.053],[1.11,0],[3.97,-0.261],[0,0]],"v":[[-9.354,1.155],[-3.018,2.137],[0,2.219],[3.071,2.136],[9.438,1.138]],"c":false}]},{"i":{"x":0.667,"y":1},"o":{"x":0.333,"y":0},"t":13,"s":[{"i":[[0,0],[-2.857,3.081],[-1.111,0],[-0.614,-0.66],[0,0]],"o":[[0,0],[0.611,-0.659],[1.11,0],[3,3.226],[0,0]],"v":[[-4.911,3.213],[-2.25,0.304],[0,1.177],[2.083,0.213],[4.935,3.266]],"c":false}]},{"i":{"x":0.667,"y":1},"o":{"x":0.333,"y":0},"t":15,"s":[{"i":[[0,0],[-2.857,3.081],[-1.111,0],[-0.614,-0.66],[0,0]],"o":[[0,0],[0.611,-0.659],[1.11,0],[3,3.226],[0,0]],"v":[[-9.679,1.361],[-3,-1.113],[0,0.218],[3,-1.079],[9.5,1.433]],"c":false}]},{"i":{"x":0.667,"y":1},"o":{"x":0.333,"y":0},"t":18,"s":[{"i":[[0,0],[-3.722,-0.221],[-1.111,0],[-0.899,0.059],[0,0]],"o":[[0,0],[0.897,0.053],[1.11,0],[3.97,-0.261],[0,0]],"v":[[-9.354,1.155],[-3.018,2.137],[0,2.219],[3.071,2.136],[9.438,1.138]],"c":false}]},{"t":25,"s":[{"i":[[0,0],[-3.714,-0.276],[-1.111,0],[-0.9,0.052],[0,0]],"o":[[0,0],[0.896,0.067],[1.11,0],[4.009,-0.23],[0,0]],"v":[[-9.5,1.509],[-3.018,2.137],[0,2.219],[3.071,2.136],[9.5,1.513]],"c":false}]}],"ix":2},"nm":"Path 1","mn":"ADBE Vector Shape - Group","hd":false},{"ty":"st","c":{"a":0,"k":[0,0,0,1],"ix":3},"o":{"a":0,"k":100,"ix":4},"w":{"a":0,"k":2,"ix":5},"lc":2,"lj":2,"bm":0,"nm":"Stroke 1","mn":"ADBE Vector Graphic - Stroke","hd":false},{"ty":"tr","p":{"a":0,"k":[25,24.782],"ix":2},"a":{"a":0,"k":[0,0],"ix":1},"s":{"a":0,"k":[100,100],"ix":3},"r":{"a":0,"k":0,"ix":6},"o":{"a":0,"k":100,"ix":7},"sk":{"a":0,"k":0,"ix":4},"sa":{"a":0,"k":0,"ix":5},"nm":"Transform"}],"nm":"Group 1","np":2,"cix":2,"bm":0,"ix":1,"mn":"ADBE Vector Group","hd":false},{"ty":"gr","it":[{"ind":0,"ty":"sh","ix":1,"ks":{"a":1,"k":[{"i":{"x":0.667,"y":1},"o":{"x":0.333,"y":0},"t":3,"s":[{"i":[[0,0],[-12.15,0],[0,0]],"o":[[0,0],[12.15,0],[0,0]],"v":[[-24.018,-2.5],[0,1.5],[23.964,-2.5]],"c":false}]},{"i":{"x":0.667,"y":1},"o":{"x":0.333,"y":0},"t":10,"s":[{"i":[[0,0],[-12.15,0],[0,0]],"o":[[0,0],[12.15,0],[0,0]],"v":[[-15,-2.5],[0,1.5],[15,-2.5]],"c":false}]},{"i":{"x":0.667,"y":1},"o":{"x":0.333,"y":0},"t":13,"s":[{"i":[[0,0],[-6.042,-0.042],[0,0]],"o":[[0,0],[6,0.042],[0,0]],"v":[[-15,-2.5],[0,3.5],[15,-2.5]],"c":false}]},{"i":{"x":0.667,"y":1},"o":{"x":0.333,"y":0},"t":15,"s":[{"i":[[0,0],[-6.964,0],[0,0]],"o":[[0,0],[7,0],[0,0]],"v":[[-15,-2.5],[0,3.5],[15,-2.5]],"c":false}]},{"i":{"x":0.667,"y":1},"o":{"x":0.333,"y":0},"t":18,"s":[{"i":[[0,0],[-12.15,0],[0,0]],"o":[[0,0],[12.15,0],[0,0]],"v":[[-15,-2.5],[0,1.5],[15,-2.5]],"c":false}]},{"t":25,"s":[{"i":[[0,0],[-12.15,0],[0,0]],"o":[[0,0],[12.15,0],[0,0]],"v":[[-24.018,-2.5],[0,1.5],[23.964,-2.5]],"c":false}]}],"ix":2},"nm":"Path 1","mn":"ADBE Vector Shape - Group","hd":false},{"ty":"st","c":{"a":0,"k":[0,0,0,1],"ix":3},"o":{"a":0,"k":100,"ix":4},"w":{"a":0,"k":2,"ix":5},"lc":2,"lj":2,"bm":0,"nm":"Stroke 1","mn":"ADBE Vector Graphic - Stroke","hd":false},{"ty":"tr","p":{"a":0,"k":[25,25.5],"ix":2},"a":{"a":0,"k":[0,0],"ix":1},"s":{"a":0,"k":[100,100],"ix":3},"r":{"a":0,"k":0,"ix":6},"o":{"a":0,"k":100,"ix":7},"sk":{"a":0,"k":0,"ix":4},"sa":{"a":0,"k":0,"ix":5},"nm":"Transform"}],"nm":"Group 2","np":2,"cix":2,"bm":0,"ix":2,"mn":"ADBE Vector Group","hd":false},{"ty":"gr","it":[{"ind":0,"ty":"sh","ix":1,"ks":{"a":1,"k":[{"i":{"x":0.667,"y":1},"o":{"x":0.333,"y":0},"t":3,"s":[{"i":[[4.996,0],[0,0],[1.994,0],[5.179,-1.071],[-12.15,0],[-4.589,1.714]],"o":[[-1.999,0],[0,0],[-5.024,0],[5.054,2.071],[12.15,0],[-4.714,-0.875]],"v":[[4.99,-9.5],[0,-7.508],[-5.01,-9.5],[-24.018,-3.5],[0,9.5],[23.982,-3.5]],"c":true}]},{"i":{"x":0.833,"y":0.833},"o":{"x":0.167,"y":0.167},"t":10,"s":[{"i":[[4.996,0],[0,0],[1.994,0],[5,-2],[-12.15,0],[-4,2.5]],"o":[[-1.999,0],[0,0],[-5.024,0],[4,2.5],[12.15,0],[-5,-2]],"v":[[4,-11.5],[0,-9.5],[-4,-11.5],[-15,-3.5],[0,11.5],[15,-3.5]],"c":true}]},{"i":{"x":0.667,"y":1},"o":{"x":0.333,"y":0},"t":18,"s":[{"i":[[4.996,0],[0,0],[1.994,0],[5,-2],[-12.15,0],[-4,2.5]],"o":[[-1.999,0],[0,0],[-5.024,0],[4,2.5],[12.15,0],[-5,-2]],"v":[[4,-11.5],[0,-9.5],[-4,-11.5],[-15,-3.5],[0,11.5],[15,-3.5]],"c":true}]},{"t":25,"s":[{"i":[[4.996,0],[0,0],[1.994,0],[5.179,-1.071],[-12.15,0],[-4.589,1.714]],"o":[[-1.999,0],[0,0],[-5.024,0],[5.054,2.071],[12.15,0],[-4.714,-0.875]],"v":[[4.99,-9.5],[0,-7.508],[-5.01,-9.5],[-24.018,-3.5],[0,9.5],[23.982,-3.5]],"c":true}]}],"ix":2},"nm":"Path 1","mn":"ADBE Vector Shape - Group","hd":false},{"ty":"st","c":{"a":0,"k":[0,0,0,1],"ix":3},"o":{"a":0,"k":100,"ix":4},"w":{"a":0,"k":2,"ix":5},"lc":2,"lj":2,"bm":0,"nm":"Stroke 1","mn":"ADBE Vector Graphic - Stroke","hd":false},{"ty":"tr","p":{"a":0,"k":[25,26.5],"ix":2},"a":{"a":0,"k":[0,0],"ix":1},"s":{"a":0,"k":[100,100],"ix":3},"r":{"a":0,"k":0,"ix":6},"o":{"a":0,"k":100,"ix":7},"sk":{"a":0,"k":0,"ix":4},"sa":{"a":0,"k":0,"ix":5},"nm":"Transform"}],"nm":"Group 3","np":2,"cix":2,"bm":0,"ix":3,"mn":"ADBE Vector Group","hd":false}],"ip":0,"op":28,"st":0,"bm":0}],"markers":[]}