{"v":"5.6.3","fr":24,"ip":0,"op":28,"w":50,"h":50,"nm":"guarantee","ddd":0,"assets":[],"layers":[{"ddd":0,"ind":1,"ty":4,"nm":"check mark 2","sr":1,"ks":{"o":{"a":0,"k":100,"ix":11},"r":{"a":0,"k":0,"ix":10},"p":{"a":0,"k":[25,25,0],"ix":2},"a":{"a":0,"k":[25,25,0],"ix":1},"s":{"a":0,"k":[100,100,100],"ix":6}},"ao":0,"shapes":[{"ty":"gr","it":[{"ind":0,"ty":"sh","ix":1,"ks":{"a":0,"k":{"i":[[0,0],[0,0],[0,0]],"o":[[0,0],[0,0],[0,0]],"v":[[-8.188,0.188],[-0.688,6.938],[8.188,-6.938]],"c":false},"ix":2},"nm":"Path 1","mn":"ADBE Vector Shape - Group","hd":false},{"ty":"st","c":{"a":0,"k":[0,0,0,1],"ix":3},"o":{"a":0,"k":100,"ix":4},"w":{"a":0,"k":2,"ix":5},"lc":1,"lj":1,"ml":4,"bm":0,"nm":"Stroke 1","mn":"ADBE Vector Graphic - Stroke","hd":false},{"ty":"tr","p":{"a":0,"k":[24.938,18.563],"ix":2},"a":{"a":0,"k":[0,0],"ix":1},"s":{"a":0,"k":[100,100],"ix":3},"r":{"a":0,"k":0,"ix":6},"o":{"a":0,"k":100,"ix":7},"sk":{"a":0,"k":0,"ix":4},"sa":{"a":0,"k":0,"ix":5},"nm":"Transform"}],"nm":"Group 4","np":2,"cix":2,"bm":0,"ix":1,"mn":"ADBE Vector Group","hd":false},{"ty":"tm","s":{"a":0,"k":0,"ix":1},"e":{"a":1,"k":[{"i":{"x":[0.667],"y":[1]},"o":{"x":[0.333],"y":[0]},"t":17,"s":[0]},{"t":25,"s":[100]}],"ix":2},"o":{"a":0,"k":0,"ix":3},"m":1,"ix":2,"nm":"Trim Paths 1","mn":"ADBE Vector Filter - Trim","hd":false}],"ip":17,"op":28,"st":17,"bm":0},{"ddd":0,"ind":2,"ty":4,"nm":"check mark","sr":1,"ks":{"o":{"a":0,"k":100,"ix":11},"r":{"a":0,"k":0,"ix":10},"p":{"a":0,"k":[25,25,0],"ix":2},"a":{"a":0,"k":[25,25,0],"ix":1},"s":{"a":0,"k":[100,100,100],"ix":6}},"ao":0,"shapes":[{"ty":"gr","it":[{"ind":0,"ty":"sh","ix":1,"ks":{"a":0,"k":{"i":[[0,0],[0,0],[0,0]],"o":[[0,0],[0,0],[0,0]],"v":[[-8.188,0.188],[-0.688,6.938],[8.188,-6.938]],"c":false},"ix":2},"nm":"Path 1","mn":"ADBE Vector Shape - Group","hd":false},{"ty":"st","c":{"a":0,"k":[0,0,0,1],"ix":3},"o":{"a":0,"k":100,"ix":4},"w":{"a":0,"k":2,"ix":5},"lc":1,"lj":1,"ml":4,"bm":0,"nm":"Stroke 1","mn":"ADBE Vector Graphic - Stroke","hd":false},{"ty":"tr","p":{"a":0,"k":[24.938,18.563],"ix":2},"a":{"a":0,"k":[0,0],"ix":1},"s":{"a":0,"k":[100,100],"ix":3},"r":{"a":0,"k":0,"ix":6},"o":{"a":0,"k":100,"ix":7},"sk":{"a":0,"k":0,"ix":4},"sa":{"a":0,"k":0,"ix":5},"nm":"Transform"}],"nm":"Group 4","np":2,"cix":2,"bm":0,"ix":1,"mn":"ADBE Vector Group","hd":false},{"ty":"tm","s":{"a":1,"k":[{"i":{"x":[0.667],"y":[1]},"o":{"x":[0.333],"y":[0]},"t":3,"s":[0]},{"t":11,"s":[100]}],"ix":1},"e":{"a":0,"k":100,"ix":2},"o":{"a":0,"k":0,"ix":3},"m":1,"ix":2,"nm":"Trim Paths 1","mn":"ADBE Vector Filter - Trim","hd":false}],"ip":0,"op":11,"st":0,"bm":0},{"ddd":0,"ind":3,"ty":4,"nm":"badge","sr":1,"ks":{"o":{"a":0,"k":100,"ix":11},"r":{"a":0,"k":60,"ix":10},"p":{"a":0,"k":[25.001,17.72,0],"ix":2},"a":{"a":0,"k":[25.001,18,0],"ix":1},"s":{"a":0,"k":[100,100,100],"ix":6}},"ao":0,"shapes":[{"ty":"gr","it":[{"ind":0,"ty":"sh","ix":1,"ks":{"a":0,"k":{"i":[[0,0],[-0.516,0.935],[0,0],[1.43,0.865],[0,0],[0.023,1.067],[0,0],[1.671,0.034],[0,0],[0.551,0.913],[0,0],[1.464,-0.805],[0,0],[0.935,0.515],[0,0],[0.865,-1.43],[0,0],[1.067,-0.022],[0,0],[0.034,-1.671],[0,0],[0.913,-0.552],[0,0],[-0.805,-1.464],[0,0],[0.515,-0.935],[0,0],[-1.43,-0.865],[0,0],[-0.022,-1.067],[0,0],[-1.671,-0.034],[0,0],[-0.552,-0.912],[0,0],[-1.464,0.805],[0,0],[-0.935,-0.515],[0,0],[-0.865,1.43],[0,0],[-1.067,0.022],[0,0],[-0.035,1.671],[0,0],[-0.912,0.552],[0,0],[0.805,1.464]],"o":[[-0.516,-0.935],[0,0],[0.805,-1.464],[0,0],[-0.912,-0.553],[0,0],[-0.034,-1.671],[0,0],[-1.067,-0.022],[0,0],[-0.865,-1.43],[0,0],[-0.935,0.515],[0,0],[-1.464,-0.805],[0,0],[-0.553,0.913],[0,0],[-1.671,0.034],[0,0],[-0.022,1.067],[0,0],[-1.429,0.865],[0,0],[0.515,0.935],[0,0],[-0.805,1.464],[0,0],[0.913,0.553],[0,0],[0.034,1.671],[0,0],[1.067,0.022],[0,0],[0.865,1.429],[0,0],[0.935,-0.515],[0,0],[1.464,0.805],[0,0],[0.552,-0.912],[0,0],[1.671,-0.034],[0,0],[0.023,-1.067],[0,0],[1.429,-0.865],[0,0]],"v":[[15.367,1.502],[15.367,-1.502],[15.613,-1.95],[14.497,-6.118],[14.057,-6.383],[12.555,-8.984],[12.546,-9.496],[9.495,-12.547],[8.982,-12.558],[6.382,-14.06],[6.117,-14.498],[1.949,-15.615],[1.501,-15.368],[-1.503,-15.368],[-1.951,-15.614],[-6.118,-14.497],[-6.383,-14.059],[-8.984,-12.557],[-9.497,-12.546],[-12.548,-9.495],[-12.559,-8.983],[-14.061,-6.382],[-14.499,-6.117],[-15.615,-1.949],[-15.368,-1.501],[-15.368,1.503],[-15.615,1.95],[-14.497,6.118],[-14.059,6.383],[-12.557,8.984],[-12.546,9.496],[-9.495,12.547],[-8.984,12.558],[-6.383,14.06],[-6.117,14.498],[-1.949,15.615],[-1.501,15.368],[1.503,15.368],[1.951,15.615],[6.118,14.498],[6.383,14.06],[8.984,12.558],[9.497,12.547],[12.548,9.496],[12.557,8.984],[14.059,6.383],[14.499,6.118],[15.615,1.95]],"c":true},"ix":2},"nm":"Path 1","mn":"ADBE Vector Shape - Group","hd":false},{"ty":"st","c":{"a":0,"k":[0,0,0,1],"ix":3},"o":{"a":0,"k":100,"ix":4},"w":{"a":0,"k":2,"ix":5},"lc":2,"lj":1,"ml":4,"bm":0,"nm":"Stroke 1","mn":"ADBE Vector Graphic - Stroke","hd":false},{"ty":"tr","p":{"a":0,"k":[25.001,18],"ix":2},"a":{"a":0,"k":[0,0],"ix":1},"s":{"a":0,"k":[100,100],"ix":3},"r":{"a":0,"k":0,"ix":6},"o":{"a":0,"k":100,"ix":7},"sk":{"a":0,"k":0,"ix":4},"sa":{"a":0,"k":0,"ix":5},"nm":"Transform"}],"nm":"Group 1","np":2,"cix":2,"bm":0,"ix":1,"mn":"ADBE Vector Group","hd":false}],"ip":0,"op":28,"st":0,"bm":0},{"ddd":0,"ind":4,"ty":4,"nm":"mask","td":1,"sr":1,"ks":{"o":{"a":0,"k":100,"ix":11},"r":{"a":0,"k":60,"ix":10},"p":{"a":0,"k":[25.001,17.72,0],"ix":2},"a":{"a":0,"k":[25.001,18,0],"ix":1},"s":{"a":0,"k":[100,100,100],"ix":6}},"ao":0,"shapes":[{"ty":"gr","it":[{"ind":0,"ty":"sh","ix":1,"ks":{"a":0,"k":{"i":[[0,0],[-0.516,0.935],[0,0],[1.43,0.865],[0,0],[0.023,1.067],[0,0],[1.671,0.034],[0,0],[0.551,0.913],[0,0],[1.464,-0.805],[0,0],[0.935,0.515],[0,0],[0.865,-1.43],[0,0],[1.067,-0.022],[0,0],[0.034,-1.671],[0,0],[0.913,-0.552],[0,0],[-0.805,-1.464],[0,0],[0.515,-0.935],[0,0],[-1.43,-0.865],[0,0],[-0.022,-1.067],[0,0],[-1.671,-0.034],[0,0],[-0.552,-0.912],[0,0],[-1.464,0.805],[0,0],[-0.935,-0.515],[0,0],[-0.865,1.43],[0,0],[-1.067,0.022],[0,0],[-0.035,1.671],[0,0],[-0.912,0.552],[0,0],[0.805,1.464]],"o":[[-0.516,-0.935],[0,0],[0.805,-1.464],[0,0],[-0.912,-0.553],[0,0],[-0.034,-1.671],[0,0],[-1.067,-0.022],[0,0],[-0.865,-1.43],[0,0],[-0.935,0.515],[0,0],[-1.464,-0.805],[0,0],[-0.553,0.913],[0,0],[-1.671,0.034],[0,0],[-0.022,1.067],[0,0],[-1.429,0.865],[0,0],[0.515,0.935],[0,0],[-0.805,1.464],[0,0],[0.913,0.553],[0,0],[0.034,1.671],[0,0],[1.067,0.022],[0,0],[0.865,1.429],[0,0],[0.935,-0.515],[0,0],[1.464,0.805],[0,0],[0.552,-0.912],[0,0],[1.671,-0.034],[0,0],[0.023,-1.067],[0,0],[1.429,-0.865],[0,0]],"v":[[15.367,1.502],[15.367,-1.502],[15.613,-1.95],[14.497,-6.118],[14.057,-6.383],[12.555,-8.984],[12.546,-9.496],[9.495,-12.547],[8.982,-12.558],[6.382,-14.06],[6.117,-14.498],[1.949,-15.615],[1.501,-15.368],[-1.503,-15.368],[-1.951,-15.614],[-6.118,-14.497],[-6.383,-14.059],[-8.984,-12.557],[-9.497,-12.546],[-12.548,-9.495],[-12.559,-8.983],[-14.061,-6.382],[-14.499,-6.117],[-15.615,-1.949],[-15.368,-1.501],[-15.368,1.503],[-15.615,1.95],[-14.497,6.118],[-14.059,6.383],[-12.557,8.984],[-12.546,9.496],[-9.495,12.547],[-8.984,12.558],[-6.383,14.06],[-6.117,14.498],[-1.949,15.615],[-1.501,15.368],[1.503,15.368],[1.951,15.615],[6.118,14.498],[6.383,14.06],[8.984,12.558],[9.497,12.547],[12.548,9.496],[12.557,8.984],[14.059,6.383],[14.499,6.118],[15.615,1.95]],"c":true},"ix":2},"nm":"Path 1","mn":"ADBE Vector Shape - Group","hd":false},{"ty":"tr","p":{"a":0,"k":[25.001,18],"ix":2},"a":{"a":0,"k":[0,0],"ix":1},"s":{"a":0,"k":[100,100],"ix":3},"r":{"a":0,"k":0,"ix":6},"o":{"a":0,"k":100,"ix":7},"sk":{"a":0,"k":0,"ix":4},"sa":{"a":0,"k":0,"ix":5},"nm":"Transform"}],"nm":"Group 1","np":2,"cix":2,"bm":0,"ix":1,"mn":"ADBE Vector Group","hd":false},{"ty":"fl","c":{"a":0,"k":[1,0,0,1],"ix":4},"o":{"a":0,"k":100,"ix":5},"r":1,"bm":0,"nm":"Fill 1","mn":"ADBE Vector Graphic - Fill","hd":false}],"ip":0,"op":28,"st":0,"bm":0},{"ddd":0,"ind":5,"ty":4,"nm":"ribbon-left","tt":2,"sr":1,"ks":{"o":{"a":0,"k":100,"ix":11},"r":{"a":1,"k":[{"i":{"x":[0.667],"y":[1]},"o":{"x":[0.333],"y":[0]},"t":3,"s":[0]},{"i":{"x":[0.667],"y":[1]},"o":{"x":[0.333],"y":[0]},"t":10,"s":[15]},{"i":{"x":[0.667],"y":[1]},"o":{"x":[0.333],"y":[0]},"t":17,"s":[-5]},{"i":{"x":[0.667],"y":[1]},"o":{"x":[0.333],"y":[0]},"t":21,"s":[5]},{"t":23,"s":[0]}],"ix":10},"p":{"a":0,"k":[25,25,0],"ix":2},"a":{"a":0,"k":[25,25,0],"ix":1},"s":{"a":0,"k":[100,100,100],"ix":6}},"ao":0,"shapes":[{"ty":"gr","it":[{"ind":0,"ty":"sh","ix":1,"ks":{"a":0,"k":{"i":[[0,0],[0,0],[0,0],[0,0],[0,0]],"o":[[0,0],[0,0],[0,0],[0,0],[0,0]],"v":[[-2.037,-10.41],[-9.338,5.41],[-2.338,5.41],[1.662,10.41],[9.338,-7.137]],"c":true},"ix":2},"nm":"Path 1","mn":"ADBE Vector Shape - Group","hd":false},{"ty":"st","c":{"a":0,"k":[0,0,0,1],"ix":3},"o":{"a":0,"k":100,"ix":4},"w":{"a":0,"k":2,"ix":5},"lc":1,"lj":2,"bm":0,"nm":"Stroke 1","mn":"ADBE Vector Graphic - Stroke","hd":false},{"ty":"tr","p":{"a":0,"k":[19.338,37.59],"ix":2},"a":{"a":0,"k":[0,0],"ix":1},"s":{"a":0,"k":[100,100],"ix":3},"r":{"a":0,"k":0,"ix":6},"o":{"a":0,"k":100,"ix":7},"sk":{"a":0,"k":0,"ix":4},"sa":{"a":0,"k":0,"ix":5},"nm":"Transform"}],"nm":"Group 3","np":2,"cix":2,"bm":0,"ix":1,"mn":"ADBE Vector Group","hd":false}],"ip":0,"op":28,"st":0,"bm":0},{"ddd":0,"ind":6,"ty":4,"nm":"mask","td":1,"sr":1,"ks":{"o":{"a":0,"k":100,"ix":11},"r":{"a":1,"k":[{"i":{"x":[0.667],"y":[1]},"o":{"x":[0.333],"y":[0]},"t":3,"s":[0]},{"i":{"x":[0.667],"y":[1]},"o":{"x":[0.333],"y":[0]},"t":10,"s":[15]},{"i":{"x":[0.667],"y":[1]},"o":{"x":[0.333],"y":[0]},"t":17,"s":[-5]},{"i":{"x":[0.667],"y":[1]},"o":{"x":[0.333],"y":[0]},"t":21,"s":[5]},{"t":23,"s":[0]}],"ix":10},"p":{"a":0,"k":[25,25,0],"ix":2},"a":{"a":0,"k":[25,25,0],"ix":1},"s":{"a":0,"k":[100,100,100],"ix":6}},"ao":0,"shapes":[{"ty":"gr","it":[{"ind":0,"ty":"sh","ix":1,"ks":{"a":1,"k":[{"i":{"x":0.667,"y":1},"o":{"x":0.333,"y":0},"t":3,"s":[{"i":[[0,0],[0,0],[0,0],[0,0],[0,0],[0,0],[0,0],[0,0],[0,0],[0,0]],"o":[[0,0],[0,0],[0,0],[0,0],[0,0],[0,0],[0,0],[0,0],[0,0],[0,0]],"v":[[-2.037,-10.41],[-9.338,5.41],[-2.338,5.41],[1.662,10.41],[8.142,-4.403],[13.505,-6.544],[15.353,-7.281],[16.088,-7.575],[16.152,-15.74],[3.725,-8.752]],"c":true}]},{"i":{"x":0.667,"y":1},"o":{"x":0.333,"y":0},"t":6,"s":[{"i":[[0,0],[0,0],[0,0],[0,0],[0,0],[0,0],[0,0],[0,0],[0,0],[0,0]],"o":[[0,0],[0,0],[0,0],[0,0],[0,0],[0,0],[0,0],[0,0],[0,0],[0,0]],"v":[[-2.037,-10.41],[-9.338,5.41],[-2.338,5.41],[1.662,10.41],[8.142,-4.403],[10.711,-4.535],[16.265,-8.706],[17.964,-10.04],[15.624,-17.462],[3.725,-8.752]],"c":true}]},{"i":{"x":0.667,"y":1},"o":{"x":0.333,"y":0},"t":8,"s":[{"i":[[0,0],[0,0],[0,0],[0,0],[0,0],[0,0],[0,0],[0,0],[0,0],[0,0]],"o":[[0,0],[0,0],[0,0],[0,0],[0,0],[0,0],[0,0],[0,0],[0,0],[0,0]],"v":[[-2.037,-10.41],[-9.338,5.41],[-2.338,5.41],[1.662,10.41],[8.142,-4.403],[13.087,-5.89],[14.541,-8.236],[18.402,-11.16],[15.272,-18.61],[3.725,-8.752]],"c":true}]},{"i":{"x":0.667,"y":1},"o":{"x":0.333,"y":0},"t":10,"s":[{"i":[[0,0],[0,0],[0,0],[0,0],[0,0],[0,0],[0,0],[0,0],[0,0],[0,0]],"o":[[0,0],[0,0],[0,0],[0,0],[0,0],[0,0],[0,0],[0,0],[0,0],[0,0]],"v":[[-2.037,-10.41],[-9.338,5.41],[-2.338,5.41],[1.662,10.41],[8.142,-4.403],[12.71,-5.835],[16.584,-10.138],[18.28,-12.432],[15.125,-19.088],[3.725,-8.752]],"c":true}]},{"i":{"x":0.667,"y":1},"o":{"x":0.333,"y":0},"t":13,"s":[{"i":[[0,0],[0,0],[0,0],[0,0],[0,0],[0,0],[0,0],[0,0],[0,0],[0,0]],"o":[[0,0],[0,0],[0,0],[0,0],[0,0],[0,0],[0,0],[0,0],[0,0],[0,0]],"v":[[-2.037,-10.41],[-9.338,5.41],[-2.338,5.41],[1.662,10.41],[8.142,-4.403],[12.278,-5.45],[14.954,-8.355],[17.674,-9.699],[15.565,-17.653],[3.725,-8.752]],"c":true}]},{"i":{"x":0.667,"y":1},"o":{"x":0.333,"y":0},"t":17,"s":[{"i":[[0,0],[0,0],[0,0],[0,0],[0,0],[0,0],[0,0],[0,0],[0,0],[0,0]],"o":[[0,0],[0,0],[0,0],[0,0],[0,0],[0,0],[0,0],[0,0],[0,0],[0,0]],"v":[[-2.037,-10.41],[-9.338,5.41],[-2.338,5.41],[1.662,10.41],[8.142,-4.403],[13.819,-6.092],[15.954,-6.137],[16.477,-7.54],[16.152,-15.74],[3.725,-8.752]],"c":true}]},{"i":{"x":0.667,"y":1},"o":{"x":0.333,"y":0},"t":21,"s":[{"i":[[0,0],[0,0],[0,0],[0,0],[0,0],[0,0],[0,0],[0,0],[0,0],[0,0]],"o":[[0,0],[0,0],[0,0],[0,0],[0,0],[0,0],[0,0],[0,0],[0,0],[0,0]],"v":[[-2.037,-10.41],[-9.338,5.41],[-2.338,5.41],[1.662,10.41],[8.142,-4.403],[14.65,-7.683],[16.188,-8.458],[16.799,-8.766],[16.152,-15.74],[3.725,-8.752]],"c":true}]},{"t":23,"s":[{"i":[[0,0],[0,0],[0,0],[0,0],[0,0],[0,0],[0,0],[0,0],[0,0],[0,0]],"o":[[0,0],[0,0],[0,0],[0,0],[0,0],[0,0],[0,0],[0,0],[0,0],[0,0]],"v":[[-2.037,-10.41],[-9.338,5.41],[-2.338,5.41],[1.662,10.41],[8.142,-4.403],[13.99,-5.975],[15.026,-7.788],[15.588,-8.575],[16.152,-15.74],[3.725,-8.752]],"c":true}]}],"ix":2},"nm":"Path 1","mn":"ADBE Vector Shape - Group","hd":false},{"ty":"tr","p":{"a":0,"k":[19.338,37.59],"ix":2},"a":{"a":0,"k":[0,0],"ix":1},"s":{"a":0,"k":[100,100],"ix":3},"r":{"a":0,"k":0,"ix":6},"o":{"a":0,"k":100,"ix":7},"sk":{"a":0,"k":0,"ix":4},"sa":{"a":0,"k":0,"ix":5},"nm":"Transform"}],"nm":"Group 3","np":2,"cix":2,"bm":0,"ix":1,"mn":"ADBE Vector Group","hd":false},{"ty":"fl","c":{"a":0,"k":[1,0,0,1],"ix":4},"o":{"a":0,"k":100,"ix":5},"r":1,"bm":0,"nm":"Fill 1","mn":"ADBE Vector Graphic - Fill","hd":false}],"ip":0,"op":28,"st":0,"bm":0},{"ddd":0,"ind":7,"ty":4,"nm":"ribbon-right","tt":2,"sr":1,"ks":{"o":{"a":0,"k":100,"ix":11},"r":{"a":1,"k":[{"i":{"x":[0.667],"y":[1]},"o":{"x":[0.333],"y":[0]},"t":3,"s":[0]},{"i":{"x":[0.667],"y":[1]},"o":{"x":[0.333],"y":[0]},"t":10,"s":[-15]},{"i":{"x":[0.667],"y":[1]},"o":{"x":[0.333],"y":[0]},"t":17,"s":[5]},{"i":{"x":[0.667],"y":[1]},"o":{"x":[0.333],"y":[0]},"t":21,"s":[-5]},{"t":23,"s":[0]}],"ix":10},"p":{"a":0,"k":[25,25,0],"ix":2},"a":{"a":0,"k":[25,25,0],"ix":1},"s":{"a":0,"k":[100,100,100],"ix":6}},"ao":0,"shapes":[{"ty":"gr","it":[{"ind":0,"ty":"sh","ix":1,"ks":{"a":0,"k":{"i":[[0,0],[0,0],[0,0],[0,0],[0,0]],"o":[[0,0],[0,0],[0,0],[0,0],[0,0]],"v":[[-9.162,-6.41],[-1.838,10.334],[2.162,5.334],[9.162,5.334],[1.931,-10.334]],"c":true},"ix":2},"nm":"Path 1","mn":"ADBE Vector Shape - Group","hd":false},{"ty":"st","c":{"a":0,"k":[0,0,0,1],"ix":3},"o":{"a":0,"k":100,"ix":4},"w":{"a":0,"k":2,"ix":5},"lc":1,"lj":2,"bm":0,"nm":"Stroke 1","mn":"ADBE Vector Graphic - Stroke","hd":false},{"ty":"tr","p":{"a":0,"k":[30.899,37.666],"ix":2},"a":{"a":0,"k":[0,0],"ix":1},"s":{"a":0,"k":[100,100],"ix":3},"r":{"a":0,"k":0,"ix":6},"o":{"a":0,"k":100,"ix":7},"sk":{"a":0,"k":0,"ix":4},"sa":{"a":0,"k":0,"ix":5},"nm":"Transform"}],"nm":"Group 2","np":2,"cix":2,"bm":0,"ix":1,"mn":"ADBE Vector Group","hd":false}],"ip":0,"op":28,"st":0,"bm":0}],"markers":[]}