{"v":"5.4.4","fr":24,"ip":0,"op":28,"w":50,"h":50,"nm":"facebook-circled 4","ddd":0,"assets":[],"layers":[{"ddd":0,"ind":1,"ty":4,"nm":"facebook-circled Outlines 2","sr":1,"ks":{"o":{"a":0,"k":100,"ix":11},"r":{"a":1,"k":[{"i":{"x":[0.833],"y":[0.833]},"o":{"x":[0.167],"y":[0.167]},"t":0,"s":[0],"e":[90]},{"i":{"x":[0.679],"y":[1]},"o":{"x":[0.167],"y":[0.167]},"t":5,"s":[90],"e":[0]},{"t":21}],"ix":10},"p":{"s":true,"x":{"a":0,"k":25,"ix":3},"y":{"a":0,"k":25,"ix":4}},"a":{"a":0,"k":[25,25,0],"ix":1},"s":{"a":1,"k":[{"i":{"x":[0.833,0.833,0.833],"y":[0.833,0.833,0.833]},"o":{"x":[0.167,0.167,0.167],"y":[0.167,0.167,0.167]},"t":0,"s":[100,100,100],"e":[10,10,100]},{"i":{"x":[0.667,0.667,0.667],"y":[1,1,1]},"o":{"x":[0.167,0.167,0.167],"y":[0.167,0.167,0]},"t":3,"s":[10,10,100],"e":[100,100,100]},{"t":23}],"ix":6}},"ao":0,"shapes":[{"ty":"gr","it":[{"ind":0,"ty":"sh","ix":1,"ks":{"a":0,"k":{"i":[[0,0],[0,0],[0.73,-0.47],[0,-0.87],[0,0],[-0.55,0],[0,0],[0,0],[0,0],[0,-0.55],[0,0],[0,0],[0,0],[0.55,0],[0,0],[0,0],[0,0],[0,0.55],[0,0],[-0.82,1.02],[-2.24,0],[-0.77,-0.24]],"o":[[0,0],[-1.05,0],[-0.72,0.47],[0,0],[0,0.55],[0,0],[0,0],[0,0],[-0.55,0],[0,0],[0,0],[0,0],[0,-0.55],[0,0],[0,0],[0,0],[0.55,0],[0,0],[0,-1.98],[0.83,-1.03],[1.89,0],[0,0]],"v":[[6,-10],[3.71,-10],[1.08,-9.44],[0,-7.19],[0,-4],[1,-3],[5.78,-3],[5.18,0],[1,0],[0,1],[0,13],[-4,13],[-4,1],[-5,0],[-7,0],[-7,-3],[-5,-3],[-4,-4],[-4,-6.77],[-2.77,-11.34],[1.58,-13],[6,-12.25]],"c":true},"ix":2},"nm":"Path 1","mn":"ADBE Vector Shape - Group","hd":false},{"ind":1,"ty":"sh","ix":2,"ks":{"a":0,"k":{"i":[[0.39,0.14],[2.88,0],[1.24,-1.53],[0,-2.25],[0,0],[0,0],[0,-0.55],[0,0],[-0.55,0],[0,0],[0,0],[-0.55,0],[0,0],[0,0.55],[0,0],[0,0],[-0.09,0.46],[0,0],[0.19,0.23],[0.3,0],[0,0],[0,0],[-0.14,0.09],[-0.89,0],[0,0],[0,0.55],[0,0]],"o":[[0,0],[-2.65,0],[-1.24,1.53],[0,0],[0,0],[-0.55,0],[0,0],[0,0.55],[0,0],[0,0],[0,0.55],[0,0],[0.55,0],[0,0],[0,0],[0.48,0],[0,0],[0.06,-0.3],[-0.19,-0.24],[0,0],[0,0],[0,-0.49],[0.14,-0.09],[0,0],[0.55,0],[0,0],[0,-0.42]],"v":[[7.34,-13.94],[1.58,-15],[-4.32,-12.6],[-6,-6.77],[-6,-5],[-8,-5],[-9,-4],[-9,1],[-8,2],[-6,2],[-6,14],[-5,15],[1,15],[2,14],[2,2],[6,2],[6.98,1.2],[7.98,-3.8],[7.77,-4.63],[7,-5],[2,-5],[2,-7.19],[2.17,-7.77],[3.71,-8],[7,-8],[8,-9],[8,-13]],"c":true},"ix":2},"nm":"Path 2","mn":"ADBE Vector Shape - Group","hd":false},{"ty":"mm","mm":1,"nm":"Merge Paths 1","mn":"ADBE Vector Filter - Merge","hd":false},{"ty":"fl","c":{"a":0,"k":[0,0,0,1],"ix":4},"o":{"a":0,"k":100,"ix":5},"r":1,"bm":0,"nm":"Fill 1","mn":"ADBE Vector Graphic - Fill","hd":false},{"ty":"tr","p":{"a":0,"k":[25,25],"ix":2},"a":{"a":0,"k":[0,0],"ix":1},"s":{"a":0,"k":[100,100],"ix":3},"r":{"a":0,"k":0,"ix":6},"o":{"a":0,"k":100,"ix":7},"sk":{"a":0,"k":0,"ix":4},"sa":{"a":0,"k":0,"ix":5},"nm":"Transform"}],"nm":"Group 2","np":4,"cix":2,"bm":0,"ix":1,"mn":"ADBE Vector Group","hd":false}],"ip":0,"op":28,"st":0,"bm":0},{"ddd":0,"ind":2,"ty":4,"nm":"Circle","sr":1,"ks":{"o":{"a":0,"k":100,"ix":11},"r":{"a":0,"k":0,"ix":10},"p":{"a":0,"k":[25,25,0],"ix":2},"a":{"a":0,"k":[25,25,0],"ix":1},"s":{"a":0,"k":[100,100,100],"ix":6}},"ao":0,"shapes":[{"ty":"gr","it":[{"ind":0,"ty":"sh","ix":1,"ks":{"a":0,"k":{"i":[[11.61,0],[0,11.61],[-11.61,0],[0,-11.61]],"o":[[-11.61,0],[0,-11.61],[11.61,0],[0,11.61]],"v":[[0,21],[-21,0],[0,-21],[21,0]],"c":true},"ix":2},"nm":"Path 3","mn":"ADBE Vector Shape - Group","hd":false},{"ind":1,"ty":"sh","ix":2,"ks":{"a":0,"k":{"i":[[12.69,0],[0,-12.69],[-12.69,0],[0,12.69]],"o":[[-12.69,0],[0,12.69],[12.69,0],[0,-12.69]],"v":[[0,-23],[-23,0],[0,23],[23,0]],"c":true},"ix":2},"nm":"Path 4","mn":"ADBE Vector Shape - Group","hd":false},{"ty":"mm","mm":1,"nm":"Merge Paths 1","mn":"ADBE Vector Filter - Merge","hd":false},{"ty":"fl","c":{"a":0,"k":[0,0,0,1],"ix":4},"o":{"a":0,"k":100,"ix":5},"r":1,"bm":0,"nm":"Fill 1","mn":"ADBE Vector Graphic - Fill","hd":false},{"ty":"tr","p":{"a":0,"k":[25,25],"ix":2},"a":{"a":0,"k":[0,0],"ix":1},"s":{"a":0,"k":[100,100],"ix":3},"r":{"a":0,"k":0,"ix":6},"o":{"a":0,"k":100,"ix":7},"sk":{"a":0,"k":0,"ix":4},"sa":{"a":0,"k":0,"ix":5},"nm":"Transform"}],"nm":"Group 2","np":4,"cix":2,"bm":0,"ix":1,"mn":"ADBE Vector Group","hd":false}],"ip":0,"op":28,"st":0,"bm":0}],"markers":[]}