{"v":"5.4.4","fr":24,"ip":0,"op":28,"w":50,"h":50,"nm":"restore-window","ddd":0,"assets":[],"layers":[{"ddd":0,"ind":1,"ty":4,"nm":"Back window","sr":1,"ks":{"o":{"a":0,"k":100,"ix":11},"r":{"a":0,"k":0,"ix":10},"p":{"a":0,"k":[25,25,0],"ix":2},"a":{"a":0,"k":[25,25,0],"ix":1},"s":{"a":0,"k":[100,100,100],"ix":6}},"ao":0,"shapes":[{"ty":"gr","it":[{"ind":0,"ty":"sh","ix":1,"ks":{"a":1,"k":[{"i":{"x":0.667,"y":1},"o":{"x":0.333,"y":0},"t":5,"s":[{"i":[[0,0],[0,0]],"o":[[0,0],[0,0]],"v":[[13,25],[13,25]],"c":false}],"e":[{"i":[[0,0],[0,0]],"o":[[0,0],[0,0]],"v":[[13,25],[18,25]],"c":false}]},{"i":{"x":0.667,"y":1},"o":{"x":0.333,"y":0},"t":11,"s":[{"i":[[0,0],[0,0]],"o":[[0,0],[0,0]],"v":[[13,25],[18,25]],"c":false}],"e":[{"i":[[0,0],[0,0]],"o":[[0,0],[0,0]],"v":[[13,25],[18,25]],"c":false}]},{"i":{"x":0.667,"y":1},"o":{"x":0.333,"y":0},"t":17,"s":[{"i":[[0,0],[0,0]],"o":[[0,0],[0,0]],"v":[[13,25],[18,25]],"c":false}],"e":[{"i":[[0,0],[0,0]],"o":[[0,0],[0,0]],"v":[[13,25],[13,25]],"c":false}]},{"t":23}],"ix":2},"nm":"Path 1","mn":"ADBE Vector Shape - Group","hd":false},{"ty":"st","c":{"a":0,"k":[0,0,0,1],"ix":3},"o":{"a":0,"k":100,"ix":4},"w":{"a":0,"k":2,"ix":5},"lc":1,"lj":2,"bm":0,"nm":"Stroke 1","mn":"ADBE Vector Graphic - Stroke","hd":false},{"ty":"tr","p":{"a":0,"k":[0,0],"ix":2},"a":{"a":0,"k":[0,0],"ix":1},"s":{"a":0,"k":[100,100],"ix":3},"r":{"a":0,"k":0,"ix":6},"o":{"a":0,"k":100,"ix":7},"sk":{"a":0,"k":0,"ix":4},"sa":{"a":0,"k":0,"ix":5},"nm":"Transform"}],"nm":"Group 1","np":2,"cix":2,"bm":0,"ix":1,"mn":"ADBE Vector Group","hd":false},{"ty":"gr","it":[{"ind":0,"ty":"sh","ix":1,"ks":{"a":1,"k":[{"i":{"x":0.833,"y":0.833},"o":{"x":0.167,"y":0.167},"t":5,"s":[{"i":[[0,0],[0,0],[0,-0.552],[0,0],[-0.552,0],[0,0],[-0.095,0.003],[0,0]],"o":[[0,0],[-0.002,0.021],[0,0],[0,0.552],[0,0],[0.552,0],[0,0],[0,0]],"v":[[-8.998,-8],[-8.999,-7.853],[-9,-7],[-9,5.054],[-8,6.054],[8,6.054],[8.865,6.047],[8.995,6.047]],"c":false}],"e":[{"i":[[0,0],[0,0],[0,-0.552],[0,0],[-0.552,0],[0,0],[-0.07,0.005],[0,0]],"o":[[0,0],[0.001,0.058],[0,0],[0,0.552],[0,0],[0.552,0],[0,0],[0,0]],"v":[[-9,-8],[-9,-7.928],[-9,-7],[-9,5.148],[-8,6.148],[8,6.148],[8.913,6.139],[9,6.139]],"c":false}]},{"i":{"x":0.667,"y":1},"o":{"x":0.167,"y":0.167},"t":6,"s":[{"i":[[0,0],[0,0],[0,-0.552],[0,0],[-0.552,0],[0,0],[-0.07,0.005],[0,0]],"o":[[0,0],[0.001,0.058],[0,0],[0,0.552],[0,0],[0.552,0],[0,0],[0,0]],"v":[[-9,-8],[-9,-7.928],[-9,-7],[-9,5.148],[-8,6.148],[8,6.148],[8.913,6.139],[9,6.139]],"c":false}],"e":[{"i":[[0,0],[0,0],[0,-0.552],[0,0],[-0.552,0],[0,0],[0,0.552],[0,0]],"o":[[0,0],[-0.552,0],[0,0],[0,0.552],[0,0],[0.552,0],[0,0],[0,0]],"v":[[-4,-8],[-8,-8],[-9,-7],[-9,7],[-8,8],[8,8],[9,7],[9,2]],"c":false}]},{"i":{"x":0.667,"y":1},"o":{"x":0.333,"y":0},"t":11,"s":[{"i":[[0,0],[0,0],[0,-0.552],[0,0],[-0.552,0],[0,0],[0,0.552],[0,0]],"o":[[0,0],[-0.552,0],[0,0],[0,0.552],[0,0],[0.552,0],[0,0],[0,0]],"v":[[-4,-8],[-8,-8],[-9,-7],[-9,7],[-8,8],[8,8],[9,7],[9,2]],"c":false}],"e":[{"i":[[0,0],[0,0],[0,-0.552],[0,0],[-0.552,0],[0,0],[0,0.552],[0,0]],"o":[[0,0],[-0.552,0],[0,0],[0,0.552],[0,0],[0.552,0],[0,0],[0,0]],"v":[[-4,-8],[-8,-8],[-9,-7],[-9,7],[-8,8],[8,8],[9,7],[9,2]],"c":false}]},{"i":{"x":0.833,"y":0.833},"o":{"x":0.333,"y":0},"t":17,"s":[{"i":[[0,0],[0,0],[0,-0.552],[0,0],[-0.552,0],[0,0],[0,0.552],[0,0]],"o":[[0,0],[-0.552,0],[0,0],[0,0.552],[0,0],[0.552,0],[0,0],[0,0]],"v":[[-4,-8],[-8,-8],[-9,-7],[-9,7],[-8,8],[8,8],[9,7],[9,2]],"c":false}],"e":[{"i":[[0,0],[0,0],[0,-0.552],[0,0],[-0.552,0],[0,0],[-0.07,0.005],[0,0]],"o":[[0,0],[0.001,0.058],[0,0],[0,0.552],[0,0],[0.552,0],[0,0],[0,0]],"v":[[-9,-8],[-9,-7.928],[-9,-7],[-9,5.148],[-8,6.148],[8,6.148],[8.913,6.139],[9,6.139]],"c":false}]},{"i":{"x":0.833,"y":0.833},"o":{"x":0.167,"y":0.167},"t":22,"s":[{"i":[[0,0],[0,0],[0,-0.552],[0,0],[-0.552,0],[0,0],[-0.07,0.005],[0,0]],"o":[[0,0],[0.001,0.058],[0,0],[0,0.552],[0,0],[0.552,0],[0,0],[0,0]],"v":[[-9,-8],[-9,-7.928],[-9,-7],[-9,5.148],[-8,6.148],[8,6.148],[8.913,6.139],[9,6.139]],"c":false}],"e":[{"i":[[0,0],[0,0],[0,-0.552],[0,0],[-0.552,0],[0,0],[-0.095,0.003],[0,0]],"o":[[0,0],[-0.002,0.021],[0,0],[0,0.552],[0,0],[0.552,0],[0,0],[0,0]],"v":[[-8.998,-8],[-8.999,-7.853],[-9,-7],[-9,5.054],[-8,6.054],[8,6.054],[8.865,6.047],[8.995,6.047]],"c":false}]},{"t":23}],"ix":2},"nm":"Path 1","mn":"ADBE Vector Shape - Group","hd":false},{"ty":"st","c":{"a":0,"k":[0,0,0,1],"ix":3},"o":{"a":0,"k":100,"ix":4},"w":{"a":0,"k":2,"ix":5},"lc":1,"lj":2,"bm":0,"nm":"Stroke 1","mn":"ADBE Vector Graphic - Stroke","hd":false},{"ty":"tr","p":{"a":0,"k":[22,29],"ix":2},"a":{"a":0,"k":[0,0],"ix":1},"s":{"a":0,"k":[100,100],"ix":3},"r":{"a":0,"k":0,"ix":6},"o":{"a":0,"k":100,"ix":7},"sk":{"a":0,"k":0,"ix":4},"sa":{"a":0,"k":0,"ix":5},"nm":"Transform"}],"nm":"Group 3","np":2,"cix":2,"bm":0,"ix":2,"mn":"ADBE Vector Group","hd":false}],"ip":3,"op":25,"st":0,"bm":0},{"ddd":0,"ind":2,"ty":4,"nm":"Front window","sr":1,"ks":{"o":{"a":0,"k":100,"ix":11},"r":{"a":0,"k":0,"ix":10},"p":{"a":0,"k":[25,25,0],"ix":2},"a":{"a":0,"k":[25,25,0],"ix":1},"s":{"a":0,"k":[100,100,100],"ix":6}},"ao":0,"shapes":[{"ty":"gr","it":[{"ind":0,"ty":"sh","ix":1,"ks":{"a":1,"k":[{"i":{"x":0.667,"y":1},"o":{"x":0.333,"y":0},"t":3,"s":[{"i":[[0,0],[0,0]],"o":[[0,0],[0,0]],"v":[[13,18],[37,18]],"c":false}],"e":[{"i":[[0,0],[0,0]],"o":[[0,0],[0,0]],"v":[[20,17],[38,17]],"c":false}]},{"i":{"x":0.667,"y":1},"o":{"x":0.333,"y":0},"t":11,"s":[{"i":[[0,0],[0,0]],"o":[[0,0],[0,0]],"v":[[20,17],[38,17]],"c":false}],"e":[{"i":[[0,0],[0,0]],"o":[[0,0],[0,0]],"v":[[20,17],[38,17]],"c":false}]},{"i":{"x":0.667,"y":1},"o":{"x":0.333,"y":0},"t":17,"s":[{"i":[[0,0],[0,0]],"o":[[0,0],[0,0]],"v":[[20,17],[38,17]],"c":false}],"e":[{"i":[[0,0],[0,0]],"o":[[0,0],[0,0]],"v":[[13,18],[37,18]],"c":false}]},{"t":25}],"ix":2},"nm":"Path 1","mn":"ADBE Vector Shape - Group","hd":false},{"ty":"st","c":{"a":0,"k":[0,0,0,1],"ix":3},"o":{"a":0,"k":100,"ix":4},"w":{"a":0,"k":2,"ix":5},"lc":1,"lj":1,"ml":10,"bm":0,"nm":"Stroke 1","mn":"ADBE Vector Graphic - Stroke","hd":false},{"ty":"tr","p":{"a":0,"k":[0,0],"ix":2},"a":{"a":0,"k":[0,0],"ix":1},"s":{"a":0,"k":[100,100],"ix":3},"r":{"a":0,"k":0,"ix":6},"o":{"a":0,"k":100,"ix":7},"sk":{"a":0,"k":0,"ix":4},"sa":{"a":0,"k":0,"ix":5},"nm":"Transform"}],"nm":"Group 6","np":2,"cix":2,"bm":0,"ix":1,"mn":"ADBE Vector Group","hd":false},{"ty":"gr","it":[{"ind":0,"ty":"sh","ix":1,"ks":{"a":1,"k":[{"i":{"x":0.667,"y":1},"o":{"x":0.333,"y":0},"t":3,"s":[{"i":[[-0.552,0],[0,0],[0,0.552],[0,0],[0.552,0],[0,0],[0,-0.552],[0,0]],"o":[[0,0],[0.552,0],[0,0],[0,-0.552],[0,0],[-0.552,0],[0,0],[0,0.552]],"v":[[-11,10.5],[11,10.5],[12,9.5],[12,-9.5],[11,-10.5],[-11,-10.5],[-12,-9.5],[-12,9.5]],"c":true}],"e":[{"i":[[-0.552,0],[0,0],[0,0.552],[0,0],[0.552,0],[0,0],[0,-0.552],[0,0]],"o":[[0,0],[0.552,0],[0,0],[0,-0.552],[0,0],[-0.552,0],[0,0],[0,0.552]],"v":[[-4,4.5],[12,4.5],[13,3.5],[13,-10.5],[12,-11.5],[-4,-11.5],[-5,-10.5],[-5,3.5]],"c":true}]},{"i":{"x":0.667,"y":1},"o":{"x":0.333,"y":0},"t":11,"s":[{"i":[[-0.552,0],[0,0],[0,0.552],[0,0],[0.552,0],[0,0],[0,-0.552],[0,0]],"o":[[0,0],[0.552,0],[0,0],[0,-0.552],[0,0],[-0.552,0],[0,0],[0,0.552]],"v":[[-4,4.5],[12,4.5],[13,3.5],[13,-10.5],[12,-11.5],[-4,-11.5],[-5,-10.5],[-5,3.5]],"c":true}],"e":[{"i":[[-0.552,0],[0,0],[0,0.552],[0,0],[0.552,0],[0,0],[0,-0.552],[0,0]],"o":[[0,0],[0.552,0],[0,0],[0,-0.552],[0,0],[-0.552,0],[0,0],[0,0.552]],"v":[[-4,4.5],[12,4.5],[13,3.5],[13,-10.5],[12,-11.5],[-4,-11.5],[-5,-10.5],[-5,3.5]],"c":true}]},{"i":{"x":0.667,"y":1},"o":{"x":0.333,"y":0},"t":17,"s":[{"i":[[-0.552,0],[0,0],[0,0.552],[0,0],[0.552,0],[0,0],[0,-0.552],[0,0]],"o":[[0,0],[0.552,0],[0,0],[0,-0.552],[0,0],[-0.552,0],[0,0],[0,0.552]],"v":[[-4,4.5],[12,4.5],[13,3.5],[13,-10.5],[12,-11.5],[-4,-11.5],[-5,-10.5],[-5,3.5]],"c":true}],"e":[{"i":[[-0.552,0],[0,0],[0,0.552],[0,0],[0.552,0],[0,0],[0,-0.552],[0,0]],"o":[[0,0],[0.552,0],[0,0],[0,-0.552],[0,0],[-0.552,0],[0,0],[0,0.552]],"v":[[-11,10.5],[11,10.5],[12,9.5],[12,-9.5],[11,-10.5],[-11,-10.5],[-12,-9.5],[-12,9.5]],"c":true}]},{"t":25}],"ix":2},"nm":"Path 1","mn":"ADBE Vector Shape - Group","hd":false},{"ty":"st","c":{"a":0,"k":[0,0,0,1],"ix":3},"o":{"a":0,"k":100,"ix":4},"w":{"a":0,"k":2,"ix":5},"lc":1,"lj":1,"ml":10,"bm":0,"nm":"Stroke 1","mn":"ADBE Vector Graphic - Stroke","hd":false},{"ty":"tr","p":{"a":0,"k":[25,24.5],"ix":2},"a":{"a":0,"k":[0,0],"ix":1},"s":{"a":0,"k":[100,100],"ix":3},"r":{"a":0,"k":0,"ix":6},"o":{"a":0,"k":100,"ix":7},"sk":{"a":0,"k":0,"ix":4},"sa":{"a":0,"k":0,"ix":5},"nm":"Transform"}],"nm":"Group 7","np":2,"cix":2,"bm":0,"ix":2,"mn":"ADBE Vector Group","hd":false}],"ip":0,"op":28,"st":0,"bm":0},{"ddd":0,"ind":3,"ty":4,"nm":"Square","sr":1,"ks":{"o":{"a":0,"k":100,"ix":11},"r":{"a":0,"k":0,"ix":10},"p":{"a":0,"k":[25,25,0],"ix":2},"a":{"a":0,"k":[25,25,0],"ix":1},"s":{"a":0,"k":[100,100,100],"ix":6}},"ao":0,"shapes":[{"ty":"gr","it":[{"ind":0,"ty":"sh","ix":1,"ks":{"a":0,"k":{"i":[[2.209,0],[0,0],[0,2.209],[0,0],[-2.209,0],[0,0],[0,-2.209],[0,0]],"o":[[0,0],[-2.209,0],[0,0],[0,-2.209],[0,0],[2.209,0],[0,0],[0,2.209]],"v":[[16,20],[-16,20],[-20,16],[-20,-16],[-16,-20],[16,-20],[20,-16],[20,16]],"c":true},"ix":2},"nm":"Path 1","mn":"ADBE Vector Shape - Group","hd":false},{"ty":"st","c":{"a":0,"k":[0,0,0,1],"ix":3},"o":{"a":0,"k":100,"ix":4},"w":{"a":0,"k":2,"ix":5},"lc":1,"lj":1,"ml":10,"bm":0,"nm":"Stroke 1","mn":"ADBE Vector Graphic - Stroke","hd":false},{"ty":"tr","p":{"a":0,"k":[25,25],"ix":2},"a":{"a":0,"k":[0,0],"ix":1},"s":{"a":0,"k":[100,100],"ix":3},"r":{"a":0,"k":0,"ix":6},"o":{"a":0,"k":100,"ix":7},"sk":{"a":0,"k":0,"ix":4},"sa":{"a":0,"k":0,"ix":5},"nm":"Transform"}],"nm":"Group 5","np":2,"cix":2,"bm":0,"ix":1,"mn":"ADBE Vector Group","hd":false}],"ip":0,"op":28,"st":0,"bm":0}],"markers":[]}