{"v":"5.4.4","fr":24,"ip":0,"op":28,"w":50,"h":50,"nm":"wallet","ddd":0,"assets":[],"layers":[{"ddd":0,"ind":1,"ty":4,"nm":"Card 3","sr":1,"ks":{"o":{"a":0,"k":100,"ix":11},"r":{"a":0,"k":0,"ix":10},"p":{"a":0,"k":[25,25,0],"ix":2},"a":{"a":0,"k":[25,25,0],"ix":1},"s":{"a":0,"k":[100,100,100],"ix":6}},"ao":0,"shapes":[{"ty":"gr","it":[{"ind":0,"ty":"sh","ix":1,"ks":{"a":1,"k":[{"i":{"x":0.133,"y":1},"o":{"x":0.167,"y":0.167},"t":4,"s":[{"i":[[0,0],[0,0],[-2.209,0],[0,0],[0,-2.209],[0,0]],"o":[[0,0],[0,-2.209],[0,0],[2.209,0],[0,0],[0,0]],"v":[[-22,15],[-22,-11],[-18,-15],[18,-15],[22,-11],[22,15]],"c":false}],"e":[{"i":[[0,0],[0,0],[-2.209,0],[0,0],[0,-2.209],[0,0]],"o":[[0,0],[0,-2.209],[0,0],[2.209,0],[0,0],[0,0]],"v":[[-22,15],[-22,-16],[-18,-20],[18,-20],[22,-16],[22,15]],"c":false}]},{"i":{"x":0.833,"y":0.833},"o":{"x":0.859,"y":0},"t":10,"s":[{"i":[[0,0],[0,0],[-2.209,0],[0,0],[0,-2.209],[0,0]],"o":[[0,0],[0,-2.209],[0,0],[2.209,0],[0,0],[0,0]],"v":[[-22,15],[-22,-16],[-18,-20],[18,-20],[22,-16],[22,15]],"c":false}],"e":[{"i":[[0,0],[0,0],[-2.209,0],[0,0],[0,-2.209],[0,0]],"o":[[0,0],[0,-2.209],[0,0],[2.209,0],[0,0],[0,0]],"v":[[-22,15],[-22,-13],[-18,-17],[18,-17],[22,-13],[22,15]],"c":false}]},{"i":{"x":0.833,"y":0.833},"o":{"x":0.167,"y":0.167},"t":14,"s":[{"i":[[0,0],[0,0],[-2.209,0],[0,0],[0,-2.209],[0,0]],"o":[[0,0],[0,-2.209],[0,0],[2.209,0],[0,0],[0,0]],"v":[[-22,15],[-22,-13],[-18,-17],[18,-17],[22,-13],[22,15]],"c":false}],"e":[{"i":[[0,0],[0,0],[-2.209,0],[0,0],[0,-2.209],[0,0]],"o":[[0,0],[0,-2.209],[0,0],[2.209,0],[0,0],[0,0]],"v":[[-22,15],[-22,-13],[-18,-17],[18,-17],[22,-13],[22,15]],"c":false}]},{"i":{"x":0.667,"y":1},"o":{"x":0.167,"y":0.167},"t":22,"s":[{"i":[[0,0],[0,0],[-2.209,0],[0,0],[0,-2.209],[0,0]],"o":[[0,0],[0,-2.209],[0,0],[2.209,0],[0,0],[0,0]],"v":[[-22,15],[-22,-13],[-18,-17],[18,-17],[22,-13],[22,15]],"c":false}],"e":[{"i":[[0,0],[0,0],[-2.209,0],[0,0],[0,-2.209],[0,0]],"o":[[0,0],[0,-2.209],[0,0],[2.209,0],[0,0],[0,0]],"v":[[-22,15],[-22,-9],[-18,-13],[18,-13],[22,-9],[22,15]],"c":false}]},{"i":{"x":0.667,"y":1},"o":{"x":0.333,"y":0},"t":24,"s":[{"i":[[0,0],[0,0],[-2.209,0],[0,0],[0,-2.209],[0,0]],"o":[[0,0],[0,-2.209],[0,0],[2.209,0],[0,0],[0,0]],"v":[[-22,15],[-22,-9],[-18,-13],[18,-13],[22,-9],[22,15]],"c":false}],"e":[{"i":[[0,0],[0,0],[-2.209,0],[0,0],[0,-2.209],[0,0]],"o":[[0,0],[0,-2.209],[0,0],[2.209,0],[0,0],[0,0]],"v":[[-22,15],[-22,-11],[-18,-15],[18,-15],[22,-11],[22,15]],"c":false}]},{"t":26}],"ix":2},"nm":"Path 1","mn":"ADBE Vector Shape - Group","hd":false},{"ty":"st","c":{"a":0,"k":[0,0,0,1],"ix":3},"o":{"a":0,"k":100,"ix":4},"w":{"a":0,"k":2,"ix":5},"lc":1,"lj":1,"ml":10,"bm":0,"nm":"Stroke 1","mn":"ADBE Vector Graphic - Stroke","hd":false},{"ty":"tr","p":{"a":0,"k":[25,22],"ix":2},"a":{"a":0,"k":[0,0],"ix":1},"s":{"a":0,"k":[100,100],"ix":3},"r":{"a":0,"k":0,"ix":6},"o":{"a":0,"k":100,"ix":7},"sk":{"a":0,"k":0,"ix":4},"sa":{"a":0,"k":0,"ix":5},"nm":"Transform"}],"nm":"Group 4","np":2,"cix":2,"bm":0,"ix":1,"mn":"ADBE Vector Group","hd":false}],"ip":0,"op":28,"st":0,"bm":0},{"ddd":0,"ind":2,"ty":4,"nm":"Card 2","sr":1,"ks":{"o":{"a":0,"k":100,"ix":11},"r":{"a":0,"k":0,"ix":10},"p":{"a":0,"k":[25,25,0],"ix":2},"a":{"a":0,"k":[25,25,0],"ix":1},"s":{"a":0,"k":[100,100,100],"ix":6}},"ao":0,"shapes":[{"ty":"gr","it":[{"ind":0,"ty":"sh","ix":1,"ks":{"a":1,"k":[{"i":{"x":0.133,"y":1},"o":{"x":0.167,"y":0.167},"t":4,"s":[{"i":[[0,0],[0,0],[2.209,0],[0,0],[0,-2.209],[0,0]],"o":[[0,0],[0,-2.209],[0,0],[-2.209,0],[0,0],[0,0]],"v":[[22,12],[22,-8],[18,-12],[-18,-12],[-22,-8],[-22,12]],"c":false}],"e":[{"i":[[0,0],[0,0],[2.209,0],[0,0],[0,-2.209],[0,0]],"o":[[0,0],[0,-2.209],[0,0],[-2.209,0],[0,0],[0,0]],"v":[[22,12],[22,-13],[18,-17],[-18,-17],[-22,-13],[-22,12]],"c":false}]},{"i":{"x":0.833,"y":0.833},"o":{"x":0.476,"y":0},"t":10,"s":[{"i":[[0,0],[0,0],[2.209,0],[0,0],[0,-2.209],[0,0]],"o":[[0,0],[0,-2.209],[0,0],[-2.209,0],[0,0],[0,0]],"v":[[22,12],[22,-13],[18,-17],[-18,-17],[-22,-13],[-22,12]],"c":false}],"e":[{"i":[[0,0],[0,0],[2.209,0],[0,0],[0,-2.209],[0,0]],"o":[[0,0],[0,-2.209],[0,0],[-2.209,0],[0,0],[0,0]],"v":[[22,12],[22,-3],[18,-7],[-18,-7],[-22,-3],[-22,12]],"c":false}]},{"i":{"x":0.833,"y":0.833},"o":{"x":0.167,"y":0.167},"t":14,"s":[{"i":[[0,0],[0,0],[2.209,0],[0,0],[0,-2.209],[0,0]],"o":[[0,0],[0,-2.209],[0,0],[-2.209,0],[0,0],[0,0]],"v":[[22,12],[22,-3],[18,-7],[-18,-7],[-22,-3],[-22,12]],"c":false}],"e":[{"i":[[0,0],[0,0],[2.209,0],[0,0],[0,-2.209],[0,0]],"o":[[0,0],[0,-2.209],[0,0],[-2.209,0],[0,0],[0,0]],"v":[[22,12],[22,-3],[18,-7],[-18,-7],[-22,-3],[-22,12]],"c":false}]},{"i":{"x":0.667,"y":1},"o":{"x":0.167,"y":0.167},"t":24,"s":[{"i":[[0,0],[0,0],[2.209,0],[0,0],[0,-2.209],[0,0]],"o":[[0,0],[0,-2.209],[0,0],[-2.209,0],[0,0],[0,0]],"v":[[22,12],[22,-3],[18,-7],[-18,-7],[-22,-3],[-22,12]],"c":false}],"e":[{"i":[[0,0],[0,0],[2.209,0],[0,0],[0,-2.209],[0,0]],"o":[[0,0],[0,-2.209],[0,0],[-2.209,0],[0,0],[0,0]],"v":[[22,12],[22,-8],[18,-12],[-18,-12],[-22,-8],[-22,12]],"c":false}]},{"t":26}],"ix":2},"nm":"Path 1","mn":"ADBE Vector Shape - Group","hd":false},{"ty":"st","c":{"a":0,"k":[0,0,0,1],"ix":3},"o":{"a":0,"k":100,"ix":4},"w":{"a":0,"k":2,"ix":5},"lc":1,"lj":1,"ml":10,"bm":0,"nm":"Stroke 1","mn":"ADBE Vector Graphic - Stroke","hd":false},{"ty":"tr","p":{"a":0,"k":[25,25],"ix":2},"a":{"a":0,"k":[0,0],"ix":1},"s":{"a":0,"k":[100,100],"ix":3},"r":{"a":0,"k":0,"ix":6},"o":{"a":0,"k":100,"ix":7},"sk":{"a":0,"k":0,"ix":4},"sa":{"a":0,"k":0,"ix":5},"nm":"Transform"}],"nm":"Group 3","np":2,"cix":2,"bm":0,"ix":1,"mn":"ADBE Vector Group","hd":false}],"ip":0,"op":28,"st":0,"bm":0},{"ddd":0,"ind":3,"ty":4,"nm":"Card 1","sr":1,"ks":{"o":{"a":0,"k":100,"ix":11},"r":{"a":0,"k":0,"ix":10},"p":{"a":0,"k":[25,25,0],"ix":2},"a":{"a":0,"k":[25,25,0],"ix":1},"s":{"a":0,"k":[100,100,100],"ix":6}},"ao":0,"shapes":[{"ty":"gr","it":[{"ind":0,"ty":"sh","ix":1,"ks":{"a":1,"k":[{"i":{"x":0.133,"y":1},"o":{"x":0.167,"y":0.167},"t":4,"s":[{"i":[[0,0],[0,0],[-2.209,0],[0,0],[0,-2.209],[0,0]],"o":[[0,0],[0,-2.209],[0,0],[2.209,0],[0,0],[0,0]],"v":[[-22,9.5],[-22,-5.5],[-18,-9.5],[18,-9.5],[22,-5.5],[22,9.5]],"c":false}],"e":[{"i":[[0,0],[0,0],[-2.209,0],[0,0],[0,-2.209],[0,0]],"o":[[0,0],[0,-2.209],[0,0],[2.209,0],[0,0],[0,0]],"v":[[-22,9.5],[-22,-10.5],[-18,-14.5],[18,-14.5],[22,-10.5],[22,9.5]],"c":false}]},{"i":{"x":0.833,"y":0.833},"o":{"x":0.476,"y":0},"t":10,"s":[{"i":[[0,0],[0,0],[-2.209,0],[0,0],[0,-2.209],[0,0]],"o":[[0,0],[0,-2.209],[0,0],[2.209,0],[0,0],[0,0]],"v":[[-22,9.5],[-22,-10.5],[-18,-14.5],[18,-14.5],[22,-10.5],[22,9.5]],"c":false}],"e":[{"i":[[0,0],[0,0],[-2.209,0],[0,0],[0,-2.209],[0,0]],"o":[[0,0],[0,-2.209],[0,0],[2.209,0],[0,0],[0,0]],"v":[[-22,9.5],[-22,-2.5],[-18,-6.5],[18,-6.5],[22,-2.5],[22,9.5]],"c":false}]},{"i":{"x":0.833,"y":0.833},"o":{"x":0.167,"y":0.167},"t":14,"s":[{"i":[[0,0],[0,0],[-2.209,0],[0,0],[0,-2.209],[0,0]],"o":[[0,0],[0,-2.209],[0,0],[2.209,0],[0,0],[0,0]],"v":[[-22,9.5],[-22,-2.5],[-18,-6.5],[18,-6.5],[22,-2.5],[22,9.5]],"c":false}],"e":[{"i":[[0,0],[0,0],[-2.209,0],[0,0],[0,-2.209],[0,0]],"o":[[0,0],[0,-2.209],[0,0],[2.209,0],[0,0],[0,0]],"v":[[-22,9.5],[-22,-2.5],[-18,-6.5],[18,-6.5],[22,-2.5],[22,9.5]],"c":false}]},{"i":{"x":0.667,"y":1},"o":{"x":0.167,"y":0.167},"t":24,"s":[{"i":[[0,0],[0,0],[-2.209,0],[0,0],[0,-2.209],[0,0]],"o":[[0,0],[0,-2.209],[0,0],[2.209,0],[0,0],[0,0]],"v":[[-22,9.5],[-22,-2.5],[-18,-6.5],[18,-6.5],[22,-2.5],[22,9.5]],"c":false}],"e":[{"i":[[0,0],[0,0],[-2.209,0],[0,0],[0,-2.209],[0,0]],"o":[[0,0],[0,-2.209],[0,0],[2.209,0],[0,0],[0,0]],"v":[[-22,9.5],[-22,-5.5],[-18,-9.5],[18,-9.5],[22,-5.5],[22,9.5]],"c":false}]},{"t":26}],"ix":2},"nm":"Path 1","mn":"ADBE Vector Shape - Group","hd":false},{"ty":"st","c":{"a":0,"k":[0,0,0,1],"ix":3},"o":{"a":0,"k":100,"ix":4},"w":{"a":0,"k":2,"ix":5},"lc":1,"lj":1,"ml":10,"bm":0,"nm":"Stroke 1","mn":"ADBE Vector Graphic - Stroke","hd":false},{"ty":"tr","p":{"a":0,"k":[25,28.5],"ix":2},"a":{"a":0,"k":[0,0],"ix":1},"s":{"a":0,"k":[100,100],"ix":3},"r":{"a":0,"k":0,"ix":6},"o":{"a":0,"k":100,"ix":7},"sk":{"a":0,"k":0,"ix":4},"sa":{"a":0,"k":0,"ix":5},"nm":"Transform"}],"nm":"Group 2","np":2,"cix":2,"bm":0,"ix":1,"mn":"ADBE Vector Group","hd":false}],"ip":0,"op":28,"st":0,"bm":0},{"ddd":0,"ind":4,"ty":4,"nm":"Bottom","sr":1,"ks":{"o":{"a":0,"k":100,"ix":11},"r":{"a":0,"k":0,"ix":10},"p":{"a":0,"k":[25,25,0],"ix":2},"a":{"a":0,"k":[25,25,0],"ix":1},"s":{"a":0,"k":[100,100,100],"ix":6}},"ao":0,"shapes":[{"ty":"gr","it":[{"ind":0,"ty":"sh","ix":1,"ks":{"a":0,"k":{"i":[[0,0],[0,0],[2.206,0],[0,0],[0,2.206],[0,0],[0,0],[-0.805,-1.61],[0,0],[-2.587,0],[-1.124,2.246],[0,0],[-1.801,0]],"o":[[0,0],[0,2.206],[0,0],[-2.206,0],[0,0],[0,0],[1.802,0],[0,0],[1.123,2.245],[2.587,0],[0,0],[0.805,-1.61],[0,0]],"v":[[22,-8.5],[22,4.5],[18,8.5],[-18,8.5],[-22,4.5],[-22,-8.5],[-10.615,-8.5],[-6.388,-5.889],[-6.015,-5.141],[0,-1.5],[6.016,-5.141],[6.39,-5.889],[10.615,-8.5]],"c":true},"ix":2},"nm":"Path 1","mn":"ADBE Vector Shape - Group","hd":false},{"ty":"st","c":{"a":0,"k":[0,0,0,1],"ix":3},"o":{"a":0,"k":100,"ix":4},"w":{"a":0,"k":2,"ix":5},"lc":1,"lj":1,"ml":10,"bm":0,"nm":"Stroke 1","mn":"ADBE Vector Graphic - Stroke","hd":false},{"ty":"tr","p":{"a":0,"k":[25,34.5],"ix":2},"a":{"a":0,"k":[0,0],"ix":1},"s":{"a":0,"k":[100,100],"ix":3},"r":{"a":0,"k":0,"ix":6},"o":{"a":0,"k":100,"ix":7},"sk":{"a":0,"k":0,"ix":4},"sa":{"a":0,"k":0,"ix":5},"nm":"Transform"}],"nm":"Group 1","np":2,"cix":2,"bm":0,"ix":1,"mn":"ADBE Vector Group","hd":false}],"ip":0,"op":28,"st":0,"bm":0}],"markers":[]}