{"v":"5.5.9","fr":24,"ip":0,"op":28,"w":50,"h":50,"nm":"canoe2","ddd":0,"assets":[],"layers":[{"ddd":0,"ind":1,"ty":4,"nm":"oar Outlines 2","sr":1,"ks":{"o":{"a":0,"k":100,"ix":11},"r":{"a":1,"k":[{"i":{"x":[0.667],"y":[1]},"o":{"x":[0.333],"y":[0]},"t":0,"s":[0]},{"i":{"x":[0.667],"y":[1]},"o":{"x":[0.333],"y":[0]},"t":3,"s":[13.416]},{"i":{"x":[0.667],"y":[1]},"o":{"x":[0.333],"y":[0]},"t":6,"s":[17.059]},{"i":{"x":[0.667],"y":[1]},"o":{"x":[0.333],"y":[0]},"t":9,"s":[3.054]},{"i":{"x":[0.667],"y":[1]},"o":{"x":[0.333],"y":[0]},"t":13,"s":[-23.754]},{"i":{"x":[0.667],"y":[1]},"o":{"x":[0.333],"y":[0]},"t":18,"s":[-65.501]},{"i":{"x":[0.667],"y":[1]},"o":{"x":[0.333],"y":[0]},"t":24,"s":[-24.275]},{"t":28,"s":[0]}],"ix":10},"p":{"a":1,"k":[{"i":{"x":0.667,"y":1},"o":{"x":0.333,"y":0},"t":0,"s":[22.875,25.25,0],"to":[0.021,-0.667,0],"ti":[-0.021,0.875,0]},{"i":{"x":0.667,"y":1},"o":{"x":0.333,"y":0},"t":3,"s":[23,21.25,0],"to":[0.021,-0.875,0],"ti":[0.375,-0.042,0]},{"i":{"x":0.667,"y":1},"o":{"x":0.333,"y":0},"t":6,"s":[23,20,0],"to":[-0.375,0.042,0],"ti":[0.917,-0.771,0]},{"i":{"x":0.667,"y":1},"o":{"x":0.333,"y":0},"t":9,"s":[20.75,21.5,0],"to":[-0.431,0.362,0],"ti":[0.578,-0.602,0]},{"i":{"x":0.667,"y":1},"o":{"x":0.333,"y":0},"t":11,"s":[19.149,23.589,0],"to":[-0.651,0.678,0],"ti":[0.364,-0.21,0]},{"i":{"x":0.667,"y":1},"o":{"x":0.333,"y":0},"t":13,"s":[17.5,24.75,0],"to":[-0.688,0.396,0],"ti":[0.123,0.144,0]},{"i":{"x":0.667,"y":1},"o":{"x":0.333,"y":0},"t":18,"s":[16.625,23.688,0],"to":[-0.123,-0.144,0],"ti":[0.478,-0.696,0]},{"i":{"x":0.667,"y":1},"o":{"x":0.333,"y":0},"t":22,"s":[16.765,23.884,0],"to":[-0.467,0.68,0],"ti":[-0.34,-0.237,0]},{"i":{"x":0.667,"y":1},"o":{"x":0.333,"y":0},"t":24,"s":[17.25,25.5,0],"to":[0.688,0.479,0],"ti":[-0.938,0.042,0]},{"t":28,"s":[22.875,25.25,0]}],"ix":2},"a":{"a":0,"k":[25,25,0],"ix":1},"s":{"a":0,"k":[100,100,100],"ix":6}},"ao":0,"hasMask":true,"masksProperties":[{"inv":false,"mode":"a","pt":{"a":1,"k":[{"i":{"x":0.667,"y":1},"o":{"x":0.333,"y":0},"t":0,"s":[{"i":[[0,0],[-5.298,-2.996],[-3.85,2.496],[0,0]],"o":[[0,0],[5.298,2.996],[0.4,-0.004],[0,0]],"v":[[23.671,2.389],[28.359,46.286],[48.475,46.379],[49.1,1.514]],"c":true}]},{"i":{"x":0.667,"y":1},"o":{"x":0.333,"y":0},"t":2,"s":[{"i":[[0,0],[-5.856,-1.659],[-5.013,3.038],[0,0]],"o":[[0,0],[5.909,1.674],[0.268,-0.081],[0,0]],"v":[[23.671,2.389],[28.141,46.809],[49.662,45.654],[49.1,1.514]],"c":true}]},{"i":{"x":0.667,"y":1},"o":{"x":0.333,"y":0},"t":3,"s":[{"i":[[0,0],[-5.83,-1.745],[-5.594,3.308],[0,0]],"o":[[0,0],[7.317,2.191],[0.201,-0.119],[0,0]],"v":[[23.671,2.389],[28.032,47.07],[50.323,44.871],[49.1,1.514]],"c":true}]},{"i":{"x":0.667,"y":1},"o":{"x":0.333,"y":0},"t":6,"s":[{"i":[[0,0],[-5.754,-1.984],[-5.841,2.817],[0,0]],"o":[[0,0],[5.134,1.771],[0.211,-0.102],[0,0]],"v":[[23.671,2.389],[28.032,47.07],[50.197,44.355],[49.1,1.514]],"c":true}]},{"i":{"x":0.833,"y":0.833},"o":{"x":0.333,"y":0},"t":9,"s":[{"i":[[0,0],[-0.777,0.253],[-7.666,-0.133],[0,0]],"o":[[0,0],[7.159,-2.335],[2.547,0.044],[0,0]],"v":[[23.671,2.389],[29.567,48.866],[52.089,46.629],[49.1,1.514]],"c":true}]},{"i":{"x":0.667,"y":1},"o":{"x":0.167,"y":0.167},"t":10,"s":[{"i":[[0,0],[-0.626,-0.041],[-8.596,-2.111],[0,0]],"o":[[0,0],[5.434,-1.499],[1.366,0.057],[0,0]],"v":[[23.671,2.389],[28.799,47.968],[51.877,47.437],[49.1,1.514]],"c":true}]},{"i":{"x":0.833,"y":0.833},"o":{"x":0.333,"y":0},"t":11,"s":[{"i":[[0,0],[-0.476,-0.335],[-8.605,-5.211],[0,0]],"o":[[0,0],[3.708,-0.663],[0.193,-0.091],[0,0]],"v":[[23.671,2.389],[28.032,47.07],[50.732,51.101],[49.1,1.514]],"c":true}]},{"i":{"x":0.667,"y":1},"o":{"x":0.167,"y":0.167},"t":12,"s":[{"i":[[0,0],[-3.223,-0.759],[-9.963,-2.656],[0,0]],"o":[[0,0],[6.042,0.499],[0.213,-0.044],[0,0]],"v":[[23.671,2.389],[28.032,47.07],[50.352,53.241],[49.1,1.514]],"c":true}]},{"i":{"x":0.667,"y":1},"o":{"x":0.333,"y":0},"t":13,"s":[{"i":[[0,0],[-5.97,-1.183],[-11.321,-0.101],[0,0]],"o":[[0,0],[8.376,1.66],[0.234,0.002],[0,0]],"v":[[23.671,2.389],[28.032,47.07],[50.497,52.781],[49.1,1.514]],"c":true}]},{"i":{"x":0.667,"y":1},"o":{"x":0.333,"y":0},"t":24,"s":[{"i":[[0,0],[-4.465,-4.135],[-2.861,3.423],[0,0]],"o":[[0,0],[3.559,3.296],[0.808,-1.674],[0,0]],"v":[[23.671,2.389],[28.723,50.891],[51.243,48.854],[49.1,1.514]],"c":true}]},{"i":{"x":0.667,"y":1},"o":{"x":0.333,"y":0},"t":27,"s":[{"i":[[0,0],[-5.196,-3.08],[-5.432,3.173],[0,0]],"o":[[0,0],[7.578,3.469],[0.327,-0.542],[0,0]],"v":[[23.671,2.389],[29.905,46.948],[50.776,46.763],[49.1,1.514]],"c":true}]},{"t":28,"s":[{"i":[[0,0],[-5.44,-2.729],[-4.645,4.588],[0,0]],"o":[[0,0],[5.093,2.555],[0.166,-0.164],[0,0]],"v":[[23.671,2.389],[28.032,47.07],[50.395,45.037],[49.1,1.514]],"c":true}]}],"ix":1},"o":{"a":0,"k":100,"ix":3},"x":{"a":0,"k":0,"ix":4},"nm":"Mask 1"}],"shapes":[{"ty":"gr","it":[{"ind":0,"ty":"sh","ix":1,"ks":{"a":0,"k":{"i":[[0,0],[0,0]],"o":[[0,0],[0,0]],"v":[[-2.635,-11.234],[2.644,10.799]],"c":false},"ix":2},"nm":"Path 1","mn":"ADBE Vector Shape - Group","hd":false},{"ind":1,"ty":"sh","ix":2,"ks":{"a":0,"k":{"i":[[0,0],[0,0],[0.078,2.652],[-1.881,0.448],[-1.025,-2.133]],"o":[[0,0],[0,0],[-0.01,-2.205],[1.771,-0.423],[1.17,2.432]],"v":[[9.465,20.555],[2.042,22.51],[0.848,16.497],[2.814,11.173],[7.477,14.906]],"c":true},"ix":2},"nm":"Path 2","mn":"ADBE Vector Shape - Group","hd":false},{"ind":2,"ty":"sh","ix":3,"ks":{"a":0,"k":{"i":[[0,0],[0,0],[-0.075,-2.652],[1.881,-0.448],[1.023,2.135]],"o":[[0,0],[0,0],[0.009,2.205],[-1.771,0.42],[-1.168,-2.432]],"v":[[-9.464,-20.563],[-2.042,-22.51],[-0.853,-16.499],[-2.824,-11.173],[-7.482,-14.912]],"c":true},"ix":2},"nm":"Path 3","mn":"ADBE Vector Shape - Group","hd":false},{"ty":"mm","mm":1,"nm":"Merge Paths 1","mn":"ADBE Vector Filter - Merge","hd":false},{"ty":"st","c":{"a":0,"k":[0,0,0,1],"ix":3},"o":{"a":0,"k":100,"ix":4},"w":{"a":0,"k":2,"ix":5},"lc":2,"lj":2,"bm":0,"nm":"Stroke 1","mn":"ADBE Vector Graphic - Stroke","hd":false},{"ty":"tr","p":{"a":0,"k":[37.885,27.025],"ix":2},"a":{"a":0,"k":[0,0],"ix":1},"s":{"a":0,"k":[100,100],"ix":3},"r":{"a":0,"k":0,"ix":6},"o":{"a":0,"k":100,"ix":7},"sk":{"a":0,"k":0,"ix":4},"sa":{"a":0,"k":0,"ix":5},"nm":"Transform"}],"nm":"Group 1","np":5,"cix":2,"bm":0,"ix":1,"mn":"ADBE Vector Group","hd":false}],"ip":0,"op":28,"st":0,"bm":0},{"ddd":0,"ind":2,"ty":4,"nm":"wave Outlines","sr":1,"ks":{"o":{"a":0,"k":100,"ix":11},"r":{"a":0,"k":0,"ix":10},"p":{"a":0,"k":[25,45,0],"ix":2},"a":{"a":0,"k":[29,10,0],"ix":1},"s":{"a":0,"k":[100,100,100],"ix":6}},"ao":0,"shapes":[{"ty":"gr","it":[{"ind":0,"ty":"sh","ix":1,"ks":{"a":0,"k":{"i":[[0,0]],"o":[[0,0]],"v":[[64.375,-9.625]],"c":false},"ix":2},"nm":"Path 1","mn":"ADBE Vector Shape - Group","hd":false},{"ty":"st","c":{"a":0,"k":[0,0,0,1],"ix":3},"o":{"a":0,"k":100,"ix":4},"w":{"a":0,"k":2,"ix":5},"lc":1,"lj":1,"ml":4,"bm":0,"nm":"Stroke 1","mn":"ADBE Vector Graphic - Stroke","hd":false},{"ty":"tr","p":{"a":0,"k":[0,0],"ix":2},"a":{"a":0,"k":[0,0],"ix":1},"s":{"a":0,"k":[100,100],"ix":3},"r":{"a":0,"k":0,"ix":6},"o":{"a":0,"k":100,"ix":7},"sk":{"a":0,"k":0,"ix":4},"sa":{"a":0,"k":0,"ix":5},"nm":"Transform"}],"nm":"Shape 1","np":3,"cix":2,"bm":0,"ix":1,"mn":"ADBE Vector Group","hd":false},{"ty":"gr","it":[{"ind":0,"ty":"sh","ix":1,"ks":{"a":1,"k":[{"i":{"x":0.667,"y":1},"o":{"x":0.333,"y":0},"t":0,"s":[{"i":[[0,0],[-9.312,-5],[-7,5]],"o":[[6,-4],[8.427,4.524],[0,0]],"v":[[-24,0],[0.312,0],[24,0]],"c":false}]},{"i":{"x":0.667,"y":1},"o":{"x":0.333,"y":0},"t":14,"s":[{"i":[[0,0],[-9.937,5.063],[-5.875,-3.375]],"o":[[5.625,4.313],[8.522,-4.342],[0,0]],"v":[[-24,0],[0.312,0],[24,0]],"c":false}]},{"t":28,"s":[{"i":[[0,0],[-9.312,-5],[-7,5]],"o":[[6,-4],[8.427,4.524],[0,0]],"v":[[-24,0],[0.312,0],[24,0]],"c":false}]}],"ix":2},"nm":"Path 1","mn":"ADBE Vector Shape - Group","hd":false},{"ty":"st","c":{"a":0,"k":[0,0,0,1],"ix":3},"o":{"a":0,"k":100,"ix":4},"w":{"a":0,"k":2,"ix":5},"lc":2,"lj":1,"ml":10,"bm":0,"nm":"Stroke 1","mn":"ADBE Vector Graphic - Stroke","hd":false},{"ty":"tr","p":{"a":0,"k":[29,10],"ix":2},"a":{"a":0,"k":[0,0],"ix":1},"s":{"a":0,"k":[100,100],"ix":3},"r":{"a":0,"k":0,"ix":6},"o":{"a":0,"k":100,"ix":7},"sk":{"a":0,"k":0,"ix":4},"sa":{"a":0,"k":0,"ix":5},"nm":"Transform"}],"nm":"Group 1","np":2,"cix":2,"bm":0,"ix":2,"mn":"ADBE Vector Group","hd":false}],"ip":0,"op":28,"st":0,"bm":0},{"ddd":0,"ind":3,"ty":4,"nm":"body Outlines","sr":1,"ks":{"o":{"a":0,"k":100,"ix":11},"r":{"a":0,"k":0,"ix":10},"p":{"a":0,"k":[25.062,31.615,0],"ix":2},"a":{"a":0,"k":[20.063,21.385,0],"ix":1},"s":{"a":0,"k":[100,100,100],"ix":6}},"ao":0,"shapes":[{"ty":"gr","it":[{"ind":0,"ty":"sh","ix":1,"ks":{"a":1,"k":[{"i":{"x":0.667,"y":1},"o":{"x":0.333,"y":0},"t":0,"s":[{"i":[[0,0],[1.993,-9.575],[0,0]],"o":[[0,0],[-7.112,4.782],[0,0]],"v":[[5.908,-15.76],[-7.055,-5.395],[-15.063,9.385]],"c":false}]},{"i":{"x":0.667,"y":1},"o":{"x":0.333,"y":0},"t":3,"s":[{"i":[[0,0],[3.806,-12.658],[0.031,-0.844]],"o":[[0,0],[-6.882,7.467],[-0.031,0.844]],"v":[[10.158,-16.447],[-7.055,-5.395],[-14.781,10.166]],"c":false}]},{"i":{"x":0.667,"y":1},"o":{"x":0.333,"y":0},"t":6,"s":[{"i":[[0,0],[3.806,-12.658],[0.125,-2]],"o":[[0,0],[-6.569,7.78],[-0.067,1.068]],"v":[[9.783,-17.01],[-8.43,-5.958],[-15,12.416]],"c":false}]},{"i":{"x":0.667,"y":1},"o":{"x":0.333,"y":0},"t":9,"s":[{"i":[[0.157,0.105],[3.806,-12.658],[-0.187,-2.437]],"o":[[-0.157,-0.105],[-7.444,8.905],[0.082,1.067]],"v":[[5.783,-17.572],[-8.43,-5.958],[-14.781,14.26]],"c":false}]},{"i":{"x":0.833,"y":0.833},"o":{"x":0.333,"y":0},"t":13,"s":[{"i":[[0.157,0.105],[0.681,-10.158],[-0.187,-2.437]],"o":[[-0.157,-0.105],[-6.007,9.592],[0.082,1.067]],"v":[[-1.467,-18.01],[-8.43,-5.958],[-14.625,15.729]],"c":false}]},{"i":{"x":0.667,"y":1},"o":{"x":0.167,"y":0.167},"t":14,"s":[{"i":[[0.157,0.105],[0.046,-9.825],[-0.119,-2.994]],"o":[[-0.157,-0.105],[-5.616,9.69],[0.062,1.067]],"v":[[-2.987,-18.371],[-8.802,-5.997],[-14.615,15.646]],"c":false}]},{"i":{"x":0.833,"y":0.833},"o":{"x":0.333,"y":0},"t":18,"s":[{"i":[[0.157,0.105],[-3.382,-8.033],[0.25,-6]],"o":[[-0.157,-0.105],[-3.507,10.217],[-0.045,1.069]],"v":[[-11.342,-20.822],[-10.805,-6.208],[-14.563,15.197]],"c":false}]},{"i":{"x":0.833,"y":0.833},"o":{"x":0.167,"y":0.167},"t":22,"s":[{"i":[[0.157,0.105],[-0.465,-9.56],[-0.074,-3.361]],"o":[[-0.157,-0.105],[-3.622,6.967],[0.049,1.067]],"v":[[-4.051,-19.35],[-10.065,-6.208],[-14.354,12.35]],"c":false}]},{"i":{"x":0.667,"y":1},"o":{"x":0.167,"y":0.167},"t":23,"s":[{"i":[[0.157,0.105],[0.185,-9.901],[-0.146,-2.773]],"o":[[-0.157,-0.105],[-3.85,6.592],[0.07,1.067]],"v":[[-2.963,-18.377],[-9.9,-6.208],[-14.308,11.715]],"c":false}]},{"i":{"x":0.667,"y":1},"o":{"x":0.333,"y":0},"t":24,"s":[{"i":[[0.157,0.105],[0.556,-10.095],[-0.187,-2.437]],"o":[[-0.157,-0.105],[-3.819,7.03],[0.082,1.067]],"v":[[-2.342,-17.822],[-9.805,-6.208],[-14.281,11.354]],"c":false}]},{"i":{"x":0.667,"y":1},"o":{"x":0.333,"y":0},"t":27,"s":[{"i":[[0,0],[1.993,-9.575],[-0.049,0.372]],"o":[[0,0],[-7.444,5.53],[0.563,-4.313]],"v":[[5.22,-15.572],[-7.055,-5.395],[-15.063,9.385]],"c":false}]},{"t":28,"s":[{"i":[[0,0],[1.993,-9.575],[0,0]],"o":[[0,0],[-7.112,4.782],[0,0]],"v":[[5.908,-15.76],[-7.055,-5.395],[-15.063,9.385]],"c":false}]}],"ix":2},"nm":"Path 1","mn":"ADBE Vector Shape - Group","hd":false},{"ind":1,"ty":"sh","ix":2,"ks":{"a":1,"k":[{"i":{"x":0.667,"y":1},"o":{"x":0.333,"y":0},"t":0,"s":[{"i":[[4.116,-0.32],[-1.583,-5.291],[-5.303,2.687]],"o":[[-4.116,0.32],[1.625,5.25],[0,0]],"v":[[7.866,-12.56],[-1.438,-3.115],[11.845,2.053]],"c":false}]},{"i":{"x":0.667,"y":1},"o":{"x":0.333,"y":0},"t":3,"s":[{"i":[[0,0],[-1.583,-5.291],[-4.093,1.48]],"o":[[-8.533,0.029],[1.625,5.25],[4.093,-1.48]],"v":[[9.366,-12.685],[-1.438,-3.115],[9.595,1.803]],"c":false}]},{"i":{"x":0.667,"y":1},"o":{"x":0.333,"y":0},"t":6,"s":[{"i":[[6.192,1.234],[-1.583,-5.291],[-3.032,0.895]],"o":[[-7.178,-1.43],[1.625,5.25],[4.174,-1.232]],"v":[[9.616,-12.872],[-3.625,-2.865],[8.595,1.615]],"c":false}]},{"i":{"x":0.667,"y":1},"o":{"x":0.333,"y":0},"t":9,"s":[{"i":[[6.19,1.245],[-1.583,-5.291],[-4.782,3.708]],"o":[[-6.491,-1.305],[1.625,5.25],[3.44,-2.667]],"v":[[6.741,-13.372],[-3.625,-2.865],[9.033,-0.51]],"c":false}]},{"i":{"x":0.833,"y":0.833},"o":{"x":0.333,"y":0},"t":13,"s":[{"i":[[6.052,-1.799],[-1.25,-3.625],[-3.47,3.583]],"o":[[-5.491,1.632],[2.313,4.688],[3.028,-3.126]],"v":[[1.116,-14.81],[-3.188,-3.553],[9.845,-3.448]],"c":false}]},{"i":{"x":0.667,"y":1},"o":{"x":0.167,"y":0.167},"t":14,"s":[{"i":[[5.673,-2.219],[-1.51,-3.436],[-2.081,4.086]],"o":[[-5.218,2.185],[2.586,4.467],[2.82,-3.241]],"v":[[0.225,-15.337],[-3.298,-3.806],[9.331,-5.138]],"c":false}]},{"i":{"x":0.833,"y":0.833},"o":{"x":0.333,"y":0},"t":18,"s":[{"i":[[2.408,-5.837],[-3.75,-1.813],[-1.595,6.52]],"o":[[-2.866,6.945],[4.938,2.563],[1.034,-4.228]],"v":[[-7.447,-19.872],[-4.25,-5.99],[7.908,-16.698]],"c":false}]},{"i":{"x":0.667,"y":1},"o":{"x":0.167,"y":0.167},"t":22,"s":[{"i":[[5.087,-2.913],[-2.685,-1.905],[-3.236,4.566]],"o":[[-6.361,4.056],[3.734,3.025],[2.991,-2.822]],"v":[[-0.889,-16.984],[-3.602,-4.555],[9.517,-7.588]],"c":false}]},{"i":{"x":0.667,"y":1},"o":{"x":0.333,"y":0},"t":24,"s":[{"i":[[6.025,-1.889],[-2.312,-1.938],[-3.938,2.989]],"o":[[-5.803,1.82],[3.313,3.188],[3.467,-2.631]],"v":[[-0.197,-14.622],[-3.375,-4.053],[9.189,-3.166]],"c":false}]},{"i":{"x":0.667,"y":1},"o":{"x":0.333,"y":0},"t":27,"s":[{"i":[[0,0],[-1.583,-5.291],[-5.282,1.957]],"o":[[-4.866,0.445],[1.625,5.25],[0,0]],"v":[[6.897,-12.372],[-1.438,-3.115],[11.845,2.178]],"c":false}]},{"t":28,"s":[{"i":[[4.116,-0.32],[-1.583,-5.291],[-5.303,2.687]],"o":[[-4.116,0.32],[1.625,5.25],[0,0]],"v":[[7.866,-12.56],[-1.438,-3.115],[11.845,2.053]],"c":false}]}],"ix":2},"nm":"Path 2","mn":"ADBE Vector Shape - Group","hd":false},{"ind":2,"ty":"sh","ix":3,"ks":{"a":1,"k":[{"i":{"x":0.667,"y":1},"o":{"x":0.333,"y":0},"t":0,"s":[{"i":[[0,0],[7.318,2.108],[0,0],[-4.312,1.645]],"o":[[0,0],[0.23,-1.467],[3.816,2.734],[0,0]],"v":[[8.938,16.385],[-1.708,7.852],[-0.253,4.713],[12.438,5.615]],"c":false}]},{"i":{"x":0.667,"y":1},"o":{"x":0.333,"y":0},"t":3,"s":[{"i":[[0.073,0.304],[5.209,1.22],[0,0],[-3.125,0.77]],"o":[[-0.656,-2.719],[0.23,-1.467],[3.504,1.922],[0,0]],"v":[[6.5,14.541],[-1.708,7.852],[-0.253,4.713],[9.563,5.74]],"c":false}]},{"i":{"x":0.667,"y":1},"o":{"x":0.333,"y":0},"t":6,"s":[{"i":[[0.018,0.312],[5.084,0.658],[0,0],[-2.313,0.542]],"o":[[-0.125,-2.156],[0.23,-1.467],[3.504,1.922],[2.313,-0.542]],"v":[[4.938,13.354],[-2.958,7.352],[-2.191,4.338],[8.5,5.24]],"c":false}]},{"i":{"x":0.667,"y":1},"o":{"x":0.333,"y":0},"t":9,"s":[{"i":[[0.146,0.276],[6.646,1.658],[-0.34,0.734],[-2.25,2.708]],"o":[[-0.593,-1.125],[0.053,-1.045],[3.504,1.922],[1.518,-1.827]],"v":[[5.781,11.885],[-2.958,7.352],[-2.191,4.338],[9.563,3.24]],"c":false}]},{"i":{"x":0.833,"y":0.833},"o":{"x":0.333,"y":0},"t":13,"s":[{"i":[[0.187,0.25],[5.584,0.47],[-0.309,0.656],[-3,4.271]],"o":[[-0.187,-0.25],[0.23,-1.467],[3.004,0.609],[0.809,-1.088]],"v":[[6.688,10.322],[-1.833,7.602],[-0.378,3.275],[11.625,-0.386]],"c":false}]},{"i":{"x":0.667,"y":1},"o":{"x":0.167,"y":0.167},"t":14,"s":[{"i":[[0.183,0.253],[5.467,0.422],[-0.343,0.683],[-2.162,4.481]],"o":[[-0.363,-0.563],[0.188,-1.731],[4.596,0.908],[0.764,-1.28]],"v":[[6.717,10.449],[-1.951,7.573],[-0.408,2.602],[11.537,-2.534]],"c":false}]},{"i":{"x":0.833,"y":0.833},"o":{"x":0.333,"y":0},"t":18,"s":[{"i":[[0.157,0.27],[4.834,0.158],[-0.965,1.797],[-1.125,5.021]],"o":[[-1.312,-2.25],[-0.041,-3.154],[7.629,-2.14],[0.519,-2.318]],"v":[[6.875,11.135],[-2.583,7.414],[-0.566,-1.037],[11.25,-14.323]],"c":false}]},{"i":{"x":0.833,"y":0.833},"o":{"x":0.167,"y":0.167},"t":20,"s":[{"i":[[0.221,0.542],[5.106,0.271],[-0.766,1.353],[-1.356,4.206]],"o":[[-1.28,-2.751],[-0.041,-3.112],[6.88,-1.398],[0.929,-2.071]],"v":[[7.218,12.207],[-2.337,7.445],[-0.209,-0.253],[11.713,-11.195]],"c":false}]},{"i":{"x":0.833,"y":0.833},"o":{"x":0.167,"y":0.167},"t":22,"s":[{"i":[[0.334,1.02],[5.584,0.47],[-0.418,0.574],[-1.763,2.775]],"o":[[-1.223,-3.631],[-0.041,-3.037],[5.566,-0.095],[1.648,-1.639]],"v":[[7.819,14.089],[-1.904,7.5],[0.418,1.123],[11.838,-4.845]],"c":false}]},{"i":{"x":0.667,"y":1},"o":{"x":0.167,"y":0.167},"t":23,"s":[{"i":[[0.361,1.079],[5.584,0.471],[-0.276,0.374],[-1.993,2.135]],"o":[[-1.26,-3.727],[-0.085,-3.053],[5.168,0.792],[1.761,-1.563]],"v":[[7.715,14.337],[-1.939,7.525],[0.11,1.738],[10.875,-1.7]],"c":false}]},{"i":{"x":0.667,"y":1},"o":{"x":0.333,"y":0},"t":24,"s":[{"i":[[0.377,1.112],[5.584,0.471],[-0.195,0.26],[-2.125,1.77]],"o":[[-1.281,-3.781],[-0.11,-3.063],[4.941,1.297],[1.825,-1.521]],"v":[[7.656,14.479],[-1.958,7.539],[-0.066,2.088],[10.781,0.208]],"c":false}]},{"i":{"x":0.667,"y":1},"o":{"x":0.333,"y":0},"t":27,"s":[{"i":[[0,0],[7.318,2.108],[0,0],[-2.875,0.958]],"o":[[0,0],[0.23,-1.467],[4.943,2.731],[0,0]],"v":[[8.813,15.635],[-1.708,7.852],[-0.253,4.713],[12.125,5.99]],"c":false}]},{"t":28,"s":[{"i":[[0,0],[7.318,2.108],[0,0],[-4.312,1.645]],"o":[[0,0],[0.23,-1.467],[3.816,2.734],[0,0]],"v":[[8.938,16.385],[-1.708,7.852],[-0.253,4.713],[12.438,5.615]],"c":false}]}],"ix":2},"nm":"Path 3","mn":"ADBE Vector Shape - Group","hd":false},{"ty":"mm","mm":1,"nm":"Merge Paths 1","mn":"ADBE Vector Filter - Merge","hd":false},{"ty":"st","c":{"a":0,"k":[0,0,0,1],"ix":3},"o":{"a":0,"k":100,"ix":4},"w":{"a":0,"k":2,"ix":5},"lc":2,"lj":1,"ml":10,"bm":0,"nm":"Stroke 1","mn":"ADBE Vector Graphic - Stroke","hd":false},{"ty":"tr","p":{"a":0,"k":[20.063,21.385],"ix":2},"a":{"a":0,"k":[0,0],"ix":1},"s":{"a":0,"k":[100,100],"ix":3},"r":{"a":0,"k":0,"ix":6},"o":{"a":0,"k":100,"ix":7},"sk":{"a":0,"k":0,"ix":4},"sa":{"a":0,"k":0,"ix":5},"nm":"Transform"}],"nm":"Group 1","np":5,"cix":2,"bm":0,"ix":1,"mn":"ADBE Vector Group","hd":false}],"ip":0,"op":28,"st":0,"bm":0},{"ddd":0,"ind":4,"ty":4,"nm":"head Outlines","sr":1,"ks":{"o":{"a":0,"k":100,"ix":11},"r":{"a":0,"k":0,"ix":10},"p":{"a":1,"k":[{"i":{"x":0.667,"y":0.667},"o":{"x":0.333,"y":0.333},"t":0,"s":[29.063,27.438,0],"to":[0,0,0],"ti":[0,0,0]},{"i":{"x":0.667,"y":1},"o":{"x":0.333,"y":0},"t":3,"s":[29.063,27.438,0],"to":[0,0,0],"ti":[0,0,0]},{"i":{"x":0.667,"y":0.667},"o":{"x":0.333,"y":0.333},"t":6,"s":[26.313,27.438,0],"to":[0,0,0],"ti":[0,0,0]},{"i":{"x":0.667,"y":0.524},"o":{"x":0.333,"y":0},"t":9,"s":[26.313,27.438,0],"to":[0,0,0],"ti":[0,0,0]},{"i":{"x":0.667,"y":0.874},"o":{"x":0.333,"y":0.141},"t":11,"s":[26.53,26.978,0],"to":[0,0,0],"ti":[0,0,0]},{"i":{"x":0.667,"y":0.528},"o":{"x":0.312,"y":1},"t":12,"s":[26.866,26.185,0],"to":[0,0,0],"ti":[0,0,0]},{"i":{"x":0.667,"y":0.672},"o":{"x":0.333,"y":0.041},"t":13,"s":[26.945,26.25,0],"to":[0,0,0],"ti":[0,0,0]},{"i":{"x":0.667,"y":0.7},"o":{"x":0.333,"y":0.226},"t":14,"s":[26.252,25.287,0],"to":[0,0,0],"ti":[0,0,0]},{"i":{"x":0.667,"y":0.907},"o":{"x":0.333,"y":0.616},"t":16,"s":[24.351,22.414,0],"to":[0,0,0],"ti":[0,0,0]},{"i":{"x":0.667,"y":0.321},"o":{"x":0.333,"y":0.309},"t":18,"s":[23.035,21.377,0],"to":[0,0,0],"ti":[0,0,0]},{"i":{"x":0.667,"y":0.897},"o":{"x":0.333,"y":0.227},"t":19,"s":[23.285,21.346,0],"to":[0,0,0],"ti":[0,0,0]},{"i":{"x":0.667,"y":0.688},"o":{"x":0.333,"y":0.091},"t":20,"s":[23.66,22.002,0],"to":[0,0,0],"ti":[0,0,0]},{"i":{"x":0.667,"y":0.551},"o":{"x":0.333,"y":0.296},"t":21,"s":[24.181,22.684,0],"to":[0,0,0],"ti":[0,0,0]},{"i":{"x":0.667,"y":0.573},"o":{"x":0.333,"y":0.36},"t":22,"s":[24.915,23.214,0],"to":[0,0,0],"ti":[0,0,0]},{"i":{"x":0.667,"y":0.581},"o":{"x":0.333,"y":0.407},"t":23,"s":[25.455,24.206,0],"to":[0,0,0],"ti":[0,0,0]},{"i":{"x":0.667,"y":0.873},"o":{"x":0.333,"y":0.397},"t":24,"s":[26.011,25.252,0],"to":[0,0,0],"ti":[0,0,0]},{"i":{"x":0.667,"y":1},"o":{"x":0.275,"y":1},"t":27,"s":[28.98,27.539,0],"to":[0,0,0],"ti":[0,0,0]},{"t":28,"s":[29.063,27.438,0]}],"ix":2},"a":{"a":0,"k":[9.5,9.5,0],"ix":1},"s":{"a":0,"k":[100,100,100],"ix":6}},"ao":0,"shapes":[{"ty":"gr","it":[{"ind":0,"ty":"sh","ix":1,"ks":{"a":0,"k":{"i":[[2.485,0],[0,-2.485],[-2.485,0],[0,2.485]],"o":[[-2.485,0],[0,2.485],[2.485,0],[0,-2.485]],"v":[[0,-4.5],[-4.5,0],[0,4.5],[4.5,0]],"c":true},"ix":2},"nm":"Path 1","mn":"ADBE Vector Shape - Group","hd":false},{"ty":"st","c":{"a":0,"k":[0,0,0,1],"ix":3},"o":{"a":0,"k":100,"ix":4},"w":{"a":0,"k":2,"ix":5},"lc":2,"lj":1,"ml":10,"bm":0,"nm":"Stroke 1","mn":"ADBE Vector Graphic - Stroke","hd":false},{"ty":"tr","p":{"a":0,"k":[9.5,9.5],"ix":2},"a":{"a":0,"k":[0,0],"ix":1},"s":{"a":0,"k":[100,100],"ix":3},"r":{"a":0,"k":0,"ix":6},"o":{"a":0,"k":100,"ix":7},"sk":{"a":0,"k":0,"ix":4},"sa":{"a":0,"k":0,"ix":5},"nm":"Transform"}],"nm":"Group 1","np":2,"cix":2,"bm":0,"ix":1,"mn":"ADBE Vector Group","hd":false}],"ip":0,"op":28,"st":0,"bm":0}],"markers":[]}