{"v":"5.5.9","fr":24,"ip":0,"op":28,"w":50,"h":50,"nm":"sup","ddd":0,"assets":[],"layers":[{"ddd":0,"ind":1,"ty":4,"nm":"arm Outlines","sr":1,"ks":{"o":{"a":0,"k":100,"ix":11},"r":{"a":0,"k":0,"ix":10},"p":{"a":0,"k":[31,11.45,0],"ix":2},"a":{"a":0,"k":[14,9.15,0],"ix":1},"s":{"a":0,"k":[100,100,100],"ix":6}},"ao":0,"shapes":[{"ty":"gr","it":[{"ind":0,"ty":"sh","ix":1,"ks":{"a":1,"k":[{"i":{"x":0.667,"y":1},"o":{"x":0.333,"y":0},"t":0,"s":[{"i":[[0,0],[0,0],[0,0],[0.5,0.9],[0.9,-0.5],[0,0],[0,0]],"o":[[0,0],[0,0],[0.899,-0.5],[-0.5,-0.9],[0,0],[0,0],[0,0]],"v":[[-4.6,4.15],[0.2,3.55],[6.137,0.275],[6.938,-2.225],[4.438,-3.025],[-1.3,0.25],[-9,0.55]],"c":false}]},{"i":{"x":0.667,"y":1},"o":{"x":0.333,"y":0},"t":6,"s":[{"i":[[0,0],[-1.95,-0.188],[0,0],[0,1.15],[1.5,-0.175],[0,0],[0,0]],"o":[[0,0],[2.237,0.125],[1.612,0.025],[0,-1.03],[0,0],[0,0],[0,0]],"v":[[-1.788,8.275],[2.262,8.738],[7.95,8.713],[10.313,6.9],[8.125,5.163],[3.637,5.063],[-4.25,3.988]],"c":false}]},{"i":{"x":0.667,"y":1},"o":{"x":0.333,"y":0},"t":11,"s":[{"i":[[0,0],[0,0],[0,0],[0.5,0.9],[0.9,-0.5],[0,0],[0,0]],"o":[[0,0],[0,0],[0.899,-0.5],[-0.5,-0.9],[0,0],[0,0],[0,0]],"v":[[-4.038,4.4],[-0.238,4.55],[4.637,1.275],[5.5,-1.538],[2.938,-2.15],[-1.988,1.125],[-9,0.55]],"c":false}]},{"i":{"x":0.833,"y":0.833},"o":{"x":0.333,"y":0},"t":16,"s":[{"i":[[0,0],[0,0],[0,0],[0.763,0.691],[0.75,-0.8],[0,0],[0,0]],"o":[[0,0],[0,0],[0.737,-0.85],[-0.938,-0.85],[0,0],[0,0],[0,0]],"v":[[-6.35,2.212],[-2.8,1.425],[2.575,-5.288],[2.188,-8.413],[-0.688,-7.837],[-5.238,-1.5],[-12.813,0.238]],"c":false}]},{"i":{"x":0.667,"y":1},"o":{"x":0.167,"y":0.167},"t":17,"s":[{"i":[[0,0],[0,0],[0,0],[0.763,0.691],[0.75,-0.8],[0,0],[0,0]],"o":[[0,0],[0,0],[0.737,-0.85],[-0.938,-0.85],[0,0],[0,0],[0,0]],"v":[[-6.069,2.462],[-2.613,1.613],[2.794,-5.069],[2.469,-8.131],[-0.469,-7.619],[-5.019,-1.406],[-11.813,0.144]],"c":false}]},{"i":{"x":0.833,"y":0.833},"o":{"x":0.333,"y":0},"t":18,"s":[{"i":[[0,0],[0,0],[0,0],[0.763,0.691],[0.75,-0.8],[0,0],[0,0]],"o":[[0,0],[0,0],[0.737,-0.85],[-0.938,-0.85],[0,0],[0,0],[0,0]],"v":[[-5.788,2.712],[-2.425,1.8],[3.2,-4.725],[2.938,-7.725],[-0.063,-7.275],[-4.8,-1.313],[-11.313,0.3]],"c":false}]},{"i":{"x":0.667,"y":1},"o":{"x":0.167,"y":0.167},"t":21,"s":[{"i":[[0,0],[0,0],[0,0],[0.695,0.745],[0.789,-0.722],[0,0],[0,0]],"o":[[0,0],[0,0],[0.779,-0.759],[-0.824,-0.863],[0,0],[0,0],[0,0]],"v":[[-5.48,3.085],[-1.744,2.254],[4.406,-3.748],[4.419,-6.619],[1.549,-6.493],[-3.893,-0.907],[-10.713,0.365]],"c":false}]},{"i":{"x":0.667,"y":1},"o":{"x":0.167,"y":0},"t":27,"s":[{"i":[[0,0],[0,0],[0,0],[0.5,0.9],[0.9,-0.5],[0,0],[0,0]],"o":[[0,0],[0,0],[0.899,-0.5],[-0.5,-0.9],[0,0],[0,0],[0,0]],"v":[[-4.6,4.15],[0.2,3.55],[6.137,0.275],[6.938,-2.225],[4.438,-3.025],[-1.3,0.25],[-9,0.55]],"c":false}]},{"t":28,"s":[{"i":[[0,0],[0,0],[0,0],[0.5,0.9],[0.9,-0.5],[0,0],[0,0]],"o":[[0,0],[0,0],[0.899,-0.5],[-0.5,-0.9],[0,0],[0,0],[0,0]],"v":[[-4.6,4.15],[0.2,3.55],[6.137,0.275],[6.938,-2.225],[4.438,-3.025],[-1.3,0.25],[-9,0.55]],"c":false}]}],"ix":2},"nm":"Path 1","mn":"ADBE Vector Shape - Group","hd":false},{"ty":"st","c":{"a":0,"k":[0,0,0,1],"ix":3},"o":{"a":0,"k":100,"ix":4},"w":{"a":0,"k":2,"ix":5},"lc":2,"lj":2,"bm":0,"nm":"Stroke 1","mn":"ADBE Vector Graphic - Stroke","hd":false},{"ty":"tr","p":{"a":0,"k":[14,9.15],"ix":2},"a":{"a":0,"k":[0,0],"ix":1},"s":{"a":0,"k":[100,100],"ix":3},"r":{"a":0,"k":0,"ix":6},"o":{"a":0,"k":100,"ix":7},"sk":{"a":0,"k":0,"ix":4},"sa":{"a":0,"k":0,"ix":5},"nm":"Transform"}],"nm":"Group 1","np":2,"cix":2,"bm":0,"ix":1,"mn":"ADBE Vector Group","hd":false}],"ip":0,"op":28,"st":0,"bm":0},{"ddd":0,"ind":2,"ty":4,"nm":"oar Outlines","sr":1,"ks":{"o":{"a":0,"k":100,"ix":11},"r":{"a":1,"k":[{"i":{"x":[0.667],"y":[1]},"o":{"x":[0.333],"y":[0]},"t":0,"s":[0]},{"i":{"x":[0.667],"y":[1]},"o":{"x":[0.333],"y":[0]},"t":6,"s":[25.43]},{"i":{"x":[0.667],"y":[1]},"o":{"x":[0.333],"y":[0]},"t":11,"s":[-5.224]},{"i":{"x":[0.667],"y":[1]},"o":{"x":[0.333],"y":[0]},"t":16,"s":[-32.055]},{"i":{"x":[0.667],"y":[1]},"o":{"x":[0.333],"y":[0]},"t":23,"s":[-5.224]},{"i":{"x":[0.667],"y":[1]},"o":{"x":[0.333],"y":[0]},"t":27,"s":[0]},{"t":28,"s":[0]}],"ix":10},"p":{"a":1,"k":[{"i":{"x":0.667,"y":1},"o":{"x":0.333,"y":0},"t":0,"s":[31.462,31.607,0],"to":[-1.125,0.875,0],"ti":[-0.063,0.25,0]},{"i":{"x":0.667,"y":1},"o":{"x":0.333,"y":0},"t":6,"s":[24.712,36.857,0],"to":[0.063,-0.25,0],"ti":[-2.125,2.396,0]},{"i":{"x":0.667,"y":1},"o":{"x":0.333,"y":0},"t":11,"s":[31.837,30.107,0],"to":[2.125,-2.396,0],"ti":[0,0,0]},{"i":{"x":0.667,"y":1},"o":{"x":0.333,"y":0},"t":16,"s":[37.462,22.482,0],"to":[0,0,0],"ti":[1,-1.521,0]},{"i":{"x":0.667,"y":1},"o":{"x":0.333,"y":0},"t":23,"s":[31.837,30.107,0],"to":[-1,1.521,0],"ti":[0.063,-0.25,0]},{"i":{"x":0.667,"y":0.667},"o":{"x":0.333,"y":0.333},"t":27,"s":[31.462,31.607,0],"to":[0,0,0],"ti":[0,0,0]},{"t":28,"s":[31.462,31.607,0]}],"ix":2},"a":{"a":0,"k":[10.838,25.908,0],"ix":1},"s":{"a":0,"k":[100,100,100],"ix":6}},"ao":0,"shapes":[{"ty":"gr","it":[{"ind":0,"ty":"sh","ix":1,"ks":{"a":1,"k":[{"i":{"x":0.667,"y":1},"o":{"x":0.333,"y":0},"t":0,"s":[{"i":[[1.042,-3.833],[1.967,0.592],[0,0]],"o":[[-1.484,-0.27],[1.167,-7.458],[2.008,3.332]],"v":[[0.413,20.908],[-5.837,19.615],[-0.262,9.492]],"c":true}]},{"i":{"x":0.833,"y":0.833},"o":{"x":0.333,"y":0},"t":11,"s":[{"i":[[1.042,-3.833],[1.967,0.592],[0,0]],"o":[[-1.484,-0.27],[1.167,-7.458],[2.008,3.332]],"v":[[1.581,14.989],[-4.669,13.697],[0.906,3.574]],"c":true}]},{"i":{"x":0.667,"y":1},"o":{"x":0.167,"y":0.167},"t":16,"s":[{"i":[[1.042,-3.833],[1.967,0.592],[0,0]],"o":[[-1.484,-0.27],[1.167,-7.458],[2.008,3.332]],"v":[[1.026,17.996],[-5.224,16.704],[0.351,6.581]],"c":true}]},{"t":28,"s":[{"i":[[1.042,-3.833],[1.967,0.592],[0,0]],"o":[[-1.484,-0.27],[1.167,-7.458],[2.008,3.332]],"v":[[0.413,20.908],[-5.837,19.615],[-0.262,9.492]],"c":true}]}],"ix":2},"nm":"Path 1","mn":"ADBE Vector Shape - Group","hd":false},{"ind":1,"ty":"sh","ix":2,"ks":{"a":1,"k":[{"i":{"x":0.667,"y":1},"o":{"x":0.333,"y":0},"t":0,"s":[{"i":[[0,0],[0,0]],"o":[[0,0],[0,0]],"v":[[5.525,-19.595],[3.837,-10.708]],"c":false}]},{"i":{"x":0.667,"y":1},"o":{"x":0.333,"y":0},"t":6,"s":[{"i":[[0,0],[0,0]],"o":[[0,0],[0,0]],"v":[[5.693,-20.111],[3.963,-10.899]],"c":false}]},{"i":{"x":0.667,"y":1},"o":{"x":0.333,"y":0},"t":11,"s":[{"i":[[0,0],[0,0]],"o":[[0,0],[0,0]],"v":[[4.822,-16.039],[3.513,-9.265]],"c":false}]},{"i":{"x":0.833,"y":0.833},"o":{"x":0.333,"y":0},"t":16,"s":[{"i":[[0,0],[0,0]],"o":[[0,0],[0,0]],"v":[[4.629,-15.226],[3.121,-7.869]],"c":false}]},{"i":{"x":0.667,"y":1},"o":{"x":0.167,"y":0.167},"t":17,"s":[{"i":[[0,0],[0,0]],"o":[[0,0],[0,0]],"v":[[4.579,-15.379],[3.021,-7.459]],"c":false}]},{"i":{"x":0.833,"y":0.833},"o":{"x":0.333,"y":0},"t":18,"s":[{"i":[[0,0],[0,0]],"o":[[0,0],[0,0]],"v":[[4.528,-15.532],[3.014,-7.575]],"c":false}]},{"i":{"x":0.667,"y":1},"o":{"x":0.167,"y":0.167},"t":19,"s":[{"i":[[0,0],[0,0]],"o":[[0,0],[0,0]],"v":[[4.924,-16.872],[3.172,-7.931]],"c":false}]},{"i":{"x":0.833,"y":0.833},"o":{"x":0.333,"y":0},"t":20,"s":[{"i":[[0,0],[0,0]],"o":[[0,0],[0,0]],"v":[[5.32,-18.212],[3.397,-8.798]],"c":false}]},{"i":{"x":0.833,"y":0.833},"o":{"x":0.167,"y":0.167},"t":21,"s":[{"i":[[0,0],[0,0]],"o":[[0,0],[0,0]],"v":[[5.335,-18.92],[3.428,-8.914]],"c":false}]},{"i":{"x":0.667,"y":1},"o":{"x":0.167,"y":0.167},"t":22,"s":[{"i":[[0,0],[0,0]],"o":[[0,0],[0,0]],"v":[[5.493,-19.626],[3.484,-9.127]],"c":false}]},{"i":{"x":0.833,"y":0.833},"o":{"x":0.333,"y":0},"t":23,"s":[{"i":[[0,0],[0,0]],"o":[[0,0],[0,0]],"v":[[5.484,-19.178],[3.515,-9.248]],"c":false}]},{"i":{"x":0.667,"y":1},"o":{"x":0.167,"y":0.167},"t":25,"s":[{"i":[[0,0],[0,0]],"o":[[0,0],[0,0]],"v":[[5.467,-18.575],[3.676,-9.978]],"c":false}]},{"i":{"x":0.667,"y":1},"o":{"x":0.333,"y":0},"t":27,"s":[{"i":[[0,0],[0,0]],"o":[[0,0],[0,0]],"v":[[5.525,-19.595],[3.837,-10.708]],"c":false}]},{"t":28,"s":[{"i":[[0,0],[0,0]],"o":[[0,0],[0,0]],"v":[[5.525,-19.595],[3.837,-10.708]],"c":false}]}],"ix":2},"nm":"Path 2","mn":"ADBE Vector Shape - Group","hd":false},{"ind":2,"ty":"sh","ix":3,"ks":{"a":1,"k":[{"i":{"x":0.667,"y":1},"o":{"x":0.333,"y":0},"t":0,"s":[{"i":[[0,0],[0,0]],"o":[[0,0],[0,0]],"v":[[2.995,-6.51],[-0.262,9.492]],"c":false}]},{"i":{"x":0.667,"y":1},"o":{"x":0.333,"y":0},"t":6,"s":[{"i":[[0,0],[0.271,-1.333]],"o":[[-0.407,2],[0,0]],"v":[[2.96,-6.13],[0.461,6.067]],"c":false}]},{"i":{"x":0.667,"y":1},"o":{"x":0.333,"y":0},"t":11,"s":[{"i":[[0,0],[0.498,-2.445]],"o":[[-0.747,3.667],[0,0]],"v":[[2.648,-4.722],[1.065,3.212]],"c":false}]},{"i":{"x":0.833,"y":0.833},"o":{"x":0.333,"y":0},"t":16,"s":[{"i":[[0,0],[0.724,-3.556]],"o":[[-1.086,5.334],[0,0]],"v":[[2.246,-2.749],[0.274,6.839]],"c":false}]},{"i":{"x":0.667,"y":1},"o":{"x":0.167,"y":0.167},"t":17,"s":[{"i":[[0,0],[0.664,-3.26]],"o":[[-0.995,4.889],[0,0]],"v":[[2.253,-2.774],[0.264,7.008]],"c":false}]},{"i":{"x":0.833,"y":0.833},"o":{"x":0.333,"y":0},"t":18,"s":[{"i":[[0,0],[0.603,-2.963]],"o":[[-0.905,4.445],[0,0]],"v":[[2.177,-2.412],[0.254,7.178]],"c":false}]},{"i":{"x":0.667,"y":1},"o":{"x":0.167,"y":0.167},"t":19,"s":[{"i":[[0,0],[0.543,-2.667]],"o":[[-0.814,4.001],[0,0]],"v":[[2.414,-2.942],[0.411,6.574]],"c":false}]},{"i":{"x":0.667,"y":1},"o":{"x":0.333,"y":0},"t":20,"s":[{"i":[[0,0],[0.483,-2.371]],"o":[[-0.724,3.556],[0,0]],"v":[[2.615,-4.153],[0.141,7.623]],"c":false}]},{"i":{"x":0.667,"y":1},"o":{"x":0.333,"y":0},"t":23,"s":[{"i":[[0,0],[0.302,-1.482]],"o":[[-0.452,2.223],[0,0]],"v":[[2.679,-4.753],[-0.104,8.856]],"c":false}]},{"i":{"x":0.667,"y":1},"o":{"x":0.333,"y":0},"t":27,"s":[{"i":[[0,0],[0,0]],"o":[[0,0],[0,0]],"v":[[2.995,-6.51],[-0.262,9.492]],"c":false}]},{"t":28,"s":[{"i":[[0,0],[0,0]],"o":[[0,0],[0,0]],"v":[[2.995,-6.51],[-0.262,9.492]],"c":false}]}],"ix":2},"nm":"Path 3","mn":"ADBE Vector Shape - Group","hd":false},{"ty":"mm","mm":1,"nm":"Merge Paths 1","mn":"ADBE Vector Filter - Merge","hd":false},{"ty":"st","c":{"a":0,"k":[0,0,0,1],"ix":3},"o":{"a":0,"k":100,"ix":4},"w":{"a":0,"k":2,"ix":5},"lc":2,"lj":2,"bm":0,"nm":"Stroke 1","mn":"ADBE Vector Graphic - Stroke","hd":false},{"ty":"tr","p":{"a":0,"k":[10.837,25.908],"ix":2},"a":{"a":0,"k":[0,0],"ix":1},"s":{"a":0,"k":[100,100],"ix":3},"r":{"a":0,"k":0,"ix":6},"o":{"a":0,"k":100,"ix":7},"sk":{"a":0,"k":0,"ix":4},"sa":{"a":0,"k":0,"ix":5},"nm":"Transform"}],"nm":"Group 1","np":5,"cix":2,"bm":0,"ix":1,"mn":"ADBE Vector Group","hd":false}],"ip":0,"op":28,"st":0,"bm":0},{"ddd":0,"ind":3,"ty":4,"nm":"leg Outlines","sr":1,"ks":{"o":{"a":0,"k":100,"ix":11},"r":{"a":0,"k":0,"ix":10},"p":{"a":0,"k":[12.6,35.65,0],"ix":2},"a":{"a":0,"k":[9.4,14.25,0],"ix":1},"s":{"a":0,"k":[100,100,100],"ix":6}},"ao":0,"shapes":[{"ty":"gr","it":[{"ind":0,"ty":"sh","ix":1,"ks":{"a":1,"k":[{"i":{"x":0.667,"y":1},"o":{"x":0.333,"y":0},"t":0,"s":[{"i":[[0,0],[0,0],[0,0],[-1.2,-0.4],[-0.2,0],[-0.3,1],[0,0],[0,0]],"o":[[0,0],[0,0],[-0.4,1.2],[0.2,0.1],[1,0],[0,0],[0,0],[0,0]],"v":[[1,-9.25],[-1.776,-0.646],[-4,6.25],[-2.5,9.15],[-1.8,9.25],[0.4,7.65],[2.487,1.233],[4.4,-4.649]],"c":false}]},{"i":{"x":0.667,"y":1},"o":{"x":0.333,"y":0},"t":6,"s":[{"i":[[0,0],[0,0],[0,0],[-1.225,-0.112],[-0.456,0.038],[-1.094,1.325],[0,0],[0,0]],"o":[[0,0],[0,0],[-0.4,1.2],[0.585,0.054],[0.2,0.038],[0,0],[0,0],[0,0]],"v":[[2.281,-8.281],[0.162,-0.396],[-4,6.25],[-2.594,9.119],[-2.456,9.156],[0.337,7.994],[4.424,1.483],[5.775,-4.024]],"c":false}]},{"t":11,"s":[{"i":[[0,0],[0,0],[0,0],[-1.2,-0.4],[-0.2,0],[-0.3,1],[0,0],[0,0]],"o":[[0,0],[0,0],[-0.4,1.2],[0.2,0.1],[1,0],[0,0],[0,0],[0,0]],"v":[[1,-9.25],[-1.776,-0.646],[-4,6.25],[-2.5,9.15],[-1.8,9.25],[0.4,7.65],[2.487,1.233],[4.4,-4.649]],"c":false}]}],"ix":2},"nm":"Path 1","mn":"ADBE Vector Shape - Group","hd":false},{"ty":"st","c":{"a":0,"k":[0,0,0,1],"ix":3},"o":{"a":0,"k":100,"ix":4},"w":{"a":0,"k":2,"ix":5},"lc":2,"lj":2,"bm":0,"nm":"Stroke 1","mn":"ADBE Vector Graphic - Stroke","hd":false},{"ty":"tr","p":{"a":0,"k":[9.4,14.25],"ix":2},"a":{"a":0,"k":[0,0],"ix":1},"s":{"a":0,"k":[100,100],"ix":3},"r":{"a":0,"k":0,"ix":6},"o":{"a":0,"k":100,"ix":7},"sk":{"a":0,"k":0,"ix":4},"sa":{"a":0,"k":0,"ix":5},"nm":"Transform"}],"nm":"Group 1","np":2,"cix":2,"bm":0,"ix":1,"mn":"ADBE Vector Group","hd":false}],"ip":0,"op":28,"st":0,"bm":0},{"ddd":0,"ind":4,"ty":4,"nm":"body Outlines","sr":1,"ks":{"o":{"a":0,"k":100,"ix":11},"r":{"a":0,"k":0,"ix":10},"p":{"a":0,"k":[25.25,28.45,0],"ix":2},"a":{"a":0,"k":[16.951,21.45,0],"ix":1},"s":{"a":0,"k":[100,100,100],"ix":6}},"ao":0,"hasMask":true,"masksProperties":[{"inv":false,"mode":"a","pt":{"a":1,"k":[{"i":{"x":0.833,"y":0.833},"o":{"x":0.333,"y":0},"t":0,"s":[{"i":[[0,0],[0,0],[0,0],[0,0],[0,0],[0,0],[0,0],[0,0]],"o":[[0,0],[0,0],[0,0],[0,0],[0,0],[0,0],[0,0],[0,0]],"v":[[2.958,2.778],[2.958,38.553],[19.902,38.55],[20.711,36.106],[22.961,34.43],[23.461,31.572],[30.836,27.98],[30.777,2.802]],"c":true}]},{"i":{"x":0.667,"y":1},"o":{"x":0.167,"y":0.167},"t":3,"s":[{"i":[[0,0],[0,0],[0,0],[0,0],[-0.153,-0.959],[0,0],[0,0],[0,0]],"o":[[0,0],[0,0],[0,0],[0,0],[2.66,-1.147],[0,0],[0,0],[0,0]],"v":[[3.349,2.839],[3.37,38.239],[13.806,38.237],[18.245,34.751],[18.291,37.303],[26.023,30.974],[29.711,26.928],[29.66,2.839]],"c":true}]},{"i":{"x":0.833,"y":0.833},"o":{"x":0.333,"y":0},"t":6,"s":[{"i":[[0,0],[0,0],[0,0],[0,0],[0.143,-1.426],[0,0],[0,0],[0,0]],"o":[[0,0],[0,0],[0,0],[0,0],[9.049,-1.457],[0,0],[0,0],[0,0]],"v":[[3.739,2.9],[3.782,37.925],[9.273,37.912],[14.154,35.678],[14.089,38.895],[28.586,30.375],[28.586,25.875],[28.543,2.875]],"c":true}]},{"i":{"x":0.833,"y":0.833},"o":{"x":0.167,"y":0.167},"t":8,"s":[{"i":[[0,0],[0,0],[-3.16,0],[0,0],[0.092,-0.924],[0,0],[0,0],[0,0]],"o":[[0,0],[0,0],[3.934,-4.653],[0,0],[5.864,-0.944],[0,0],[0,0],[0,0]],"v":[[3.362,2.768],[3.386,37.925],[11.673,37.934],[18.666,31.931],[18.635,37.315],[29.026,30.375],[29.026,25.875],[29.001,2.743]],"c":true}]},{"i":{"x":0.667,"y":1},"o":{"x":0.167,"y":0.167},"t":9,"s":[{"i":[[0,0],[0,0],[-3.598,-0.014],[0,0],[0.053,-0.526],[0,0],[0,0],[0,0]],"o":[[0,0],[0,0],[1.527,-4.952],[0,0],[3.337,-0.537],[0,0],[0,0],[0,0]],"v":[[3.063,2.663],[3.072,37.925],[15.298,37.952],[21.977,29.421],[22.512,34.329],[29.375,30.375],[29.375,25.875],[29.365,2.638]],"c":true}]},{"i":{"x":0.667,"y":1},"o":{"x":0.333,"y":0},"t":11,"s":[{"i":[[0,0],[0,0],[0,0],[0,0],[0,0],[0,0],[0,0],[0,0]],"o":[[0,0],[0,0],[0,0],[0,0],[0,0],[0,0],[0,0],[0,0]],"v":[[2.668,2.525],[2.657,37.925],[20.086,37.975],[20.404,33.646],[22.12,30.676],[29.836,30.375],[29.836,25.875],[29.846,2.5]],"c":true}]},{"t":16,"s":[{"i":[[0,0],[0,0],[0,0],[0,0],[0,0],[0,0],[0,0],[0,0]],"o":[[0,0],[0,0],[0,0],[0,0],[0,0],[0,0],[0,0],[0,0]],"v":[[2.668,2.525],[2.657,37.925],[20.086,37.975],[20.404,33.646],[22.12,30.676],[31.836,30.375],[31.836,25.875],[31.846,2.5]],"c":true}]}],"ix":1},"o":{"a":0,"k":100,"ix":3},"x":{"a":0,"k":0,"ix":4},"nm":"Mask 1"}],"shapes":[{"ty":"gr","it":[{"ind":0,"ty":"sh","ix":1,"ks":{"a":1,"k":[{"i":{"x":0.667,"y":1},"o":{"x":0.333,"y":0},"t":0,"s":[{"i":[[0.899,0.4],[0,0],[0.4,0.4],[1.9,0],[0.601,-1.5],[0,0],[-0.9,-1],[0,0],[0,0],[-1.301,0],[0,1.3],[0,0],[0.3,0.4],[0,0],[0,0],[0,0],[0,0],[-0.301,0],[-0.399,0.6]],"o":[[0,0],[0,0],[-0.5,-0.5],[-3.1,0],[0,0],[-0.5,1.4],[0,0],[0,0],[0,1.3],[1.3,0],[0,0],[0,-0.5],[0,0],[0,0],[0,0],[0,0],[0.301,0.1],[0.699,0],[0.601,-1.1]],"v":[[10.65,-6.95],[3.451,-10.45],[-1.549,-15.55],[-4.249,-16.45],[-7.951,-14.75],[-11.451,-4.35],[-10.65,-0.55],[-4.951,5.65],[-4.951,14.15],[-2.65,16.45],[-0.35,14.15],[-0.35,4.95],[-0.85,3.55],[-4.85,-1.35],[-1.951,-9.95],[1.451,-7.15],[8.85,-3.55],[9.65,-3.35],[11.35,-4.35]],"c":true}]},{"i":{"x":0.667,"y":1},"o":{"x":0.333,"y":0},"t":6,"s":[{"i":[[0.787,0.875],[0,0],[0.362,0.913],[1.893,0.164],[0.763,-1.075],[0,0],[-0.9,-1],[0,0],[0,0],[-1.301,0],[0,1.3],[0,0],[0.3,0.4],[0,0],[0,0],[0,0],[-0.432,-0.35],[-0.525,-0.069],[-0.399,0.6]],"o":[[0,0],[0,0],[-0.298,-0.641],[-1.438,-0.125],[0,0],[-0.5,1.4],[0,0],[0,0],[0,1.3],[1.3,0],[0,0],[0,-0.5],[0,0],[0,0],[0,0],[0,0],[0.432,0.35],[0.699,0],[0.369,-0.6]],"v":[[7.307,0.113],[4.576,-2.762],[2.951,-10.55],[-0.624,-13.7],[-3.826,-12.375],[-10.201,-3.725],[-9.4,0.075],[-3.701,6.275],[-4.951,14.15],[-2.65,16.45],[-0.349,14.15],[0.901,5.575],[0.4,4.175],[-3.6,-0.725],[0.424,-5.887],[1.513,-0.65],[4.975,2.794],[6.088,3.275],[7.787,2.306]],"c":true}]},{"i":{"x":0.667,"y":1},"o":{"x":0.333,"y":0},"t":11,"s":[{"i":[[0.899,0.4],[0,0],[0.4,0.4],[1.9,0],[0.601,-1.5],[0,0],[-0.9,-1],[0,0],[0,0],[-1.301,0],[0,1.3],[0,0],[0.3,0.4],[0,0],[0,0],[0,0],[0,0],[-0.301,0],[-0.399,0.6]],"o":[[0,0],[0,0],[-0.5,-0.5],[-3.1,0],[0,0],[-0.5,1.4],[0,0],[0,0],[0,1.3],[1.3,0],[0,0],[0,-0.5],[0,0],[0,0],[0,0],[0,0],[0.301,0.1],[0.699,0],[0.601,-1.1]],"v":[[9.588,-7.262],[3.451,-10.45],[-1.549,-15.55],[-4.249,-16.45],[-7.951,-14.75],[-11.451,-4.35],[-10.65,-0.55],[-4.951,5.65],[-4.951,14.15],[-2.65,16.45],[-0.35,14.15],[-0.35,4.95],[-0.85,3.55],[-4.85,-1.35],[-1.951,-9.95],[1.451,-7.15],[7.787,-3.863],[8.588,-3.663],[10.287,-4.663]],"c":true}]},{"i":{"x":0.667,"y":1},"o":{"x":0.333,"y":0},"t":16,"s":[{"i":[[2.037,-0.375],[0,0],[0.4,0.4],[1.9,0],[0.174,-0.55],[0,0],[-0.9,-1],[0,0],[0,0],[-1.301,0],[0,1.3],[0,0],[0.3,0.4],[0,0],[0,0],[0,0],[0,0],[-0.463,0.463],[0.182,0.775]],"o":[[0,0],[0,0],[-0.5,-0.5],[-3.1,0],[-0.174,0.55],[-0.5,1.4],[0,0],[0,0],[0,1.3],[1.3,0],[0,0],[0,-0.5],[0,0],[0,0],[0,0],[0,0],[0.463,-0.087],[0.412,-0.381],[-0.318,-1.319]],"v":[[9.463,-13.7],[3.138,-12.575],[-3.174,-15.675],[-6.812,-16.637],[-10.326,-15.375],[-11.451,-4.35],[-10.65,-0.55],[-4.951,5.65],[-4.951,14.15],[-2.65,16.45],[-0.35,14.15],[-0.35,4.95],[-0.85,3.55],[-4.85,-1.35],[-3.951,-10.637],[2.576,-8.15],[10.412,-9.55],[12.025,-10.256],[12.6,-12.163]],"c":true}]},{"i":{"x":0.667,"y":1},"o":{"x":0.333,"y":0},"t":18,"s":[{"i":[[1.712,-0.154],[0,0],[0.4,0.4],[1.9,0],[0.296,-0.822],[0,0],[-0.9,-1],[0,0],[0,0],[-1.301,0],[0,1.3],[0,0],[0.3,0.4],[0,0],[0,0],[0,0],[0,0],[-0.305,0.243],[-0.011,0.949]],"o":[[0,0],[0,0],[-0.5,-0.5],[-3.1,0],[-0.125,0.393],[-0.5,1.4],[0,0],[0,0],[0,1.3],[1.3,0],[0,0],[0,-0.5],[0,0],[0,0],[0,0],[0,0],[0.417,-0.034],[0.524,-0.368],[0.012,-1.02]],"v":[[9.642,-11.825],[3.227,-11.968],[-2.71,-15.639],[-6.08,-16.584],[-9.647,-15.196],[-11.451,-4.35],[-10.65,-0.55],[-4.951,5.65],[-4.951,14.15],[-2.65,16.45],[-0.35,14.15],[-0.35,4.95],[-0.85,3.55],[-4.85,-1.35],[-3.379,-10.441],[2.254,-7.864],[9.805,-7.889],[11.289,-8.332],[12.082,-10.118]],"c":true}]},{"i":{"x":0.667,"y":1},"o":{"x":0.333,"y":0},"t":19,"s":[{"i":[[1.3,0.125],[0,0],[0.4,0.4],[1.9,0],[0.357,-0.957],[0,0],[-0.9,-1],[0,0],[0,0],[-1.301,0],[0,1.3],[0,0],[0.3,0.4],[0,0],[0,0],[0,0],[0,0],[-0.342,0.248],[-0.073,0.802]],"o":[[0,0],[0,0],[-0.5,-0.5],[-3.1,0],[-0.1,0.314],[-0.5,1.4],[0,0],[0,0],[0,1.3],[1.3,0],[0,0],[0,-0.5],[0,0],[0,0],[0,0],[0,0],[0.468,0.047],[0.439,-0.345],[0.084,-1.042]],"v":[[9.731,-10.887],[3.272,-11.664],[-2.478,-15.621],[-5.714,-16.557],[-9.308,-15.107],[-11.451,-4.35],[-10.65,-0.55],[-4.951,5.65],[-4.951,14.15],[-2.65,16.45],[-0.35,14.15],[-0.35,4.95],[-0.85,3.55],[-4.85,-1.35],[-3.093,-10.343],[2.093,-7.721],[9.501,-7.059],[11.03,-7.292],[11.854,-8.814]],"c":true}]},{"i":{"x":0.667,"y":1},"o":{"x":0.333,"y":0},"t":23,"s":[{"i":[[0.899,0.4],[0,0],[0.4,0.4],[1.9,0],[0.601,-1.5],[0,0],[-0.9,-1],[0,0],[0,0],[-1.301,0],[0,1.3],[0,0],[0.3,0.4],[0,0],[0,0],[0,0],[0,0],[-0.301,0],[-0.399,0.6]],"o":[[0,0],[0,0],[-0.5,-0.5],[-3.1,0],[0,0],[-0.5,1.4],[0,0],[0,0],[0,1.3],[1.3,0],[0,0],[0,-0.5],[0,0],[0,0],[0,0],[0,0],[0.301,0.1],[0.699,0],[0.601,-1.1]],"v":[[10.088,-7.137],[3.451,-10.45],[-1.549,-15.55],[-4.249,-16.45],[-7.951,-14.75],[-11.451,-4.35],[-10.65,-0.55],[-4.951,5.65],[-4.951,14.15],[-2.65,16.45],[-0.35,14.15],[-0.35,4.95],[-0.85,3.55],[-4.85,-1.35],[-1.951,-9.95],[1.451,-7.15],[8.287,-3.738],[9.088,-3.538],[10.787,-4.538]],"c":true}]},{"t":28,"s":[{"i":[[0.899,0.4],[0,0],[0.4,0.4],[1.9,0],[0.601,-1.5],[0,0],[-0.9,-1],[0,0],[0,0],[-1.301,0],[0,1.3],[0,0],[0.3,0.4],[0,0],[0,0],[0,0],[0,0],[-0.301,0],[-0.399,0.6]],"o":[[0,0],[0,0],[-0.5,-0.5],[-3.1,0],[0,0],[-0.5,1.4],[0,0],[0,0],[0,1.3],[1.3,0],[0,0],[0,-0.5],[0,0],[0,0],[0,0],[0,0],[0.301,0.1],[0.699,0],[0.601,-1.1]],"v":[[10.65,-6.95],[3.451,-10.45],[-1.549,-15.55],[-4.249,-16.45],[-7.951,-14.75],[-11.451,-4.35],[-10.65,-0.55],[-4.951,5.65],[-4.951,14.15],[-2.65,16.45],[-0.35,14.15],[-0.35,4.95],[-0.85,3.55],[-4.85,-1.35],[-1.951,-9.95],[1.451,-7.15],[8.85,-3.55],[9.65,-3.35],[11.35,-4.35]],"c":true}]}],"ix":2},"nm":"Path 1","mn":"ADBE Vector Shape - Group","hd":false},{"ty":"st","c":{"a":0,"k":[0,0,0,1],"ix":3},"o":{"a":0,"k":100,"ix":4},"w":{"a":0,"k":2,"ix":5},"lc":2,"lj":2,"bm":0,"nm":"Stroke 1","mn":"ADBE Vector Graphic - Stroke","hd":false},{"ty":"tr","p":{"a":0,"k":[16.951,21.45],"ix":2},"a":{"a":0,"k":[0,0],"ix":1},"s":{"a":0,"k":[100,100],"ix":3},"r":{"a":0,"k":0,"ix":6},"o":{"a":0,"k":100,"ix":7},"sk":{"a":0,"k":0,"ix":4},"sa":{"a":0,"k":0,"ix":5},"nm":"Transform"}],"nm":"Group 1","np":2,"cix":2,"bm":0,"ix":1,"mn":"ADBE Vector Group","hd":false}],"ip":0,"op":28,"st":0,"bm":0},{"ddd":0,"ind":5,"ty":4,"nm":"head Outlines","sr":1,"ks":{"o":{"a":0,"k":100,"ix":11},"r":{"a":0,"k":0,"ix":10},"p":{"a":1,"k":[{"i":{"x":0.667,"y":1},"o":{"x":0.333,"y":0},"t":0,"s":[22.75,5.625,0],"to":[0,0,0],"ti":[0,0,0]},{"i":{"x":0.667,"y":1},"o":{"x":0.333,"y":0},"t":6,"s":[29.5,11,0],"to":[0,0,0],"ti":[0,0,0]},{"i":{"x":0.667,"y":1},"o":{"x":0.333,"y":0},"t":11,"s":[22.875,6,0],"to":[0,0,0],"ti":[0,0,0]},{"i":{"x":0.667,"y":1},"o":{"x":0.333,"y":0},"t":16,"s":[19.875,5.875,0],"to":[0,0,0],"ti":[0,0,0]},{"i":{"x":0.667,"y":0.667},"o":{"x":0.333,"y":0.333},"t":23,"s":[22.75,5.625,0],"to":[0,0,0],"ti":[0,0,0]},{"t":28,"s":[22.75,5.625,0]}],"ix":2},"a":{"a":0,"k":[9.5,9.5,0],"ix":1},"s":{"a":0,"k":[100,100,100],"ix":6}},"ao":0,"shapes":[{"ty":"gr","it":[{"ind":0,"ty":"sh","ix":1,"ks":{"a":0,"k":{"i":[[0,-2.5],[-2.5,0],[0,2.5],[2.5,0]],"o":[[0,2.5],[2.5,0],[0,-2.5],[-2.5,0]],"v":[[-4.5,0],[0,4.5],[4.5,0],[0,-4.5]],"c":true},"ix":2},"nm":"Path 1","mn":"ADBE Vector Shape - Group","hd":false},{"ty":"st","c":{"a":0,"k":[0,0,0,1],"ix":3},"o":{"a":0,"k":100,"ix":4},"w":{"a":0,"k":2,"ix":5},"lc":1,"lj":1,"ml":10,"bm":0,"nm":"Stroke 1","mn":"ADBE Vector Graphic - Stroke","hd":false},{"ty":"tr","p":{"a":0,"k":[9.5,9.5],"ix":2},"a":{"a":0,"k":[0,0],"ix":1},"s":{"a":0,"k":[100,100],"ix":3},"r":{"a":0,"k":0,"ix":6},"o":{"a":0,"k":100,"ix":7},"sk":{"a":0,"k":0,"ix":4},"sa":{"a":0,"k":0,"ix":5},"nm":"Transform"}],"nm":"Group 1","np":2,"cix":2,"bm":0,"ix":1,"mn":"ADBE Vector Group","hd":false}],"ip":0,"op":28,"st":0,"bm":0},{"ddd":0,"ind":6,"ty":4,"nm":"board Outlines","sr":1,"ks":{"o":{"a":0,"k":100,"ix":11},"r":{"a":0,"k":0,"ix":10},"p":{"a":0,"k":[25,47,0],"ix":2},"a":{"a":0,"k":[29.3,7,0],"ix":1},"s":{"a":0,"k":[100,100,100],"ix":6}},"ao":0,"hasMask":true,"masksProperties":[{"inv":false,"mode":"a","pt":{"a":1,"k":[{"i":{"x":0.833,"y":0.833},"o":{"x":0.333,"y":0},"t":0,"s":[{"i":[[0,0],[0,0],[0,0],[0,0],[0,0],[0,0],[0,0],[0,0],[0,0],[0,0],[0,0]],"o":[[0,0],[0,0],[0,0],[0,0],[0,0],[0,0],[0,0],[0,0],[0,0],[0,0],[0,0]],"v":[[4.175,3.25],[4.175,10.125],[30.3,10.125],[36.988,10.125],[54.378,10.125],[54.378,3.25],[37.488,3.25],[36.738,3.25],[36.925,11.75],[29.3,10.937],[32.863,3.25]],"c":true}]},{"i":{"x":0.833,"y":0.833},"o":{"x":0.167,"y":0.167},"t":1,"s":[{"i":[[0,0],[0,0],[0,0],[0,0],[0,0],[0,0],[0,0],[0,0],[0.014,-1.207],[0.121,0.058],[0,0]],"o":[[0,0],[0,0],[0,0],[0,0],[0,0],[0,0],[0,0],[0,0],[-0.299,-0.019],[0.021,-0.058],[0,0]],"v":[[4.175,3.25],[4.175,10.125],[29.916,10.125],[36.988,10.125],[54.378,10.125],[54.378,3.25],[37.488,3.25],[35.864,3.25],[35.849,10.769],[28.524,10.538],[32.101,3.25]],"c":true}]},{"i":{"x":0.833,"y":0.833},"o":{"x":0.167,"y":0.167},"t":4,"s":[{"i":[[0,0],[0,0],[0,0],[0,0],[0,0],[0,0],[0,0],[0,0],[0,0],[1.065,0.509],[0,0]],"o":[[0,0],[0,0],[0,0],[0,0],[0,0],[0,0],[0,0],[0,0],[0,0],[0.185,-0.509],[0,0]],"v":[[4.175,3.25],[4.175,10.125],[26.925,10.125],[36.988,10.125],[54.378,10.125],[54.378,3.25],[37.488,3.25],[29.057,3.25],[28.009,10.821],[20.277,9.629],[26.168,3.25]],"c":true}]},{"i":{"x":0.667,"y":1},"o":{"x":0.167,"y":0.167},"t":5,"s":[{"i":[[0,0],[0,0],[0,0],[0,0],[0,0],[0,0],[0,0],[0,0],[1.083,-0.034],[1.617,0.143],[0,0]],"o":[[0,0],[0,0],[0,0],[0,0],[0,0],[0,0],[0,0],[0,0],[-1.252,0.039],[1.102,-3.569],[0,0]],"v":[[4.175,3.25],[4.175,10.125],[29.075,10.125],[36.988,10.125],[54.378,10.125],[54.378,3.25],[37.488,3.25],[27.619,3.25],[25.99,10.179],[18.245,9.92],[25.058,3.25]],"c":true}]},{"i":{"x":0.833,"y":0.833},"o":{"x":0.333,"y":0},"t":6,"s":[{"i":[[0,0],[0,0],[0,0],[0,0],[0,0],[0,0],[0,0],[0,0],[1.375,-1],[1.438,0.688],[0,0]],"o":[[0,0],[0,0],[0,0],[0,0],[0,0],[0,0],[0,0],[0,0],[-1.375,1],[1.625,-5.313],[0,0]],"v":[[4.175,3.25],[4.175,10.125],[30.3,10.125],[36.988,10.125],[54.378,10.125],[54.378,3.25],[37.488,3.25],[26.8,3.25],[24.863,10.5],[17.613,9.906],[24.425,3.25]],"c":true}]},{"i":{"x":0.833,"y":0.833},"o":{"x":0.167,"y":0.167},"t":8,"s":[{"i":[[0,0],[0,0],[0,0],[0,0],[0,0],[0,0],[0,0],[0,0],[1.586,-2.185],[0.97,0.464],[0,0]],"o":[[0,0],[0,0],[0,0],[0,0],[0,0],[0,0],[0,0],[0,0],[-1.851,-0.31],[1.097,-3.585],[0,0]],"v":[[4.175,3.25],[4.175,10.125],[30.3,10.125],[36.988,10.125],[54.378,10.125],[54.378,3.25],[37.488,3.25],[30.838,3.25],[29.401,9.873],[23.372,7.771],[26.98,3.25]],"c":true}]},{"i":{"x":0.667,"y":1},"o":{"x":0.167,"y":0.167},"t":10,"s":[{"i":[[0,0],[0,0],[0,0],[0,0],[0,0],[0,0],[0,0],[0,0],[0.143,-0.104],[0.15,0.072],[0,0]],"o":[[0,0],[0,0],[0,0],[0,0],[0,0],[0,0],[0,0],[0,0],[-0.143,0.104],[0.169,-0.552],[0,0]],"v":[[4.175,3.25],[4.175,10.125],[30.3,10.125],[36.988,10.125],[54.378,10.125],[54.378,3.25],[37.488,3.25],[37.925,3.25],[37.439,5.978],[30.897,5.057],[31.466,3.25]],"c":true}]},{"i":{"x":0.667,"y":1},"o":{"x":0.333,"y":0},"t":11,"s":[{"i":[[0,0],[0,0],[0,0],[0,0],[0,0],[0,0],[0,0],[0,0],[0,0],[0,0],[0,0]],"o":[[0,0],[0,0],[0,0],[0,0],[0,0],[0,0],[0,0],[0,0],[0,0],[0,0],[0,0]],"v":[[4.175,3.25],[4.175,10.125],[30.3,10.125],[36.988,10.125],[54.378,10.125],[54.378,3.25],[37.488,3.25],[39.425,3.25],[39.456,4.093],[33.019,4.062],[33.05,3.25]],"c":true}]},{"i":{"x":0.833,"y":0.833},"o":{"x":0.333,"y":0},"t":16,"s":[{"i":[[0,0],[0,0],[0,0],[0,0],[0,0],[0,0],[0,0],[0,0],[0,0],[0,0],[0,0]],"o":[[0,0],[0,0],[0,0],[0,0],[0,0],[0,0],[0,0],[0,0],[0,0],[0,0],[0,0]],"v":[[4.175,3.25],[4.175,10.125],[30.3,10.125],[36.988,10.125],[54.378,10.125],[54.378,3.25],[37.488,3.25],[39.55,3.25],[36.863,3.25],[34.363,3.25],[32.863,3.25]],"c":true}]},{"i":{"x":0.667,"y":1},"o":{"x":0.167,"y":0.167},"t":19,"s":[{"i":[[0,0],[0,0],[0,0],[0,0],[0,0],[0,0],[0,0],[0,0],[0,0],[0.844,-0.053],[0,0]],"o":[[0,0],[0,0],[0,0],[0,0],[0,0],[0,0],[0,0],[0,0],[0,0],[-0.58,-0.074],[0,0]],"v":[[4.175,3.25],[4.175,10.125],[30.3,10.125],[36.988,10.125],[54.378,10.125],[54.378,3.25],[48.425,3.25],[46.169,3.25],[45.197,3.296],[41.755,3.336],[39.675,3.25]],"c":true}]},{"i":{"x":0.833,"y":0.833},"o":{"x":0.333,"y":0},"t":20,"s":[{"i":[[0,0],[0,0],[0,0],[0,0],[0,0],[0,0],[0,0],[0,0],[0,0],[1,-0.063],[0,0]],"o":[[0,0],[0,0],[0,0],[0,0],[0,0],[0,0],[0,0],[0,0],[0,0],[0,-0.625],[0,0]],"v":[[4.175,3.25],[4.175,10.125],[30.3,10.125],[36.988,10.125],[54.378,10.125],[54.378,3.25],[45.488,3.25],[43.3,3.25],[43.3,5.75],[36.988,5.812],[36.863,3.25]],"c":true}]},{"i":{"x":0.667,"y":1},"o":{"x":0.167,"y":0.167},"t":21,"s":[{"i":[[0,0],[0,0],[0,0],[0,0],[0,0],[0,0],[0,0],[0,0],[0,0],[0.741,-0.046],[0,0]],"o":[[0,0],[0,0],[0,0],[0,0],[0,0],[0,0],[0,0],[0,0],[0,0],[0,-0.463],[0,0]],"v":[[4.175,3.25],[4.175,10.125],[30.3,10.125],[36.988,10.125],[54.378,10.125],[54.378,3.25],[45.488,3.25],[40.879,3.25],[41.113,7.838],[34.786,7.886],[35.129,3.25]],"c":true}]},{"i":{"x":0.667,"y":1},"o":{"x":0.333,"y":0},"t":23,"s":[{"i":[[0,0],[0,0],[0,0],[0,0],[0,0],[0,0],[0,0],[0,0],[0,0],[0,0],[0,0]],"o":[[0,0],[0,0],[0,0],[0,0],[0,0],[0,0],[0,0],[0,0],[0,0],[0,0],[0,0]],"v":[[4.175,3.25],[4.175,10.125],[30.3,10.125],[36.988,10.125],[54.378,10.125],[54.378,3.25],[45.488,3.25],[38.988,3.25],[38.863,9.25],[31.863,9.375],[33.55,3.25]],"c":true}]},{"t":25,"s":[{"i":[[0,0],[0,0],[0,0],[0,0],[0,0],[0,0],[0,0],[0,0],[0,0],[0,0],[0,0]],"o":[[0,0],[0,0],[0,0],[0,0],[0,0],[0,0],[0,0],[0,0],[0,0],[0,0],[0,0]],"v":[[4.175,3.25],[4.175,10.125],[30.3,10.125],[36.988,10.125],[54.378,10.125],[54.378,3.25],[45.488,3.25],[37.3,3.25],[37.863,11.25],[30.175,11.625],[32.425,3.25]],"c":true}]}],"ix":1},"o":{"a":0,"k":100,"ix":3},"x":{"a":0,"k":0,"ix":4},"nm":"Mask 1"}],"shapes":[{"ty":"gr","it":[{"ind":0,"ty":"sh","ix":1,"ks":{"a":0,"k":{"i":[[0,0],[0,0],[0.3,-0.7],[-1,-0.201],[-15.5,0],[0,0],[0,0],[-0.299,0.099],[0.3,0.8],[1.3,0],[0,0]],"o":[[0,0],[-1.3,0],[-0.3,0.701],[0.3,0.099],[0,0],[0,0],[9.901,-0.299],[1,-0.201],[-0.3,-0.7],[0,0],[0,0]],"v":[[1.8,-2],[-21.7,-2],[-24,-1.101],[-22.7,0.6],[0,2],[1,2],[8,1.899],[22.7,0.6],[24,-1.101],[21.7,-2],[8.1,-2]],"c":true},"ix":2},"nm":"Path 1","mn":"ADBE Vector Shape - Group","hd":false},{"ty":"st","c":{"a":0,"k":[0,0,0,1],"ix":3},"o":{"a":0,"k":100,"ix":4},"w":{"a":0,"k":2,"ix":5},"lc":2,"lj":2,"bm":0,"nm":"Stroke 1","mn":"ADBE Vector Graphic - Stroke","hd":false},{"ty":"tr","p":{"a":0,"k":[29.3,7],"ix":2},"a":{"a":0,"k":[0,0],"ix":1},"s":{"a":0,"k":[100,100],"ix":3},"r":{"a":0,"k":0,"ix":6},"o":{"a":0,"k":100,"ix":7},"sk":{"a":0,"k":0,"ix":4},"sa":{"a":0,"k":0,"ix":5},"nm":"Transform"}],"nm":"Group 1","np":2,"cix":2,"bm":0,"ix":1,"mn":"ADBE Vector Group","hd":false}],"ip":0,"op":28,"st":0,"bm":0}],"markers":[]}