{"v":"5.4.4","fr":24,"ip":0,"op":28,"w":50,"h":50,"nm":"user-male","ddd":0,"assets":[],"layers":[{"ddd":0,"ind":1,"ty":4,"nm":"Left eye","sr":1,"ks":{"o":{"a":0,"k":100,"ix":11},"r":{"a":0,"k":0,"ix":10},"p":{"a":0,"k":[19.5,28.5,0],"ix":2},"a":{"a":0,"k":[19.5,29.5,0],"ix":1},"s":{"a":0,"k":[100,100,100],"ix":6}},"ao":0,"shapes":[{"ty":"gr","it":[{"ind":0,"ty":"sh","ix":1,"ks":{"a":1,"k":[{"i":{"x":0.833,"y":0.833},"o":{"x":0.333,"y":0},"t":4,"s":[{"i":[[0.829,0],[0,-0.828],[-0.829,0],[0,0.828]],"o":[[-0.829,0],[0,0.828],[0.829,0],[0,-0.828]],"v":[[-5.5,-1.5],[-7,0],[-5.5,1.5],[-4,0]],"c":true}],"e":[{"i":[[0.829,0],[0,-0.508],[-0.829,0],[0,0.508]],"o":[[-0.829,0],[0,0.508],[0.829,0],[0,-0.508]],"v":[[-5.5,-0.5],[-7,0],[-5.5,0.5],[-4,0]],"c":true}]},{"i":{"x":0.667,"y":1},"o":{"x":0.167,"y":0.167},"t":8,"s":[{"i":[[0.829,0],[0,-0.508],[-0.829,0],[0,0.508]],"o":[[-0.829,0],[0,0.508],[0.829,0],[0,-0.508]],"v":[[-5.5,-0.5],[-7,0],[-5.5,0.5],[-4,0]],"c":true}],"e":[{"i":[[0.829,0],[0,-0.828],[-0.829,0],[0,0.828]],"o":[[-0.829,0],[0,0.828],[0.829,0],[0,-0.828]],"v":[[-5.5,-1.5],[-7,0],[-5.5,1.5],[-4,0]],"c":true}]},{"t":12}],"ix":2},"nm":"Path 1","mn":"ADBE Vector Shape - Group","hd":false},{"ty":"fl","c":{"a":0,"k":[0,0,0,1],"ix":4},"o":{"a":0,"k":100,"ix":5},"r":1,"bm":0,"nm":"Fill 1","mn":"ADBE Vector Graphic - Fill","hd":false},{"ty":"tr","p":{"a":0,"k":[25,29.5],"ix":2},"a":{"a":0,"k":[0,0],"ix":1},"s":{"a":0,"k":[100,100],"ix":3},"r":{"a":0,"k":0,"ix":6},"o":{"a":0,"k":100,"ix":7},"sk":{"a":0,"k":0,"ix":4},"sa":{"a":0,"k":0,"ix":5},"nm":"Transform"}],"nm":"Group 5","np":2,"cix":2,"bm":0,"ix":1,"mn":"ADBE Vector Group","hd":false}],"ip":0,"op":28,"st":0,"bm":0},{"ddd":0,"ind":2,"ty":4,"nm":"Right eye","sr":1,"ks":{"o":{"a":0,"k":100,"ix":11},"r":{"a":0,"k":0,"ix":10},"p":{"a":0,"k":[30.5,28.5,0],"ix":2},"a":{"a":0,"k":[30.5,29.5,0],"ix":1},"s":{"a":0,"k":[100,100,100],"ix":6}},"ao":0,"shapes":[{"ty":"gr","it":[{"ind":0,"ty":"sh","ix":1,"ks":{"a":1,"k":[{"i":{"x":0.833,"y":0.833},"o":{"x":0.333,"y":0},"t":4,"s":[{"i":[[0.828,0],[0,-0.828],[-0.828,0],[0,0.828]],"o":[[-0.828,0],[0,0.828],[0.828,0],[0,-0.828]],"v":[[5.5,-1.5],[4,0],[5.5,1.5],[7,0]],"c":true}],"e":[{"i":[[0.828,0],[0,-0.492],[-0.828,0],[0,0.492]],"o":[[-0.828,0],[0,0.492],[0.828,0],[0,-0.492]],"v":[[5.5,-0.484],[4,0],[5.5,0.484],[7,0]],"c":true}]},{"i":{"x":0.667,"y":1},"o":{"x":0.167,"y":0.167},"t":8,"s":[{"i":[[0.828,0],[0,-0.492],[-0.828,0],[0,0.492]],"o":[[-0.828,0],[0,0.492],[0.828,0],[0,-0.492]],"v":[[5.5,-0.484],[4,0],[5.5,0.484],[7,0]],"c":true}],"e":[{"i":[[0.828,0],[0,-0.828],[-0.828,0],[0,0.828]],"o":[[-0.828,0],[0,0.828],[0.828,0],[0,-0.828]],"v":[[5.5,-1.5],[4,0],[5.5,1.5],[7,0]],"c":true}]},{"t":12}],"ix":2},"nm":"Path 2","mn":"ADBE Vector Shape - Group","hd":false},{"ty":"fl","c":{"a":0,"k":[0,0,0,1],"ix":4},"o":{"a":0,"k":100,"ix":5},"r":1,"bm":0,"nm":"Fill 1","mn":"ADBE Vector Graphic - Fill","hd":false},{"ty":"tr","p":{"a":0,"k":[25,29.5],"ix":2},"a":{"a":0,"k":[0,0],"ix":1},"s":{"a":0,"k":[100,100],"ix":3},"r":{"a":0,"k":0,"ix":6},"o":{"a":0,"k":100,"ix":7},"sk":{"a":0,"k":0,"ix":4},"sa":{"a":0,"k":0,"ix":5},"nm":"Transform"}],"nm":"Group 4","np":2,"cix":2,"bm":0,"ix":1,"mn":"ADBE Vector Group","hd":false}],"ip":0,"op":28,"st":0,"bm":0},{"ddd":0,"ind":3,"ty":4,"nm":"Head","sr":1,"ks":{"o":{"a":0,"k":100,"ix":11},"r":{"a":0,"k":0,"ix":10},"p":{"a":0,"k":[25,25,0],"ix":2},"a":{"a":0,"k":[25,25,0],"ix":1},"s":{"a":0,"k":[100,100,100],"ix":6}},"ao":0,"shapes":[{"ty":"gr","it":[{"ind":0,"ty":"sh","ix":1,"ks":{"a":0,"k":{"i":[[0.569,0.353],[0,3.885],[5.581,0],[4.811,0],[0,-8.959],[-0.663,-1.912],[-0.233,-1.991],[0,0],[-4.726,-2.186],[-1.386,0],[-0.718,1.073],[-0.296,2.831],[-0.437,3.708]],"o":[[0.695,-2.129],[0,-3.183],[-0.94,-1.724],[-9.704,0],[0,1.681],[-0.568,0.353],[0.437,3.708],[0.296,2.832],[0.718,1.072],[1.387,0],[4.709,-2.189],[0,0],[0.235,-1.99]],"v":[[13.285,0.739],[15.016,-9],[8.016,-18],[-0.26,-22],[-14.984,-7.404],[-13.311,0.739],[-14.984,4.203],[-11.708,8.928],[-3.307,20.223],[0.016,22],[3.342,20.221],[11.682,8.928],[14.982,4.239]],"c":true},"ix":2},"nm":"Path 1","mn":"ADBE Vector Shape - Group","hd":false},{"ty":"st","c":{"a":0,"k":[0,0,0,1],"ix":3},"o":{"a":0,"k":100,"ix":4},"w":{"a":0,"k":2,"ix":5},"lc":2,"lj":2,"bm":0,"nm":"Stroke 1","mn":"ADBE Vector Graphic - Stroke","hd":false},{"ty":"tr","p":{"a":0,"k":[24.984,25],"ix":2},"a":{"a":0,"k":[0,0],"ix":1},"s":{"a":0,"k":[100,100],"ix":3},"r":{"a":0,"k":0,"ix":6},"o":{"a":0,"k":100,"ix":7},"sk":{"a":0,"k":0,"ix":4},"sa":{"a":0,"k":0,"ix":5},"nm":"Transform"}],"nm":"Group 1","np":2,"cix":2,"bm":0,"ix":1,"mn":"ADBE Vector Group","hd":false},{"ty":"gr","it":[{"ind":0,"ty":"sh","ix":1,"ks":{"a":0,"k":{"i":[[0,0],[0,-4.953]],"o":[[0,0],[0,0]],"v":[[-1.75,-4.688],[1.75,4.688]],"c":false},"ix":2},"nm":"Path 1","mn":"ADBE Vector Shape - Group","hd":false},{"ty":"st","c":{"a":0,"k":[0,0,0,1],"ix":3},"o":{"a":0,"k":100,"ix":4},"w":{"a":0,"k":2,"ix":5},"lc":2,"lj":1,"ml":10,"bm":0,"nm":"Stroke 1","mn":"ADBE Vector Graphic - Stroke","hd":false},{"ty":"tr","p":{"a":0,"k":[34.25,17.313],"ix":2},"a":{"a":0,"k":[0,0],"ix":1},"s":{"a":0,"k":[100,100],"ix":3},"r":{"a":0,"k":0,"ix":6},"o":{"a":0,"k":100,"ix":7},"sk":{"a":0,"k":0,"ix":4},"sa":{"a":0,"k":0,"ix":5},"nm":"Transform"}],"nm":"Group 2","np":2,"cix":2,"bm":0,"ix":2,"mn":"ADBE Vector Group","hd":false},{"ty":"gr","it":[{"ind":0,"ty":"sh","ix":1,"ks":{"a":0,"k":{"i":[[0,0],[6.35,0],[0,-4.834]],"o":[[0,0],[-3.72,0],[0,0]],"v":[[8.75,-4.688],[0.25,-0.313],[-8.75,4.688]],"c":false},"ix":2},"nm":"Path 1","mn":"ADBE Vector Shape - Group","hd":false},{"ty":"st","c":{"a":0,"k":[0,0,0,1],"ix":3},"o":{"a":0,"k":100,"ix":4},"w":{"a":0,"k":2,"ix":5},"lc":2,"lj":1,"ml":10,"bm":0,"nm":"Stroke 1","mn":"ADBE Vector Graphic - Stroke","hd":false},{"ty":"tr","p":{"a":0,"k":[23.75,17.313],"ix":2},"a":{"a":0,"k":[0,0],"ix":1},"s":{"a":0,"k":[100,100],"ix":3},"r":{"a":0,"k":0,"ix":6},"o":{"a":0,"k":100,"ix":7},"sk":{"a":0,"k":0,"ix":4},"sa":{"a":0,"k":0,"ix":5},"nm":"Transform"}],"nm":"Group 3","np":2,"cix":2,"bm":0,"ix":3,"mn":"ADBE Vector Group","hd":false}],"ip":0,"op":28,"st":0,"bm":0}],"markers":[]}