{"v":"5.4.4","fr":24,"ip":0,"op":28,"w":50,"h":50,"nm":"airplane-mode-on","ddd":0,"assets":[],"layers":[{"ddd":0,"ind":1,"ty":4,"nm":"Plane Fill","sr":1,"ks":{"o":{"a":0,"k":100,"ix":11},"r":{"a":0,"k":0,"ix":10},"p":{"a":0,"k":[25,25,0],"ix":2},"a":{"a":0,"k":[25,25,0],"ix":1},"s":{"a":0,"k":[100,100,100],"ix":6}},"ao":0,"hasMask":true,"masksProperties":[{"inv":false,"mode":"a","pt":{"a":1,"k":[{"i":{"x":0.254,"y":1},"o":{"x":0.333,"y":0},"t":3,"s":[{"i":[[0,0],[0,0],[0,0],[0,0]],"o":[[0,0],[0,0],[0,0],[0,0]],"v":[[-49.427,3.032],[-49.427,46.976],[0.442,46.945],[0.442,3]],"c":true}],"e":[{"i":[[0,0],[0,0],[0,0],[0,0]],"o":[[0,0],[0,0],[0,0],[0,0]],"v":[[0.073,3.031],[0.073,46.976],[49.942,46.945],[49.942,3]],"c":true}]},{"i":{"x":0.667,"y":1},"o":{"x":0.333,"y":0},"t":11,"s":[{"i":[[0,0],[0,0],[0,0],[0,0]],"o":[[0,0],[0,0],[0,0],[0,0]],"v":[[0.073,3.031],[0.073,46.976],[49.942,46.945],[49.942,3]],"c":true}],"e":[{"i":[[0,0],[0,0],[0,0],[0,0]],"o":[[0,0],[0,0],[0,0],[0,0]],"v":[[0.073,3.031],[0.073,46.976],[49.942,46.945],[49.942,3]],"c":true}]},{"i":{"x":0.667,"y":1},"o":{"x":0.746,"y":0},"t":17,"s":[{"i":[[0,0],[0,0],[0,0],[0,0]],"o":[[0,0],[0,0],[0,0],[0,0]],"v":[[0.073,3.031],[0.073,46.976],[49.942,46.945],[49.942,3]],"c":true}],"e":[{"i":[[0,0],[0,0],[0,0],[0,0]],"o":[[0,0],[0,0],[0,0],[0,0]],"v":[[50.573,3.008],[50.573,46.952],[100.442,46.921],[100.442,2.976]],"c":true}]},{"t":25}],"ix":1},"o":{"a":0,"k":100,"ix":3},"x":{"a":0,"k":0,"ix":4},"nm":"Mask 1"}],"shapes":[{"ty":"gr","it":[{"ind":0,"ty":"sh","ix":1,"ks":{"a":0,"k":{"i":[[3.75,0],[0,0],[0.203,0.25],[0.703,0.078],[0.359,0.031],[-0.223,-0.593],[0,0],[0,0],[0.421,0.809],[0.557,0.014],[0,0],[-0.032,-0.344],[0,0],[0.095,-0.459],[-0.125,0],[0,0],[-0.201,0.39],[0,0],[0,0],[0.29,-0.773],[-0.406,0.036],[-0.859,0.095],[-0.203,0.25],[0,0],[0,0],[0,0.969]],"o":[[0,0],[0,0],[-0.203,-0.25],[-0.859,-0.095],[-0.406,-0.035],[0.29,0.773],[0,0],[0,0],[-0.191,-0.368],[0,0],[-0.125,0],[0.042,0.467],[0,0],[-0.063,0.297],[0,0],[0.965,-0.009],[0.421,-0.809],[0,0],[0,0],[-0.223,0.594],[0.359,-0.031],[0.703,-0.078],[0.203,-0.25],[0,0],[3.766,0],[0,-0.969]],"v":[[18.758,-4.001],[3.665,-4.001],[-8.929,-20.063],[-10.054,-20.734],[-12.382,-20.969],[-12.878,-20.234],[-6.228,-4.001],[-18.942,-4.001],[-21.821,-9.531],[-22.976,-10.001],[-23.68,-10.001],[-23.96,-9.656],[-21.976,-0.001],[-23.96,9.656],[-23.68,9.999],[-22.976,9.999],[-21.821,9.531],[-18.942,3.999],[-6.228,3.999],[-12.878,20.234],[-12.382,20.967],[-10.054,20.734],[-8.929,20.062],[3.666,3.999],[18.759,3.999],[24.023,-0.001]],"c":true},"ix":2},"nm":"Path 1","mn":"ADBE Vector Shape - Group","hd":false},{"ty":"fl","c":{"a":0,"k":[0,0,0,1],"ix":4},"o":{"a":0,"k":100,"ix":5},"r":1,"bm":0,"nm":"Fill 1","mn":"ADBE Vector Graphic - Fill","hd":false},{"ty":"tr","p":{"a":0,"k":[24.976,25],"ix":2},"a":{"a":0,"k":[0,0],"ix":1},"s":{"a":0,"k":[100,100],"ix":3},"r":{"a":0,"k":0,"ix":6},"o":{"a":0,"k":100,"ix":7},"sk":{"a":0,"k":0,"ix":4},"sa":{"a":0,"k":0,"ix":5},"nm":"Transform"}],"nm":"Group 1","np":2,"cix":2,"bm":0,"ix":1,"mn":"ADBE Vector Group","hd":false}],"ip":0,"op":28,"st":0,"bm":0},{"ddd":0,"ind":2,"ty":4,"nm":"Plane","sr":1,"ks":{"o":{"a":0,"k":100,"ix":11},"r":{"a":0,"k":0,"ix":10},"p":{"a":0,"k":[25,25,0],"ix":2},"a":{"a":0,"k":[25,25,0],"ix":1},"s":{"a":0,"k":[100,100,100],"ix":6}},"ao":0,"shapes":[{"ty":"gr","it":[{"ind":0,"ty":"sh","ix":1,"ks":{"a":0,"k":{"i":[[3.75,0],[0,0],[0.203,0.25],[0.703,0.078],[0.359,0.031],[-0.223,-0.593],[0,0],[0,0],[0.421,0.809],[0.557,0.014],[0,0],[-0.032,-0.344],[0,0],[0.095,-0.459],[-0.125,0],[0,0],[-0.201,0.39],[0,0],[0,0],[0.29,-0.773],[-0.406,0.036],[-0.859,0.095],[-0.203,0.25],[0,0],[0,0],[0,0.969]],"o":[[0,0],[0,0],[-0.203,-0.25],[-0.859,-0.095],[-0.406,-0.035],[0.29,0.773],[0,0],[0,0],[-0.191,-0.368],[0,0],[-0.125,0],[0.042,0.467],[0,0],[-0.063,0.297],[0,0],[0.965,-0.009],[0.421,-0.809],[0,0],[0,0],[-0.223,0.594],[0.359,-0.031],[0.703,-0.078],[0.203,-0.25],[0,0],[3.766,0],[0,-0.969]],"v":[[18.758,-4.001],[3.665,-4.001],[-8.929,-20.063],[-10.054,-20.734],[-12.382,-20.969],[-12.878,-20.234],[-6.228,-4.001],[-18.942,-4.001],[-21.821,-9.531],[-22.976,-10.001],[-23.68,-10.001],[-23.96,-9.656],[-21.976,-0.001],[-23.96,9.656],[-23.68,9.999],[-22.976,9.999],[-21.821,9.531],[-18.942,3.999],[-6.228,3.999],[-12.878,20.234],[-12.382,20.967],[-10.054,20.734],[-8.929,20.062],[3.666,3.999],[18.759,3.999],[24.023,-0.001]],"c":true},"ix":2},"nm":"Path 1","mn":"ADBE Vector Shape - Group","hd":false},{"ty":"st","c":{"a":0,"k":[0,0,0,1],"ix":3},"o":{"a":0,"k":100,"ix":4},"w":{"a":0,"k":2,"ix":5},"lc":1,"lj":1,"ml":10,"bm":0,"nm":"Stroke 1","mn":"ADBE Vector Graphic - Stroke","hd":false},{"ty":"tr","p":{"a":0,"k":[24.976,25],"ix":2},"a":{"a":0,"k":[0,0],"ix":1},"s":{"a":0,"k":[100,100],"ix":3},"r":{"a":0,"k":0,"ix":6},"o":{"a":0,"k":100,"ix":7},"sk":{"a":0,"k":0,"ix":4},"sa":{"a":0,"k":0,"ix":5},"nm":"Transform"}],"nm":"Group 1","np":2,"cix":2,"bm":0,"ix":1,"mn":"ADBE Vector Group","hd":false}],"ip":0,"op":28,"st":0,"bm":0}],"markers":[]}