{"v":"5.4.4","fr":24,"ip":0,"op":28,"w":50,"h":50,"nm":"wrench","ddd":0,"assets":[],"layers":[{"ddd":0,"ind":1,"ty":4,"nm":"Wrench","sr":1,"ks":{"o":{"a":0,"k":100,"ix":11},"r":{"a":1,"k":[{"i":{"x":[0.667],"y":[1]},"o":{"x":[0.333],"y":[0]},"t":8,"s":[0],"e":[21]},{"i":{"x":[0.667],"y":[1]},"o":{"x":[0.333],"y":[0]},"t":20,"s":[21],"e":[0]},{"t":25}],"ix":10},"p":{"a":1,"k":[{"i":{"x":0.667,"y":1},"o":{"x":0.333,"y":0},"t":3,"s":[37.5,12.5,0],"e":[39.5,10.5,0],"to":[0,0,0],"ti":[0,0,0]},{"i":{"x":0.667,"y":1},"o":{"x":0.333,"y":0},"t":8,"s":[39.5,10.5,0],"e":[39.5,11.5,0],"to":[0,0,0],"ti":[0,0,0]},{"i":{"x":0.667,"y":1},"o":{"x":0.333,"y":0},"t":20,"s":[39.5,11.5,0],"e":[37.5,12.5,0],"to":[0,0,0],"ti":[0,0,0]},{"t":25}],"ix":2},"a":{"a":0,"k":[37.5,12.5,0],"ix":1},"s":{"a":0,"k":[100,100,100],"ix":6}},"ao":0,"shapes":[{"ty":"gr","it":[{"ind":0,"ty":"sh","ix":1,"ks":{"a":1,"k":[{"i":{"x":0.667,"y":1},"o":{"x":0.333,"y":0},"t":8,"s":[{"i":[[0.356,1.084],[0,0],[0,0],[0,0],[0,0],[1.204,0],[0,-6.075],[-0.63,-1.386],[0,0],[-1.51,-1.511],[-1.511,1.511],[0,0],[-1.621,0],[0,6.075]],"o":[[0,0],[0,0],[0,0],[0,0],[-1.084,-0.357],[-6.076,0],[0,1.621],[0,0],[-1.51,1.512],[1.512,1.511],[0,0],[1.385,0.63],[6.075,0],[0,-1.204]],"v":[[21.632,-14.632],[14.189,-7.189],[9.189,-9.189],[7.189,-14.189],[14.632,-21.632],[11.189,-22.189],[0.189,-11.189],[1.178,-6.649],[-20.679,15.205],[-20.679,20.678],[-15.206,20.678],[6.649,-1.178],[11.189,-0.189],[22.189,-11.189]],"c":true}],"e":[{"i":[[0.356,1.084],[0,0],[0,0],[0,0],[0,0],[1.204,0],[0,-6.075],[-0.63,-1.386],[0,0],[-1.51,-1.511],[-1.511,1.511],[0,0],[-1.621,0],[0,6.075]],"o":[[0,0],[0,0],[0,0],[0,0],[-1.084,-0.357],[-6.076,0],[0,1.621],[0,0],[-1.51,1.512],[1.512,1.511],[0,0],[1.385,0.63],[6.075,0],[0,-1.204]],"v":[[21.632,-14.632],[14.189,-7.189],[9.189,-9.189],[7.189,-14.189],[14.632,-21.632],[11.189,-22.189],[0.189,-11.189],[1.178,-6.649],[-16.732,11.308],[-16.732,16.781],[-11.259,16.781],[6.649,-1.178],[11.189,-0.189],[22.189,-11.189]],"c":true}]},{"i":{"x":0.667,"y":1},"o":{"x":0.333,"y":0},"t":20,"s":[{"i":[[0.356,1.084],[0,0],[0,0],[0,0],[0,0],[1.204,0],[0,-6.075],[-0.63,-1.386],[0,0],[-1.51,-1.511],[-1.511,1.511],[0,0],[-1.621,0],[0,6.075]],"o":[[0,0],[0,0],[0,0],[0,0],[-1.084,-0.357],[-6.076,0],[0,1.621],[0,0],[-1.51,1.512],[1.512,1.511],[0,0],[1.385,0.63],[6.075,0],[0,-1.204]],"v":[[21.632,-14.632],[14.189,-7.189],[9.189,-9.189],[7.189,-14.189],[14.632,-21.632],[11.189,-22.189],[0.189,-11.189],[1.178,-6.649],[-16.732,11.308],[-16.732,16.781],[-11.259,16.781],[6.649,-1.178],[11.189,-0.189],[22.189,-11.189]],"c":true}],"e":[{"i":[[0.356,1.084],[0,0],[0,0],[0,0],[0,0],[1.204,0],[0,-6.075],[-0.63,-1.386],[0,0],[-1.51,-1.511],[-1.511,1.511],[0,0],[-1.621,0],[0,6.075]],"o":[[0,0],[0,0],[0,0],[0,0],[-1.084,-0.357],[-6.076,0],[0,1.621],[0,0],[-1.51,1.512],[1.512,1.511],[0,0],[1.385,0.63],[6.075,0],[0,-1.204]],"v":[[21.632,-14.632],[14.189,-7.189],[9.189,-9.189],[7.189,-14.189],[14.632,-21.632],[11.189,-22.189],[0.189,-11.189],[1.178,-6.649],[-20.679,15.205],[-20.679,20.678],[-15.206,20.678],[6.649,-1.178],[11.189,-0.189],[22.189,-11.189]],"c":true}]},{"t":25}],"ix":2},"nm":"Path 1","mn":"ADBE Vector Shape - Group","hd":false},{"ty":"st","c":{"a":0,"k":[0,0,0,1],"ix":3},"o":{"a":0,"k":100,"ix":4},"w":{"a":0,"k":2,"ix":5},"lc":2,"lj":1,"ml":10,"bm":0,"nm":"Stroke 1","mn":"ADBE Vector Graphic - Stroke","hd":false},{"ty":"tr","p":{"a":0,"k":[24.811,25.189],"ix":2},"a":{"a":0,"k":[0,0],"ix":1},"s":{"a":0,"k":[100,100],"ix":3},"r":{"a":0,"k":0,"ix":6},"o":{"a":0,"k":100,"ix":7},"sk":{"a":0,"k":0,"ix":4},"sa":{"a":0,"k":0,"ix":5},"nm":"Transform"}],"nm":"Group 1","np":2,"cix":2,"bm":0,"ix":1,"mn":"ADBE Vector Group","hd":false}],"ip":0,"op":28,"st":0,"bm":0}],"markers":[]}