{"v":"5.6.1","fr":24,"ip":0,"op":28,"w":50,"h":50,"nm":"ghost","ddd":0,"assets":[],"layers":[{"ddd":0,"ind":1,"ty":4,"nm":"controller","sr":1,"ks":{"o":{"a":0,"k":100,"ix":11},"r":{"a":0,"k":0,"ix":10},"p":{"a":1,"k":[{"i":{"x":0.667,"y":1},"o":{"x":0.333,"y":0},"t":0,"s":[25,27,0],"to":[0,-0.667,0],"ti":[0,0,0]},{"i":{"x":0.667,"y":1},"o":{"x":0.333,"y":0},"t":15,"s":[25,23,0],"to":[0,0,0],"ti":[0,-0.667,0]},{"t":28,"s":[25,27,0]}],"ix":2},"a":{"a":0,"k":[0,0,0],"ix":1},"s":{"a":0,"k":[100,100,100],"ix":6}},"ao":0,"shapes":[],"ip":0,"op":28,"st":0,"bm":0},{"ddd":0,"ind":2,"ty":4,"nm":"eyes","parent":1,"sr":1,"ks":{"o":{"a":0,"k":100,"ix":11},"r":{"a":0,"k":0,"ix":10},"p":{"a":1,"k":[{"i":{"x":0.667,"y":1},"o":{"x":0.333,"y":0},"t":6,"s":[0,0.422,0],"to":[0.833,0,0],"ti":[-0.833,0,0]},{"i":{"x":0.833,"y":0.833},"o":{"x":0.167,"y":0.167},"t":8,"s":[5,0.422,0],"to":[0,0,0],"ti":[0,0,0]},{"i":{"x":0.667,"y":1},"o":{"x":0.333,"y":0},"t":23,"s":[5,0.422,0],"to":[-0.833,0,0],"ti":[0.833,0,0]},{"t":25,"s":[0,0.422,0]}],"ix":2},"a":{"a":0,"k":[25,25,0],"ix":1},"s":{"a":0,"k":[100,100,100],"ix":6}},"ao":0,"shapes":[{"ty":"gr","it":[{"ind":0,"ty":"sh","ix":1,"ks":{"a":1,"k":[{"i":{"x":0.667,"y":1},"o":{"x":0.333,"y":0},"t":8,"s":[{"i":[[0,0],[0,-1.657],[-0.828,-0.001],[0,0],[0,1.657],[0.828,0.001]],"o":[[-0.828,-0.001],[0,1.657],[0,0],[0.828,0.001],[0,-1.657],[0,0]],"v":[[0,-3],[-1.5,-0.002],[-0.002,3],[0,3],[1.5,0.002],[0.002,-3]],"c":true}]},{"i":{"x":0.667,"y":1},"o":{"x":0.333,"y":0},"t":12,"s":[{"i":[[0,0],[0,-0.253],[-1.371,0],[0,0],[0,0.253],[1.371,0]],"o":[[-1.371,0],[0,0.253],[0,0],[1.371,0],[0,-0.253],[0,0]],"v":[[0,-0.459],[-2.484,0],[-0.003,0.459],[0,0.459],[2.484,0],[0.003,-0.459]],"c":true}]},{"t":16,"s":[{"i":[[0,0],[0,-1.657],[-0.828,-0.001],[0,0],[0,1.657],[0.828,0.001]],"o":[[-0.828,-0.001],[0,1.657],[0,0],[0.828,0.001],[0,-1.657],[0,0]],"v":[[0,-3],[-1.5,-0.002],[-0.002,3],[0,3],[1.5,0.002],[0.002,-3]],"c":true}]}],"ix":2},"nm":"Path 1","mn":"ADBE Vector Shape - Group","hd":false},{"ty":"fl","c":{"a":0,"k":[0,0,0,1],"ix":4},"o":{"a":0,"k":100,"ix":5},"r":1,"bm":0,"nm":"Fill 1","mn":"ADBE Vector Graphic - Fill","hd":false},{"ty":"tr","p":{"a":0,"k":[19.5,15],"ix":2},"a":{"a":0,"k":[0,0],"ix":1},"s":{"a":0,"k":[100,100],"ix":3},"r":{"a":0,"k":0,"ix":6},"o":{"a":0,"k":100,"ix":7},"sk":{"a":0,"k":0,"ix":4},"sa":{"a":0,"k":0,"ix":5},"nm":"Transform"}],"nm":"left","np":2,"cix":2,"bm":0,"ix":1,"mn":"ADBE Vector Group","hd":false},{"ty":"gr","it":[{"ind":0,"ty":"sh","ix":1,"ks":{"a":1,"k":[{"i":{"x":0.667,"y":1},"o":{"x":0.333,"y":0},"t":8,"s":[{"i":[[0,0],[0,-1.657],[-0.828,-0.001],[0,0],[0,1.657],[0.828,0.001]],"o":[[-0.828,-0.001],[0,1.657],[0,0],[0.828,0.001],[0,-1.657],[0,0]],"v":[[0,-3],[-1.5,-0.002],[-0.002,3],[0,3],[1.5,0.002],[0.002,-3]],"c":true}]},{"i":{"x":0.667,"y":1},"o":{"x":0.333,"y":0},"t":12,"s":[{"i":[[0,0],[0,-0.245],[-1.371,0],[0,0],[0,0.245],[1.371,0]],"o":[[-1.371,0],[0,0.245],[0,0],[1.371,0],[0,-0.245],[0,0]],"v":[[0,-0.443],[-2.484,0],[-0.003,0.443],[0,0.443],[2.484,0],[0.003,-0.443]],"c":true}]},{"t":16,"s":[{"i":[[0,0],[0,-1.657],[-0.828,-0.001],[0,0],[0,1.657],[0.828,0.001]],"o":[[-0.828,-0.001],[0,1.657],[0,0],[0.828,0.001],[0,-1.657],[0,0]],"v":[[0,-3],[-1.5,-0.002],[-0.002,3],[0,3],[1.5,0.002],[0.002,-3]],"c":true}]}],"ix":2},"nm":"Path 1","mn":"ADBE Vector Shape - Group","hd":false},{"ty":"fl","c":{"a":0,"k":[0,0,0,1],"ix":4},"o":{"a":0,"k":100,"ix":5},"r":1,"bm":0,"nm":"Fill 1","mn":"ADBE Vector Graphic - Fill","hd":false},{"ty":"tr","p":{"a":0,"k":[26.5,15],"ix":2},"a":{"a":0,"k":[0,0],"ix":1},"s":{"a":0,"k":[100,100],"ix":3},"r":{"a":0,"k":0,"ix":6},"o":{"a":0,"k":100,"ix":7},"sk":{"a":0,"k":0,"ix":4},"sa":{"a":0,"k":0,"ix":5},"nm":"Transform"}],"nm":"right","np":2,"cix":2,"bm":0,"ix":2,"mn":"ADBE Vector Group","hd":false}],"ip":0,"op":28,"st":0,"bm":0},{"ddd":0,"ind":3,"ty":4,"nm":"ghost","parent":1,"sr":1,"ks":{"o":{"a":0,"k":100,"ix":11},"r":{"a":0,"k":0,"ix":10},"p":{"a":0,"k":[0,0,0],"ix":2},"a":{"a":0,"k":[25,25,0],"ix":1},"s":{"a":0,"k":[100,100,100],"ix":6}},"ao":0,"shapes":[{"ty":"gr","it":[{"ind":0,"ty":"sh","ix":1,"ks":{"a":0,"k":{"i":[[7.497,1.704],[12.625,0],[4.63,-1.638],[0,-5.064],[-3.728,-1.242],[-1.428,-3.021],[-4.156,0.052],[-3.386,1.019],[-12.014,-0.644]],"o":[[-4.229,-0.96],[-12.963,0],[-4.461,1.579],[10.278,0.544],[3.817,1.273],[1.033,2.188],[6.7,-0.085],[8.738,-2.63],[0,-5.063]],"v":[[14.521,-7.174],[-0.014,-22.033],[-14.706,-7.174],[-22.018,3.031],[-13.436,13.414],[-6.565,17.993],[0.136,21.981],[9.296,15.365],[21.99,5.236]],"c":true},"ix":2},"nm":"Path 1","mn":"ADBE Vector Shape - Group","hd":false},{"ty":"st","c":{"a":0,"k":[0,0,0,1],"ix":3},"o":{"a":0,"k":100,"ix":4},"w":{"a":0,"k":2,"ix":5},"lc":2,"lj":2,"bm":0,"nm":"Stroke 1","mn":"ADBE Vector Graphic - Stroke","hd":false},{"ty":"tr","p":{"a":0,"k":[25.01,25.025],"ix":2},"a":{"a":0,"k":[0,0],"ix":1},"s":{"a":0,"k":[100,100],"ix":3},"r":{"a":0,"k":0,"ix":6},"o":{"a":0,"k":100,"ix":7},"sk":{"a":0,"k":0,"ix":4},"sa":{"a":0,"k":0,"ix":5},"nm":"Transform"}],"nm":"Group 3","np":2,"cix":2,"bm":0,"ix":1,"mn":"ADBE Vector Group","hd":false}],"ip":0,"op":28,"st":0,"bm":0}],"markers":[]}