{"v":"5.5.8","fr":24,"ip":0,"op":28,"w":50,"h":50,"nm":"counter","ddd":0,"assets":[],"layers":[{"ddd":0,"ind":1,"ty":4,"nm":"Mask 5","td":1,"sr":1,"ks":{"o":{"a":0,"k":100,"ix":11},"r":{"a":0,"k":0,"ix":10},"p":{"a":0,"k":[24.951,25,0],"ix":2},"a":{"a":0,"k":[23.25,10.25,0],"ix":1},"s":{"a":0,"k":[100,100,100],"ix":6}},"ao":0,"shapes":[{"ty":"gr","it":[{"ind":0,"ty":"sh","ix":1,"ks":{"a":0,"k":{"i":[[0,0],[0,0],[0,0],[0,0]],"o":[[0,0],[0,0],[0,0],[0,0]],"v":[[23,10],[-23,10],[-23,-10],[23,-10]],"c":true},"ix":2},"nm":"Path 1","mn":"ADBE Vector Shape - Group","hd":false},{"ty":"fl","c":{"a":0,"k":[0,0,0,1],"ix":4},"o":{"a":0,"k":100,"ix":5},"r":1,"bm":0,"nm":"Fill 1","mn":"ADBE Vector Graphic - Fill","hd":false},{"ty":"tr","p":{"a":0,"k":[23.25,10.25],"ix":2},"a":{"a":0,"k":[0,0],"ix":1},"s":{"a":0,"k":[100,100],"ix":3},"r":{"a":0,"k":0,"ix":6},"o":{"a":0,"k":100,"ix":7},"sk":{"a":0,"k":0,"ix":4},"sa":{"a":0,"k":0,"ix":5},"nm":"Transform"}],"nm":"Group 1","np":2,"cix":2,"bm":0,"ix":1,"mn":"ADBE Vector Group","hd":false}],"ip":0,"op":28,"st":0,"bm":0},{"ddd":0,"ind":2,"ty":4,"nm":"First Section","tt":1,"sr":1,"ks":{"o":{"a":0,"k":100,"ix":11},"r":{"a":0,"k":0,"ix":10},"p":{"a":1,"k":[{"i":{"x":0.667,"y":1},"o":{"x":0.333,"y":0},"t":5,"s":[9.616,43,0],"to":[0,0.099,0],"ti":[0,-0.669,0]},{"i":{"x":0.667,"y":1},"o":{"x":0.333,"y":0},"t":6,"s":[9.616,43.5,0],"to":[0,0.742,0],"ti":[0,1.6,0]},{"i":{"x":0.667,"y":1},"o":{"x":0.333,"y":0},"t":7,"s":[9.616,44,0],"to":[0,-3.042,0],"ti":[0,3.227,0]},{"i":{"x":0.667,"y":1},"o":{"x":0.333,"y":0},"t":9,"s":[9.616,24.386,0],"to":[0,0,0],"ti":[0,-0.042,0]},{"i":{"x":0.833,"y":0.833},"o":{"x":0.333,"y":0.333},"t":11,"s":[9.616,24.636,0],"to":[0,0,0],"ti":[0,0,0]},{"i":{"x":0.667,"y":1},"o":{"x":0.333,"y":0},"t":17,"s":[9.616,24.636,0],"to":[0,-0.083,0],"ti":[0,0.167,0]},{"i":{"x":0.667,"y":1},"o":{"x":0.333,"y":0},"t":18,"s":[9.616,24.136,0],"to":[0,-0.167,0],"ti":[0,-3.332,0]},{"i":{"x":0.667,"y":1},"o":{"x":0.333,"y":0},"t":19,"s":[9.616,23.636,0],"to":[0,3.332,0],"ti":[0,-0.208,0]},{"i":{"x":0.667,"y":1},"o":{"x":0.333,"y":0},"t":22,"s":[9.616,44.125,0],"to":[0,0.099,0],"ti":[0,-0.208,0]},{"i":{"x":0.667,"y":1},"o":{"x":0.333,"y":0},"t":23,"s":[9.616,45.125,0],"to":[0,0.099,0],"ti":[0,0,0]},{"t":24,"s":[9.616,43,0]}],"ix":2},"a":{"a":0,"k":[0.935,3.359,0],"ix":1},"s":{"a":0,"k":[800,800,100],"ix":6}},"ao":0,"shapes":[{"ty":"gr","it":[{"ind":0,"ty":"sh","ix":1,"ks":{"a":0,"k":{"i":[[0,0.404],[0.197,0],[0,-0.4],[-0.198,0]],"o":[[0,-0.401],[-0.196,0],[0,0.403],[0.198,0]],"v":[[0.319,-0.003],[0,-0.611],[-0.319,-0.003],[0,0.613]],"c":true},"ix":2},"nm":"Path 1","mn":"ADBE Vector Shape - Group","hd":false},{"ind":1,"ty":"sh","ix":2,"ks":{"a":0,"k":{"i":[[0,0.573],[-0.425,0],[0,-0.572],[0.426,0]],"o":[[0,-0.571],[0.423,0],[0,0.57],[-0.427,0]],"v":[[-0.685,-0.003],[0,-0.906],[0.685,-0.003],[0,0.906]],"c":true},"ix":2},"nm":"Path 2","mn":"ADBE Vector Shape - Group","hd":false},{"ty":"mm","mm":1,"nm":"Merge Paths 1","mn":"ADBE Vector Filter - Merge","hd":false},{"ty":"fl","c":{"a":0,"k":[0,0,0,1],"ix":4},"o":{"a":0,"k":100,"ix":5},"r":1,"bm":0,"nm":"Fill 1","mn":"ADBE Vector Graphic - Fill","hd":false},{"ty":"tr","p":{"a":0,"k":[0.935,1.156],"ix":2},"a":{"a":0,"k":[0,0],"ix":1},"s":{"a":0,"k":[100,100],"ix":3},"r":{"a":0,"k":0,"ix":6},"o":{"a":0,"k":100,"ix":7},"sk":{"a":0,"k":0,"ix":4},"sa":{"a":0,"k":0,"ix":5},"nm":"Transform"}],"nm":"Group 1","np":4,"cix":2,"bm":0,"ix":1,"mn":"ADBE Vector Group","hd":false},{"ty":"gr","it":[{"ind":0,"ty":"sh","ix":1,"ks":{"a":0,"k":{"i":[[0,0],[0,0],[0,0],[0,0],[0,0],[0,0],[0,0],[0,0]],"o":[[0,0],[0,0],[0,0],[0,0],[0,0],[0,0],[0,0],[0,0]],"v":[[0.042,-0.51],[0.02,-0.51],[-0.402,-0.219],[-0.402,-0.555],[0.042,-0.863],[0.402,-0.863],[0.402,0.863],[0.042,0.863]],"c":true},"ix":2},"nm":"Path 1","mn":"ADBE Vector Shape - Group","hd":false},{"ty":"fl","c":{"a":0,"k":[0,0,0,1],"ix":4},"o":{"a":0,"k":100,"ix":5},"r":1,"bm":0,"nm":"Fill 1","mn":"ADBE Vector Graphic - Fill","hd":false},{"ty":"tr","p":{"a":0,"k":[0.857,3.393],"ix":2},"a":{"a":0,"k":[0,0],"ix":1},"s":{"a":0,"k":[100,100],"ix":3},"r":{"a":0,"k":0,"ix":6},"o":{"a":0,"k":100,"ix":7},"sk":{"a":0,"k":0,"ix":4},"sa":{"a":0,"k":0,"ix":5},"nm":"Transform"}],"nm":"Group 2","np":2,"cix":2,"bm":0,"ix":2,"mn":"ADBE Vector Group","hd":false},{"ty":"gr","it":[{"ind":0,"ty":"sh","ix":1,"ks":{"a":0,"k":{"i":[[-0.373,0],[0,-0.296],[0.299,-0.281],[0,0],[0,0],[0,0],[0,0],[0,0],[0,0],[0,0],[0,0.112],[0.158,0],[0,-0.159],[0,0],[0,0],[0,0]],"o":[[0.36,0],[0,0.188],[0,0],[0,0],[0,0],[0,0],[0,0],[0,0],[0,0],[0.242,-0.237],[0,-0.139],[-0.167,0],[0,0],[0,0],[0,0],[0,-0.334]],"v":[[-0.004,-0.885],[0.607,-0.382],[0.206,0.249],[-0.123,0.563],[-0.123,0.585],[0.632,0.585],[0.632,0.885],[-0.612,0.885],[-0.612,0.633],[-0.049,0.081],[0.254,-0.357],[-0.016,-0.594],[-0.298,-0.326],[-0.298,-0.318],[-0.632,-0.318],[-0.632,-0.324]],"c":true},"ix":2},"nm":"Path 1","mn":"ADBE Vector Shape - Group","hd":false},{"ty":"fl","c":{"a":0,"k":[0,0,0,1],"ix":4},"o":{"a":0,"k":100,"ix":5},"r":1,"bm":0,"nm":"Fill 1","mn":"ADBE Vector Graphic - Fill","hd":false},{"ty":"tr","p":{"a":0,"k":[0.934,5.584],"ix":2},"a":{"a":0,"k":[0,0],"ix":1},"s":{"a":0,"k":[100,100],"ix":3},"r":{"a":0,"k":0,"ix":6},"o":{"a":0,"k":100,"ix":7},"sk":{"a":0,"k":0,"ix":4},"sa":{"a":0,"k":0,"ix":5},"nm":"Transform"}],"nm":"Group 3","np":2,"cix":2,"bm":0,"ix":3,"mn":"ADBE Vector Group","hd":false}],"ip":0,"op":28,"st":0,"bm":0},{"ddd":0,"ind":3,"ty":4,"nm":"Mask 6","td":1,"sr":1,"ks":{"o":{"a":0,"k":100,"ix":11},"r":{"a":0,"k":0,"ix":10},"p":{"a":0,"k":[24.951,25,0],"ix":2},"a":{"a":0,"k":[23.25,10.25,0],"ix":1},"s":{"a":0,"k":[100,100,100],"ix":6}},"ao":0,"shapes":[{"ty":"gr","it":[{"ind":0,"ty":"sh","ix":1,"ks":{"a":0,"k":{"i":[[0,0],[0,0],[0,0],[0,0]],"o":[[0,0],[0,0],[0,0],[0,0]],"v":[[23,10],[-23,10],[-23,-10],[23,-10]],"c":true},"ix":2},"nm":"Path 1","mn":"ADBE Vector Shape - Group","hd":false},{"ty":"fl","c":{"a":0,"k":[0,0,0,1],"ix":4},"o":{"a":0,"k":100,"ix":5},"r":1,"bm":0,"nm":"Fill 1","mn":"ADBE Vector Graphic - Fill","hd":false},{"ty":"tr","p":{"a":0,"k":[23.25,10.25],"ix":2},"a":{"a":0,"k":[0,0],"ix":1},"s":{"a":0,"k":[100,100],"ix":3},"r":{"a":0,"k":0,"ix":6},"o":{"a":0,"k":100,"ix":7},"sk":{"a":0,"k":0,"ix":4},"sa":{"a":0,"k":0,"ix":5},"nm":"Transform"}],"nm":"Group 1","np":2,"cix":2,"bm":0,"ix":1,"mn":"ADBE Vector Group","hd":false}],"ip":0,"op":28,"st":0,"bm":0},{"ddd":0,"ind":4,"ty":4,"nm":"Second Section ","tt":1,"sr":1,"ks":{"o":{"a":0,"k":100,"ix":11},"r":{"a":0,"k":0,"ix":10},"p":{"a":1,"k":[{"i":{"x":0.667,"y":1},"o":{"x":0.333,"y":0},"t":4,"s":[25,87.031,0],"to":[0,0.104,0],"ti":[0,-0.26,0]},{"i":{"x":0.667,"y":1},"o":{"x":0.333,"y":0},"t":5,"s":[25,87.5,0],"to":[0,0.26,0],"ti":[0,-0.104,0]},{"i":{"x":0.667,"y":1},"o":{"x":0.333,"y":0},"t":6,"s":[25,88,0],"to":[0,0,0],"ti":[0,0,0]},{"i":{"x":0.667,"y":1},"o":{"x":0.333,"y":0},"t":9,"s":[25,-37.594,0],"to":[0,0,0],"ti":[0,0,0]},{"i":{"x":0.833,"y":0.833},"o":{"x":0.333,"y":0.333},"t":11,"s":[25,-36.844,0],"to":[0,0,0],"ti":[0,0,0]},{"i":{"x":0.667,"y":1},"o":{"x":0.333,"y":0},"t":16,"s":[25,-36.844,0],"to":[0,0,0],"ti":[0,0,0]},{"i":{"x":0.667,"y":1},"o":{"x":0.333,"y":0},"t":17,"s":[25,-37.344,0],"to":[0,0,0],"ti":[0,0,0]},{"i":{"x":0.667,"y":1},"o":{"x":0.333,"y":0},"t":18,"s":[25,-37.844,0],"to":[0,0,0],"ti":[0,-0.208,0]},{"i":{"x":0.667,"y":1},"o":{"x":0.333,"y":0},"t":22,"s":[25,88.156,0],"to":[0,0.104,0],"ti":[0,-0.208,0]},{"i":{"x":0.667,"y":1},"o":{"x":0.333,"y":0},"t":23,"s":[25,89.156,0],"to":[0,0.104,0],"ti":[0,0,0]},{"t":24,"s":[25,87.031,0]}],"ix":2},"a":{"a":0,"k":[0.957,8.878,0],"ix":1},"s":{"a":0,"k":[800,800,100],"ix":6}},"ao":0,"shapes":[{"ty":"gr","it":[{"ind":0,"ty":"sh","ix":1,"ks":{"a":0,"k":{"i":[[-0.373,0],[0,-0.296],[0.299,-0.281],[0,0],[0,0],[0,0],[0,0],[0,0],[0,0],[0,0],[0,0.113],[0.158,0],[0,-0.16],[0,0],[0,0],[0,0]],"o":[[0.36,0],[0,0.187],[0,0],[0,0],[0,0],[0,0],[0,0],[0,0],[0,0],[0.242,-0.237],[0,-0.138],[-0.167,0],[0,0],[0,0],[0,0],[0,-0.334]],"v":[[-0.004,-0.885],[0.607,-0.382],[0.206,0.249],[-0.123,0.563],[-0.123,0.585],[0.632,0.585],[0.632,0.885],[-0.612,0.885],[-0.612,0.633],[-0.049,0.081],[0.254,-0.357],[-0.016,-0.594],[-0.298,-0.325],[-0.298,-0.318],[-0.632,-0.318],[-0.632,-0.324]],"c":true},"ix":2},"nm":"Path 1","mn":"ADBE Vector Shape - Group","hd":false},{"ty":"fl","c":{"a":0,"k":[0,0,0,1],"ix":4},"o":{"a":0,"k":100,"ix":5},"r":1,"bm":0,"nm":"Fill 1","mn":"ADBE Vector Graphic - Fill","hd":false},{"ty":"tr","p":{"a":0,"k":[0.955,16.62],"ix":2},"a":{"a":0,"k":[0,0],"ix":1},"s":{"a":0,"k":[100,100],"ix":3},"r":{"a":0,"k":0,"ix":6},"o":{"a":0,"k":100,"ix":7},"sk":{"a":0,"k":0,"ix":4},"sa":{"a":0,"k":0,"ix":5},"nm":"Transform"}],"nm":"Group 1","np":2,"cix":2,"bm":0,"ix":1,"mn":"ADBE Vector Group","hd":false},{"ty":"gr","it":[{"ind":0,"ty":"sh","ix":1,"ks":{"a":0,"k":{"i":[[0,0.404],[0.197,0],[0,-0.4],[-0.198,0]],"o":[[0,-0.401],[-0.196,0],[0,0.403],[0.198,0]],"v":[[0.319,-0.003],[0,-0.611],[-0.319,-0.003],[0,0.613]],"c":true},"ix":2},"nm":"Path 1","mn":"ADBE Vector Shape - Group","hd":false},{"ind":1,"ty":"sh","ix":2,"ks":{"a":0,"k":{"i":[[0,0.573],[-0.425,0],[0,-0.572],[0.426,0]],"o":[[0,-0.571],[0.423,0],[0,0.57],[-0.427,0]],"v":[[-0.685,-0.003],[0,-0.906],[0.685,-0.003],[0,0.906]],"c":true},"ix":2},"nm":"Path 2","mn":"ADBE Vector Shape - Group","hd":false},{"ty":"mm","mm":1,"nm":"Merge Paths 1","mn":"ADBE Vector Filter - Merge","hd":false},{"ty":"fl","c":{"a":0,"k":[0,0,0,1],"ix":4},"o":{"a":0,"k":100,"ix":5},"r":1,"bm":0,"nm":"Fill 1","mn":"ADBE Vector Graphic - Fill","hd":false},{"ty":"tr","p":{"a":0,"k":[0.957,1.156],"ix":2},"a":{"a":0,"k":[0,0],"ix":1},"s":{"a":0,"k":[100,100],"ix":3},"r":{"a":0,"k":0,"ix":6},"o":{"a":0,"k":100,"ix":7},"sk":{"a":0,"k":0,"ix":4},"sa":{"a":0,"k":0,"ix":5},"nm":"Transform"}],"nm":"Group 2","np":4,"cix":2,"bm":0,"ix":2,"mn":"ADBE Vector Group","hd":false},{"ty":"gr","it":[{"ind":0,"ty":"sh","ix":1,"ks":{"a":0,"k":{"i":[[0,0],[0,0],[0,0],[0,0],[0,0],[0,0],[0,0],[0,0]],"o":[[0,0],[0,0],[0,0],[0,0],[0,0],[0,0],[0,0],[0,0]],"v":[[0.042,-0.51],[0.02,-0.51],[-0.402,-0.219],[-0.402,-0.555],[0.042,-0.863],[0.402,-0.863],[0.402,0.863],[0.042,0.863]],"c":true},"ix":2},"nm":"Path 1","mn":"ADBE Vector Shape - Group","hd":false},{"ty":"fl","c":{"a":0,"k":[0,0,0,1],"ix":4},"o":{"a":0,"k":100,"ix":5},"r":1,"bm":0,"nm":"Fill 1","mn":"ADBE Vector Graphic - Fill","hd":false},{"ty":"tr","p":{"a":0,"k":[0.878,3.393],"ix":2},"a":{"a":0,"k":[0,0],"ix":1},"s":{"a":0,"k":[100,100],"ix":3},"r":{"a":0,"k":0,"ix":6},"o":{"a":0,"k":100,"ix":7},"sk":{"a":0,"k":0,"ix":4},"sa":{"a":0,"k":0,"ix":5},"nm":"Transform"}],"nm":"Group 3","np":2,"cix":2,"bm":0,"ix":3,"mn":"ADBE Vector Group","hd":false},{"ty":"gr","it":[{"ind":0,"ty":"sh","ix":1,"ks":{"a":0,"k":{"i":[[-0.373,0],[0,-0.296],[0.299,-0.281],[0,0],[0,0],[0,0],[0,0],[0,0],[0,0],[0,0],[0,0.112],[0.158,0],[0,-0.159],[0,0],[0,0],[0,0]],"o":[[0.36,0],[0,0.188],[0,0],[0,0],[0,0],[0,0],[0,0],[0,0],[0,0],[0.242,-0.237],[0,-0.139],[-0.167,0],[0,0],[0,0],[0,0],[0,-0.334]],"v":[[-0.004,-0.885],[0.607,-0.382],[0.206,0.249],[-0.123,0.563],[-0.123,0.585],[0.632,0.585],[0.632,0.885],[-0.612,0.885],[-0.612,0.633],[-0.049,0.081],[0.254,-0.357],[-0.016,-0.594],[-0.298,-0.326],[-0.298,-0.318],[-0.632,-0.318],[-0.632,-0.324]],"c":true},"ix":2},"nm":"Path 1","mn":"ADBE Vector Shape - Group","hd":false},{"ty":"fl","c":{"a":0,"k":[0,0,0,1],"ix":4},"o":{"a":0,"k":100,"ix":5},"r":1,"bm":0,"nm":"Fill 1","mn":"ADBE Vector Graphic - Fill","hd":false},{"ty":"tr","p":{"a":0,"k":[0.955,5.584],"ix":2},"a":{"a":0,"k":[0,0],"ix":1},"s":{"a":0,"k":[100,100],"ix":3},"r":{"a":0,"k":0,"ix":6},"o":{"a":0,"k":100,"ix":7},"sk":{"a":0,"k":0,"ix":4},"sa":{"a":0,"k":0,"ix":5},"nm":"Transform"}],"nm":"Group 4","np":2,"cix":2,"bm":0,"ix":4,"mn":"ADBE Vector Group","hd":false},{"ty":"gr","it":[{"ind":0,"ty":"sh","ix":1,"ks":{"a":0,"k":{"i":[[0,0],[0,0],[0,0.141],[0.169,0],[0.01,-0.149],[0,0],[-0.377,0],[0,-0.271],[0.193,-0.04],[0,0],[0,-0.228],[0.394,0],[0.015,0.325],[0,0],[-0.185,0],[0,0.147],[0.194,0],[0,0]],"o":[[0,0],[0.165,0],[0,-0.139],[-0.167,0],[0,0],[0.012,-0.326],[0.354,0],[0,0.2],[0,0],[0.237,0.026],[0,0.301],[-0.384,0],[0,0],[0.011,0.145],[0.18,0],[0,-0.151],[0,0],[0,0]],"v":[[-0.225,-0.155],[-0.015,-0.155],[0.26,-0.391],[-0.016,-0.618],[-0.304,-0.375],[-0.637,-0.375],[-0.006,-0.906],[0.602,-0.442],[0.284,-0.047],[0.284,-0.026],[0.669,0.386],[-0.009,0.906],[-0.669,0.369],[-0.324,0.369],[-0.005,0.606],[0.301,0.358],[-0.011,0.114],[-0.225,0.114]],"c":true},"ix":2},"nm":"Path 1","mn":"ADBE Vector Shape - Group","hd":false},{"ty":"fl","c":{"a":0,"k":[0,0,0,1],"ix":4},"o":{"a":0,"k":100,"ix":5},"r":1,"bm":0,"nm":"Fill 1","mn":"ADBE Vector Graphic - Fill","hd":false},{"ty":"tr","p":{"a":0,"k":[0.958,7.767],"ix":2},"a":{"a":0,"k":[0,0],"ix":1},"s":{"a":0,"k":[100,100],"ix":3},"r":{"a":0,"k":0,"ix":6},"o":{"a":0,"k":100,"ix":7},"sk":{"a":0,"k":0,"ix":4},"sa":{"a":0,"k":0,"ix":5},"nm":"Transform"}],"nm":"Group 5","np":2,"cix":2,"bm":0,"ix":5,"mn":"ADBE Vector Group","hd":false},{"ty":"gr","it":[{"ind":0,"ty":"sh","ix":1,"ks":{"a":0,"k":{"i":[[0,0],[0,0],[0,0],[0,0],[0.197,-0.357]],"o":[[0,0],[0,0],[0,0],[-0.157,0.236],[0,0]],"v":[[-0.383,0.271],[0.145,0.271],[0.145,-0.583],[0.126,-0.583],[-0.383,0.253]],"c":true},"ix":2},"nm":"Path 1","mn":"ADBE Vector Shape - Group","hd":false},{"ind":1,"ty":"sh","ix":2,"ks":{"a":0,"k":{"i":[[0,0],[0,0],[0,0],[-0.302,0.455],[0,0],[0,0],[0,0],[0,0],[0,0],[0,0],[0,0]],"o":[[0,0],[0,0],[0.156,-0.293],[0,0],[0,0],[0,0],[0,0],[0,0],[0,0],[0,0],[0,0]],"v":[[0.137,0.561],[-0.707,0.561],[-0.707,0.242],[-0.025,-0.863],[0.481,-0.863],[0.481,0.26],[0.707,0.26],[0.707,0.561],[0.481,0.561],[0.481,0.863],[0.137,0.863]],"c":true},"ix":2},"nm":"Path 2","mn":"ADBE Vector Shape - Group","hd":false},{"ty":"mm","mm":1,"nm":"Merge Paths 1","mn":"ADBE Vector Filter - Merge","hd":false},{"ty":"fl","c":{"a":0,"k":[0,0,0,1],"ix":4},"o":{"a":0,"k":100,"ix":5},"r":1,"bm":0,"nm":"Fill 1","mn":"ADBE Vector Graphic - Fill","hd":false},{"ty":"tr","p":{"a":0,"k":[0.957,10.033],"ix":2},"a":{"a":0,"k":[0,0],"ix":1},"s":{"a":0,"k":[100,100],"ix":3},"r":{"a":0,"k":0,"ix":6},"o":{"a":0,"k":100,"ix":7},"sk":{"a":0,"k":0,"ix":4},"sa":{"a":0,"k":0,"ix":5},"nm":"Transform"}],"nm":"Group 6","np":4,"cix":2,"bm":0,"ix":6,"mn":"ADBE Vector Group","hd":false},{"ty":"gr","it":[{"ind":0,"ty":"sh","ix":1,"ks":{"a":0,"k":{"i":[[0.011,0.309],[0,0],[-0.164,0],[0,0.187],[0.182,0],[0.06,-0.097],[0,0],[0,0],[0,0],[0,0],[0,0],[0,0],[0,0],[-0.171,0],[0,-0.339],[0.395,0]],"o":[[0,0],[0.021,0.144],[0.185,0],[0,-0.19],[-0.135,0],[0,0],[0,0],[0,0],[0,0],[0,0],[0,0],[0,0],[0.073,-0.106],[0.327,0],[0,0.365],[-0.375,0]],"v":[[-0.65,0.35],[-0.318,0.35],[-0.007,0.589],[0.307,0.277],[-0.005,-0.04],[-0.301,0.116],[-0.624,0.116],[-0.538,-0.884],[0.546,-0.884],[0.546,-0.585],[-0.258,-0.585],[-0.296,-0.141],[-0.275,-0.141],[0.092,-0.31],[0.65,0.269],[-0.008,0.884]],"c":true},"ix":2},"nm":"Path 1","mn":"ADBE Vector Shape - Group","hd":false},{"ty":"fl","c":{"a":0,"k":[0,0,0,1],"ix":4},"o":{"a":0,"k":100,"ix":5},"r":1,"bm":0,"nm":"Fill 1","mn":"ADBE Vector Graphic - Fill","hd":false},{"ty":"tr","p":{"a":0,"k":[0.979,12.222],"ix":2},"a":{"a":0,"k":[0,0],"ix":1},"s":{"a":0,"k":[100,100],"ix":3},"r":{"a":0,"k":0,"ix":6},"o":{"a":0,"k":100,"ix":7},"sk":{"a":0,"k":0,"ix":4},"sa":{"a":0,"k":0,"ix":5},"nm":"Transform"}],"nm":"Group 7","np":2,"cix":2,"bm":0,"ix":7,"mn":"ADBE Vector Group","hd":false},{"ty":"gr","it":[{"ind":0,"ty":"sh","ix":1,"ks":{"a":0,"k":{"i":[[0,0.174],[0.18,0],[0,-0.172],[-0.177,0]],"o":[[0,-0.176],[-0.181,0],[0,0.176],[0.177,0]],"v":[[0.337,0.304],[0.025,-0.001],[-0.288,0.3],[0.023,0.61]],"c":true},"ix":2},"nm":"Path 1","mn":"ADBE Vector Shape - Group","hd":false},{"ind":1,"ty":"sh","ix":2,"ks":{"a":0,"k":{"i":[[0.118,0.202],[0,0.236],[-0.449,0],[-0.049,-0.288],[0,0],[0.135,0],[-0.007,-0.358],[0,0],[-0.2,0],[0,-0.33],[0.386,0]],"o":[[-0.096,-0.146],[0,-0.573],[0.327,0],[0,0],[-0.033,-0.114],[-0.237,0],[0,0],[0.079,-0.163],[0.328,0],[0,0.359],[-0.25,0]],"v":[[-0.542,0.594],[-0.686,0.013],[0.033,-0.907],[0.663,-0.425],[0.307,-0.425],[0.031,-0.61],[-0.342,-0.024],[-0.322,-0.024],[0.118,-0.279],[0.686,0.293],[0.027,0.907]],"c":true},"ix":2},"nm":"Path 2","mn":"ADBE Vector Shape - Group","hd":false},{"ty":"mm","mm":1,"nm":"Merge Paths 1","mn":"ADBE Vector Filter - Merge","hd":false},{"ty":"fl","c":{"a":0,"k":[0,0,0,1],"ix":4},"o":{"a":0,"k":100,"ix":5},"r":1,"bm":0,"nm":"Fill 1","mn":"ADBE Vector Graphic - Fill","hd":false},{"ty":"tr","p":{"a":0,"k":[0.955,14.43],"ix":2},"a":{"a":0,"k":[0,0],"ix":1},"s":{"a":0,"k":[100,100],"ix":3},"r":{"a":0,"k":0,"ix":6},"o":{"a":0,"k":100,"ix":7},"sk":{"a":0,"k":0,"ix":4},"sa":{"a":0,"k":0,"ix":5},"nm":"Transform"}],"nm":"Group 8","np":4,"cix":2,"bm":0,"ix":8,"mn":"ADBE Vector Group","hd":false}],"ip":0,"op":28,"st":0,"bm":0},{"ddd":0,"ind":5,"ty":4,"nm":"Mask 4","td":1,"sr":1,"ks":{"o":{"a":0,"k":100,"ix":11},"r":{"a":0,"k":0,"ix":10},"p":{"a":0,"k":[24.951,25,0],"ix":2},"a":{"a":0,"k":[23.25,10.25,0],"ix":1},"s":{"a":0,"k":[100,100,100],"ix":6}},"ao":0,"shapes":[{"ty":"gr","it":[{"ind":0,"ty":"sh","ix":1,"ks":{"a":0,"k":{"i":[[0,0],[0,0],[0,0],[0,0]],"o":[[0,0],[0,0],[0,0],[0,0]],"v":[[23,10],[-23,10],[-23,-10],[23,-10]],"c":true},"ix":2},"nm":"Path 1","mn":"ADBE Vector Shape - Group","hd":false},{"ty":"fl","c":{"a":0,"k":[0,0,0,1],"ix":4},"o":{"a":0,"k":100,"ix":5},"r":1,"bm":0,"nm":"Fill 1","mn":"ADBE Vector Graphic - Fill","hd":false},{"ty":"tr","p":{"a":0,"k":[23.25,10.25],"ix":2},"a":{"a":0,"k":[0,0],"ix":1},"s":{"a":0,"k":[100,100],"ix":3},"r":{"a":0,"k":0,"ix":6},"o":{"a":0,"k":100,"ix":7},"sk":{"a":0,"k":0,"ix":4},"sa":{"a":0,"k":0,"ix":5},"nm":"Transform"}],"nm":"Group 1","np":2,"cix":2,"bm":0,"ix":1,"mn":"ADBE Vector Group","hd":false}],"ip":0,"op":28,"st":0,"bm":0},{"ddd":0,"ind":6,"ty":4,"nm":"Third Section","tt":1,"sr":1,"ks":{"o":{"a":0,"k":100,"ix":11},"r":{"a":0,"k":0,"ix":10},"p":{"a":1,"k":[{"i":{"x":0.667,"y":1},"o":{"x":0.333,"y":0},"t":3,"s":[40.467,141,0],"to":[0,0.124,0],"ti":[0,-0.208,0]},{"i":{"x":0.667,"y":1},"o":{"x":0.333,"y":0},"t":4,"s":[40.467,141.5,0],"to":[0,0.124,0],"ti":[0,-0.208,0]},{"i":{"x":0.667,"y":1},"o":{"x":0.333,"y":0},"t":5,"s":[40.467,142,0],"to":[0,0.124,0],"ti":[0,38.724,0]},{"i":{"x":0.667,"y":1},"o":{"x":0.333,"y":0},"t":9,"s":[40.467,-91.594,0],"to":[0,0,0],"ti":[0,-0.208,0]},{"i":{"x":0.833,"y":0.833},"o":{"x":0.333,"y":0.333},"t":11,"s":[40.467,-90.344,0],"to":[0,0,0],"ti":[0,0,0]},{"i":{"x":0.667,"y":1},"o":{"x":0.333,"y":0},"t":16,"s":[40.467,-90.344,0],"to":[0,-0.083,0],"ti":[0,0,0]},{"i":{"x":0.667,"y":1},"o":{"x":0.333,"y":0},"t":17,"s":[40.467,-90.844,0],"to":[0,-0.083,0],"ti":[0,0,0]},{"i":{"x":0.667,"y":1},"o":{"x":0.333,"y":0},"t":18,"s":[40.467,-91.844,0],"to":[0,-0.083,0],"ti":[0,-0.208,0]},{"i":{"x":0.667,"y":1},"o":{"x":0.333,"y":0},"t":22,"s":[40.467,142.125,0],"to":[0,0.124,0],"ti":[0,-0.208,0]},{"i":{"x":0.667,"y":1},"o":{"x":0.333,"y":0},"t":23,"s":[40.467,143.125,0],"to":[0,0.124,0],"ti":[0,0,0]},{"t":24,"s":[40.467,141,0]}],"ix":2},"a":{"a":0,"k":[0.957,15.612,0],"ix":1},"s":{"a":0,"k":[800,800,100],"ix":6}},"ao":0,"shapes":[{"ty":"gr","it":[{"ind":0,"ty":"sh","ix":1,"ks":{"a":0,"k":{"i":[[0,0.403],[0.197,0],[0,-0.4],[-0.198,0]],"o":[[0,-0.402],[-0.197,0],[0,0.402],[0.198,0]],"v":[[0.32,-0.003],[0.001,-0.611],[-0.32,-0.003],[0.001,0.613]],"c":true},"ix":2},"nm":"Path 1","mn":"ADBE Vector Shape - Group","hd":false},{"ind":1,"ty":"sh","ix":2,"ks":{"a":0,"k":{"i":[[0,0.572],[-0.425,0],[0,-0.572],[0.426,0]],"o":[[0,-0.571],[0.423,0],[0,0.57],[-0.427,0]],"v":[[-0.684,-0.003],[0.001,-0.906],[0.684,-0.001],[0.001,0.906]],"c":true},"ix":2},"nm":"Path 2","mn":"ADBE Vector Shape - Group","hd":false},{"ty":"mm","mm":1,"nm":"Merge Paths 1","mn":"ADBE Vector Filter - Merge","hd":false},{"ty":"fl","c":{"a":0,"k":[0,0,0,1],"ix":4},"o":{"a":0,"k":100,"ix":5},"r":1,"bm":0,"nm":"Fill 1","mn":"ADBE Vector Graphic - Fill","hd":false},{"ty":"tr","p":{"a":0,"k":[0.956,23.455],"ix":2},"a":{"a":0,"k":[0,0],"ix":1},"s":{"a":0,"k":[100,100],"ix":3},"r":{"a":0,"k":0,"ix":6},"o":{"a":0,"k":100,"ix":7},"sk":{"a":0,"k":0,"ix":4},"sa":{"a":0,"k":0,"ix":5},"nm":"Transform"}],"nm":"Group 1","np":4,"cix":2,"bm":0,"ix":1,"mn":"ADBE Vector Group","hd":false},{"ty":"gr","it":[{"ind":0,"ty":"sh","ix":1,"ks":{"a":0,"k":{"i":[[0,0],[0,0],[0,0],[0,0],[0,0],[0,0],[0,0],[0,0]],"o":[[0,0],[0,0],[0,0],[0,0],[0,0],[0,0],[0,0],[0,0]],"v":[[0.042,-0.51],[0.02,-0.51],[-0.402,-0.219],[-0.402,-0.555],[0.044,-0.863],[0.402,-0.863],[0.402,0.863],[0.042,0.863]],"c":true},"ix":2},"nm":"Path 1","mn":"ADBE Vector Shape - Group","hd":false},{"ty":"fl","c":{"a":0,"k":[0,0,0,1],"ix":4},"o":{"a":0,"k":100,"ix":5},"r":1,"bm":0,"nm":"Fill 1","mn":"ADBE Vector Graphic - Fill","hd":false},{"ty":"tr","p":{"a":0,"k":[0.877,25.692],"ix":2},"a":{"a":0,"k":[0,0],"ix":1},"s":{"a":0,"k":[100,100],"ix":3},"r":{"a":0,"k":0,"ix":6},"o":{"a":0,"k":100,"ix":7},"sk":{"a":0,"k":0,"ix":4},"sa":{"a":0,"k":0,"ix":5},"nm":"Transform"}],"nm":"Group 2","np":2,"cix":2,"bm":0,"ix":2,"mn":"ADBE Vector Group","hd":false},{"ty":"gr","it":[{"ind":0,"ty":"sh","ix":1,"ks":{"a":0,"k":{"i":[[-0.373,0],[0,-0.297],[0.299,-0.281],[0,0],[0,0],[0,0],[0,0],[0,0],[0,0],[0,0],[0,0.113],[0.158,0],[0,-0.16],[0,0],[0,0],[0,0]],"o":[[0.359,0],[0,0.187],[0,0],[0,0],[0,0],[0,0],[0,0],[0,0],[0,0],[0.243,-0.237],[0,-0.138],[-0.168,0],[0,0],[0,0],[0,0],[0,-0.333]],"v":[[-0.003,-0.885],[0.607,-0.381],[0.206,0.249],[-0.122,0.562],[-0.122,0.584],[0.633,0.584],[0.633,0.885],[-0.611,0.885],[-0.611,0.632],[-0.049,0.081],[0.255,-0.358],[-0.016,-0.594],[-0.298,-0.325],[-0.298,-0.319],[-0.633,-0.319],[-0.633,-0.324]],"c":true},"ix":2},"nm":"Path 1","mn":"ADBE Vector Shape - Group","hd":false},{"ty":"fl","c":{"a":0,"k":[0,0,0,1],"ix":4},"o":{"a":0,"k":100,"ix":5},"r":1,"bm":0,"nm":"Fill 1","mn":"ADBE Vector Graphic - Fill","hd":false},{"ty":"tr","p":{"a":0,"k":[0.954,27.884],"ix":2},"a":{"a":0,"k":[0,0],"ix":1},"s":{"a":0,"k":[100,100],"ix":3},"r":{"a":0,"k":0,"ix":6},"o":{"a":0,"k":100,"ix":7},"sk":{"a":0,"k":0,"ix":4},"sa":{"a":0,"k":0,"ix":5},"nm":"Transform"}],"nm":"Group 3","np":2,"cix":2,"bm":0,"ix":3,"mn":"ADBE Vector Group","hd":false},{"ty":"gr","it":[{"ind":0,"ty":"sh","ix":1,"ks":{"a":0,"k":{"i":[[0,0],[0,0],[0,0.14],[0.169,0],[0.01,-0.149],[0,0],[-0.377,0],[0,-0.271],[0.192,-0.039],[0,0],[0,-0.227],[0.393,0],[0.015,0.326],[0,0],[-0.186,0],[0,0.147],[0.193,0],[0,0]],"o":[[0,0],[0.164,0],[0,-0.139],[-0.167,0],[0,0],[0.012,-0.326],[0.353,0],[0,0.2],[0,0],[0.237,0.026],[0,0.303],[-0.385,0],[0,0],[0.011,0.146],[0.18,0],[0,-0.151],[0,0],[0,0]],"v":[[-0.225,-0.155],[-0.015,-0.155],[0.26,-0.391],[-0.016,-0.619],[-0.304,-0.375],[-0.637,-0.375],[-0.006,-0.907],[0.602,-0.442],[0.284,-0.048],[0.284,-0.026],[0.669,0.385],[-0.009,0.907],[-0.669,0.368],[-0.325,0.368],[-0.005,0.607],[0.3,0.358],[-0.011,0.114],[-0.225,0.114]],"c":true},"ix":2},"nm":"Path 1","mn":"ADBE Vector Shape - Group","hd":false},{"ty":"fl","c":{"a":0,"k":[0,0,0,1],"ix":4},"o":{"a":0,"k":100,"ix":5},"r":1,"bm":0,"nm":"Fill 1","mn":"ADBE Vector Graphic - Fill","hd":false},{"ty":"tr","p":{"a":0,"k":[0.957,30.067],"ix":2},"a":{"a":0,"k":[0,0],"ix":1},"s":{"a":0,"k":[100,100],"ix":3},"r":{"a":0,"k":0,"ix":6},"o":{"a":0,"k":100,"ix":7},"sk":{"a":0,"k":0,"ix":4},"sa":{"a":0,"k":0,"ix":5},"nm":"Transform"}],"nm":"Group 4","np":2,"cix":2,"bm":0,"ix":4,"mn":"ADBE Vector Group","hd":false},{"ty":"gr","it":[{"ind":0,"ty":"sh","ix":1,"ks":{"a":0,"k":{"i":[[0,0.404],[0.197,0],[0,-0.4],[-0.198,0]],"o":[[0,-0.401],[-0.197,0],[0,0.403],[0.198,0]],"v":[[0.32,-0.003],[0.001,-0.611],[-0.32,-0.003],[0.001,0.613]],"c":true},"ix":2},"nm":"Path 1","mn":"ADBE Vector Shape - Group","hd":false},{"ind":1,"ty":"sh","ix":2,"ks":{"a":0,"k":{"i":[[0,0.573],[-0.425,0],[0,-0.572],[0.426,0]],"o":[[0,-0.571],[0.423,0],[0,0.57],[-0.427,0]],"v":[[-0.684,-0.003],[0.001,-0.906],[0.684,-0.003],[0.001,0.906]],"c":true},"ix":2},"nm":"Path 2","mn":"ADBE Vector Shape - Group","hd":false},{"ty":"mm","mm":1,"nm":"Merge Paths 1","mn":"ADBE Vector Filter - Merge","hd":false},{"ty":"fl","c":{"a":0,"k":[0,0,0,1],"ix":4},"o":{"a":0,"k":100,"ix":5},"r":1,"bm":0,"nm":"Fill 1","mn":"ADBE Vector Graphic - Fill","hd":false},{"ty":"tr","p":{"a":0,"k":[0.956,1.156],"ix":2},"a":{"a":0,"k":[0,0],"ix":1},"s":{"a":0,"k":[100,100],"ix":3},"r":{"a":0,"k":0,"ix":6},"o":{"a":0,"k":100,"ix":7},"sk":{"a":0,"k":0,"ix":4},"sa":{"a":0,"k":0,"ix":5},"nm":"Transform"}],"nm":"Group 5","np":4,"cix":2,"bm":0,"ix":5,"mn":"ADBE Vector Group","hd":false},{"ty":"gr","it":[{"ind":0,"ty":"sh","ix":1,"ks":{"a":0,"k":{"i":[[0,0],[0,0],[0,0],[0,0],[0,0],[0,0],[0,0],[0,0]],"o":[[0,0],[0,0],[0,0],[0,0],[0,0],[0,0],[0,0],[0,0]],"v":[[0.042,-0.51],[0.02,-0.51],[-0.402,-0.219],[-0.402,-0.555],[0.044,-0.863],[0.402,-0.863],[0.402,0.863],[0.042,0.863]],"c":true},"ix":2},"nm":"Path 1","mn":"ADBE Vector Shape - Group","hd":false},{"ty":"fl","c":{"a":0,"k":[0,0,0,1],"ix":4},"o":{"a":0,"k":100,"ix":5},"r":1,"bm":0,"nm":"Fill 1","mn":"ADBE Vector Graphic - Fill","hd":false},{"ty":"tr","p":{"a":0,"k":[0.877,3.393],"ix":2},"a":{"a":0,"k":[0,0],"ix":1},"s":{"a":0,"k":[100,100],"ix":3},"r":{"a":0,"k":0,"ix":6},"o":{"a":0,"k":100,"ix":7},"sk":{"a":0,"k":0,"ix":4},"sa":{"a":0,"k":0,"ix":5},"nm":"Transform"}],"nm":"Group 6","np":2,"cix":2,"bm":0,"ix":6,"mn":"ADBE Vector Group","hd":false},{"ty":"gr","it":[{"ind":0,"ty":"sh","ix":1,"ks":{"a":0,"k":{"i":[[-0.373,0],[0,-0.296],[0.299,-0.281],[0,0],[0,0],[0,0],[0,0],[0,0],[0,0],[0,0],[0,0.112],[0.158,0],[0,-0.159],[0,0],[0,0],[0,0]],"o":[[0.359,0],[0,0.188],[0,0],[0,0],[0,0],[0,0],[0,0],[0,0],[0,0],[0.243,-0.237],[0,-0.139],[-0.168,0],[0,0],[0,0],[0,0],[0,-0.334]],"v":[[-0.003,-0.885],[0.607,-0.382],[0.206,0.249],[-0.122,0.563],[-0.122,0.585],[0.633,0.585],[0.633,0.885],[-0.611,0.885],[-0.611,0.633],[-0.049,0.081],[0.255,-0.357],[-0.016,-0.594],[-0.298,-0.326],[-0.298,-0.318],[-0.633,-0.318],[-0.633,-0.324]],"c":true},"ix":2},"nm":"Path 1","mn":"ADBE Vector Shape - Group","hd":false},{"ty":"fl","c":{"a":0,"k":[0,0,0,1],"ix":4},"o":{"a":0,"k":100,"ix":5},"r":1,"bm":0,"nm":"Fill 1","mn":"ADBE Vector Graphic - Fill","hd":false},{"ty":"tr","p":{"a":0,"k":[0.954,5.584],"ix":2},"a":{"a":0,"k":[0,0],"ix":1},"s":{"a":0,"k":[100,100],"ix":3},"r":{"a":0,"k":0,"ix":6},"o":{"a":0,"k":100,"ix":7},"sk":{"a":0,"k":0,"ix":4},"sa":{"a":0,"k":0,"ix":5},"nm":"Transform"}],"nm":"Group 7","np":2,"cix":2,"bm":0,"ix":7,"mn":"ADBE Vector Group","hd":false},{"ty":"gr","it":[{"ind":0,"ty":"sh","ix":1,"ks":{"a":0,"k":{"i":[[0,0],[0,0],[0,0.141],[0.169,0],[0.01,-0.149],[0,0],[-0.377,0],[0,-0.271],[0.192,-0.04],[0,0],[0,-0.228],[0.393,0],[0.015,0.325],[0,0],[-0.186,0],[0,0.147],[0.193,0],[0,0]],"o":[[0,0],[0.164,0],[0,-0.139],[-0.167,0],[0,0],[0.012,-0.326],[0.353,0],[0,0.2],[0,0],[0.237,0.026],[0,0.301],[-0.385,0],[0,0],[0.011,0.145],[0.18,0],[0,-0.151],[0,0],[0,0]],"v":[[-0.225,-0.155],[-0.015,-0.155],[0.26,-0.391],[-0.016,-0.618],[-0.304,-0.375],[-0.637,-0.375],[-0.006,-0.906],[0.602,-0.442],[0.284,-0.047],[0.284,-0.026],[0.669,0.386],[-0.009,0.906],[-0.669,0.369],[-0.325,0.369],[-0.005,0.606],[0.3,0.358],[-0.011,0.114],[-0.225,0.114]],"c":true},"ix":2},"nm":"Path 1","mn":"ADBE Vector Shape - Group","hd":false},{"ty":"fl","c":{"a":0,"k":[0,0,0,1],"ix":4},"o":{"a":0,"k":100,"ix":5},"r":1,"bm":0,"nm":"Fill 1","mn":"ADBE Vector Graphic - Fill","hd":false},{"ty":"tr","p":{"a":0,"k":[0.957,7.767],"ix":2},"a":{"a":0,"k":[0,0],"ix":1},"s":{"a":0,"k":[100,100],"ix":3},"r":{"a":0,"k":0,"ix":6},"o":{"a":0,"k":100,"ix":7},"sk":{"a":0,"k":0,"ix":4},"sa":{"a":0,"k":0,"ix":5},"nm":"Transform"}],"nm":"Group 8","np":2,"cix":2,"bm":0,"ix":8,"mn":"ADBE Vector Group","hd":false},{"ty":"gr","it":[{"ind":0,"ty":"sh","ix":1,"ks":{"a":0,"k":{"i":[[0,0],[0,0],[0,0],[0,0],[0.197,-0.357]],"o":[[0,0],[0,0],[0,0],[-0.158,0.236],[0,0]],"v":[[-0.383,0.271],[0.145,0.271],[0.145,-0.583],[0.126,-0.583],[-0.383,0.253]],"c":true},"ix":2},"nm":"Path 1","mn":"ADBE Vector Shape - Group","hd":false},{"ind":1,"ty":"sh","ix":2,"ks":{"a":0,"k":{"i":[[0,0],[0,0],[0,0],[-0.301,0.455],[0,0],[0,0],[0,0],[0,0],[0,0],[0,0],[0,0]],"o":[[0,0],[0,0],[0.155,-0.293],[0,0],[0,0],[0,0],[0,0],[0,0],[0,0],[0,0],[0,0]],"v":[[0.137,0.561],[-0.706,0.561],[-0.706,0.242],[-0.025,-0.863],[0.48,-0.863],[0.48,0.26],[0.706,0.26],[0.706,0.561],[0.48,0.561],[0.48,0.863],[0.137,0.863]],"c":true},"ix":2},"nm":"Path 2","mn":"ADBE Vector Shape - Group","hd":false},{"ty":"mm","mm":1,"nm":"Merge Paths 1","mn":"ADBE Vector Filter - Merge","hd":false},{"ty":"fl","c":{"a":0,"k":[0,0,0,1],"ix":4},"o":{"a":0,"k":100,"ix":5},"r":1,"bm":0,"nm":"Fill 1","mn":"ADBE Vector Graphic - Fill","hd":false},{"ty":"tr","p":{"a":0,"k":[0.957,10.033],"ix":2},"a":{"a":0,"k":[0,0],"ix":1},"s":{"a":0,"k":[100,100],"ix":3},"r":{"a":0,"k":0,"ix":6},"o":{"a":0,"k":100,"ix":7},"sk":{"a":0,"k":0,"ix":4},"sa":{"a":0,"k":0,"ix":5},"nm":"Transform"}],"nm":"Group 9","np":4,"cix":2,"bm":0,"ix":9,"mn":"ADBE Vector Group","hd":false},{"ty":"gr","it":[{"ind":0,"ty":"sh","ix":1,"ks":{"a":0,"k":{"i":[[0.011,0.309],[0,0],[-0.164,0],[0,0.187],[0.182,0],[0.059,-0.097],[0,0],[0,0],[0,0],[0,0],[0,0],[0,0],[0,0],[-0.171,0],[0,-0.339],[0.395,0]],"o":[[0,0],[0.021,0.144],[0.185,0],[0,-0.19],[-0.135,0],[0,0],[0,0],[0,0],[0,0],[0,0],[0,0],[0,0],[0.073,-0.106],[0.327,0],[0,0.365],[-0.375,0]],"v":[[-0.65,0.35],[-0.318,0.35],[-0.007,0.589],[0.307,0.277],[-0.005,-0.04],[-0.301,0.116],[-0.624,0.116],[-0.538,-0.884],[0.546,-0.884],[0.546,-0.585],[-0.258,-0.585],[-0.297,-0.141],[-0.275,-0.141],[0.092,-0.31],[0.65,0.269],[-0.008,0.884]],"c":true},"ix":2},"nm":"Path 1","mn":"ADBE Vector Shape - Group","hd":false},{"ty":"fl","c":{"a":0,"k":[0,0,0,1],"ix":4},"o":{"a":0,"k":100,"ix":5},"r":1,"bm":0,"nm":"Fill 1","mn":"ADBE Vector Graphic - Fill","hd":false},{"ty":"tr","p":{"a":0,"k":[0.978,12.222],"ix":2},"a":{"a":0,"k":[0,0],"ix":1},"s":{"a":0,"k":[100,100],"ix":3},"r":{"a":0,"k":0,"ix":6},"o":{"a":0,"k":100,"ix":7},"sk":{"a":0,"k":0,"ix":4},"sa":{"a":0,"k":0,"ix":5},"nm":"Transform"}],"nm":"Group 10","np":2,"cix":2,"bm":0,"ix":10,"mn":"ADBE Vector Group","hd":false},{"ty":"gr","it":[{"ind":0,"ty":"sh","ix":1,"ks":{"a":0,"k":{"i":[[0,0.174],[0.18,0],[0,-0.172],[-0.177,0]],"o":[[0,-0.176],[-0.18,0],[0,0.176],[0.177,0]],"v":[[0.336,0.304],[0.024,-0.001],[-0.289,0.3],[0.023,0.61]],"c":true},"ix":2},"nm":"Path 1","mn":"ADBE Vector Shape - Group","hd":false},{"ind":1,"ty":"sh","ix":2,"ks":{"a":0,"k":{"i":[[0.118,0.202],[0,0.236],[-0.449,0],[-0.049,-0.288],[0,0],[0.135,0],[-0.007,-0.358],[0,0],[-0.2,0],[0,-0.33],[0.386,0]],"o":[[-0.096,-0.146],[0,-0.573],[0.327,0],[0,0],[-0.033,-0.114],[-0.237,0],[0,0],[0.079,-0.163],[0.328,0],[0,0.359],[-0.25,0]],"v":[[-0.542,0.594],[-0.687,0.013],[0.032,-0.907],[0.663,-0.425],[0.306,-0.425],[0.03,-0.61],[-0.343,-0.024],[-0.321,-0.024],[0.118,-0.279],[0.687,0.293],[0.026,0.907]],"c":true},"ix":2},"nm":"Path 2","mn":"ADBE Vector Shape - Group","hd":false},{"ty":"mm","mm":1,"nm":"Merge Paths 1","mn":"ADBE Vector Filter - Merge","hd":false},{"ty":"fl","c":{"a":0,"k":[0,0,0,1],"ix":4},"o":{"a":0,"k":100,"ix":5},"r":1,"bm":0,"nm":"Fill 1","mn":"ADBE Vector Graphic - Fill","hd":false},{"ty":"tr","p":{"a":0,"k":[0.955,14.43],"ix":2},"a":{"a":0,"k":[0,0],"ix":1},"s":{"a":0,"k":[100,100],"ix":3},"r":{"a":0,"k":0,"ix":6},"o":{"a":0,"k":100,"ix":7},"sk":{"a":0,"k":0,"ix":4},"sa":{"a":0,"k":0,"ix":5},"nm":"Transform"}],"nm":"Group 11","np":4,"cix":2,"bm":0,"ix":11,"mn":"ADBE Vector Group","hd":false},{"ty":"gr","it":[{"ind":0,"ty":"sh","ix":1,"ks":{"a":0,"k":{"i":[[0,0.173],[0.176,0],[0,-0.172],[-0.181,0]],"o":[[0,-0.175],[-0.177,0],[0,0.177],[0.18,0]],"v":[[0.29,-0.302],[-0.023,-0.612],[-0.335,-0.306],[-0.023,-0.001]],"c":true},"ix":2},"nm":"Path 1","mn":"ADBE Vector Shape - Group","hd":false},{"ind":1,"ty":"sh","ix":2,"ks":{"a":0,"k":{"i":[[0.049,0.287],[0,0],[-0.136,0],[0.007,0.359],[0,0],[0,0],[0,0],[0.201,0],[0,0.33],[-0.386,0],[-0.119,-0.202],[0,-0.235],[0.449,0]],"o":[[0,0],[0.034,0.113],[0.236,0],[0,0],[0,0],[0,0],[-0.079,0.162],[-0.327,0],[0,-0.359],[0.249,0],[0.096,0.148],[0,0.573],[-0.327,0]],"v":[[-0.663,0.425],[-0.307,0.425],[-0.029,0.609],[0.344,0.023],[0.333,0.023],[0.324,0.023],[0.322,0.023],[-0.118,0.277],[-0.687,-0.294],[-0.027,-0.906],[0.542,-0.596],[0.687,-0.014],[-0.033,0.906]],"c":true},"ix":2},"nm":"Path 2","mn":"ADBE Vector Shape - Group","hd":false},{"ty":"mm","mm":1,"nm":"Merge Paths 1","mn":"ADBE Vector Filter - Merge","hd":false},{"ty":"fl","c":{"a":0,"k":[0,0,0,1],"ix":4},"o":{"a":0,"k":100,"ix":5},"r":1,"bm":0,"nm":"Fill 1","mn":"ADBE Vector Graphic - Fill","hd":false},{"ty":"tr","p":{"a":0,"k":[0.956,21.197],"ix":2},"a":{"a":0,"k":[0,0],"ix":1},"s":{"a":0,"k":[100,100],"ix":3},"r":{"a":0,"k":0,"ix":6},"o":{"a":0,"k":100,"ix":7},"sk":{"a":0,"k":0,"ix":4},"sa":{"a":0,"k":0,"ix":5},"nm":"Transform"}],"nm":"Group 12","np":4,"cix":2,"bm":0,"ix":12,"mn":"ADBE Vector Group","hd":false},{"ty":"gr","it":[{"ind":0,"ty":"sh","ix":1,"ks":{"a":0,"k":{"i":[[0,0.139],[0.16,0],[0,-0.14],[-0.16,0]],"o":[[0,-0.14],[-0.161,0],[0,0.139],[0.16,0]],"v":[[0.27,-0.4],[-0.001,-0.639],[-0.271,-0.4],[-0.001,-0.165]],"c":true},"ix":2},"nm":"Path 1","mn":"ADBE Vector Shape - Group","hd":false},{"ind":1,"ty":"sh","ix":2,"ks":{"a":0,"k":{"i":[[0,0.156],[0.19,0],[0,-0.159],[-0.189,0]],"o":[[0,-0.159],[-0.189,0],[0,0.156],[0.19,0]],"v":[[0.32,0.37],[-0.001,0.103],[-0.322,0.37],[-0.001,0.633]],"c":true},"ix":2},"nm":"Path 2","mn":"ADBE Vector Shape - Group","hd":false},{"ind":2,"ty":"sh","ix":3,"ks":{"a":0,"k":{"i":[[0,0.3],[-0.23,0.052],[0,0],[0,0.182],[-0.366,0],[0,-0.275],[0.189,-0.044],[0,0],[0,-0.22],[0.415,0]],"o":[[0,-0.216],[0,0],[-0.187,-0.043],[0,-0.275],[0.367,0],[0,0.184],[0,0],[0.229,0.044],[0,0.303],[-0.415,0]],"v":[[-0.697,0.402],[-0.317,-0.04],[-0.317,-0.061],[-0.627,-0.436],[-0.001,-0.906],[0.626,-0.436],[0.315,-0.061],[0.315,-0.04],[0.697,0.398],[-0.001,0.906]],"c":true},"ix":2},"nm":"Path 3","mn":"ADBE Vector Shape - Group","hd":false},{"ty":"mm","mm":1,"nm":"Merge Paths 1","mn":"ADBE Vector Filter - Merge","hd":false},{"ty":"fl","c":{"a":0,"k":[0,0,0,1],"ix":4},"o":{"a":0,"k":100,"ix":5},"r":1,"bm":0,"nm":"Fill 1","mn":"ADBE Vector Graphic - Fill","hd":false},{"ty":"tr","p":{"a":0,"k":[0.956,18.959],"ix":2},"a":{"a":0,"k":[0,0],"ix":1},"s":{"a":0,"k":[100,100],"ix":3},"r":{"a":0,"k":0,"ix":6},"o":{"a":0,"k":100,"ix":7},"sk":{"a":0,"k":0,"ix":4},"sa":{"a":0,"k":0,"ix":5},"nm":"Transform"}],"nm":"Group 13","np":5,"cix":2,"bm":0,"ix":13,"mn":"ADBE Vector Group","hd":false},{"ty":"gr","it":[{"ind":0,"ty":"sh","ix":1,"ks":{"a":0,"k":{"i":[[0,0],[0,0],[0,0],[0,0],[0,0],[0,0],[0,0],[0,0]],"o":[[0,0],[0,0],[0,0],[0,0],[0,0],[0,0],[0,0],[0,0]],"v":[[0.247,-0.543],[0.247,-0.564],[-0.607,-0.564],[-0.607,-0.863],[0.607,-0.863],[0.607,-0.563],[-0.113,0.863],[-0.49,0.863]],"c":true},"ix":2},"nm":"Path 1","mn":"ADBE Vector Shape - Group","hd":false},{"ty":"fl","c":{"a":0,"k":[0,0,0,1],"ix":4},"o":{"a":0,"k":100,"ix":5},"r":1,"bm":0,"nm":"Fill 1","mn":"ADBE Vector Graphic - Fill","hd":false},{"ty":"tr","p":{"a":0,"k":[0.953,16.62],"ix":2},"a":{"a":0,"k":[0,0],"ix":1},"s":{"a":0,"k":[100,100],"ix":3},"r":{"a":0,"k":0,"ix":6},"o":{"a":0,"k":100,"ix":7},"sk":{"a":0,"k":0,"ix":4},"sa":{"a":0,"k":0,"ix":5},"nm":"Transform"}],"nm":"Group 14","np":2,"cix":2,"bm":0,"ix":14,"mn":"ADBE Vector Group","hd":false}],"ip":0,"op":28,"st":0,"bm":0},{"ddd":0,"ind":7,"ty":4,"nm":"Base","sr":1,"ks":{"o":{"a":0,"k":100,"ix":11},"r":{"a":0,"k":0,"ix":10},"p":{"a":0,"k":[25,25,0],"ix":2},"a":{"a":0,"k":[24.414,18,0],"ix":1},"s":{"a":0,"k":[100,100,100],"ix":6}},"ao":0,"shapes":[{"ty":"gr","it":[{"ind":0,"ty":"sh","ix":1,"ks":{"a":0,"k":{"i":[[0,0],[0,0],[0,0],[0,0]],"o":[[0,0],[0,0],[0,0],[0,0]],"v":[[-23,-13],[23,-13],[23,13],[-23,13]],"c":true},"ix":2},"nm":"Path 1","mn":"ADBE Vector Shape - Group","hd":false},{"ty":"st","c":{"a":0,"k":[0,0,0,1],"ix":3},"o":{"a":0,"k":100,"ix":4},"w":{"a":0,"k":2,"ix":5},"lc":1,"lj":2,"bm":0,"nm":"Stroke 1","mn":"ADBE Vector Graphic - Stroke","hd":false},{"ty":"tr","p":{"a":0,"k":[24.414,18],"ix":2},"a":{"a":0,"k":[0,0],"ix":1},"s":{"a":0,"k":[100,100],"ix":3},"r":{"a":0,"k":0,"ix":6},"o":{"a":0,"k":100,"ix":7},"sk":{"a":0,"k":0,"ix":4},"sa":{"a":0,"k":0,"ix":5},"nm":"Transform"}],"nm":"Group 1","np":2,"cix":2,"bm":0,"ix":1,"mn":"ADBE Vector Group","hd":false},{"ty":"gr","it":[{"ind":0,"ty":"sh","ix":1,"ks":{"a":0,"k":{"i":[[0,0],[0,0]],"o":[[0,0],[0,0]],"v":[[16.414,5],[16.414,31]],"c":false},"ix":2},"nm":"Path 1","mn":"ADBE Vector Shape - Group","hd":false},{"ind":1,"ty":"sh","ix":2,"ks":{"a":0,"k":{"i":[[0,0],[0,0]],"o":[[0,0],[0,0]],"v":[[32.414,5],[32.414,31]],"c":false},"ix":2},"nm":"Path 2","mn":"ADBE Vector Shape - Group","hd":false},{"ty":"mm","mm":1,"nm":"Merge Paths 1","mn":"ADBE Vector Filter - Merge","hd":false},{"ty":"st","c":{"a":0,"k":[0,0,0,1],"ix":3},"o":{"a":0,"k":100,"ix":4},"w":{"a":0,"k":2,"ix":5},"lc":2,"lj":2,"bm":0,"nm":"Stroke 1","mn":"ADBE Vector Graphic - Stroke","hd":false},{"ty":"tr","p":{"a":0,"k":[0,0],"ix":2},"a":{"a":0,"k":[0,0],"ix":1},"s":{"a":0,"k":[100,100],"ix":3},"r":{"a":0,"k":0,"ix":6},"o":{"a":0,"k":100,"ix":7},"sk":{"a":0,"k":0,"ix":4},"sa":{"a":0,"k":0,"ix":5},"nm":"Transform"}],"nm":"Group 2","np":4,"cix":2,"bm":0,"ix":2,"mn":"ADBE Vector Group","hd":false}],"ip":0,"op":28,"st":0,"bm":0}],"markers":[{"tm":23,"cm":"Конец\r\n","dr":0}]}