{"v":"5.6.3","fr":24,"ip":0,"op":28,"w":50,"h":50,"nm":"salad","ddd":0,"assets":[],"layers":[{"ddd":0,"ind":1,"ty":4,"nm":"Size control","sr":1,"ks":{"o":{"a":0,"k":100,"ix":11},"r":{"a":0,"k":0,"ix":10},"p":{"a":0,"k":[25,46.875,0],"ix":2},"a":{"a":0,"k":[0,21.875,0],"ix":1},"s":{"a":1,"k":[{"i":{"x":[0.3,0.3,0.3],"y":[1,1,1]},"o":{"x":[0.11,0.11,0.11],"y":[0,0,0]},"t":1,"s":[100,100,100]},{"i":{"x":[0.15,0.15,0.15],"y":[1,1,1]},"o":{"x":[0.7,0.7,0.7],"y":[0,0,0]},"t":5,"s":[85,85,100]},{"i":{"x":[0.5,0.5,0.5],"y":[1,1,1]},"o":{"x":[0.85,0.85,0.85],"y":[0,0,0]},"t":9,"s":[100,100,100]},{"i":{"x":[0.5,0.5,0.5],"y":[1,1,1]},"o":{"x":[0.5,0.5,0.5],"y":[0,0,0]},"t":20,"s":[100,100,100]},{"i":{"x":[0.5,0.5,0.5],"y":[1,1,1]},"o":{"x":[0.5,0.5,0.5],"y":[0,0,0]},"t":23,"s":[90,90,100]},{"t":26,"s":[100,100,100]}],"ix":6}},"ao":0,"shapes":[],"ip":0,"op":28,"st":0,"bm":0},{"ddd":0,"ind":2,"ty":4,"nm":"Tomato  Mask ","parent":3,"td":1,"sr":1,"ks":{"o":{"a":0,"k":100,"ix":11},"r":{"a":0,"k":0,"ix":10},"p":{"a":1,"k":[{"i":{"x":0.5,"y":1},"o":{"x":0.5,"y":0},"t":5,"s":[25,25,0],"to":[0,0,0],"ti":[-0.042,-0.333,0]},{"i":{"x":0.5,"y":1},"o":{"x":0.5,"y":0},"t":13,"s":[23.573,35.44,0],"to":[0.095,0.747,0],"ti":[-0.042,-0.333,0]},{"i":{"x":0.4,"y":1},"o":{"x":0.5,"y":0},"t":17,"s":[23.573,35.44,0],"to":[0.095,0.747,0],"ti":[0,0,0]},{"t":25,"s":[25.294,24.974,0]}],"ix":2},"a":{"a":0,"k":[25,25,0],"ix":1},"s":{"a":0,"k":[100,100,100],"ix":6}},"ao":0,"shapes":[{"ty":"gr","it":[{"ind":0,"ty":"sh","ix":1,"ks":{"a":0,"k":{"i":[[0,0],[-1.804,1.971],[-0.481,11.032],[0.588,0],[0,0],[0,0],[0,0],[-0.028,-0.644],[-0.741,-0.814],[-8,0]],"o":[[8,0],[0.741,-0.814],[0.028,-0.644],[0,0],[0,0],[0,0],[-0.588,0],[0.481,11.037],[1.804,1.972],[0,0]],"v":[[1,10.375],[14.679,8.644],[22.999,-9.448],[21.951,-10.625],[20.801,-10.625],[-20.801,-10.625],[-21.951,-10.625],[-22.999,-9.447],[-14.679,8.653],[-1,10.375]],"c":true},"ix":2},"nm":"Path 1","mn":"ADBE Vector Shape - Group","hd":false},{"ty":"fl","c":{"a":0,"k":[1,1,1,1],"ix":4},"o":{"a":0,"k":100,"ix":5},"r":1,"bm":0,"nm":"Fill 1","mn":"ADBE Vector Graphic - Fill","hd":false},{"ty":"tr","p":{"a":0,"k":[25,36.625],"ix":2},"a":{"a":0,"k":[0,0],"ix":1},"s":{"a":0,"k":[100,100],"ix":3},"r":{"a":0,"k":0,"ix":6},"o":{"a":0,"k":100,"ix":7},"sk":{"a":0,"k":0,"ix":4},"sa":{"a":0,"k":0,"ix":5},"nm":"Transform"}],"nm":"Group 1","np":2,"cix":2,"bm":0,"ix":1,"mn":"ADBE Vector Group","hd":false}],"ip":0,"op":28,"st":0,"bm":0},{"ddd":0,"ind":3,"ty":4,"nm":"Tomato ","parent":1,"tt":2,"sr":1,"ks":{"o":{"a":0,"k":100,"ix":11},"r":{"a":0,"k":0,"ix":10},"p":{"a":1,"k":[{"i":{"x":0.5,"y":1},"o":{"x":0.5,"y":0},"t":5,"s":[0,0,0],"to":[0,0,0],"ti":[0,0,0]},{"i":{"x":0.5,"y":0.5},"o":{"x":0.5,"y":0.5},"t":13,"s":[1.375,-10.5,0],"to":[0,0,0],"ti":[0,0,0]},{"i":{"x":0.4,"y":1},"o":{"x":0.5,"y":0},"t":17,"s":[1.375,-10.5,0],"to":[0,0,0],"ti":[0,0,0]},{"t":25,"s":[0,0,0]}],"ix":2},"a":{"a":0,"k":[25,25,0],"ix":1},"s":{"a":0,"k":[100,100,100],"ix":6}},"ao":0,"shapes":[{"ty":"gr","it":[{"ind":0,"ty":"sh","ix":1,"ks":{"a":0,"k":{"i":[[0,3.866],[-3.866,0],[0,-3.866],[3.866,0]],"o":[[0,-3.866],[3.866,0],[0,3.866],[-3.866,0]],"v":[[-7,0],[0,-7],[7,0],[0,7]],"c":true},"ix":2},"nm":"Path 1","mn":"ADBE Vector Shape - Group","hd":false},{"ty":"st","c":{"a":0,"k":[0,0,0,1],"ix":3},"o":{"a":0,"k":100,"ix":4},"w":{"a":0,"k":2,"ix":5},"lc":2,"lj":2,"bm":0,"nm":"Stroke 1","mn":"ADBE Vector Graphic - Stroke","hd":false},{"ty":"tr","p":{"a":0,"k":[23,26],"ix":2},"a":{"a":0,"k":[0,0],"ix":1},"s":{"a":0,"k":[100,100],"ix":3},"r":{"a":0,"k":0,"ix":6},"o":{"a":0,"k":100,"ix":7},"sk":{"a":0,"k":0,"ix":4},"sa":{"a":0,"k":0,"ix":5},"nm":"Transform"}],"nm":"Group 1","np":2,"cix":2,"bm":0,"ix":1,"mn":"ADBE Vector Group","hd":false}],"ip":0,"op":28,"st":0,"bm":0},{"ddd":0,"ind":4,"ty":4,"nm":"R Leaf  Mask","parent":5,"td":1,"sr":1,"ks":{"o":{"a":0,"k":100,"ix":11},"r":{"a":0,"k":0,"ix":10},"p":{"a":0,"k":[25,25,0],"ix":2},"a":{"a":0,"k":[25,25,0],"ix":1},"s":{"a":0,"k":[100,100,100],"ix":6}},"ao":0,"shapes":[{"ty":"gr","it":[{"ind":0,"ty":"sh","ix":1,"ks":{"a":0,"k":{"i":[[0,0],[-1.804,1.971],[-0.481,11.032],[0.588,0],[0,0],[0,0],[0,0],[-0.028,-0.644],[-0.741,-0.814],[-8,0]],"o":[[8,0],[0.741,-0.814],[0.028,-0.644],[0,0],[0,0],[0,0],[-0.588,0],[0.481,11.037],[1.804,1.972],[0,0]],"v":[[1,10.375],[14.679,8.644],[22.999,-9.448],[21.951,-10.625],[20.801,-10.625],[-20.801,-10.625],[-21.951,-10.625],[-22.999,-9.447],[-14.679,8.653],[-1,10.375]],"c":true},"ix":2},"nm":"Path 1","mn":"ADBE Vector Shape - Group","hd":false},{"ty":"fl","c":{"a":0,"k":[1,1,1,1],"ix":4},"o":{"a":0,"k":100,"ix":5},"r":1,"bm":0,"nm":"Fill 1","mn":"ADBE Vector Graphic - Fill","hd":false},{"ty":"tr","p":{"a":1,"k":[{"i":{"x":0.471,"y":1},"o":{"x":0.452,"y":0},"t":5,"s":[25,37],"to":[0,0],"ti":[0,0]},{"i":{"x":0.471,"y":0.471},"o":{"x":0.5,"y":0.5},"t":13,"s":[23,44],"to":[0,0],"ti":[0,0]},{"i":{"x":0.4,"y":1},"o":{"x":0.5,"y":0},"t":19,"s":[23,44],"to":[0,0],"ti":[0,0]},{"t":26,"s":[25,37]}],"ix":2},"a":{"a":0,"k":[0,0],"ix":1},"s":{"a":0,"k":[100,100],"ix":3},"r":{"a":0,"k":0,"ix":6},"o":{"a":0,"k":100,"ix":7},"sk":{"a":0,"k":0,"ix":4},"sa":{"a":0,"k":0,"ix":5},"nm":"Transform"}],"nm":"Group 1","np":2,"cix":2,"bm":0,"ix":1,"mn":"ADBE Vector Group","hd":false},{"ty":"gr","it":[{"ind":0,"ty":"sh","ix":1,"ks":{"a":0,"k":{"i":[[0,3.866],[-3.866,0],[0,-3.866],[3.866,0]],"o":[[0,-3.866],[3.866,0],[0,3.866],[-3.866,0]],"v":[[-7,0],[0,-7],[7,0],[0,7]],"c":true},"ix":2},"nm":"Path 1","mn":"ADBE Vector Shape - Group","hd":false},{"ty":"fl","c":{"a":0,"k":[1,0,0,1],"ix":4},"o":{"a":0,"k":100,"ix":5},"r":1,"bm":0,"nm":"Fill 1","mn":"ADBE Vector Graphic - Fill","hd":false},{"ty":"tr","p":{"a":1,"k":[{"i":{"x":0.5,"y":1},"o":{"x":0.5,"y":0},"t":5,"s":[23,26],"to":[0,0],"ti":[0,0]},{"i":{"x":0.5,"y":1},"o":{"x":0.5,"y":0},"t":13,"s":[22.875,23.188],"to":[0,0],"ti":[0,0]},{"i":{"x":0.708,"y":0.977},"o":{"x":0.379,"y":0},"t":19,"s":[22.375,24.438],"to":[0,0],"ti":[0,0]},{"i":{"x":0.716,"y":0.972},"o":{"x":0.392,"y":0.028},"t":20,"s":[22.396,25.99],"to":[0,0],"ti":[0,0]},{"i":{"x":0.694,"y":0.449},"o":{"x":0.383,"y":0.176},"t":21,"s":[22.155,27.651],"to":[0,0],"ti":[0,0]},{"i":{"x":0.422,"y":1},"o":{"x":0.215,"y":0.27},"t":22,"s":[22.347,27.956],"to":[0,0],"ti":[0,0]},{"t":26,"s":[23,26]}],"ix":2},"a":{"a":0,"k":[0,0],"ix":1},"s":{"a":0,"k":[100,100],"ix":3},"r":{"a":0,"k":0,"ix":6},"o":{"a":0,"k":100,"ix":7},"sk":{"a":0,"k":0,"ix":4},"sa":{"a":0,"k":0,"ix":5},"nm":"Transform"}],"nm":"Group 2","np":2,"cix":2,"bm":0,"ix":2,"mn":"ADBE Vector Group","hd":false}],"ip":0,"op":28,"st":0,"bm":0},{"ddd":0,"ind":5,"ty":4,"nm":"R Leaf ","parent":1,"tt":2,"sr":1,"ks":{"o":{"a":0,"k":100,"ix":11},"r":{"a":0,"k":0,"ix":10},"p":{"a":1,"k":[{"i":{"x":0.5,"y":1},"o":{"x":0.5,"y":0},"t":5,"s":[0,0,0],"to":[0,0,0],"ti":[0,0,0]},{"i":{"x":0.5,"y":0.5},"o":{"x":0.5,"y":0.5},"t":13,"s":[1.625,-7.5,0],"to":[0,0,0],"ti":[0,0,0]},{"i":{"x":0.4,"y":1},"o":{"x":0.5,"y":0},"t":19,"s":[1.625,-7.5,0],"to":[0,0,0],"ti":[0,0,0]},{"t":26,"s":[0,0,0]}],"ix":2},"a":{"a":0,"k":[25,25,0],"ix":1},"s":{"a":0,"k":[100,100,100],"ix":6}},"ao":0,"shapes":[{"ty":"gr","it":[{"ind":0,"ty":"sh","ix":1,"ks":{"a":0,"k":{"i":[[-5.202,4.685],[0,0],[5.655,-4.279],[0,0]],"o":[[4.847,-5.176],[0,0],[-5.201,4.684],[0,0]],"v":[[5.195,5.37],[8.68,-7.374],[-4.842,-5.777],[-8.04,7.109]],"c":true},"ix":2},"nm":"Path 1","mn":"ADBE Vector Shape - Group","hd":false},{"ty":"st","c":{"a":0,"k":[0,0,0,1],"ix":3},"o":{"a":0,"k":100,"ix":4},"w":{"a":0,"k":2,"ix":5},"lc":2,"lj":2,"bm":0,"nm":"Stroke 1","mn":"ADBE Vector Graphic - Stroke","hd":false},{"ty":"tr","p":{"a":0,"k":[38.181,25.257],"ix":2},"a":{"a":0,"k":[0,0],"ix":1},"s":{"a":0,"k":[100,100],"ix":3},"r":{"a":0,"k":0,"ix":6},"o":{"a":0,"k":100,"ix":7},"sk":{"a":0,"k":0,"ix":4},"sa":{"a":0,"k":0,"ix":5},"nm":"Transform"}],"nm":"Group 1","np":2,"cix":2,"bm":0,"ix":1,"mn":"ADBE Vector Group","hd":false},{"ty":"gr","it":[{"ind":0,"ty":"sh","ix":1,"ks":{"a":0,"k":{"i":[[0,0],[3.12,-5.5]],"o":[[0,0],[0,0]],"v":[[5.209,-4.551],[-5.209,4.551]],"c":false},"ix":2},"nm":"Path 1","mn":"ADBE Vector Shape - Group","hd":false},{"ty":"st","c":{"a":0,"k":[0,0,0,1],"ix":3},"o":{"a":0,"k":100,"ix":4},"w":{"a":0,"k":2,"ix":5},"lc":2,"lj":1,"ml":10,"bm":0,"nm":"Stroke 1","mn":"ADBE Vector Graphic - Stroke","hd":false},{"ty":"tr","p":{"a":0,"k":[35.801,26.822],"ix":2},"a":{"a":0,"k":[0,0],"ix":1},"s":{"a":0,"k":[100,100],"ix":3},"r":{"a":0,"k":0,"ix":6},"o":{"a":0,"k":100,"ix":7},"sk":{"a":0,"k":0,"ix":4},"sa":{"a":0,"k":0,"ix":5},"nm":"Transform"}],"nm":"Group 2","np":2,"cix":2,"bm":0,"ix":2,"mn":"ADBE Vector Group","hd":false}],"ip":0,"op":28,"st":0,"bm":0},{"ddd":0,"ind":6,"ty":4,"nm":"L Leaf  Mask","parent":7,"td":1,"sr":1,"ks":{"o":{"a":0,"k":100,"ix":11},"r":{"a":0,"k":0,"ix":10},"p":{"a":0,"k":[24.855,26.879,0],"ix":2},"a":{"a":0,"k":[25,25,0],"ix":1},"s":{"a":0,"k":[100,100,100],"ix":6}},"ao":0,"shapes":[{"ty":"gr","it":[{"ind":0,"ty":"sh","ix":1,"ks":{"a":0,"k":{"i":[[0,0],[-1.804,1.971],[-0.481,11.032],[0.588,0],[0,0],[0,0],[0,0],[-0.028,-0.644],[-0.741,-0.814],[-8,0]],"o":[[8,0],[0.741,-0.814],[0.028,-0.644],[0,0],[0,0],[0,0],[-0.588,0],[0.481,11.037],[1.804,1.972],[0,0]],"v":[[1,10.375],[14.679,8.644],[22.999,-9.448],[21.951,-10.625],[20.801,-10.625],[-20.801,-10.625],[-21.951,-10.625],[-22.999,-9.447],[-14.679,8.653],[-1,10.375]],"c":true},"ix":2},"nm":"Path 1","mn":"ADBE Vector Shape - Group","hd":false},{"ty":"fl","c":{"a":0,"k":[1,1,1,1],"ix":4},"o":{"a":0,"k":100,"ix":5},"r":1,"bm":0,"nm":"Fill 1","mn":"ADBE Vector Graphic - Fill","hd":false},{"ty":"tr","p":{"a":1,"k":[{"i":{"x":0.471,"y":1},"o":{"x":0.452,"y":0},"t":5,"s":[26.002,34.787],"to":[0,0],"ti":[0,0]},{"i":{"x":0.4,"y":0.4},"o":{"x":0.5,"y":0.5},"t":13,"s":[27,43.625],"to":[0,0],"ti":[0,0]},{"i":{"x":0.78,"y":0.688},"o":{"x":0.478,"y":0},"t":20,"s":[27,43.625],"to":[0,0],"ti":[0,0]},{"i":{"x":0.434,"y":1},"o":{"x":0.372,"y":0.504},"t":23,"s":[26.549,39.796],"to":[0,0],"ti":[0,0]},{"t":27,"s":[25,34.646]}],"ix":2},"a":{"a":0,"k":[0,0],"ix":1},"s":{"a":0,"k":[100,100],"ix":3},"r":{"a":0,"k":0,"ix":6},"o":{"a":0,"k":100,"ix":7},"sk":{"a":0,"k":0,"ix":4},"sa":{"a":0,"k":0,"ix":5},"nm":"Transform"}],"nm":"Group 1","np":2,"cix":2,"bm":0,"ix":1,"mn":"ADBE Vector Group","hd":false},{"ty":"gr","it":[{"ind":0,"ty":"sh","ix":1,"ks":{"a":0,"k":{"i":[[0,3.866],[-3.866,0],[0,-3.866],[3.866,0]],"o":[[0,-3.866],[3.866,0],[0,3.866],[-3.866,0]],"v":[[-7,0],[0,-7],[7,0],[0,7]],"c":true},"ix":2},"nm":"Path 1","mn":"ADBE Vector Shape - Group","hd":false},{"ty":"fl","c":{"a":0,"k":[1,0,0,1],"ix":4},"o":{"a":0,"k":100,"ix":5},"r":1,"bm":0,"nm":"Fill 1","mn":"ADBE Vector Graphic - Fill","hd":false},{"ty":"tr","p":{"a":1,"k":[{"i":{"x":0.5,"y":1},"o":{"x":0.5,"y":0},"t":5,"s":[23.224,24.106],"to":[0,0],"ti":[0,0]},{"i":{"x":0.5,"y":0.5},"o":{"x":0.5,"y":0.5},"t":13,"s":[26,22.625],"to":[0,0],"ti":[0,0]},{"i":{"x":0.5,"y":1},"o":{"x":0.5,"y":0},"t":18,"s":[26,22.625],"to":[0,0],"ti":[0,0]},{"i":{"x":0.708,"y":0.971},"o":{"x":0.379,"y":0},"t":20,"s":[25.875,25.813],"to":[0,0],"ti":[0,0]},{"i":{"x":0.712,"y":0.763},"o":{"x":0.389,"y":0.086},"t":21,"s":[25.39,28.305],"to":[0,0],"ti":[0,0]},{"i":{"x":0.682,"y":0.513},"o":{"x":0.37,"y":0.274},"t":22,"s":[24.844,29.294],"to":[0,0],"ti":[0,0]},{"i":{"x":0.441,"y":1},"o":{"x":0.214,"y":0.401},"t":23,"s":[24.096,28.278],"to":[0,0],"ti":[0,0]},{"t":27,"s":[23.195,24.264]}],"ix":2},"a":{"a":0,"k":[0,0],"ix":1},"s":{"a":0,"k":[100,100],"ix":3},"r":{"a":0,"k":0,"ix":6},"o":{"a":0,"k":100,"ix":7},"sk":{"a":0,"k":0,"ix":4},"sa":{"a":0,"k":0,"ix":5},"nm":"Transform"}],"nm":"Group 2","np":2,"cix":2,"bm":0,"ix":2,"mn":"ADBE Vector Group","hd":false}],"ip":0,"op":28,"st":0,"bm":0},{"ddd":0,"ind":7,"ty":4,"nm":"L Leaf ","parent":1,"tt":2,"sr":1,"ks":{"o":{"a":0,"k":100,"ix":11},"r":{"a":0,"k":0,"ix":10},"p":{"a":1,"k":[{"i":{"x":0.5,"y":1},"o":{"x":0.5,"y":0},"t":5,"s":[0,0,0],"to":[0,0,0],"ti":[0,0,0]},{"i":{"x":0.5,"y":0.5},"o":{"x":0.5,"y":0.5},"t":13,"s":[-1.625,-9,0],"to":[0,0,0],"ti":[0,0,0]},{"i":{"x":0.4,"y":1},"o":{"x":0.5,"y":0},"t":20,"s":[-1.625,-9,0],"to":[0,0,0],"ti":[0,0,0]},{"t":27,"s":[0,0,0]}],"ix":2},"a":{"a":0,"k":[25,25,0],"ix":1},"s":{"a":0,"k":[100,100,100],"ix":6}},"ao":0,"shapes":[{"ty":"gr","it":[{"ind":0,"ty":"sh","ix":1,"ks":{"a":0,"k":{"i":[[-4.039,-3.767],[0.682,-0.732],[4.039,3.767],[0,0]],"o":[[4.039,3.767],[-0.681,0.731],[-4.039,-3.766],[0,0]],"v":[[3.137,-3.721],[7.04,6.757],[-3.683,3.592],[-7.587,-6.883]],"c":true},"ix":2},"nm":"Path 1","mn":"ADBE Vector Shape - Group","hd":false},{"ty":"st","c":{"a":0,"k":[0,0,0,1],"ix":3},"o":{"a":0,"k":100,"ix":4},"w":{"a":0,"k":2,"ix":5},"lc":2,"lj":2,"bm":0,"nm":"Stroke 1","mn":"ADBE Vector Graphic - Stroke","hd":false},{"ty":"tr","p":{"a":0,"k":[10.587,25.884],"ix":2},"a":{"a":0,"k":[0,0],"ix":1},"s":{"a":0,"k":[100,100],"ix":3},"r":{"a":0,"k":0,"ix":6},"o":{"a":0,"k":100,"ix":7},"sk":{"a":0,"k":0,"ix":4},"sa":{"a":0,"k":0,"ix":5},"nm":"Transform"}],"nm":"Group 1","np":2,"cix":2,"bm":0,"ix":1,"mn":"ADBE Vector Group","hd":false},{"ty":"gr","it":[{"ind":0,"ty":"sh","ix":1,"ks":{"a":0,"k":{"i":[[0,0],[0,0]],"o":[[2.976,3.59],[0,0]],"v":[[-5.12,-4.498],[5.12,4.498]],"c":false},"ix":2},"nm":"Path 1","mn":"ADBE Vector Shape - Group","hd":false},{"ty":"st","c":{"a":0,"k":[0,0,0,1],"ix":3},"o":{"a":0,"k":100,"ix":4},"w":{"a":0,"k":2,"ix":5},"lc":2,"lj":1,"ml":10,"bm":0,"nm":"Stroke 1","mn":"ADBE Vector Graphic - Stroke","hd":false},{"ty":"tr","p":{"a":0,"k":[12.507,28.142],"ix":2},"a":{"a":0,"k":[0,0],"ix":1},"s":{"a":0,"k":[100,100],"ix":3},"r":{"a":0,"k":0,"ix":6},"o":{"a":0,"k":100,"ix":7},"sk":{"a":0,"k":0,"ix":4},"sa":{"a":0,"k":0,"ix":5},"nm":"Transform"}],"nm":"Group 2","np":2,"cix":2,"bm":0,"ix":2,"mn":"ADBE Vector Group","hd":false}],"ip":0,"op":28,"st":0,"bm":0},{"ddd":0,"ind":8,"ty":4,"nm":"L Lettuce Leaf  Mask ","parent":9,"td":1,"sr":1,"ks":{"o":{"a":0,"k":100,"ix":11},"r":{"a":0,"k":0,"ix":10},"p":{"a":0,"k":[25,25,0],"ix":2},"a":{"a":0,"k":[25,25,0],"ix":1},"s":{"a":0,"k":[100,100,100],"ix":6}},"ao":0,"shapes":[{"ty":"gr","it":[{"ind":0,"ty":"sh","ix":1,"ks":{"a":0,"k":{"i":[[0,0],[-1.804,1.971],[-0.481,11.032],[0.588,0],[0,0],[0,0],[0,0],[-0.028,-0.644],[-0.741,-0.814],[-8,0]],"o":[[8,0],[0.741,-0.814],[0.028,-0.644],[0,0],[0,0],[0,0],[-0.588,0],[0.481,11.037],[1.804,1.972],[0,0]],"v":[[1,10.375],[14.679,8.644],[22.999,-9.448],[21.951,-10.625],[20.801,-10.625],[-20.801,-10.625],[-21.951,-10.625],[-22.999,-9.447],[-14.679,8.653],[-1,10.375]],"c":true},"ix":2},"nm":"Path 1","mn":"ADBE Vector Shape - Group","hd":false},{"ty":"fl","c":{"a":0,"k":[1,1,1,1],"ix":4},"o":{"a":0,"k":100,"ix":5},"r":1,"bm":0,"nm":"Fill 1","mn":"ADBE Vector Graphic - Fill","hd":false},{"ty":"tr","p":{"a":1,"k":[{"i":{"x":0.548,"y":1},"o":{"x":0.452,"y":0},"t":5,"s":[25,36.625],"to":[0,0],"ti":[0,0]},{"i":{"x":0.4,"y":0.4},"o":{"x":0.5,"y":0.5},"t":13,"s":[26,46.875],"to":[0,0],"ti":[0,0]},{"i":{"x":0.533,"y":1},"o":{"x":0.467,"y":0},"t":19,"s":[26,46.875],"to":[0,0],"ti":[0,0]},{"t":26,"s":[25,37.901]}],"ix":2},"a":{"a":0,"k":[0,0],"ix":1},"s":{"a":0,"k":[100,100],"ix":3},"r":{"a":0,"k":0,"ix":6},"o":{"a":0,"k":100,"ix":7},"sk":{"a":0,"k":0,"ix":4},"sa":{"a":0,"k":0,"ix":5},"nm":"Transform"}],"nm":"Group 1","np":2,"cix":2,"bm":0,"ix":1,"mn":"ADBE Vector Group","hd":false},{"ty":"gr","it":[{"ind":0,"ty":"sh","ix":1,"ks":{"a":0,"k":{"i":[[0,3.866],[-3.866,0],[0,-3.866],[3.866,0]],"o":[[0,-3.866],[3.866,0],[0,3.866],[-3.866,0]],"v":[[-7,0],[0,-7],[7,0],[0,7]],"c":true},"ix":2},"nm":"Path 1","mn":"ADBE Vector Shape - Group","hd":false},{"ty":"fl","c":{"a":0,"k":[1,0,0,1],"ix":4},"o":{"a":0,"k":100,"ix":5},"r":1,"bm":0,"nm":"Fill 1","mn":"ADBE Vector Graphic - Fill","hd":false},{"ty":"tr","p":{"a":1,"k":[{"i":{"x":0.5,"y":1},"o":{"x":0.5,"y":0},"t":5,"s":[23,26],"to":[0,0],"ti":[0,0]},{"i":{"x":0.697,"y":0},"o":{"x":0.532,"y":0},"t":13,"s":[25.5,26],"to":[0,0],"ti":[0,0]},{"i":{"x":0.807,"y":0},"o":{"x":0.29,"y":0.59},"t":17,"s":[25.201,26.046],"to":[0,0],"ti":[0,0]},{"i":{"x":0.623,"y":1},"o":{"x":0.294,"y":0.222},"t":18,"s":[25.152,26.159],"to":[0,0],"ti":[0,0]},{"i":{"x":0.69,"y":0.974},"o":{"x":0.358,"y":0},"t":19,"s":[25.125,27],"to":[0,0],"ti":[0,0]},{"i":{"x":0.69,"y":0.911},"o":{"x":0.359,"y":0.038},"t":20,"s":[25.052,28.746],"to":[0,0],"ti":[0,0]},{"i":{"x":0.693,"y":0.615},"o":{"x":0.378,"y":0.131},"t":21,"s":[24.468,29.968],"to":[0,0],"ti":[0,0]},{"i":{"x":0.66,"y":0.727},"o":{"x":0.332,"y":0.428},"t":23,"s":[23.577,27.908],"to":[0,0],"ti":[0,0]},{"i":{"x":0.605,"y":0.936},"o":{"x":0.253,"y":0.323},"t":24,"s":[23.393,26.833],"to":[0,0],"ti":[0,0]},{"i":{"x":0.659,"y":1},"o":{"x":0.316,"y":0.202},"t":25,"s":[23.035,26.25],"to":[0,0],"ti":[0,0]},{"t":26,"s":[23,26.081]}],"ix":2},"a":{"a":0,"k":[0,0],"ix":1},"s":{"a":0,"k":[100,100],"ix":3},"r":{"a":0,"k":0,"ix":6},"o":{"a":0,"k":100,"ix":7},"sk":{"a":0,"k":0,"ix":4},"sa":{"a":0,"k":0,"ix":5},"nm":"Transform"}],"nm":"Group 2","np":2,"cix":2,"bm":0,"ix":2,"mn":"ADBE Vector Group","hd":false},{"ty":"gr","it":[{"ind":0,"ty":"sh","ix":1,"ks":{"a":0,"k":{"i":[[-4.039,-3.767],[0.438,-0.9],[2.077,2.907],[0,0]],"o":[[4.039,3.767],[-4.283,8.796],[-3.432,-4.803],[0,0]],"v":[[3.137,-3.721],[6.603,6.757],[-5.226,12.764],[-7.587,-6.883]],"c":true},"ix":2},"nm":"Path 1","mn":"ADBE Vector Shape - Group","hd":false},{"ty":"fl","c":{"a":0,"k":[1,0,0,1],"ix":4},"o":{"a":0,"k":100,"ix":5},"r":1,"bm":0,"nm":"Fill 1","mn":"ADBE Vector Graphic - Fill","hd":false},{"ty":"tr","p":{"a":1,"k":[{"i":{"x":0.5,"y":1},"o":{"x":0.5,"y":0},"t":5,"s":[10.587,25.884],"to":[0,0],"ti":[0,0]},{"i":{"x":0.4,"y":1},"o":{"x":0.5,"y":0},"t":13,"s":[10.187,27.534],"to":[0,0],"ti":[0,0]},{"i":{"x":0.755,"y":0.924},"o":{"x":0.438,"y":0},"t":19,"s":[10.062,27.034],"to":[0,0],"ti":[0,0]},{"i":{"x":0.727,"y":0.975},"o":{"x":0.414,"y":0.034},"t":21,"s":[10.122,25.882],"to":[0,0],"ti":[0,0]},{"i":{"x":0.644,"y":0.351},"o":{"x":0.356,"y":0.111},"t":22,"s":[9.092,23.981],"to":[0,0],"ti":[0,0]},{"i":{"x":0.461,"y":1},"o":{"x":0.199,"y":0.283},"t":23,"s":[9.617,23.607],"to":[0,0],"ti":[0,0]},{"t":26,"s":[10.587,25.884]}],"ix":2},"a":{"a":0,"k":[0,0],"ix":1},"s":{"a":0,"k":[100,100],"ix":3},"r":{"a":0,"k":0,"ix":6},"o":{"a":0,"k":100,"ix":7},"sk":{"a":0,"k":0,"ix":4},"sa":{"a":0,"k":0,"ix":5},"nm":"Transform"}],"nm":"Group 3","np":2,"cix":2,"bm":0,"ix":3,"mn":"ADBE Vector Group","hd":false}],"ip":0,"op":28,"st":0,"bm":0},{"ddd":0,"ind":9,"ty":4,"nm":"L Lettuce Leaf ","parent":1,"tt":2,"sr":1,"ks":{"o":{"a":0,"k":100,"ix":11},"r":{"a":0,"k":0,"ix":10},"p":{"a":1,"k":[{"i":{"x":0.5,"y":1},"o":{"x":0.5,"y":0},"t":5,"s":[0,0,0],"to":[0,0,0],"ti":[0,0,0]},{"i":{"x":0.5,"y":0.5},"o":{"x":0.5,"y":0.5},"t":13,"s":[-1,-10.375,0],"to":[0,0,0],"ti":[0,0,0]},{"i":{"x":0.4,"y":1},"o":{"x":0.5,"y":0},"t":19,"s":[-1,-10.375,0],"to":[0,0,0],"ti":[0,0,0]},{"t":26,"s":[0,0,0]}],"ix":2},"a":{"a":0,"k":[25,25,0],"ix":1},"s":{"a":0,"k":[100,100,100],"ix":6}},"ao":0,"shapes":[{"ty":"gr","it":[{"ind":0,"ty":"sh","ix":1,"ks":{"a":0,"k":{"i":[[0,-2.14],[1.76,-0.78],[4.39,0],[1.25,2.76],[0.43,0],[0,2.49],[-1.83,0.57],[0,1.22],[-0.35,0.68],[-1.94,0],[0,0],[-1.76,0],[-0.56,-1.18],[0,0],[0,0],[-0.15,0.06],[-0.31,0.04],[-0.18,0],[0,-2.21],[0.15,-0.41]],"o":[[0,2.05],[-0.05,4.38],[-3.23,0],[-0.39,0.11],[-2.49,0],[0,-2.02],[-0.72,-0.87],[0,-0.82],[0.83,-1.62],[0,0],[0.25,-1.69],[1.4,0],[0,0],[0,0],[0.14,-0.07],[0.27,-0.11],[0.17,-0.03],[2.21,0],[0,0.46],[1.89,0.72]],"v":[[12,-0.25],[9,4.34],[1,12.25],[-6.27,7.58],[-7.5,7.75],[-12,3.25],[-8.84,-1.05],[-10,-4.25],[-9.45,-6.53],[-5,-9.25],[-4,-9.25],[-0.5,-12.25],[3,-10.25],[3.15,-9.8],[3.16,-9.78],[3.59,-9.98],[4.47,-10.21],[5,-10.25],[9,-6.25],[8.77,-4.93]],"c":true},"ix":2},"nm":"Path 1","mn":"ADBE Vector Shape - Group","hd":false},{"ty":"st","c":{"a":0,"k":[0,0,0,1],"ix":3},"o":{"a":0,"k":100,"ix":4},"w":{"a":0,"k":2,"ix":5},"lc":2,"lj":2,"bm":0,"nm":"Stroke 1","mn":"ADBE Vector Graphic - Stroke","hd":false},{"ty":"tr","p":{"a":0,"k":[16,24.25],"ix":2},"a":{"a":0,"k":[0,0],"ix":1},"s":{"a":0,"k":[100,100],"ix":3},"r":{"a":0,"k":0,"ix":6},"o":{"a":0,"k":100,"ix":7},"sk":{"a":0,"k":0,"ix":4},"sa":{"a":0,"k":0,"ix":5},"nm":"Transform"}],"nm":"Group 1","np":2,"cix":2,"bm":0,"ix":1,"mn":"ADBE Vector Group","hd":false}],"ip":0,"op":28,"st":0,"bm":0},{"ddd":0,"ind":10,"ty":4,"nm":"R Lettuce Leaf  Mask ","parent":11,"td":1,"sr":1,"ks":{"o":{"a":0,"k":100,"ix":11},"r":{"a":0,"k":0,"ix":10},"p":{"a":0,"k":[25,25,0],"ix":2},"a":{"a":0,"k":[25,25,0],"ix":1},"s":{"a":0,"k":[100,100,100],"ix":6}},"ao":0,"shapes":[{"ty":"gr","it":[{"ind":0,"ty":"sh","ix":1,"ks":{"a":0,"k":{"i":[[0,0],[-1.804,1.971],[-0.481,11.032],[0.588,0],[0,0],[0,0],[0,0],[-0.028,-0.644],[-0.741,-0.814],[-8,0]],"o":[[8,0],[0.741,-0.814],[0.028,-0.644],[0,0],[0,0],[0,0],[-0.588,0],[0.481,11.037],[1.804,1.972],[0,0]],"v":[[1,10.375],[14.679,8.644],[22.999,-9.448],[21.951,-10.625],[20.801,-10.625],[-20.801,-10.625],[-21.951,-10.625],[-22.999,-9.447],[-14.679,8.653],[-1,10.375]],"c":true},"ix":2},"nm":"Path 1","mn":"ADBE Vector Shape - Group","hd":false},{"ty":"fl","c":{"a":0,"k":[1,1,1,1],"ix":4},"o":{"a":0,"k":100,"ix":5},"r":1,"bm":0,"nm":"Fill 1","mn":"ADBE Vector Graphic - Fill","hd":false},{"ty":"tr","p":{"a":1,"k":[{"i":{"x":0.5,"y":1},"o":{"x":0.5,"y":0},"t":5,"s":[25,36.625],"to":[0,0],"ti":[0,0]},{"i":{"x":0.4,"y":1},"o":{"x":0.5,"y":0},"t":13,"s":[22,46],"to":[0,0],"ti":[0,0]},{"i":{"x":0.801,"y":0.566},"o":{"x":0.539,"y":0},"t":20,"s":[22,45.938],"to":[0,0],"ti":[0,0]},{"i":{"x":0.354,"y":1},"o":{"x":0.238,"y":0.501},"t":23,"s":[22.993,41.952],"to":[0,0],"ti":[0,0]},{"t":27,"s":[25,36.625]}],"ix":2},"a":{"a":0,"k":[0,0],"ix":1},"s":{"a":0,"k":[100,100],"ix":3},"r":{"a":0,"k":0,"ix":6},"o":{"a":0,"k":100,"ix":7},"sk":{"a":0,"k":0,"ix":4},"sa":{"a":0,"k":0,"ix":5},"nm":"Transform"}],"nm":"Group 1","np":2,"cix":2,"bm":0,"ix":1,"mn":"ADBE Vector Group","hd":false},{"ty":"gr","it":[{"ind":0,"ty":"sh","ix":1,"ks":{"a":0,"k":{"i":[[-5.202,4.685],[0,0],[5.655,-4.279],[0,0]],"o":[[4.847,-5.176],[0,0],[-5.201,4.684],[0,0]],"v":[[5.195,5.37],[8.68,-7.374],[-4.842,-5.777],[-8.04,7.109]],"c":true},"ix":2},"nm":"Path 1","mn":"ADBE Vector Shape - Group","hd":false},{"ty":"fl","c":{"a":0,"k":[1,0,0,1],"ix":4},"o":{"a":0,"k":100,"ix":5},"r":1,"bm":0,"nm":"Fill 1","mn":"ADBE Vector Graphic - Fill","hd":false},{"ty":"tr","p":{"a":1,"k":[{"i":{"x":0.5,"y":1},"o":{"x":0.5,"y":0},"t":5,"s":[38.181,25.257],"to":[0,0],"ti":[0,0]},{"i":{"x":0.4,"y":1},"o":{"x":0.5,"y":0},"t":13,"s":[36.931,27.132],"to":[0,0],"ti":[0,0]},{"i":{"x":0.706,"y":0.671},"o":{"x":0.375,"y":0},"t":20,"s":[36.681,27.007],"to":[0,0],"ti":[0,0]},{"i":{"x":0.719,"y":0.752},"o":{"x":0.393,"y":0.552},"t":21,"s":[36.557,27.928],"to":[0,0],"ti":[0,0]},{"i":{"x":0.727,"y":0.63},"o":{"x":0.414,"y":0.523},"t":22,"s":[36.309,28.625],"to":[0,0],"ti":[0,0]},{"i":{"x":0.354,"y":1},"o":{"x":0.238,"y":0.196},"t":23,"s":[36.761,28.37],"to":[0,0],"ti":[0,0]},{"t":27,"s":[38.181,25.257]}],"ix":2},"a":{"a":0,"k":[0,0],"ix":1},"s":{"a":0,"k":[100,100],"ix":3},"r":{"a":0,"k":0,"ix":6},"o":{"a":0,"k":100,"ix":7},"sk":{"a":0,"k":0,"ix":4},"sa":{"a":0,"k":0,"ix":5},"nm":"Transform"}],"nm":"Group 2","np":2,"cix":2,"bm":0,"ix":2,"mn":"ADBE Vector Group","hd":false},{"ty":"gr","it":[{"ind":0,"ty":"sh","ix":1,"ks":{"a":0,"k":{"i":[[0,3.866],[-3.866,0],[0,-3.866],[3.866,0]],"o":[[0,-3.866],[3.866,0],[0,3.866],[-3.866,0]],"v":[[-7,0],[0,-7],[7,0],[0,7]],"c":true},"ix":2},"nm":"Path 1","mn":"ADBE Vector Shape - Group","hd":false},{"ty":"fl","c":{"a":0,"k":[1,0,0,1],"ix":4},"o":{"a":0,"k":100,"ix":5},"r":1,"bm":0,"nm":"Fill 1","mn":"ADBE Vector Graphic - Fill","hd":false},{"ty":"tr","p":{"a":1,"k":[{"i":{"x":0.5,"y":1},"o":{"x":0.5,"y":0},"t":5,"s":[23,26],"to":[0,0],"ti":[0,0]},{"i":{"x":0.939,"y":0},"o":{"x":0.52,"y":0},"t":13,"s":[21,24.75],"to":[0,0],"ti":[0,0]},{"i":{"x":0.806,"y":0},"o":{"x":0.304,"y":0.859},"t":17,"s":[21.175,24.901],"to":[0,0],"ti":[0,0]},{"i":{"x":0.624,"y":0.215},"o":{"x":0.296,"y":0.561},"t":18,"s":[20.952,25.153],"to":[0,0],"ti":[0,0]},{"i":{"x":0.63,"y":1},"o":{"x":0.3,"y":0.303},"t":19,"s":[20.772,26.05],"to":[0,0],"ti":[0,0]},{"i":{"x":0.698,"y":0.968},"o":{"x":0.369,"y":0},"t":20,"s":[20.688,27.938],"to":[0,0],"ti":[0,0]},{"i":{"x":0.69,"y":0.569},"o":{"x":0.364,"y":0.137},"t":21,"s":[20.489,30.963],"to":[0,0],"ti":[0,0]},{"i":{"x":0.664,"y":0.537},"o":{"x":0.341,"y":0.273},"t":22,"s":[20.694,31.782],"to":[0,0],"ti":[0,0]},{"i":{"x":0.513,"y":1},"o":{"x":0.243,"y":0.42},"t":23,"s":[21.249,30.424],"to":[0,0],"ti":[0,0]},{"t":27,"s":[22.75,26]}],"ix":2},"a":{"a":0,"k":[0,0],"ix":1},"s":{"a":0,"k":[100,100],"ix":3},"r":{"a":0,"k":0,"ix":6},"o":{"a":0,"k":100,"ix":7},"sk":{"a":0,"k":0,"ix":4},"sa":{"a":0,"k":0,"ix":5},"nm":"Transform"}],"nm":"Group 3","np":2,"cix":2,"bm":0,"ix":3,"mn":"ADBE Vector Group","hd":false},{"ty":"gr","it":[{"ind":0,"ty":"sh","ix":1,"ks":{"a":0,"k":{"i":[[0,-2.14],[1.76,-0.78],[4.39,0],[1.25,2.76],[0.43,0],[0,2.49],[-1.83,0.57],[0,1.22],[-0.35,0.68],[-1.94,0],[0,0],[-1.76,0],[-0.56,-1.18],[0,0],[0,0],[-0.15,0.06],[-0.31,0.04],[-0.18,0],[0,-2.21],[0.15,-0.41]],"o":[[0,2.05],[-0.05,4.38],[-3.23,0],[-0.39,0.11],[-2.49,0],[0,-2.02],[-0.72,-0.87],[0,-0.82],[0.83,-1.62],[0,0],[0.25,-1.69],[1.4,0],[0,0],[0,0],[0.14,-0.07],[0.27,-0.11],[0.17,-0.03],[2.21,0],[0,0.46],[1.89,0.72]],"v":[[12,-0.25],[9,4.34],[1,12.25],[-6.27,7.58],[-7.5,7.75],[-12,3.25],[-8.84,-1.05],[-10,-4.25],[-9.45,-6.53],[-5,-9.25],[-4,-9.25],[-0.5,-12.25],[3,-10.25],[3.15,-9.8],[3.16,-9.78],[3.59,-9.98],[4.47,-10.21],[5,-10.25],[9,-6.25],[8.77,-4.93]],"c":true},"ix":2},"nm":"Path 1","mn":"ADBE Vector Shape - Group","hd":false},{"ty":"fl","c":{"a":0,"k":[1,0,0,1],"ix":4},"o":{"a":0,"k":100,"ix":5},"r":1,"bm":0,"nm":"Fill 1","mn":"ADBE Vector Graphic - Fill","hd":false},{"ty":"tr","p":{"a":1,"k":[{"i":{"x":0.5,"y":1},"o":{"x":0.5,"y":0},"t":5,"s":[16,24.25],"to":[0,0],"ti":[0,0]},{"i":{"x":0.4,"y":0.4},"o":{"x":0.5,"y":0.5},"t":13,"s":[12,23.25],"to":[0,0],"ti":[0,0]},{"i":{"x":0.69,"y":0.933},"o":{"x":0.358,"y":0},"t":20,"s":[12,23.25],"to":[0,0],"ti":[0,0]},{"i":{"x":0.691,"y":0.872},"o":{"x":0.36,"y":0.066},"t":21,"s":[12.075,24.53],"to":[0,0],"ti":[0,0]},{"i":{"x":0.687,"y":0.758},"o":{"x":0.358,"y":0.16},"t":22,"s":[12.511,25.961],"to":[0,0],"ti":[0,0]},{"i":{"x":0.675,"y":0.646},"o":{"x":0.347,"y":0.298},"t":23,"s":[13.823,26.421],"to":[0,0],"ti":[0,0]},{"i":{"x":0.63,"y":0.749},"o":{"x":0.318,"y":0.459},"t":24,"s":[14.823,25.667],"to":[0,0],"ti":[0,0]},{"i":{"x":0.64,"y":1},"o":{"x":0.166,"y":1},"t":26,"s":[15.855,24.08],"to":[0,0],"ti":[0,0]},{"t":27,"s":[15.813,23.982]}],"ix":2},"a":{"a":0,"k":[0,0],"ix":1},"s":{"a":0,"k":[100,100],"ix":3},"r":{"a":0,"k":0,"ix":6},"o":{"a":0,"k":100,"ix":7},"sk":{"a":0,"k":0,"ix":4},"sa":{"a":0,"k":0,"ix":5},"nm":"Transform"}],"nm":"Group 4","np":2,"cix":2,"bm":0,"ix":4,"mn":"ADBE Vector Group","hd":false}],"ip":0,"op":28,"st":0,"bm":0},{"ddd":0,"ind":11,"ty":4,"nm":"R Lettuce Leaf ","parent":1,"tt":2,"sr":1,"ks":{"o":{"a":0,"k":100,"ix":11},"r":{"a":0,"k":0,"ix":10},"p":{"a":1,"k":[{"i":{"x":0.5,"y":1},"o":{"x":0.5,"y":0},"t":5,"s":[0,0,0],"to":[0,0,0],"ti":[0,0,0]},{"i":{"x":0.5,"y":0.5},"o":{"x":0.5,"y":0.5},"t":13,"s":[3.25,-9.375,0],"to":[0,0,0],"ti":[0,0,0]},{"i":{"x":0.4,"y":1},"o":{"x":0.5,"y":0},"t":20,"s":[3.25,-9.375,0],"to":[0,0,0],"ti":[0,0,0]},{"t":27,"s":[0,0,0]}],"ix":2},"a":{"a":0,"k":[25,25,0],"ix":1},"s":{"a":0,"k":[100,100,100],"ix":6}},"ao":0,"shapes":[{"ty":"gr","it":[{"ind":0,"ty":"sh","ix":1,"ks":{"a":0,"k":{"i":[[0,-1.51],[2.49,0],[0.39,0.11],[3.23,0],[0.46,3.99],[0,2.16],[-2.34,0.62],[0,0.24],[-2.49,0],[-0.75,-0.58],[-1.28,0],[0,-1.66],[0.01,-0.03],[-0.34,0],[0,-2.76],[0.55,-0.81]],"o":[[0,2.49],[-0.43,0],[-1.25,2.76],[-4.11,0],[-1.81,-0.89],[0,-2.54],[-0.04,-0.23],[0,-2.49],[1.02,0],[0.42,-1.13],[1.66,0],[0,0.03],[0.33,-0.06],[2.76,0],[0,1.05],[1.14,0.82]],"v":[[12,2.75],[7.5,7.25],[6.27,7.08],[-1,11.75],[-8.95,4.67],[-12,-0.25],[-7.94,-5.55],[-8,-6.25],[-3.5,-10.75],[-0.79,-9.83],[2,-11.75],[5,-8.75],[4.99,-8.65],[6,-8.75],[11,-3.75],[10.12,-0.91]],"c":true},"ix":2},"nm":"Path 1","mn":"ADBE Vector Shape - Group","hd":false},{"ty":"st","c":{"a":0,"k":[0,0,0,1],"ix":3},"o":{"a":0,"k":100,"ix":4},"w":{"a":0,"k":2,"ix":5},"lc":2,"lj":2,"bm":0,"nm":"Stroke 1","mn":"ADBE Vector Graphic - Stroke","hd":false},{"ty":"tr","p":{"a":0,"k":[31,22.75],"ix":2},"a":{"a":0,"k":[0,0],"ix":1},"s":{"a":0,"k":[100,100],"ix":3},"r":{"a":0,"k":0,"ix":6},"o":{"a":0,"k":100,"ix":7},"sk":{"a":0,"k":0,"ix":4},"sa":{"a":0,"k":0,"ix":5},"nm":"Transform"}],"nm":"Group 1","np":2,"cix":2,"bm":0,"ix":1,"mn":"ADBE Vector Group","hd":false}],"ip":0,"op":28,"st":0,"bm":0},{"ddd":0,"ind":12,"ty":4,"nm":"Bowl ","parent":1,"sr":1,"ks":{"o":{"a":0,"k":100,"ix":11},"r":{"a":0,"k":0,"ix":10},"p":{"a":0,"k":[0,0,0],"ix":2},"a":{"a":0,"k":[25,25,0],"ix":1},"s":{"a":0,"k":[100,100,100],"ix":6}},"ao":0,"shapes":[{"ty":"gr","it":[{"ind":0,"ty":"sh","ix":1,"ks":{"a":0,"k":{"i":[[0,0],[0,0]],"o":[[0,0],[0,0]],"v":[[3,33],[47,33]],"c":false},"ix":2},"nm":"Path 1","mn":"ADBE Vector Shape - Group","hd":false},{"ty":"st","c":{"a":0,"k":[0,0,0,1],"ix":3},"o":{"a":0,"k":100,"ix":4},"w":{"a":0,"k":2,"ix":5},"lc":1,"lj":1,"ml":10,"bm":0,"nm":"Stroke 1","mn":"ADBE Vector Graphic - Stroke","hd":false},{"ty":"tr","p":{"a":0,"k":[0,0],"ix":2},"a":{"a":0,"k":[0,0],"ix":1},"s":{"a":0,"k":[100,100],"ix":3},"r":{"a":0,"k":0,"ix":6},"o":{"a":0,"k":100,"ix":7},"sk":{"a":0,"k":0,"ix":4},"sa":{"a":0,"k":0,"ix":5},"nm":"Transform"}],"nm":"Group 1","np":2,"cix":2,"bm":0,"ix":1,"mn":"ADBE Vector Group","hd":false},{"ty":"gr","it":[{"ind":0,"ty":"sh","ix":1,"ks":{"a":0,"k":{"i":[[0,0],[-1.804,1.971],[-0.481,11.032],[0.588,0],[0,0],[0,0],[0,0],[-0.028,-0.644],[-0.741,-0.814],[-8,0]],"o":[[8,0],[0.741,-0.814],[0.028,-0.644],[0,0],[0,0],[0,0],[-0.588,0],[0.481,11.037],[1.804,1.972],[0,0]],"v":[[1,10.375],[14.679,8.644],[22.999,-9.448],[21.951,-10.625],[20.801,-10.625],[-20.801,-10.625],[-21.951,-10.625],[-22.999,-9.447],[-14.679,8.653],[-1,10.375]],"c":true},"ix":2},"nm":"Path 1","mn":"ADBE Vector Shape - Group","hd":false},{"ty":"st","c":{"a":0,"k":[0,0,0,1],"ix":3},"o":{"a":0,"k":100,"ix":4},"w":{"a":0,"k":2,"ix":5},"lc":1,"lj":1,"ml":10,"bm":0,"nm":"Stroke 1","mn":"ADBE Vector Graphic - Stroke","hd":false},{"ty":"tr","p":{"a":0,"k":[25,36.625],"ix":2},"a":{"a":0,"k":[0,0],"ix":1},"s":{"a":0,"k":[100,100],"ix":3},"r":{"a":0,"k":0,"ix":6},"o":{"a":0,"k":100,"ix":7},"sk":{"a":0,"k":0,"ix":4},"sa":{"a":0,"k":0,"ix":5},"nm":"Transform"}],"nm":"Group 2","np":2,"cix":2,"bm":0,"ix":2,"mn":"ADBE Vector Group","hd":false}],"ip":0,"op":28,"st":0,"bm":0}],"markers":[{"tm":7,"cm":"","dr":0},{"tm":14,"cm":"","dr":0},{"tm":20,"cm":"","dr":0},{"tm":24,"cm":"","dr":0}]}