{"v":"5.5.9","fr":24,"ip":0,"op":28,"w":50,"h":50,"nm":"row-boat-1","ddd":0,"assets":[],"layers":[{"ddd":0,"ind":1,"ty":4,"nm":"waves","sr":1,"ks":{"o":{"a":0,"k":100,"ix":11},"r":{"a":0,"k":0,"ix":10},"p":{"a":1,"k":[{"i":{"x":0.667,"y":1},"o":{"x":0.333,"y":0},"t":0,"s":[49.917,25,0],"to":[-0.354,0,0],"ti":[1.896,0,0]},{"i":{"x":0.667,"y":1},"o":{"x":0.333,"y":0},"t":8,"s":[47.792,25,0],"to":[-1.896,0,0],"ti":[2.75,0,0]},{"i":{"x":0.667,"y":1},"o":{"x":0.333,"y":0},"t":14,"s":[38.542,25,0],"to":[-2.75,0,0],"ti":[2.302,0,0]},{"i":{"x":0.667,"y":1},"o":{"x":0.333,"y":0},"t":20,"s":[31.292,25,0],"to":[-2.302,0,0],"ti":[1.094,0,0]},{"t":28,"s":[24.729,25,0]}],"ix":2},"a":{"a":0,"k":[57.542,25,0],"ix":1},"s":{"a":0,"k":[100,100,100],"ix":6}},"ao":0,"shapes":[{"ty":"gr","it":[{"ind":0,"ty":"sh","ix":1,"ks":{"a":0,"k":{"i":[[0,0]],"o":[[0,0]],"v":[[42.75,52.75]],"c":false},"ix":2},"nm":"Path 1","mn":"ADBE Vector Shape - Group","hd":false},{"ty":"st","c":{"a":0,"k":[0,0,0,1],"ix":3},"o":{"a":0,"k":100,"ix":4},"w":{"a":0,"k":2,"ix":5},"lc":1,"lj":1,"ml":4,"bm":0,"nm":"Stroke 1","mn":"ADBE Vector Graphic - Stroke","hd":false},{"ty":"tr","p":{"a":0,"k":[0,0],"ix":2},"a":{"a":0,"k":[0,0],"ix":1},"s":{"a":0,"k":[100,100],"ix":3},"r":{"a":0,"k":0,"ix":6},"o":{"a":0,"k":100,"ix":7},"sk":{"a":0,"k":0,"ix":4},"sa":{"a":0,"k":0,"ix":5},"nm":"Transform"}],"nm":"Shape 1","np":3,"cix":2,"bm":0,"ix":1,"mn":"ADBE Vector Group","hd":false},{"ty":"gr","it":[{"ind":0,"ty":"sh","ix":1,"ks":{"a":0,"k":{"i":[[0,0],[-3.417,3.667],[-3.417,3.667],[-3.418,3.667],[0,0],[-3.417,3.667],[-3.417,3.667],[-3.418,3.667],[0,0],[-3.417,3.667],[-3.417,3.667],[-3.418,3.667]],"o":[[3.417,3.667],[3.418,3.667],[3.418,3.667],[0,0],[3.417,3.667],[3.418,3.667],[3.418,3.667],[0,0],[3.416,3.667],[3.418,3.667],[3.418,3.667],[0,0]],"v":[[-56.422,-1.833],[-43.891,-1.833],[-31.359,-1.833],[-18.829,-1.833],[-18.797,-1.833],[-6.266,-1.833],[6.266,-1.833],[18.797,-1.833],[18.829,-1.833],[31.359,-1.833],[43.891,-1.833],[56.422,-1.833]],"c":false},"ix":2},"nm":"Path 1","mn":"ADBE Vector Shape - Group","hd":false},{"ty":"st","c":{"a":0,"k":[0,0,0,1],"ix":3},"o":{"a":0,"k":100,"ix":4},"w":{"a":0,"k":2,"ix":5},"lc":2,"lj":2,"bm":0,"nm":"Stroke 1","mn":"ADBE Vector Graphic - Stroke","hd":false},{"ty":"tr","p":{"a":0,"k":[57.533,46.333],"ix":2},"a":{"a":0,"k":[0,0],"ix":1},"s":{"a":0,"k":[100,100],"ix":3},"r":{"a":0,"k":0,"ix":6},"o":{"a":0,"k":100,"ix":7},"sk":{"a":0,"k":0,"ix":4},"sa":{"a":0,"k":0,"ix":5},"nm":"Transform"}],"nm":"Group 1","np":2,"cix":2,"bm":0,"ix":2,"mn":"ADBE Vector Group","hd":false}],"ip":0,"op":28,"st":0,"bm":0},{"ddd":0,"ind":2,"ty":4,"nm":"head Outlines","sr":1,"ks":{"o":{"a":0,"k":100,"ix":11},"r":{"a":0,"k":0,"ix":10},"p":{"a":1,"k":[{"i":{"x":0.667,"y":1},"o":{"x":0.333,"y":0},"t":0,"s":[12.063,12,0],"to":[0.5,0,0],"ti":[-1.833,0,0]},{"i":{"x":0.667,"y":1},"o":{"x":0.333,"y":0},"t":8,"s":[15.063,12,0],"to":[1.833,0,0],"ti":[0,0,0]},{"i":{"x":0.667,"y":1},"o":{"x":0.333,"y":0},"t":14,"s":[23.063,12,0],"to":[0,0,0],"ti":[1.833,0,0]},{"i":{"x":0.667,"y":1},"o":{"x":0.333,"y":0},"t":20,"s":[15.063,12,0],"to":[-1.833,0,0],"ti":[0.5,0,0]},{"t":28,"s":[12.063,12,0]}],"ix":2},"a":{"a":0,"k":[9,9,0],"ix":1},"s":{"a":0,"k":[100,100,100],"ix":6}},"ao":0,"shapes":[{"ty":"gr","it":[{"ind":0,"ty":"sh","ix":1,"ks":{"a":0,"k":{"i":[[2.209,0],[0,-2.209],[-2.209,0],[0,2.209]],"o":[[-2.209,0],[0,2.209],[2.209,0],[0,-2.209]],"v":[[0,-4],[-4,0],[0,4],[4,0]],"c":true},"ix":2},"nm":"Path 1","mn":"ADBE Vector Shape - Group","hd":false},{"ty":"st","c":{"a":0,"k":[0,0,0,1],"ix":3},"o":{"a":0,"k":100,"ix":4},"w":{"a":0,"k":2,"ix":5},"lc":2,"lj":2,"bm":0,"nm":"Stroke 1","mn":"ADBE Vector Graphic - Stroke","hd":false},{"ty":"tr","p":{"a":0,"k":[9,9],"ix":2},"a":{"a":0,"k":[0,0],"ix":1},"s":{"a":0,"k":[100,100],"ix":3},"r":{"a":0,"k":0,"ix":6},"o":{"a":0,"k":100,"ix":7},"sk":{"a":0,"k":0,"ix":4},"sa":{"a":0,"k":0,"ix":5},"nm":"Transform"}],"nm":"Group 1","np":2,"cix":2,"bm":0,"ix":1,"mn":"ADBE Vector Group","hd":false}],"ip":0,"op":28,"st":0,"bm":0},{"ddd":0,"ind":3,"ty":4,"nm":"body Outlines 3","sr":1,"ks":{"o":{"a":0,"k":100,"ix":11},"r":{"a":0,"k":0,"ix":10},"p":{"a":0,"k":[13.604,26.959,0],"ix":2},"a":{"a":0,"k":[16.604,11.959,0],"ix":1},"s":{"a":0,"k":[100,100,100],"ix":6}},"ao":0,"shapes":[{"ty":"gr","it":[{"ind":0,"ty":"sh","ix":1,"ks":{"a":1,"k":[{"i":{"x":0.667,"y":1},"o":{"x":0.333,"y":0},"t":0,"s":[{"i":[[0,0],[0,0],[1.219,0],[0,0],[0,0],[0,-1.104],[-1.104,0],[0,0],[0,0],[0,0],[0,0],[0.352,-0.448],[0,0]],"o":[[0,0],[-0.535,-0.961],[0,0],[0,0],[-1.104,0],[0,1.104],[0,0],[0,0],[0,0],[0,0],[-0.552,-0.143],[0,0],[0,0]],"v":[[11.604,6.958],[5.243,-5.842],[2.396,-6.958],[-4.979,-6.938],[-9.604,-6.958],[-11.604,-4.958],[-9.604,-2.958],[-4.976,-2.948],[-0.581,-2.958],[2.937,3.999],[-1.071,2.611],[-2.559,3.113],[-2.896,3.542]],"c":false}]},{"i":{"x":0.667,"y":1},"o":{"x":0.333,"y":0},"t":8,"s":[{"i":[[0,0],[0,0],[1.188,-0.273],[0,0],[0,0],[0.313,-1.063],[-1,-0.5],[0,0],[0,0],[0,0],[0,0],[0.352,-0.448],[0,0]],"o":[[0,0],[-0.347,-0.952],[0,0],[0,0],[-0.812,-0.313],[-0.312,1.059],[0,0],[0,0],[0,0],[0,0],[-0.552,-0.143],[0,0],[0,0]],"v":[[11.604,6.958],[7.368,-5.85],[4.521,-6.967],[-3.167,-4.958],[-7.042,-6.271],[-9.667,-5.333],[-8.292,-2.896],[-3.479,-1.283],[1.232,-2.417],[2.937,3.999],[-1.071,2.611],[-2.559,3.113],[-2.896,3.542]],"c":false}]},{"i":{"x":0.667,"y":1},"o":{"x":0.333,"y":0},"t":14,"s":[{"i":[[0,0],[0,0],[1.219,0],[0,0],[0,0],[0.064,-1.106],[-1.125,-0.125],[0,0],[0,0],[0,0],[0,0],[0.251,-0.15],[0,0]],"o":[[0,0],[0.205,-1.238],[0,0],[0,0],[-1.187,-0.063],[-0.062,1.083],[0,0],[0,0],[0,0],[0,0],[-0.565,-0.055],[0,0],[0,0]],"v":[[10.602,6.967],[12.378,-4.845],[10.338,-6.962],[1.209,-6.979],[-4.479,-7.002],[-6.667,-5.21],[-4.854,-2.898],[1.271,-2.784],[5.982,-2.709],[4.844,4.001],[-2.304,3.488],[-3.589,3.785],[-4.036,4.121]],"c":false}]},{"i":{"x":0.667,"y":1},"o":{"x":0.333,"y":0},"t":20,"s":[{"i":[[0,0],[0,0],[1.125,-0.273],[0,0],[0,0],[0.313,-1.063],[-1,-0.5],[0,0],[0,0],[0,0],[0,0],[0.352,-0.448],[0,0]],"o":[[0,0],[-0.41,-0.984],[0,0],[0,0],[-0.812,-0.313],[-0.312,1.059],[0,0],[0,0],[0,0],[0,0],[-0.552,-0.143],[0,0],[0,0]],"v":[[11.604,6.958],[7.368,-5.85],[4.521,-6.967],[-3.167,-4.958],[-7.042,-6.271],[-9.667,-5.333],[-8.292,-2.896],[-3.479,-1.283],[1.232,-2.417],[2.937,3.999],[-1.071,2.611],[-2.559,3.113],[-2.896,3.542]],"c":false}]},{"t":28,"s":[{"i":[[0,0],[0,0],[1.219,0],[0,0],[0,0],[0,-1.104],[-1.104,0],[0,0],[0,0],[0,0],[0,0],[0.352,-0.448],[0,0]],"o":[[0,0],[-0.535,-0.961],[0,0],[0,0],[-1.104,0],[0,1.104],[0,0],[0,0],[0,0],[0,0],[-0.552,-0.143],[0,0],[0,0]],"v":[[11.604,6.958],[5.243,-5.842],[2.396,-6.958],[-4.885,-6.938],[-9.604,-6.958],[-11.604,-4.958],[-9.604,-2.958],[-4.851,-2.948],[-0.581,-2.958],[2.937,3.999],[-1.071,2.611],[-2.559,3.113],[-2.896,3.542]],"c":false}]}],"ix":2},"nm":"Path 1","mn":"ADBE Vector Shape - Group","hd":false},{"ty":"st","c":{"a":0,"k":[0,0,0,1],"ix":3},"o":{"a":0,"k":100,"ix":4},"w":{"a":0,"k":2,"ix":5},"lc":2,"lj":2,"bm":0,"nm":"Stroke 1","mn":"ADBE Vector Graphic - Stroke","hd":false},{"ty":"tr","p":{"a":0,"k":[16.604,11.958],"ix":2},"a":{"a":0,"k":[0,0],"ix":1},"s":{"a":0,"k":[100,100],"ix":3},"r":{"a":0,"k":0,"ix":6},"o":{"a":0,"k":100,"ix":7},"sk":{"a":0,"k":0,"ix":4},"sa":{"a":0,"k":0,"ix":5},"nm":"Transform"}],"nm":"Group 1","np":2,"cix":2,"bm":0,"ix":1,"mn":"ADBE Vector Group","hd":false}],"ip":0,"op":28,"st":0,"bm":0},{"ddd":0,"ind":4,"ty":4,"nm":"oar Outlines","sr":1,"ks":{"o":{"a":0,"k":100,"ix":11},"r":{"a":0,"k":0,"ix":10},"p":{"a":0,"k":[9.146,35.583,0],"ix":2},"a":{"a":0,"k":[6.104,12.375,0],"ix":1},"s":{"a":0,"k":[100,100,100],"ix":6}},"ao":0,"shapes":[{"ty":"gr","it":[{"ind":0,"ty":"sh","ix":1,"ks":{"a":1,"k":[{"i":{"x":0.667,"y":1},"o":{"x":0.333,"y":0},"t":0,"s":[{"i":[[0,0],[0,0]],"o":[[0,0],[0,0]],"v":[[5.104,11.375],[-5.104,-11.375]],"c":false}]},{"i":{"x":0.667,"y":1},"o":{"x":0.333,"y":0},"t":8,"s":[{"i":[[0,0],[0,0]],"o":[[0,0],[0,0]],"v":[[2.104,11.333],[-4.229,-11.625]],"c":false}]},{"i":{"x":0.667,"y":1},"o":{"x":0.333,"y":0},"t":14,"s":[{"i":[[0,0],[0,0]],"o":[[0,0],[0,0]],"v":[[-7.896,11.415],[-1.917,-11.73]],"c":false}]},{"i":{"x":0.667,"y":1},"o":{"x":0.333,"y":0},"t":20,"s":[{"i":[[0,0],[0,0]],"o":[[0,0],[0,0]],"v":[[1.104,3.665],[-3.917,-11.542]],"c":false}]},{"t":28,"s":[{"i":[[0,0],[0,0]],"o":[[0,0],[0,0]],"v":[[5.104,11.375],[-5.104,-11.375]],"c":false}]}],"ix":2},"nm":"Path 1","mn":"ADBE Vector Shape - Group","hd":false},{"ty":"st","c":{"a":0,"k":[0,0,0,1],"ix":3},"o":{"a":0,"k":100,"ix":4},"w":{"a":0,"k":2,"ix":5},"lc":2,"lj":2,"bm":0,"nm":"Stroke 1","mn":"ADBE Vector Graphic - Stroke","hd":false},{"ty":"tr","p":{"a":0,"k":[6.104,12.375],"ix":2},"a":{"a":0,"k":[0,0],"ix":1},"s":{"a":0,"k":[100,100],"ix":3},"r":{"a":0,"k":0,"ix":6},"o":{"a":0,"k":100,"ix":7},"sk":{"a":0,"k":0,"ix":4},"sa":{"a":0,"k":0,"ix":5},"nm":"Transform"}],"nm":"Group 1","np":2,"cix":2,"bm":0,"ix":1,"mn":"ADBE Vector Group","hd":false}],"ip":0,"op":28,"st":0,"bm":0},{"ddd":0,"ind":5,"ty":4,"nm":"head Outlines 2","sr":1,"ks":{"o":{"a":0,"k":100,"ix":11},"r":{"a":0,"k":0,"ix":10},"p":{"a":1,"k":[{"i":{"x":0.667,"y":1},"o":{"x":0.333,"y":0},"t":0,"s":[34.938,12,0],"to":[0.5,0,0],"ti":[-1.667,0,0]},{"i":{"x":0.667,"y":1},"o":{"x":0.333,"y":0},"t":8,"s":[37.938,12,0],"to":[1.667,0,0],"ti":[0,0,0]},{"i":{"x":0.667,"y":1},"o":{"x":0.333,"y":0},"t":14,"s":[44.938,12,0],"to":[0,0,0],"ti":[1.667,0,0]},{"i":{"x":0.667,"y":1},"o":{"x":0.333,"y":0},"t":20,"s":[37.938,12,0],"to":[-1.667,0,0],"ti":[0.5,0,0]},{"t":28,"s":[34.938,12,0]}],"ix":2},"a":{"a":0,"k":[9,9,0],"ix":1},"s":{"a":0,"k":[100,100,100],"ix":6}},"ao":0,"shapes":[{"ty":"gr","it":[{"ind":0,"ty":"sh","ix":1,"ks":{"a":0,"k":{"i":[[2.209,0],[0,-2.209],[-2.209,0],[0,2.209]],"o":[[-2.209,0],[0,2.209],[2.209,0],[0,-2.209]],"v":[[0,-4],[-4,0],[0,4],[4,0]],"c":true},"ix":2},"nm":"Path 1","mn":"ADBE Vector Shape - Group","hd":false},{"ty":"st","c":{"a":0,"k":[0,0,0,1],"ix":3},"o":{"a":0,"k":100,"ix":4},"w":{"a":0,"k":2,"ix":5},"lc":2,"lj":2,"bm":0,"nm":"Stroke 1","mn":"ADBE Vector Graphic - Stroke","hd":false},{"ty":"tr","p":{"a":0,"k":[9,9],"ix":2},"a":{"a":0,"k":[0,0],"ix":1},"s":{"a":0,"k":[100,100],"ix":3},"r":{"a":0,"k":0,"ix":6},"o":{"a":0,"k":100,"ix":7},"sk":{"a":0,"k":0,"ix":4},"sa":{"a":0,"k":0,"ix":5},"nm":"Transform"}],"nm":"Group 1","np":2,"cix":2,"bm":0,"ix":1,"mn":"ADBE Vector Group","hd":false}],"ip":0,"op":28,"st":0,"bm":0},{"ddd":0,"ind":6,"ty":4,"nm":"body Outlines 2","sr":1,"ks":{"o":{"a":0,"k":100,"ix":11},"r":{"a":0,"k":0,"ix":10},"p":{"a":0,"k":[36.604,26.959,0],"ix":2},"a":{"a":0,"k":[16.604,11.959,0],"ix":1},"s":{"a":0,"k":[100,100,100],"ix":6}},"ao":0,"shapes":[{"ty":"gr","it":[{"ind":0,"ty":"sh","ix":1,"ks":{"a":1,"k":[{"i":{"x":0.667,"y":1},"o":{"x":0.333,"y":0},"t":0,"s":[{"i":[[0,0],[0,0],[1.219,0],[0,0],[0,0],[0,-1.104],[-1.104,0],[0,0],[0,0],[0,0],[0,0],[0.352,-0.448],[0,0]],"o":[[0,0],[-0.535,-0.961],[0,0],[0,0],[-1.104,0],[0,1.104],[0,0],[0,0],[0,0],[0,0],[-0.552,-0.143],[0,0],[0,0]],"v":[[11.604,6.958],[5.243,-5.842],[2.396,-6.958],[-4.917,-6.938],[-9.604,-6.958],[-11.604,-4.958],[-9.604,-2.958],[-4.976,-2.948],[-0.581,-2.958],[2.937,3.999],[-1.071,2.611],[-2.559,3.113],[-2.896,3.542]],"c":false}]},{"i":{"x":0.667,"y":1},"o":{"x":0.333,"y":0},"t":8,"s":[{"i":[[0,0],[0,0],[1.094,-0.304],[0,0],[0,0],[0.313,-1.063],[-1,-0.5],[0,0],[0,0],[0,0],[0,0],[0.352,-0.448],[0,0]],"o":[[0,0],[-0.41,-1.046],[0,0],[0,0],[-0.812,-0.313],[-0.312,1.059],[0,0],[0,0],[0,0],[0,0],[-0.552,-0.143],[0,0],[0,0]],"v":[[11.604,6.958],[7.368,-5.85],[4.521,-6.967],[-3.167,-4.958],[-7.042,-6.271],[-9.667,-5.333],[-8.292,-2.896],[-3.479,-1.283],[1.232,-2.417],[2.937,3.999],[-1.071,2.611],[-2.559,3.113],[-2.896,3.542]],"c":false}]},{"i":{"x":0.667,"y":1},"o":{"x":0.333,"y":0},"t":14,"s":[{"i":[[0,0],[0,0],[1.219,0],[0,0],[0,0],[0.064,-1.106],[-1.125,-0.125],[0,0],[0,0],[0,0],[0,0],[0.251,-0.15],[0,0]],"o":[[0,0],[0.174,-1.332],[0,0],[0,0],[-1.187,-0.063],[-0.062,1.083],[0,0],[0,0],[0,0],[0,0],[-0.565,-0.055],[0,0],[0,0]],"v":[[10.602,6.967],[12.378,-4.845],[10.338,-6.962],[0.615,-6.979],[-4.479,-7.002],[-6.667,-5.21],[-4.854,-2.898],[0.646,-2.772],[5.982,-2.709],[4.844,4.001],[-2.304,3.488],[-3.589,3.785],[-4.036,4.121]],"c":false}]},{"i":{"x":0.667,"y":1},"o":{"x":0.333,"y":0},"t":20,"s":[{"i":[[0,0],[0,0],[1.156,-0.273],[0,0],[0,0],[0.313,-1.063],[-1,-0.5],[0,0],[0,0],[0,0],[0,0],[0.352,-0.448],[0,0]],"o":[[0,0],[-0.347,-1.015],[0,0],[0,0],[-0.812,-0.313],[-0.312,1.059],[0,0],[0,0],[0,0],[0,0],[-0.552,-0.143],[0,0],[0,0]],"v":[[11.604,6.958],[7.368,-5.85],[4.521,-6.967],[-3.167,-4.958],[-7.042,-6.271],[-9.667,-5.333],[-8.292,-2.896],[-3.479,-1.283],[1.232,-2.417],[2.937,3.999],[-1.071,2.611],[-2.559,3.113],[-2.896,3.542]],"c":false}]},{"t":28,"s":[{"i":[[0,0],[0,0],[1.219,0],[0,0],[0,0],[0,-1.104],[-1.104,0],[0,0],[0,0],[0,0],[0,0],[0.352,-0.448],[0,0]],"o":[[0,0],[-0.535,-0.961],[0,0],[0,0],[-1.104,0],[0,1.104],[0,0],[0,0],[0,0],[0,0],[-0.552,-0.143],[0,0],[0,0]],"v":[[11.604,6.958],[5.243,-5.842],[2.396,-6.958],[-5.073,-6.938],[-9.604,-6.958],[-11.604,-4.958],[-9.604,-2.958],[-5.101,-2.948],[-0.581,-2.958],[2.937,3.999],[-1.071,2.611],[-2.559,3.113],[-2.896,3.542]],"c":false}]}],"ix":2},"nm":"Path 1","mn":"ADBE Vector Shape - Group","hd":false},{"ty":"st","c":{"a":0,"k":[0,0,0,1],"ix":3},"o":{"a":0,"k":100,"ix":4},"w":{"a":0,"k":2,"ix":5},"lc":2,"lj":2,"bm":0,"nm":"Stroke 1","mn":"ADBE Vector Graphic - Stroke","hd":false},{"ty":"tr","p":{"a":0,"k":[16.604,11.958],"ix":2},"a":{"a":0,"k":[0,0],"ix":1},"s":{"a":0,"k":[100,100],"ix":3},"r":{"a":0,"k":0,"ix":6},"o":{"a":0,"k":100,"ix":7},"sk":{"a":0,"k":0,"ix":4},"sa":{"a":0,"k":0,"ix":5},"nm":"Transform"}],"nm":"Group 1","np":2,"cix":2,"bm":0,"ix":1,"mn":"ADBE Vector Group","hd":false}],"ip":0,"op":28,"st":0,"bm":0},{"ddd":0,"ind":7,"ty":4,"nm":"oar Outlines 2","sr":1,"ks":{"o":{"a":0,"k":100,"ix":11},"r":{"a":0,"k":0,"ix":10},"p":{"a":0,"k":[32.146,35.583,0],"ix":2},"a":{"a":0,"k":[6.104,12.375,0],"ix":1},"s":{"a":0,"k":[100,100,100],"ix":6}},"ao":0,"shapes":[{"ty":"gr","it":[{"ind":0,"ty":"sh","ix":1,"ks":{"a":1,"k":[{"i":{"x":0.667,"y":1},"o":{"x":0.333,"y":0},"t":0,"s":[{"i":[[0,0],[0,0]],"o":[[0,0],[0,0]],"v":[[5.104,11.375],[-5.104,-11.375]],"c":false}]},{"i":{"x":0.667,"y":1},"o":{"x":0.333,"y":0},"t":8,"s":[{"i":[[0,0],[0,0]],"o":[[0,0],[0,0]],"v":[[2.104,11.333],[-4.042,-11.688]],"c":false}]},{"i":{"x":0.667,"y":1},"o":{"x":0.333,"y":0},"t":14,"s":[{"i":[[0,0],[0,0]],"o":[[0,0],[0,0]],"v":[[-7.896,11.415],[-1.792,-11.917]],"c":false}]},{"i":{"x":0.667,"y":1},"o":{"x":0.333,"y":0},"t":20,"s":[{"i":[[0,0],[0,0]],"o":[[0,0],[0,0]],"v":[[1.104,3.665],[-3.917,-11.542]],"c":false}]},{"t":28,"s":[{"i":[[0,0],[0,0]],"o":[[0,0],[0,0]],"v":[[5.104,11.375],[-5.104,-11.375]],"c":false}]}],"ix":2},"nm":"Path 1","mn":"ADBE Vector Shape - Group","hd":false},{"ty":"st","c":{"a":0,"k":[0,0,0,1],"ix":3},"o":{"a":0,"k":100,"ix":4},"w":{"a":0,"k":2,"ix":5},"lc":2,"lj":2,"bm":0,"nm":"Stroke 1","mn":"ADBE Vector Graphic - Stroke","hd":false},{"ty":"tr","p":{"a":0,"k":[6.104,12.375],"ix":2},"a":{"a":0,"k":[0,0],"ix":1},"s":{"a":0,"k":[100,100],"ix":3},"r":{"a":0,"k":0,"ix":6},"o":{"a":0,"k":100,"ix":7},"sk":{"a":0,"k":0,"ix":4},"sa":{"a":0,"k":0,"ix":5},"nm":"Transform"}],"nm":"Group 1","np":2,"cix":2,"bm":0,"ix":1,"mn":"ADBE Vector Group","hd":false}],"ip":0,"op":28,"st":0,"bm":0},{"ddd":0,"ind":8,"ty":4,"nm":"boat1 Outlines","sr":1,"ks":{"o":{"a":0,"k":100,"ix":11},"r":{"a":0,"k":0,"ix":10},"p":{"a":0,"k":[4.5,34,0],"ix":2},"a":{"a":0,"k":[4.5,1,0],"ix":1},"s":{"a":0,"k":[100,100,100],"ix":6}},"ao":0,"shapes":[{"ty":"gr","it":[{"ind":0,"ty":"sh","ix":1,"ks":{"a":1,"k":[{"i":{"x":0.667,"y":1},"o":{"x":0.333,"y":0},"t":0,"s":[{"i":[[0,0],[0,0]],"o":[[0,0],[0,0]],"v":[[1,1],[8,1]],"c":false}]},{"i":{"x":0.667,"y":1},"o":{"x":0.333,"y":0},"t":8,"s":[{"i":[[0,0],[0,0]],"o":[[0,0],[0,0]],"v":[[1,1],[7.063,1]],"c":false}]},{"i":{"x":0.667,"y":1},"o":{"x":0.333,"y":0},"t":14,"s":[{"i":[[0,0],[0,0]],"o":[[0,0],[0,0]],"v":[[1,1],[4.125,1]],"c":false}]},{"i":{"x":0.667,"y":1},"o":{"x":0.333,"y":0},"t":20,"s":[{"i":[[0,0],[0,0]],"o":[[0,0],[0,0]],"v":[[1,1],[7.938,1]],"c":false}]},{"t":28,"s":[{"i":[[0,0],[0,0]],"o":[[0,0],[0,0]],"v":[[1,1],[8,1]],"c":false}]}],"ix":2},"nm":"Path 1","mn":"ADBE Vector Shape - Group","hd":false},{"ty":"st","c":{"a":0,"k":[0,0,0,1],"ix":3},"o":{"a":0,"k":100,"ix":4},"w":{"a":0,"k":2,"ix":5},"lc":2,"lj":2,"bm":0,"nm":"Stroke 1","mn":"ADBE Vector Graphic - Stroke","hd":false},{"ty":"tr","p":{"a":0,"k":[0,0],"ix":2},"a":{"a":0,"k":[0,0],"ix":1},"s":{"a":0,"k":[100,100],"ix":3},"r":{"a":0,"k":0,"ix":6},"o":{"a":0,"k":100,"ix":7},"sk":{"a":0,"k":0,"ix":4},"sa":{"a":0,"k":0,"ix":5},"nm":"Transform"}],"nm":"Group 1","np":2,"cix":2,"bm":0,"ix":1,"mn":"ADBE Vector Group","hd":false}],"ip":0,"op":28,"st":0,"bm":0},{"ddd":0,"ind":9,"ty":4,"nm":"boat2 Outlines","sr":1,"ks":{"o":{"a":0,"k":100,"ix":11},"r":{"a":0,"k":0,"ix":10},"p":{"a":0,"k":[22,34,0],"ix":2},"a":{"a":0,"k":[10,1,0],"ix":1},"s":{"a":0,"k":[100,100,100],"ix":6}},"ao":0,"shapes":[{"ty":"gr","it":[{"ind":0,"ty":"sh","ix":1,"ks":{"a":1,"k":[{"i":{"x":0.667,"y":1},"o":{"x":0.333,"y":0},"t":0,"s":[{"i":[[0,0],[0,0]],"o":[[0,0],[0,0]],"v":[[1.004,1],[19.004,1]],"c":false}]},{"i":{"x":0.667,"y":1},"o":{"x":0.333,"y":0},"t":8,"s":[{"i":[[0,0],[0,0]],"o":[[0,0],[0,0]],"v":[[-0.25,1],[17.75,1]],"c":false}]},{"i":{"x":0.667,"y":1},"o":{"x":0.333,"y":0},"t":14,"s":[{"i":[[0,0],[0,0]],"o":[[0,0],[0,0]],"v":[[-3.813,1],[14.5,1]],"c":false}]},{"i":{"x":0.667,"y":1},"o":{"x":0.333,"y":0},"t":20,"s":[{"i":[[0,0],[0,0]],"o":[[0,0],[0,0]],"v":[[0.938,1],[18.938,1]],"c":false}]},{"t":28,"s":[{"i":[[0,0],[0,0]],"o":[[0,0],[0,0]],"v":[[1,1],[19,1]],"c":false}]}],"ix":2},"nm":"Path 1","mn":"ADBE Vector Shape - Group","hd":false},{"ty":"st","c":{"a":0,"k":[0,0,0,1],"ix":3},"o":{"a":0,"k":100,"ix":4},"w":{"a":0,"k":2,"ix":5},"lc":2,"lj":2,"bm":0,"nm":"Stroke 1","mn":"ADBE Vector Graphic - Stroke","hd":false},{"ty":"tr","p":{"a":0,"k":[0,0],"ix":2},"a":{"a":0,"k":[0,0],"ix":1},"s":{"a":0,"k":[100,100],"ix":3},"r":{"a":0,"k":0,"ix":6},"o":{"a":0,"k":100,"ix":7},"sk":{"a":0,"k":0,"ix":4},"sa":{"a":0,"k":0,"ix":5},"nm":"Transform"}],"nm":"Group 1","np":2,"cix":2,"bm":0,"ix":1,"mn":"ADBE Vector Group","hd":false}],"ip":0,"op":28,"st":0,"bm":0},{"ddd":0,"ind":10,"ty":4,"nm":"boat3 Outlines","sr":1,"ks":{"o":{"a":0,"k":100,"ix":11},"r":{"a":0,"k":0,"ix":10},"p":{"a":0,"k":[42.5,34,0],"ix":2},"a":{"a":0,"k":[7.5,1,0],"ix":1},"s":{"a":0,"k":[100,100,100],"ix":6}},"ao":0,"shapes":[{"ty":"gr","it":[{"ind":0,"ty":"sh","ix":1,"ks":{"a":1,"k":[{"i":{"x":0.667,"y":1},"o":{"x":0.333,"y":0},"t":0,"s":[{"i":[[0,0],[0,0]],"o":[[0,0],[0,0]],"v":[[1,1],[14,1]],"c":false}]},{"i":{"x":0.667,"y":1},"o":{"x":0.333,"y":0},"t":8,"s":[{"i":[[0,0],[0,0]],"o":[[0,0],[0,0]],"v":[[-0.313,1],[14,1]],"c":false}]},{"i":{"x":0.667,"y":1},"o":{"x":0.333,"y":0},"t":14,"s":[{"i":[[0,0],[0,0]],"o":[[0,0],[0,0]],"v":[[-3.75,1],[14,1]],"c":false}]},{"i":{"x":0.667,"y":1},"o":{"x":0.333,"y":0},"t":20,"s":[{"i":[[0,0],[0,0]],"o":[[0,0],[0,0]],"v":[[0.938,1],[14,1]],"c":false}]},{"t":28,"s":[{"i":[[0,0],[0,0]],"o":[[0,0],[0,0]],"v":[[1,1],[14,1]],"c":false}]}],"ix":2},"nm":"Path 1","mn":"ADBE Vector Shape - Group","hd":false},{"ty":"st","c":{"a":0,"k":[0,0,0,1],"ix":3},"o":{"a":0,"k":100,"ix":4},"w":{"a":0,"k":2,"ix":5},"lc":2,"lj":2,"bm":0,"nm":"Stroke 1","mn":"ADBE Vector Graphic - Stroke","hd":false},{"ty":"tr","p":{"a":0,"k":[0,0],"ix":2},"a":{"a":0,"k":[0,0],"ix":1},"s":{"a":0,"k":[100,100],"ix":3},"r":{"a":0,"k":0,"ix":6},"o":{"a":0,"k":100,"ix":7},"sk":{"a":0,"k":0,"ix":4},"sa":{"a":0,"k":0,"ix":5},"nm":"Transform"}],"nm":"Group 1","np":2,"cix":2,"bm":0,"ix":1,"mn":"ADBE Vector Group","hd":false}],"ip":0,"op":28,"st":0,"bm":0}],"markers":[]}