{"v":"5.4.4","fr":24,"ip":0,"op":28,"w":50,"h":50,"nm":"drag-left","ddd":0,"assets":[],"layers":[{"ddd":0,"ind":1,"ty":4,"nm":"Tap Outlines 3","sr":1,"ks":{"o":{"a":0,"k":100,"ix":11},"r":{"a":0,"k":0,"ix":10},"p":{"s":true,"x":{"a":1,"k":[{"i":{"x":[0.667],"y":[1]},"o":{"x":[0.333],"y":[0]},"t":5,"s":[32],"e":[20]},{"i":{"x":[0.833],"y":[1]},"o":{"x":[0.167],"y":[0]},"t":21,"s":[20],"e":[32]},{"t":25}],"ix":3},"y":{"a":0,"k":25,"ix":4}},"a":{"a":0,"k":[25,25,0],"ix":1},"s":{"a":1,"k":[{"i":{"x":[0.667,0.667,0.667],"y":[1,1,1]},"o":{"x":[0.167,0.167,0.167],"y":[0.167,0.167,-0.327]},"t":5,"s":[100,100,100],"e":[98,98,100]},{"i":{"x":[0.667,0.667,0.667],"y":[1,1,1]},"o":{"x":[0.333,0.333,0.333],"y":[0,0,0]},"t":9,"s":[98,98,100],"e":[98,98,100]},{"i":{"x":[0.667,0.667,0.667],"y":[1,1,1]},"o":{"x":[0.333,0.333,0.333],"y":[0,0,0]},"t":21,"s":[98,98,100],"e":[100,100,100]},{"t":25}],"ix":6}},"ao":0,"shapes":[{"ty":"gr","it":[{"ind":0,"ty":"sh","ix":1,"ks":{"a":0,"k":{"i":[[0,0],[0,0],[-1.657,0],[0,-1.657],[0,0],[4.418,0],[0,0],[2.25,2.25],[0,0],[-1.172,1.172],[-1.172,-1.172],[0,0]],"o":[[0,0],[0,-1.657],[1.657,0],[0,0],[0,4.418],[0,0],[-3.182,-0.001],[0,0],[-1.172,-1.172],[1.172,-1.172],[0,0],[0,0]],"v":[[12.146,-8],[12.146,-9],[15.146,-12],[18.146,-9],[18.146,4.001],[10.146,12],[2.872,11.999],[-5.611,8.484],[-16.975,-2.879],[-16.975,-7.122],[-12.732,-7.122],[-5.855,-0.245]],"c":false},"ix":2},"nm":"Path 1","mn":"ADBE Vector Shape - Group","hd":false},{"ty":"st","c":{"a":0,"k":[0,0,0,1],"ix":3},"o":{"a":0,"k":100,"ix":4},"w":{"a":0,"k":2,"ix":5},"lc":2,"lj":2,"bm":0,"nm":"Stroke 1","mn":"ADBE Vector Graphic - Stroke","hd":false},{"ty":"tr","p":{"a":0,"k":[23.854,35],"ix":2},"a":{"a":0,"k":[0,0],"ix":1},"s":{"a":0,"k":[100,100],"ix":3},"r":{"a":0,"k":0,"ix":6},"o":{"a":0,"k":100,"ix":7},"sk":{"a":0,"k":0,"ix":4},"sa":{"a":0,"k":0,"ix":5},"nm":"Transform"}],"nm":"Group 1","np":2,"cix":2,"bm":0,"ix":1,"mn":"ADBE Vector Group","hd":false},{"ty":"gr","it":[{"ind":0,"ty":"sh","ix":1,"ks":{"a":0,"k":{"i":[[0,0],[0,0],[-1.657,0],[0,-1.657],[0,0]],"o":[[0,0],[0,-1.657],[1.657,0],[0,0],[0,0]],"v":[[-3,1.5],[-3,0.5],[0,-2.5],[3,0.5],[3,2.5]],"c":false},"ix":2},"nm":"Path 1","mn":"ADBE Vector Shape - Group","hd":false},{"ty":"st","c":{"a":0,"k":[0,0,0,1],"ix":3},"o":{"a":0,"k":100,"ix":4},"w":{"a":0,"k":2,"ix":5},"lc":2,"lj":2,"bm":0,"nm":"Stroke 1","mn":"ADBE Vector Graphic - Stroke","hd":false},{"ty":"tr","p":{"a":0,"k":[33,23.5],"ix":2},"a":{"a":0,"k":[0,0],"ix":1},"s":{"a":0,"k":[100,100],"ix":3},"r":{"a":0,"k":0,"ix":6},"o":{"a":0,"k":100,"ix":7},"sk":{"a":0,"k":0,"ix":4},"sa":{"a":0,"k":0,"ix":5},"nm":"Transform"}],"nm":"Group 2","np":2,"cix":2,"bm":0,"ix":2,"mn":"ADBE Vector Group","hd":false},{"ty":"gr","it":[{"ind":0,"ty":"sh","ix":1,"ks":{"a":0,"k":{"i":[[0,0],[0,0],[-1.657,0],[0,-1.657],[0,0]],"o":[[0,0],[0,-1.657],[1.657,0],[0,0],[0,0]],"v":[[-3,2.5],[-3,0.5],[0,-2.5],[3,0.5],[3,2.5]],"c":false},"ix":2},"nm":"Path 1","mn":"ADBE Vector Shape - Group","hd":false},{"ty":"st","c":{"a":0,"k":[0,0,0,1],"ix":3},"o":{"a":0,"k":100,"ix":4},"w":{"a":0,"k":2,"ix":5},"lc":2,"lj":2,"bm":0,"nm":"Stroke 1","mn":"ADBE Vector Graphic - Stroke","hd":false},{"ty":"tr","p":{"a":0,"k":[27,22.5],"ix":2},"a":{"a":0,"k":[0,0],"ix":1},"s":{"a":0,"k":[100,100],"ix":3},"r":{"a":0,"k":0,"ix":6},"o":{"a":0,"k":100,"ix":7},"sk":{"a":0,"k":0,"ix":4},"sa":{"a":0,"k":0,"ix":5},"nm":"Transform"}],"nm":"Group 3","np":2,"cix":2,"bm":0,"ix":3,"mn":"ADBE Vector Group","hd":false},{"ty":"gr","it":[{"ind":0,"ty":"sh","ix":1,"ks":{"a":1,"k":[{"i":{"x":0.667,"y":1},"o":{"x":0.333,"y":0},"t":3,"s":[{"i":[[0,0],[0,0],[-1.657,0],[0,-1.657],[0,0]],"o":[[0,0],[0,-1.657],[1.657,0],[0,0],[0,0]],"v":[[-3,13.878],[-3,-10.878],[0,-13.878],[3,-10.878],[3,4.122]],"c":false}],"e":[{"i":[[0,0],[0,0],[-1.657,0],[0,-1.657],[0,0]],"o":[[0,0],[0,-1.657],[1.657,0],[0,0],[0,0]],"v":[[-3,13.878],[-3,-11.361],[0,-14.361],[3,-11.361],[3,4.122]],"c":false}]},{"i":{"x":0.667,"y":1},"o":{"x":0.333,"y":0},"t":5,"s":[{"i":[[0,0],[0,0],[-1.657,0],[0,-1.657],[0,0]],"o":[[0,0],[0,-1.657],[1.657,0],[0,0],[0,0]],"v":[[-3,13.878],[-3,-11.361],[0,-14.361],[3,-11.361],[3,4.122]],"c":false}],"e":[{"i":[[0,0],[0,0],[-1.657,0],[0,-1.657],[0,0]],"o":[[0,0],[0,-1.657],[1.657,0],[0,0],[0,0]],"v":[[-3,13.878],[-3,-7.179],[0,-10.179],[3,-7.179],[3,4.122]],"c":false}]},{"i":{"x":0.833,"y":0.833},"o":{"x":0.333,"y":0},"t":9,"s":[{"i":[[0,0],[0,0],[-1.657,0],[0,-1.657],[0,0]],"o":[[0,0],[0,-1.657],[1.657,0],[0,0],[0,0]],"v":[[-3,13.878],[-3,-7.179],[0,-10.179],[3,-7.179],[3,4.122]],"c":false}],"e":[{"i":[[0,0],[0,0],[-1.657,-0.023],[0.023,-1.657],[0,0]],"o":[[0,0],[0.023,-1.657],[1.657,0.023],[0,0],[0,0]],"v":[[-3,13.878],[-1.503,-7.241],[1.539,-10.198],[4.496,-7.156],[3,4.122]],"c":false}]},{"i":{"x":0.667,"y":1},"o":{"x":0.167,"y":0.167},"t":13,"s":[{"i":[[0,0],[0,0],[-1.657,-0.023],[0.023,-1.657],[0,0]],"o":[[0,0],[0.023,-1.657],[1.657,0.023],[0,0],[0,0]],"v":[[-3,13.878],[-1.503,-7.241],[1.539,-10.198],[4.496,-7.156],[3,4.122]],"c":false}],"e":[{"i":[[0,0],[0,0],[-1.657,0],[0,-1.657],[0,0]],"o":[[0,0],[0,-1.657],[1.657,0],[0,0],[0,0]],"v":[[-3,13.878],[-3,-7.179],[0,-10.179],[3,-7.179],[3,4.122]],"c":false}]},{"i":{"x":0.667,"y":1},"o":{"x":0.333,"y":0},"t":21,"s":[{"i":[[0,0],[0,0],[-1.657,0],[0,-1.657],[0,0]],"o":[[0,0],[0,-1.657],[1.657,0],[0,0],[0,0]],"v":[[-3,13.878],[-3,-7.179],[0,-10.179],[3,-7.179],[3,4.122]],"c":false}],"e":[{"i":[[0,0],[0,0],[-1.657,0],[0,-1.657],[0,0]],"o":[[0,0],[0,-1.657],[1.657,0],[0,0],[0,0]],"v":[[-3,13.878],[-3,-10.878],[0,-13.878],[3,-10.878],[3,4.122]],"c":false}]},{"t":25}],"ix":2},"nm":"Path 1","mn":"ADBE Vector Shape - Group","hd":false},{"ty":"st","c":{"a":0,"k":[0,0,0,1],"ix":3},"o":{"a":0,"k":100,"ix":4},"w":{"a":0,"k":2,"ix":5},"lc":2,"lj":2,"bm":0,"nm":"Stroke 1","mn":"ADBE Vector Graphic - Stroke","hd":false},{"ty":"tr","p":{"a":0,"k":[21,20.878],"ix":2},"a":{"a":0,"k":[0,0],"ix":1},"s":{"a":0,"k":[100,100],"ix":3},"r":{"a":0,"k":0,"ix":6},"o":{"a":0,"k":100,"ix":7},"sk":{"a":0,"k":0,"ix":4},"sa":{"a":0,"k":0,"ix":5},"nm":"Transform"}],"nm":"Group 4","np":2,"cix":2,"bm":0,"ix":4,"mn":"ADBE Vector Group","hd":false}],"ip":0,"op":28,"st":0,"bm":0},{"ddd":0,"ind":2,"ty":4,"nm":"Tap Outlines 2","parent":1,"td":1,"sr":1,"ks":{"o":{"a":0,"k":100,"ix":11},"r":{"a":0,"k":0,"ix":10},"p":{"a":0,"k":[25,25,0],"ix":2},"a":{"a":0,"k":[25,25,0],"ix":1},"s":{"a":1,"k":[{"i":{"x":[0.667,0.667,0.667],"y":[1,1,1]},"o":{"x":[0.167,0.167,0.167],"y":[0.167,0.167,0]},"t":5,"s":[102.041,102.041,100],"e":[100,100,100]},{"i":{"x":[0.667,0.667,0.667],"y":[1,1,1]},"o":{"x":[0.333,0.333,0.333],"y":[0,0,0]},"t":9,"s":[100,100,100],"e":[100,100,100]},{"i":{"x":[0.667,0.667,0.667],"y":[1,1,1]},"o":{"x":[0.333,0.333,0.333],"y":[0,0,0]},"t":21,"s":[100,100,100],"e":[102.041,102.041,100]},{"t":25}],"ix":6}},"ao":0,"shapes":[{"ty":"gr","it":[{"ind":0,"ty":"sh","ix":1,"ks":{"a":0,"k":{"i":[[0,0],[0,0],[-1.657,0],[0,-1.657],[0,0],[4.418,0],[0,0],[2.25,2.25],[0,0],[-1.172,1.172],[-1.172,-1.172],[0,0]],"o":[[0,0],[0,-1.657],[1.657,0],[0,0],[0,4.418],[0,0],[-3.182,-0.001],[0,0],[-1.172,-1.172],[1.172,-1.172],[0,0],[0,0]],"v":[[12.146,-8],[12.146,-9],[15.146,-12],[18.146,-9],[18.146,4.001],[10.146,12],[2.872,11.999],[-5.611,8.484],[-16.975,-2.879],[-16.975,-7.122],[-12.732,-7.122],[-5.855,-0.245]],"c":false},"ix":2},"nm":"Path 1","mn":"ADBE Vector Shape - Group","hd":false},{"ty":"fl","c":{"a":0,"k":[1,0,0,1],"ix":4},"o":{"a":0,"k":100,"ix":5},"r":1,"bm":0,"nm":"Fill 1","mn":"ADBE Vector Graphic - Fill","hd":false},{"ty":"st","c":{"a":0,"k":[0,0,0,1],"ix":3},"o":{"a":0,"k":100,"ix":4},"w":{"a":0,"k":2,"ix":5},"lc":2,"lj":2,"bm":0,"nm":"Stroke 1","mn":"ADBE Vector Graphic - Stroke","hd":false},{"ty":"tr","p":{"a":0,"k":[23.854,35],"ix":2},"a":{"a":0,"k":[0,0],"ix":1},"s":{"a":0,"k":[100,100],"ix":3},"r":{"a":0,"k":0,"ix":6},"o":{"a":0,"k":100,"ix":7},"sk":{"a":0,"k":0,"ix":4},"sa":{"a":0,"k":0,"ix":5},"nm":"Transform"}],"nm":"Group 1","np":3,"cix":2,"bm":0,"ix":1,"mn":"ADBE Vector Group","hd":false},{"ty":"gr","it":[{"ind":0,"ty":"sh","ix":1,"ks":{"a":0,"k":{"i":[[0,0],[0,0],[-1.657,0],[0,-1.657],[0,0]],"o":[[0,0],[0,-1.657],[1.657,0],[0,0],[0,0]],"v":[[-3,1.5],[-3,0.5],[0,-2.5],[3,0.5],[3,2.5]],"c":false},"ix":2},"nm":"Path 1","mn":"ADBE Vector Shape - Group","hd":false},{"ty":"fl","c":{"a":0,"k":[1,0,0,1],"ix":4},"o":{"a":0,"k":100,"ix":5},"r":1,"bm":0,"nm":"Fill 1","mn":"ADBE Vector Graphic - Fill","hd":false},{"ty":"st","c":{"a":0,"k":[0,0,0,1],"ix":3},"o":{"a":0,"k":100,"ix":4},"w":{"a":0,"k":2,"ix":5},"lc":2,"lj":2,"bm":0,"nm":"Stroke 1","mn":"ADBE Vector Graphic - Stroke","hd":false},{"ty":"tr","p":{"a":0,"k":[33,23.5],"ix":2},"a":{"a":0,"k":[0,0],"ix":1},"s":{"a":0,"k":[100,100],"ix":3},"r":{"a":0,"k":0,"ix":6},"o":{"a":0,"k":100,"ix":7},"sk":{"a":0,"k":0,"ix":4},"sa":{"a":0,"k":0,"ix":5},"nm":"Transform"}],"nm":"Group 2","np":3,"cix":2,"bm":0,"ix":2,"mn":"ADBE Vector Group","hd":false},{"ty":"gr","it":[{"ind":0,"ty":"sh","ix":1,"ks":{"a":0,"k":{"i":[[0,0],[0,0],[-1.657,0],[0,-1.657],[0,0]],"o":[[0,0],[0,-1.657],[1.657,0],[0,0],[0,0]],"v":[[-3,2.5],[-3,0.5],[0,-2.5],[3,0.5],[3,2.5]],"c":false},"ix":2},"nm":"Path 1","mn":"ADBE Vector Shape - Group","hd":false},{"ty":"fl","c":{"a":0,"k":[1,0,0,1],"ix":4},"o":{"a":0,"k":100,"ix":5},"r":1,"bm":0,"nm":"Fill 1","mn":"ADBE Vector Graphic - Fill","hd":false},{"ty":"st","c":{"a":0,"k":[0,0,0,1],"ix":3},"o":{"a":0,"k":100,"ix":4},"w":{"a":0,"k":2,"ix":5},"lc":2,"lj":2,"bm":0,"nm":"Stroke 1","mn":"ADBE Vector Graphic - Stroke","hd":false},{"ty":"tr","p":{"a":0,"k":[27,22.5],"ix":2},"a":{"a":0,"k":[0,0],"ix":1},"s":{"a":0,"k":[100,100],"ix":3},"r":{"a":0,"k":0,"ix":6},"o":{"a":0,"k":100,"ix":7},"sk":{"a":0,"k":0,"ix":4},"sa":{"a":0,"k":0,"ix":5},"nm":"Transform"}],"nm":"Group 3","np":3,"cix":2,"bm":0,"ix":3,"mn":"ADBE Vector Group","hd":false},{"ty":"gr","it":[{"ind":0,"ty":"sh","ix":1,"ks":{"a":1,"k":[{"i":{"x":0.667,"y":1},"o":{"x":0.333,"y":0},"t":3,"s":[{"i":[[0,0],[0,0],[-1.657,0],[0,-1.657],[0,0]],"o":[[0,0],[0,-1.657],[1.657,0],[0,0],[0,0]],"v":[[-3,13.878],[-3,-10.878],[0,-13.878],[3,-10.878],[3,4.122]],"c":false}],"e":[{"i":[[0,0],[0,0],[-1.657,0],[0,-1.657],[0,0]],"o":[[0,0],[0,-1.657],[1.657,0],[0,0],[0,0]],"v":[[-3,13.878],[-3,-11.361],[0,-14.361],[3,-11.361],[3,4.122]],"c":false}]},{"i":{"x":0.667,"y":1},"o":{"x":0.333,"y":0},"t":5,"s":[{"i":[[0,0],[0,0],[-1.657,0],[0,-1.657],[0,0]],"o":[[0,0],[0,-1.657],[1.657,0],[0,0],[0,0]],"v":[[-3,13.878],[-3,-11.361],[0,-14.361],[3,-11.361],[3,4.122]],"c":false}],"e":[{"i":[[0,0],[0,0],[-1.657,0],[0,-1.657],[0,0]],"o":[[0,0],[0,-1.657],[1.657,0],[0,0],[0,0]],"v":[[-3,13.878],[-3,-7.179],[0,-10.179],[3,-7.179],[3,4.122]],"c":false}]},{"i":{"x":0.833,"y":0.833},"o":{"x":0.333,"y":0},"t":9,"s":[{"i":[[0,0],[0,0],[-1.657,0],[0,-1.657],[0,0]],"o":[[0,0],[0,-1.657],[1.657,0],[0,0],[0,0]],"v":[[-3,13.878],[-3,-7.179],[0,-10.179],[3,-7.179],[3,4.122]],"c":false}],"e":[{"i":[[0,0],[0,0],[-1.657,-0.023],[0.023,-1.657],[0,0]],"o":[[0,0],[0.023,-1.657],[1.657,0.023],[0,0],[0,0]],"v":[[-3,13.878],[-1.503,-7.241],[1.539,-10.198],[4.496,-7.156],[3,4.122]],"c":false}]},{"i":{"x":0.667,"y":1},"o":{"x":0.167,"y":0.167},"t":13,"s":[{"i":[[0,0],[0,0],[-1.657,-0.023],[0.023,-1.657],[0,0]],"o":[[0,0],[0.023,-1.657],[1.657,0.023],[0,0],[0,0]],"v":[[-3,13.878],[-1.503,-7.241],[1.539,-10.198],[4.496,-7.156],[3,4.122]],"c":false}],"e":[{"i":[[0,0],[0,0],[-1.657,0],[0,-1.657],[0,0]],"o":[[0,0],[0,-1.657],[1.657,0],[0,0],[0,0]],"v":[[-3,13.878],[-3,-7.179],[0,-10.179],[3,-7.179],[3,4.122]],"c":false}]},{"i":{"x":0.667,"y":1},"o":{"x":0.333,"y":0},"t":21,"s":[{"i":[[0,0],[0,0],[-1.657,0],[0,-1.657],[0,0]],"o":[[0,0],[0,-1.657],[1.657,0],[0,0],[0,0]],"v":[[-3,13.878],[-3,-7.179],[0,-10.179],[3,-7.179],[3,4.122]],"c":false}],"e":[{"i":[[0,0],[0,0],[-1.657,0],[0,-1.657],[0,0]],"o":[[0,0],[0,-1.657],[1.657,0],[0,0],[0,0]],"v":[[-3,13.878],[-3,-10.878],[0,-13.878],[3,-10.878],[3,4.122]],"c":false}]},{"t":25}],"ix":2},"nm":"Path 1","mn":"ADBE Vector Shape - Group","hd":false},{"ty":"fl","c":{"a":0,"k":[1,0,0,1],"ix":4},"o":{"a":0,"k":100,"ix":5},"r":1,"bm":0,"nm":"Fill 1","mn":"ADBE Vector Graphic - Fill","hd":false},{"ty":"st","c":{"a":0,"k":[0,0,0,1],"ix":3},"o":{"a":0,"k":100,"ix":4},"w":{"a":0,"k":2,"ix":5},"lc":2,"lj":2,"bm":0,"nm":"Stroke 1","mn":"ADBE Vector Graphic - Stroke","hd":false},{"ty":"tr","p":{"a":0,"k":[21,20.878],"ix":2},"a":{"a":0,"k":[0,0],"ix":1},"s":{"a":0,"k":[100,100],"ix":3},"r":{"a":0,"k":0,"ix":6},"o":{"a":0,"k":100,"ix":7},"sk":{"a":0,"k":0,"ix":4},"sa":{"a":0,"k":0,"ix":5},"nm":"Transform"}],"nm":"Group 4","np":3,"cix":2,"bm":0,"ix":4,"mn":"ADBE Vector Group","hd":false}],"ip":0,"op":28,"st":0,"bm":0},{"ddd":0,"ind":3,"ty":4,"nm":"Tap Outlines","parent":1,"tt":2,"sr":1,"ks":{"o":{"a":1,"k":[{"i":{"x":[0.667],"y":[1]},"o":{"x":[0.333],"y":[0]},"t":21,"s":[100],"e":[60]},{"t":24}],"ix":11},"r":{"a":0,"k":0,"ix":10},"p":{"s":true,"x":{"a":1,"k":[{"i":{"x":[0.667],"y":[1]},"o":{"x":[0.333],"y":[0]},"t":9,"s":[25],"e":[26.148]},{"i":{"x":[0.667],"y":[1]},"o":{"x":[0.333],"y":[0]},"t":13,"s":[26.148],"e":[25]},{"t":21}],"ix":3},"y":{"a":0,"k":28.061,"ix":4}},"a":{"a":0,"k":[25,25,0],"ix":1},"s":{"a":0,"k":[100,100,100],"ix":6}},"ao":0,"shapes":[{"ty":"gr","it":[{"ind":0,"ty":"sh","ix":1,"ks":{"a":1,"k":[{"i":{"x":0.833,"y":0.833},"o":{"x":0.167,"y":0.167},"t":6,"s":[{"i":[[0,-0.69],[0.69,0],[0,0.69],[-0.69,0]],"o":[[0,0.69],[-0.69,0],[0,-0.69],[0.69,0]],"v":[[1.25,0],[0,1.25],[-1.25,0],[0,-1.25]],"c":true}],"e":[{"i":[[0,-3.368],[3.368,0],[0,3.368],[-3.368,0]],"o":[[0,3.368],[-3.368,0],[0,-3.368],[3.368,0]],"v":[[6.099,0],[0,6.099],[-6.099,0],[0,-6.099]],"c":true}]},{"i":{"x":0.833,"y":0.833},"o":{"x":0.167,"y":0.167},"t":9,"s":[{"i":[[0,-3.368],[3.368,0],[0,3.368],[-3.368,0]],"o":[[0,3.368],[-3.368,0],[0,-3.368],[3.368,0]],"v":[[6.099,0],[0,6.099],[-6.099,0],[0,-6.099]],"c":true}],"e":[{"i":[[0,-3.641],[3.641,0],[0,3.641],[-3.641,0]],"o":[[0,3.641],[-3.641,0],[0,-3.641],[3.641,0]],"v":[[6.592,0],[0,6.592],[-6.592,0],[0,-6.592]],"c":true}]},{"i":{"x":0.476,"y":1},"o":{"x":0.167,"y":0.167},"t":21,"s":[{"i":[[0,-3.641],[3.641,0],[0,3.641],[-3.641,0]],"o":[[0,3.641],[-3.641,0],[0,-3.641],[3.641,0]],"v":[[6.592,0],[0,6.592],[-6.592,0],[0,-6.592]],"c":true}],"e":[{"i":[[0,-5.557],[5.557,0],[0,5.557],[-5.557,0]],"o":[[0,5.557],[-5.557,0],[0,-5.557],[5.557,0]],"v":[[10.063,0],[0,10.063],[-10.063,0],[0,-10.063]],"c":true}]},{"t":24}],"ix":2},"nm":"Path 1","mn":"ADBE Vector Shape - Group","hd":false},{"ty":"st","c":{"a":0,"k":[0,0,0,1],"ix":3},"o":{"a":0,"k":100,"ix":4},"w":{"a":0,"k":2,"ix":5},"lc":2,"lj":2,"bm":0,"nm":"Stroke 1","mn":"ADBE Vector Graphic - Stroke","hd":false},{"ty":"tr","p":{"a":0,"k":[21,8.25],"ix":2},"a":{"a":0,"k":[0,0],"ix":1},"s":{"a":0,"k":[100,100],"ix":3},"r":{"a":0,"k":0,"ix":6},"o":{"a":0,"k":100,"ix":7},"sk":{"a":0,"k":0,"ix":4},"sa":{"a":0,"k":0,"ix":5},"nm":"Transform"}],"nm":"Group 5","np":2,"cix":2,"bm":0,"ix":1,"mn":"ADBE Vector Group","hd":false}],"ip":5,"op":25,"st":-6,"bm":0}],"markers":[]}