{"v":"5.4.4","fr":24,"ip":0,"op":28,"w":50,"h":50,"nm":"wash-your-hands","ddd":0,"assets":[],"layers":[{"ddd":0,"ind":1,"ty":4,"nm":"Drop 4","sr":1,"ks":{"o":{"a":0,"k":100,"ix":11},"r":{"a":0,"k":0,"ix":10},"p":{"a":1,"k":[{"i":{"x":0.833,"y":0.833},"o":{"x":0.333,"y":0},"t":22,"s":[33,4,0],"e":[33,6,0],"to":[0,0,0],"ti":[0,0,0]},{"t":28}],"ix":2},"a":{"a":0,"k":[33,6,0],"ix":1},"s":{"a":1,"k":[{"i":{"x":[0.833,0.833,0.833],"y":[0.833,0.833,0.819]},"o":{"x":[0.333,0.333,0.333],"y":[0,0,0]},"t":22,"s":[91,91,100],"e":[100,100,100]},{"t":28}],"ix":6}},"ao":0,"shapes":[{"ty":"gr","it":[{"ind":0,"ty":"sh","ix":1,"ks":{"a":0,"k":{"i":[[0,-1.105],[1.105,0],[0,1.105],[0,0]],"o":[[0,1.105],[-1.105,0],[0,-1.105],[0,0]],"v":[[2,1],[0,3],[-2,1],[0,-3]],"c":true},"ix":2},"nm":"Path 1","mn":"ADBE Vector Shape - Group","hd":false},{"ty":"st","c":{"a":0,"k":[0,0,0,1],"ix":3},"o":{"a":0,"k":100,"ix":4},"w":{"a":0,"k":2,"ix":5},"lc":1,"lj":1,"ml":10,"bm":0,"nm":"Stroke 1","mn":"ADBE Vector Graphic - Stroke","hd":false},{"ty":"tr","p":{"a":0,"k":[33,6],"ix":2},"a":{"a":0,"k":[0,0],"ix":1},"s":{"a":0,"k":[100,100],"ix":3},"r":{"a":0,"k":0,"ix":6},"o":{"a":0,"k":100,"ix":7},"sk":{"a":0,"k":0,"ix":4},"sa":{"a":0,"k":0,"ix":5},"nm":"Transform"}],"nm":"Group 2","np":2,"cix":2,"bm":0,"ix":1,"mn":"ADBE Vector Group","hd":false}],"ip":22,"op":28,"st":0,"bm":0},{"ddd":0,"ind":2,"ty":4,"nm":"Drop 3","sr":1,"ks":{"o":{"a":0,"k":100,"ix":11},"r":{"a":0,"k":0,"ix":10},"p":{"a":1,"k":[{"i":{"x":0.833,"y":0.833},"o":{"x":0.333,"y":0},"t":19,"s":[41.5,5.25,0],"e":[41.5,9.25,0],"to":[0,0,0],"ti":[0,0,0]},{"t":28}],"ix":2},"a":{"a":0,"k":[41.5,9.25,0],"ix":1},"s":{"a":1,"k":[{"i":{"x":[0.833,0.833,0.833],"y":[0.833,0.833,0.819]},"o":{"x":[0.333,0.333,0.333],"y":[0,0,0]},"t":19,"s":[91,91,100],"e":[100,100,100]},{"t":28}],"ix":6}},"ao":0,"shapes":[{"ty":"gr","it":[{"ind":0,"ty":"sh","ix":1,"ks":{"a":0,"k":{"i":[[0,-1.381],[1.381,0],[0,1.381],[0,0]],"o":[[0,1.381],[-1.381,0],[0,-1.381],[0,0]],"v":[[2.5,1.25],[0,3.75],[-2.5,1.25],[0,-3.75]],"c":true},"ix":2},"nm":"Path 1","mn":"ADBE Vector Shape - Group","hd":false},{"ty":"st","c":{"a":0,"k":[0,0,0,1],"ix":3},"o":{"a":0,"k":100,"ix":4},"w":{"a":0,"k":2,"ix":5},"lc":1,"lj":1,"ml":10,"bm":0,"nm":"Stroke 1","mn":"ADBE Vector Graphic - Stroke","hd":false},{"ty":"tr","p":{"a":0,"k":[41.5,9.25],"ix":2},"a":{"a":0,"k":[0,0],"ix":1},"s":{"a":0,"k":[100,100],"ix":3},"r":{"a":0,"k":0,"ix":6},"o":{"a":0,"k":100,"ix":7},"sk":{"a":0,"k":0,"ix":4},"sa":{"a":0,"k":0,"ix":5},"nm":"Transform"}],"nm":"Group 1","np":2,"cix":2,"bm":0,"ix":1,"mn":"ADBE Vector Group","hd":false}],"ip":19,"op":28,"st":0,"bm":0},{"ddd":0,"ind":3,"ty":4,"nm":"Drop 1","sr":1,"ks":{"o":{"a":0,"k":100,"ix":11},"r":{"a":0,"k":0,"ix":10},"p":{"a":1,"k":[{"i":{"x":0.833,"y":0.833},"o":{"x":0.167,"y":0.167},"t":0,"s":[33,6,0],"e":[33,9,0],"to":[0,0,0],"ti":[0,0,0]},{"t":9}],"ix":2},"a":{"a":0,"k":[33,6,0],"ix":1},"s":{"a":1,"k":[{"i":{"x":[0.833,0.833,0.833],"y":[0.833,0.833,0.833]},"o":{"x":[0.167,0.167,0.167],"y":[0.167,0.167,0.167]},"t":0,"s":[100,100,100],"e":[109,109,100]},{"t":9}],"ix":6}},"ao":0,"shapes":[{"ty":"gr","it":[{"ind":0,"ty":"sh","ix":1,"ks":{"a":0,"k":{"i":[[0,-1.105],[1.105,0],[0,1.105],[0,0]],"o":[[0,1.105],[-1.105,0],[0,-1.105],[0,0]],"v":[[2,1],[0,3],[-2,1],[0,-3]],"c":true},"ix":2},"nm":"Path 1","mn":"ADBE Vector Shape - Group","hd":false},{"ty":"st","c":{"a":0,"k":[0,0,0,1],"ix":3},"o":{"a":0,"k":100,"ix":4},"w":{"a":0,"k":2,"ix":5},"lc":1,"lj":1,"ml":10,"bm":0,"nm":"Stroke 1","mn":"ADBE Vector Graphic - Stroke","hd":false},{"ty":"tr","p":{"a":0,"k":[33,6],"ix":2},"a":{"a":0,"k":[0,0],"ix":1},"s":{"a":0,"k":[100,100],"ix":3},"r":{"a":0,"k":0,"ix":6},"o":{"a":0,"k":100,"ix":7},"sk":{"a":0,"k":0,"ix":4},"sa":{"a":0,"k":0,"ix":5},"nm":"Transform"}],"nm":"Group 2","np":2,"cix":2,"bm":0,"ix":1,"mn":"ADBE Vector Group","hd":false}],"ip":0,"op":9,"st":0,"bm":0},{"ddd":0,"ind":4,"ty":4,"nm":"Drop 2","sr":1,"ks":{"o":{"a":0,"k":100,"ix":11},"r":{"a":0,"k":0,"ix":10},"p":{"a":1,"k":[{"i":{"x":0.833,"y":0.833},"o":{"x":0.167,"y":0.167},"t":0,"s":[41.5,9.25,0],"e":[41.5,11.25,0],"to":[0,0,0],"ti":[0,0,0]},{"t":6}],"ix":2},"a":{"a":0,"k":[41.5,9.25,0],"ix":1},"s":{"a":1,"k":[{"i":{"x":[0.833,0.833,0.833],"y":[0.833,0.833,0.833]},"o":{"x":[0.167,0.167,0.167],"y":[0.167,0.167,0.167]},"t":0,"s":[100,100,100],"e":[109,109,100]},{"t":6}],"ix":6}},"ao":0,"shapes":[{"ty":"gr","it":[{"ind":0,"ty":"sh","ix":1,"ks":{"a":0,"k":{"i":[[0,-1.381],[1.381,0],[0,1.381],[0,0]],"o":[[0,1.381],[-1.381,0],[0,-1.381],[0,0]],"v":[[2.5,1.25],[0,3.75],[-2.5,1.25],[0,-3.75]],"c":true},"ix":2},"nm":"Path 1","mn":"ADBE Vector Shape - Group","hd":false},{"ty":"st","c":{"a":0,"k":[0,0,0,1],"ix":3},"o":{"a":0,"k":100,"ix":4},"w":{"a":0,"k":2,"ix":5},"lc":1,"lj":1,"ml":10,"bm":0,"nm":"Stroke 1","mn":"ADBE Vector Graphic - Stroke","hd":false},{"ty":"tr","p":{"a":0,"k":[41.5,9.25],"ix":2},"a":{"a":0,"k":[0,0],"ix":1},"s":{"a":0,"k":[100,100],"ix":3},"r":{"a":0,"k":0,"ix":6},"o":{"a":0,"k":100,"ix":7},"sk":{"a":0,"k":0,"ix":4},"sa":{"a":0,"k":0,"ix":5},"nm":"Transform"}],"nm":"Group 1","np":2,"cix":2,"bm":0,"ix":1,"mn":"ADBE Vector Group","hd":false}],"ip":0,"op":6,"st":0,"bm":0},{"ddd":0,"ind":5,"ty":4,"nm":"Front hand","sr":1,"ks":{"o":{"a":0,"k":100,"ix":11},"r":{"a":1,"k":[{"i":{"x":[0.667],"y":[1]},"o":{"x":[0.167],"y":[0.167]},"t":0,"s":[0],"e":[-13]},{"i":{"x":[0.667],"y":[1]},"o":{"x":[0.333],"y":[0]},"t":9,"s":[-13],"e":[7.933]},{"i":{"x":[0.833],"y":[0.833]},"o":{"x":[0.333],"y":[0]},"t":19,"s":[7.933],"e":[0]},{"t":28}],"ix":10},"p":{"a":0,"k":[7.423,47.002,0],"ix":2},"a":{"a":0,"k":[7.423,47.002,0],"ix":1},"s":{"a":0,"k":[100,100,100],"ix":6}},"ao":0,"shapes":[{"ty":"gr","it":[{"ind":0,"ty":"sh","ix":1,"ks":{"a":0,"k":{"i":[[0,0],[-0.694,1.574],[0,0],[0,0],[0.843,-2.057],[0,0],[0,0],[-0.508,-1.005],[1.435,-0.723],[0,0],[0,0],[-0.706,-1.396],[1.006,-0.508],[-0.336,0.171],[0,0],[-0.826,-1.632],[1.975,-0.997],[0,0],[0,0],[-1.011,-1.999],[1.006,-0.508],[3.363,-1.569],[0,0]],"o":[[0,0],[0.694,-1.575],[0,0],[1.553,1.59],[0,0],[0,0],[1.38,-0.696],[0.508,1.004],[0,0],[0,0],[1.006,-0.507],[0.706,1.396],[0,0],[0,0],[1.006,-0.507],[0.723,1.43],[0,0],[0,0],[1.006,-0.507],[1.011,1.999],[0,0],[-4.564,2.127],[0,0]],"v":[[-17.996,4.52],[-16.061,-4.006],[-9.81,-15.624],[-9.106,-14.904],[-7.936,-8.898],[-9.843,-4.251],[8.309,-13.764],[11.492,-12.672],[10.427,-9.438],[0.463,-4.424],[13.296,-10.883],[16.534,-9.82],[15.469,-6.585],[3.354,-0.488],[14.034,-5.863],[17.273,-4.798],[15.49,-1.202],[5.088,4.034],[11.905,0.609],[15.86,1.312],[14.078,4.909],[-2.876,13.497],[-13.25,14.48]],"c":false},"ix":2},"nm":"Path 1","mn":"ADBE Vector Shape - Group","hd":false},{"ty":"st","c":{"a":0,"k":[0,0,0,1],"ix":3},"o":{"a":0,"k":100,"ix":4},"w":{"a":0,"k":2,"ix":5},"lc":2,"lj":2,"bm":0,"nm":"Stroke 1","mn":"ADBE Vector Graphic - Stroke","hd":false},{"ty":"tr","p":{"a":0,"k":[25.419,32.214],"ix":2},"a":{"a":0,"k":[0,0],"ix":1},"s":{"a":0,"k":[100,100],"ix":3},"r":{"a":0,"k":0,"ix":6},"o":{"a":0,"k":100,"ix":7},"sk":{"a":0,"k":0,"ix":4},"sa":{"a":0,"k":0,"ix":5},"nm":"Transform"}],"nm":"Group 3","np":2,"cix":2,"bm":0,"ix":1,"mn":"ADBE Vector Group","hd":false}],"ip":0,"op":28,"st":0,"bm":0},{"ddd":0,"ind":6,"ty":4,"nm":"Mask on back hand","parent":5,"td":1,"sr":1,"ks":{"o":{"a":0,"k":100,"ix":11},"r":{"a":0,"k":0,"ix":10},"p":{"a":0,"k":[7.423,47.002,0],"ix":2},"a":{"a":0,"k":[7.423,47.002,0],"ix":1},"s":{"a":0,"k":[100,100,100],"ix":6}},"ao":0,"shapes":[{"ty":"gr","it":[{"ind":0,"ty":"sh","ix":1,"ks":{"a":0,"k":{"i":[[0,0],[-0.694,1.574],[0,0],[0,0],[0.843,-2.057],[0,0],[0,0],[-0.508,-1.005],[1.435,-0.723],[0,0],[0,0],[-0.706,-1.396],[1.006,-0.508],[-0.336,0.171],[0,0],[-0.826,-1.632],[1.975,-0.997],[0,0],[0,0],[-1.011,-1.999],[1.006,-0.508],[3.363,-1.569],[0,0]],"o":[[0,0],[0.694,-1.575],[0,0],[1.553,1.59],[0,0],[0,0],[1.38,-0.696],[0.508,1.004],[0,0],[0,0],[1.006,-0.507],[0.706,1.396],[0,0],[0,0],[1.006,-0.507],[0.723,1.43],[0,0],[0,0],[1.006,-0.507],[1.011,1.999],[0,0],[-4.564,2.127],[0,0]],"v":[[-17.996,4.52],[-16.061,-4.006],[-9.81,-15.624],[-9.106,-14.904],[-7.936,-8.898],[-9.843,-4.251],[8.309,-13.764],[11.492,-12.672],[10.427,-9.438],[0.463,-4.424],[13.296,-10.883],[16.534,-9.82],[15.469,-6.585],[3.354,-0.488],[14.034,-5.863],[17.273,-4.798],[15.49,-1.202],[5.088,4.034],[11.905,0.609],[15.86,1.312],[14.078,4.909],[-2.876,13.497],[-13.25,14.48]],"c":false},"ix":2},"nm":"Path 1","mn":"ADBE Vector Shape - Group","hd":false},{"ty":"fl","c":{"a":0,"k":[1,0,0,1],"ix":4},"o":{"a":0,"k":100,"ix":5},"r":1,"bm":0,"nm":"Fill 1","mn":"ADBE Vector Graphic - Fill","hd":false},{"ty":"tr","p":{"a":0,"k":[25.419,32.214],"ix":2},"a":{"a":0,"k":[0,0],"ix":1},"s":{"a":0,"k":[100,100],"ix":3},"r":{"a":0,"k":0,"ix":6},"o":{"a":0,"k":100,"ix":7},"sk":{"a":0,"k":0,"ix":4},"sa":{"a":0,"k":0,"ix":5},"nm":"Transform"}],"nm":"Group 3","np":2,"cix":2,"bm":0,"ix":1,"mn":"ADBE Vector Group","hd":false}],"ip":0,"op":28,"st":0,"bm":0},{"ddd":0,"ind":7,"ty":4,"nm":"Back hand","tt":2,"sr":1,"ks":{"o":{"a":0,"k":100,"ix":11},"r":{"a":1,"k":[{"i":{"x":[0.667],"y":[1]},"o":{"x":[0.167],"y":[0.167]},"t":0,"s":[0],"e":[12]},{"i":{"x":[0.667],"y":[1]},"o":{"x":[0.333],"y":[0]},"t":6,"s":[12],"e":[-12]},{"i":{"x":[0.833],"y":[0.833]},"o":{"x":[0.333],"y":[0]},"t":22,"s":[-12],"e":[0]},{"t":28}],"ix":10},"p":{"a":0,"k":[5,38.932,0],"ix":2},"a":{"a":0,"k":[5,38.932,0],"ix":1},"s":{"a":0,"k":[100,100,100],"ix":6}},"ao":0,"shapes":[{"ty":"gr","it":[{"ind":0,"ty":"sh","ix":1,"ks":{"a":1,"k":[{"i":{"x":0.833,"y":0.833},"o":{"x":0.167,"y":0.167},"t":0,"s":[{"i":[[0,0],[-1.057,1.359],[0,0],[0,0],[1.319,-1.789],[0,0]],"o":[[0,0],[1.057,-1.359],[0,0],[1.12,1.919],[0,0],[0,0]],"v":[[-7.236,8.775],[-3.283,0.975],[5.609,-8.775],[6.115,-7.904],[5.788,-1.796],[4.473,-0.202]],"c":false}],"e":[{"i":[[0,0],[-1.057,1.359],[0,0],[0,0],[1.319,-1.789],[0,0]],"o":[[0,0],[1.057,-1.359],[0,0],[1.12,1.919],[0,0],[0,0]],"v":[[-7.236,8.775],[-3.283,0.975],[5.609,-8.775],[6.115,-7.904],[5.788,-1.796],[2.206,2.482]],"c":false}]},{"i":{"x":0.833,"y":0.833},"o":{"x":0.167,"y":0.167},"t":2,"s":[{"i":[[0,0],[-1.057,1.359],[0,0],[0,0],[1.319,-1.789],[0,0]],"o":[[0,0],[1.057,-1.359],[0,0],[1.12,1.919],[0,0],[0,0]],"v":[[-7.236,8.775],[-3.283,0.975],[5.609,-8.775],[6.115,-7.904],[5.788,-1.796],[2.206,2.482]],"c":false}],"e":[{"i":[[0,0],[-1.057,1.359],[0,0],[0,0],[1.319,-1.789],[0,0]],"o":[[0,0],[1.057,-1.359],[0,0],[1.12,1.919],[0,0],[0,0]],"v":[[-7.236,8.775],[-3.283,0.975],[5.609,-8.775],[6.115,-7.904],[5.788,-1.796],[2.206,2.482]],"c":false}]},{"i":{"x":0.833,"y":0.833},"o":{"x":0.167,"y":0.167},"t":27,"s":[{"i":[[0,0],[-1.057,1.359],[0,0],[0,0],[1.319,-1.789],[0,0]],"o":[[0,0],[1.057,-1.359],[0,0],[1.12,1.919],[0,0],[0,0]],"v":[[-7.236,8.775],[-3.283,0.975],[5.609,-8.775],[6.115,-7.904],[5.788,-1.796],[2.206,2.482]],"c":false}],"e":[{"i":[[0,0],[-1.057,1.359],[0,0],[0,0],[1.319,-1.789],[0,0]],"o":[[0,0],[1.057,-1.359],[0,0],[1.12,1.919],[0,0],[0,0]],"v":[[-7.236,8.775],[-3.283,0.975],[5.609,-8.775],[6.115,-7.904],[5.788,-1.796],[4.473,-0.202]],"c":false}]},{"t":28}],"ix":2},"nm":"Path 1","mn":"ADBE Vector Shape - Group","hd":false},{"ty":"st","c":{"a":0,"k":[0,0,0,1],"ix":3},"o":{"a":0,"k":100,"ix":4},"w":{"a":0,"k":2,"ix":5},"lc":2,"lj":2,"bm":0,"nm":"Stroke 1","mn":"ADBE Vector Graphic - Stroke","hd":false},{"ty":"tr","p":{"a":0,"k":[12.235,17.774],"ix":2},"a":{"a":0,"k":[0,0],"ix":1},"s":{"a":0,"k":[100,100],"ix":3},"r":{"a":0,"k":0,"ix":6},"o":{"a":0,"k":100,"ix":7},"sk":{"a":0,"k":0,"ix":4},"sa":{"a":0,"k":0,"ix":5},"nm":"Transform"}],"nm":"Group 4","np":2,"cix":2,"bm":0,"ix":1,"mn":"ADBE Vector Group","hd":false},{"ty":"gr","it":[{"ind":0,"ty":"sh","ix":1,"ks":{"a":1,"k":[{"i":{"x":0.833,"y":0.833},"o":{"x":0.167,"y":0.167},"t":0,"s":[{"i":[[0,0],[0,0],[-0.248,-1.097],[0.791,-0.602]],"o":[[0,0],[1.507,-0.34],[0.186,0.823],[0,0]],"v":[[-10.148,2.217],[7.141,-1.963],[9.962,-0.131],[9.122,2.303]],"c":false}],"e":[{"i":[[0,0],[0,0],[-0.248,-1.097],[0.791,-0.602]],"o":[[0,0],[1.507,-0.34],[0.186,0.823],[0,0]],"v":[[-13.456,3.113],[7.141,-1.963],[9.962,-0.131],[9.122,2.303]],"c":false}]},{"i":{"x":0.833,"y":0.833},"o":{"x":0.167,"y":0.167},"t":2,"s":[{"i":[[0,0],[0,0],[-0.248,-1.097],[0.791,-0.602]],"o":[[0,0],[1.507,-0.34],[0.186,0.823],[0,0]],"v":[[-13.456,3.113],[7.141,-1.963],[9.962,-0.131],[9.122,2.303]],"c":false}],"e":[{"i":[[0,0],[0,0],[-0.248,-1.097],[0.791,-0.602]],"o":[[0,0],[1.507,-0.34],[0.186,0.823],[0,0]],"v":[[-13.456,3.113],[7.141,-1.963],[9.962,-0.131],[9.122,2.303]],"c":false}]},{"i":{"x":0.833,"y":0.833},"o":{"x":0.167,"y":0.167},"t":27,"s":[{"i":[[0,0],[0,0],[-0.248,-1.097],[0.791,-0.602]],"o":[[0,0],[1.507,-0.34],[0.186,0.823],[0,0]],"v":[[-13.456,3.113],[7.141,-1.963],[9.962,-0.131],[9.122,2.303]],"c":false}],"e":[{"i":[[0,0],[0,0],[-0.248,-1.097],[0.791,-0.602]],"o":[[0,0],[1.507,-0.34],[0.186,0.823],[0,0]],"v":[[-10.148,2.217],[7.141,-1.963],[9.962,-0.131],[9.122,2.303]],"c":false}]},{"t":28}],"ix":2},"nm":"Path 1","mn":"ADBE Vector Shape - Group","hd":false},{"ty":"st","c":{"a":0,"k":[0,0,0,1],"ix":3},"o":{"a":0,"k":100,"ix":4},"w":{"a":0,"k":2,"ix":5},"lc":2,"lj":2,"bm":0,"nm":"Stroke 1","mn":"ADBE Vector Graphic - Stroke","hd":false},{"ty":"tr","p":{"a":0,"k":[27.824,17.17],"ix":2},"a":{"a":0,"k":[0,0],"ix":1},"s":{"a":0,"k":[100,100],"ix":3},"r":{"a":0,"k":0,"ix":6},"o":{"a":0,"k":100,"ix":7},"sk":{"a":0,"k":0,"ix":4},"sa":{"a":0,"k":0,"ix":5},"nm":"Transform"}],"nm":"Group 5","np":2,"cix":2,"bm":0,"ix":2,"mn":"ADBE Vector Group","hd":false},{"ty":"gr","it":[{"ind":0,"ty":"sh","ix":1,"ks":{"a":1,"k":[{"i":{"x":0.833,"y":0.833},"o":{"x":0.167,"y":0.167},"t":0,"s":[{"i":[[0,0],[0,0],[0,0],[-0.342,-1.526],[1.1,-0.245],[-0.367,0.083],[0,0],[-0.399,-1.784],[2.159,-0.481],[0,0],[0,0],[-0.49,-2.186],[1.099,-0.246],[3.645,-0.695]],"o":[[0,0],[0,0],[1.099,-0.245],[0.341,1.527],[0,0],[0,0],[1.1,-0.245],[0.351,1.565],[0,0],[0,0],[1.099,-0.244],[0.489,2.186],[0,0],[-4.947,0.944]],"v":[[12.248,-9.969],[3.906,-7.538],[9.307,-9.122],[12.184,-7.296],[10.357,-4.421],[5.742,-3.013],[8.79,-4.072],[11.667,-2.247],[9.057,0.803],[6.314,1.795],[5.139,1.678],[8.8,3.329],[6.191,6.38],[-7.29,9.485]],"c":false}],"e":[{"i":[[0,0],[0,0],[0,0],[-0.342,-1.526],[1.1,-0.245],[-0.367,0.083],[0,0],[-0.399,-1.784],[2.159,-0.481],[0,0],[0,0],[-0.49,-2.186],[1.099,-0.246],[3.645,-0.695]],"o":[[0,0],[0,0],[1.099,-0.245],[0.341,1.527],[0,0],[0,0],[1.1,-0.245],[0.351,1.565],[0,0],[0,0],[1.099,-0.244],[0.489,2.186],[0,0],[-4.947,0.944]],"v":[[12.248,-9.969],[3.906,-7.538],[14.369,-10.184],[17.247,-8.359],[15.42,-5.484],[5.742,-3.013],[13.852,-5.134],[16.73,-3.309],[14.12,-0.259],[6.314,1.795],[10.201,0.616],[13.863,2.267],[11.253,5.317],[-7.29,9.485]],"c":false}]},{"i":{"x":0.833,"y":0.833},"o":{"x":0.167,"y":0.167},"t":4,"s":[{"i":[[0,0],[0,0],[0,0],[-0.342,-1.526],[1.1,-0.245],[-0.367,0.083],[0,0],[-0.399,-1.784],[2.159,-0.481],[0,0],[0,0],[-0.49,-2.186],[1.099,-0.246],[3.645,-0.695]],"o":[[0,0],[0,0],[1.099,-0.245],[0.341,1.527],[0,0],[0,0],[1.1,-0.245],[0.351,1.565],[0,0],[0,0],[1.099,-0.244],[0.489,2.186],[0,0],[-4.947,0.944]],"v":[[12.248,-9.969],[3.906,-7.538],[14.369,-10.184],[17.247,-8.359],[15.42,-5.484],[5.742,-3.013],[13.852,-5.134],[16.73,-3.309],[14.12,-0.259],[6.314,1.795],[10.201,0.616],[13.863,2.267],[11.253,5.317],[-7.29,9.485]],"c":false}],"e":[{"i":[[0,0],[0,0],[0,0],[-0.342,-1.526],[1.1,-0.245],[-0.367,0.083],[0,0],[-0.399,-1.784],[2.159,-0.481],[0,0],[0,0],[-0.49,-2.186],[1.099,-0.246],[3.645,-0.695]],"o":[[0,0],[0,0],[1.099,-0.245],[0.341,1.527],[0,0],[0,0],[1.1,-0.245],[0.351,1.565],[0,0],[0,0],[1.099,-0.244],[0.489,2.186],[0,0],[-4.947,0.944]],"v":[[12.248,-9.969],[3.906,-7.538],[14.369,-10.184],[17.247,-8.359],[15.42,-5.484],[5.742,-3.013],[13.852,-5.134],[16.73,-3.309],[14.12,-0.259],[6.314,1.795],[10.201,0.616],[13.863,2.267],[11.253,5.317],[-7.29,9.485]],"c":false}]},{"i":{"x":0.833,"y":0.833},"o":{"x":0.167,"y":0.167},"t":24,"s":[{"i":[[0,0],[0,0],[0,0],[-0.342,-1.526],[1.1,-0.245],[-0.367,0.083],[0,0],[-0.399,-1.784],[2.159,-0.481],[0,0],[0,0],[-0.49,-2.186],[1.099,-0.246],[3.645,-0.695]],"o":[[0,0],[0,0],[1.099,-0.245],[0.341,1.527],[0,0],[0,0],[1.1,-0.245],[0.351,1.565],[0,0],[0,0],[1.099,-0.244],[0.489,2.186],[0,0],[-4.947,0.944]],"v":[[12.248,-9.969],[3.906,-7.538],[14.369,-10.184],[17.247,-8.359],[15.42,-5.484],[5.742,-3.013],[13.852,-5.134],[16.73,-3.309],[14.12,-0.259],[6.314,1.795],[10.201,0.616],[13.863,2.267],[11.253,5.317],[-7.29,9.485]],"c":false}],"e":[{"i":[[0,0],[0,0],[0,0],[-0.342,-1.526],[1.1,-0.245],[-0.367,0.083],[0,0],[-0.399,-1.784],[2.159,-0.481],[0,0],[0,0],[-0.49,-2.186],[1.099,-0.246],[3.645,-0.695]],"o":[[0,0],[0,0],[1.099,-0.245],[0.341,1.527],[0,0],[0,0],[1.1,-0.245],[0.351,1.565],[0,0],[0,0],[1.099,-0.244],[0.489,2.186],[0,0],[-4.947,0.944]],"v":[[12.248,-9.969],[3.906,-7.538],[9.307,-9.122],[12.184,-7.296],[10.357,-4.421],[5.742,-3.013],[8.79,-4.072],[11.667,-2.247],[9.057,0.803],[6.314,1.795],[5.139,1.678],[8.8,3.329],[6.191,6.38],[-7.29,9.485]],"c":false}]},{"t":28}],"ix":2},"nm":"Path 1","mn":"ADBE Vector Shape - Group","hd":false},{"ty":"st","c":{"a":0,"k":[0,0,0,1],"ix":3},"o":{"a":0,"k":100,"ix":4},"w":{"a":0,"k":2,"ix":5},"lc":2,"lj":2,"bm":0,"nm":"Stroke 1","mn":"ADBE Vector Graphic - Stroke","hd":false},{"ty":"tr","p":{"a":0,"k":[24.717,29.447],"ix":2},"a":{"a":0,"k":[0,0],"ix":1},"s":{"a":0,"k":[100,100],"ix":3},"r":{"a":0,"k":0,"ix":6},"o":{"a":0,"k":100,"ix":7},"sk":{"a":0,"k":0,"ix":4},"sa":{"a":0,"k":0,"ix":5},"nm":"Transform"}],"nm":"Group 6","np":2,"cix":2,"bm":0,"ix":3,"mn":"ADBE Vector Group","hd":false}],"ip":0,"op":28,"st":0,"bm":0}],"markers":[]}