{"v":"5.4.4","fr":24,"ip":0,"op":28,"w":50,"h":50,"nm":"basketball","ddd":0,"assets":[],"layers":[{"ddd":0,"ind":1,"ty":4,"nm":"pattern","parent":5,"sr":1,"ks":{"o":{"a":0,"k":100,"ix":11},"r":{"a":0,"k":0,"ix":10},"p":{"a":0,"k":[77.018,26.436,0],"ix":2},"a":{"a":0,"k":[105,35.5,0],"ix":1},"s":{"a":0,"k":[96.429,104.651,100],"ix":6}},"ao":0,"hasMask":true,"masksProperties":[{"inv":false,"mode":"a","pt":{"a":1,"k":[{"i":{"x":0.667,"y":1},"o":{"x":0.333,"y":0},"t":3,"s":[{"i":[[12.371,0],[0,-11.728],[-12.371,0],[0,11.728]],"o":[[-12.371,0],[0,11.728],[12.371,0],[0,-11.728]],"v":[[52.975,14.778],[30.574,36.014],[52.975,57.25],[75.375,36.014]],"c":true}],"e":[{"i":[[12.703,0],[0,-11.46],[-12.703,0],[0,11.46]],"o":[[-12.703,0],[0,11.46],[12.703,0],[0,-11.46]],"v":[[53.375,15.75],[30.375,36.5],[53.375,57.25],[76.375,36.5]],"c":true}]},{"i":{"x":0.667,"y":1},"o":{"x":0.333,"y":0},"t":6,"s":[{"i":[[12.703,0],[0,-11.46],[-12.703,0],[0,11.46]],"o":[[-12.703,0],[0,11.46],[12.703,0],[0,-11.46]],"v":[[53.375,15.75],[30.375,36.5],[53.375,57.25],[76.375,36.5]],"c":true}],"e":[{"i":[[12.538,0],[0,-11.66],[-12.538,0],[0,11.66]],"o":[[-12.538,0],[0,11.66],[12.538,0],[0,-11.66]],"v":[[53,15.026],[30.298,36.138],[53,57.25],[75.702,36.138]],"c":true}]},{"i":{"x":0.667,"y":1},"o":{"x":0.333,"y":0},"t":8,"s":[{"i":[[12.538,0],[0,-11.66],[-12.538,0],[0,11.66]],"o":[[-12.538,0],[0,11.66],[12.538,0],[0,-11.66]],"v":[[53,15.026],[30.298,36.138],[53,57.25],[75.702,36.138]],"c":true}],"e":[{"i":[[12.638,0],[0,-11.54],[-12.638,0],[0,11.54]],"o":[[-12.638,0],[0,11.54],[12.638,0],[0,-11.54]],"v":[[53.365,15.324],[30.482,36.219],[53.365,57.115],[76.248,36.219]],"c":true}]},{"i":{"x":0.667,"y":1},"o":{"x":0.333,"y":0},"t":11,"s":[{"i":[[12.638,0],[0,-11.54],[-12.638,0],[0,11.54]],"o":[[-12.638,0],[0,11.54],[12.638,0],[0,-11.54]],"v":[[53.365,15.324],[30.482,36.219],[53.365,57.115],[76.248,36.219]],"c":true}],"e":[{"i":[[12.585,0],[0,-11.644],[-12.585,0],[0,11.644]],"o":[[-12.585,0],[0,11.644],[12.585,0],[0,-11.644]],"v":[[53,15.082],[30.212,36.166],[53,57.25],[75.788,36.166]],"c":true}]},{"i":{"x":0.667,"y":1},"o":{"x":0.333,"y":0},"t":14,"s":[{"i":[[12.585,0],[0,-11.644],[-12.585,0],[0,11.644]],"o":[[-12.585,0],[0,11.644],[12.585,0],[0,-11.644]],"v":[[53,15.082],[30.212,36.166],[53,57.25],[75.788,36.166]],"c":true}],"e":[{"i":[[13.117,0],[0,-11.614],[-13.117,0],[0,11.614]],"o":[[-13.117,0],[0,11.614],[13.117,0],[0,-11.614]],"v":[[53.375,15.191],[29.625,36.221],[53.375,57.25],[76.038,36.233]],"c":true}]},{"i":{"x":0.667,"y":1},"o":{"x":0.333,"y":0},"t":16,"s":[{"i":[[13.117,0],[0,-11.614],[-13.117,0],[0,11.614]],"o":[[-13.117,0],[0,11.614],[13.117,0],[0,-11.614]],"v":[[53.375,15.191],[29.625,36.221],[53.375,57.25],[76.038,36.233]],"c":true}],"e":[{"i":[[12.761,0],[0,-11.594],[-12.761,0],[0,11.594]],"o":[[-12.761,0],[0,11.594],[12.761,0],[0,-11.594]],"v":[[53.106,15.276],[30.001,36.269],[53.106,57.262],[76.211,36.269]],"c":true}]},{"i":{"x":0.667,"y":1},"o":{"x":0.333,"y":0},"t":18,"s":[{"i":[[12.761,0],[0,-11.594],[-12.761,0],[0,11.594]],"o":[[-12.761,0],[0,11.594],[12.761,0],[0,-11.594]],"v":[[53.106,15.276],[30.001,36.269],[53.106,57.262],[76.211,36.269]],"c":true}],"e":[{"i":[[12.703,0],[0,-11.529],[-12.703,0],[0,11.529]],"o":[[-12.703,0],[0,11.529],[12.703,0],[0,-11.529]],"v":[[53.383,15.281],[30.383,36.156],[53.383,57.031],[76.383,36.156]],"c":true}]},{"i":{"x":0.667,"y":1},"o":{"x":0.333,"y":0},"t":22,"s":[{"i":[[12.703,0],[0,-11.529],[-12.703,0],[0,11.529]],"o":[[-12.703,0],[0,11.529],[12.703,0],[0,-11.529]],"v":[[53.383,15.281],[30.383,36.156],[53.383,57.031],[76.383,36.156]],"c":true}],"e":[{"i":[[12.722,0],[0,-11.797],[-12.722,0],[0,11.797]],"o":[[-12.722,0],[0,11.797],[12.722,0],[0,-11.797]],"v":[[53.09,14.778],[30.056,36.139],[53.09,57.5],[76.125,36.139]],"c":true}]},{"t":25}],"ix":1},"o":{"a":0,"k":100,"ix":3},"x":{"a":0,"k":0,"ix":4},"nm":"Mask 1"}],"shapes":[{"ty":"gr","it":[{"ind":0,"ty":"sh","ix":1,"ks":{"a":0,"k":{"i":[[0,-9.389],[10.217,0],[0,9.389],[-10.217,0]],"o":[[0,9.389],[-10.217,0],[0,-9.389],[10.217,0]],"v":[[18.5,0],[0,17],[-18.5,0],[0,-17]],"c":true},"ix":2},"nm":"Path 1","mn":"ADBE Vector Shape - Group","hd":false},{"ty":"st","c":{"a":0,"k":[0,0,0,1],"ix":3},"o":{"a":0,"k":100,"ix":4},"w":{"a":0,"k":2,"ix":5},"lc":2,"lj":2,"bm":0,"nm":"Stroke 1","mn":"ADBE Vector Graphic - Stroke","hd":false},{"ty":"tr","p":{"a":1,"k":[{"i":{"x":0.833,"y":0.833},"o":{"x":0.167,"y":0.167},"t":3,"s":[190.5,35],"e":[135.5,35],"to":[-9.167,0],"ti":[18.333,0]},{"i":{"x":0.833,"y":0.833},"o":{"x":0.167,"y":0.167},"t":14,"s":[135.5,35],"e":[80.5,35],"to":[-18.333,0],"ti":[9.167,0]},{"t":25}],"ix":2},"a":{"a":0,"k":[0,0],"ix":1},"s":{"a":0,"k":[100,100],"ix":3},"r":{"a":0,"k":0,"ix":6},"o":{"a":0,"k":100,"ix":7},"sk":{"a":0,"k":0,"ix":4},"sa":{"a":0,"k":0,"ix":5},"nm":"Transform"}],"nm":"Group 1","np":2,"cix":2,"bm":0,"ix":1,"mn":"ADBE Vector Group","hd":false},{"ty":"gr","it":[{"ind":0,"ty":"sh","ix":1,"ks":{"a":0,"k":{"i":[[0,-9.389],[10.217,0],[0,9.389],[-10.217,0]],"o":[[0,9.389],[-10.217,0],[0,-9.389],[10.217,0]],"v":[[18.5,0],[0,17],[-18.5,0],[0,-17]],"c":true},"ix":2},"nm":"Path 1","mn":"ADBE Vector Shape - Group","hd":false},{"ty":"st","c":{"a":0,"k":[0,0,0,1],"ix":3},"o":{"a":0,"k":100,"ix":4},"w":{"a":0,"k":2,"ix":5},"lc":2,"lj":2,"bm":0,"nm":"Stroke 1","mn":"ADBE Vector Graphic - Stroke","hd":false},{"ty":"tr","p":{"a":1,"k":[{"i":{"x":0.833,"y":0.833},"o":{"x":0.167,"y":0.167},"t":3,"s":[135.5,35],"e":[80.5,35],"to":[-9.167,0],"ti":[18.333,0]},{"i":{"x":0.833,"y":0.833},"o":{"x":0.167,"y":0.167},"t":14,"s":[80.5,35],"e":[25.5,35],"to":[-18.333,0],"ti":[9.167,0]},{"t":25}],"ix":2},"a":{"a":0,"k":[0,0],"ix":1},"s":{"a":0,"k":[100,100],"ix":3},"r":{"a":0,"k":0,"ix":6},"o":{"a":0,"k":100,"ix":7},"sk":{"a":0,"k":0,"ix":4},"sa":{"a":0,"k":0,"ix":5},"nm":"Transform"}],"nm":"Group 2","np":2,"cix":2,"bm":0,"ix":2,"mn":"ADBE Vector Group","hd":false},{"ty":"gr","it":[{"ind":0,"ty":"sh","ix":1,"ks":{"a":0,"k":{"i":[[0,-9.389],[10.217,0],[0,9.389],[-10.217,0]],"o":[[0,9.389],[-10.217,0],[0,-9.389],[10.217,0]],"v":[[18.5,0],[0,17],[-18.5,0],[0,-17]],"c":true},"ix":2},"nm":"Path 1","mn":"ADBE Vector Shape - Group","hd":false},{"ty":"st","c":{"a":0,"k":[0,0,0,1],"ix":3},"o":{"a":0,"k":100,"ix":4},"w":{"a":0,"k":2,"ix":5},"lc":2,"lj":2,"bm":0,"nm":"Stroke 1","mn":"ADBE Vector Graphic - Stroke","hd":false},{"ty":"tr","p":{"a":1,"k":[{"i":{"x":0.833,"y":0.833},"o":{"x":0.167,"y":0.167},"t":3,"s":[25.5,35],"e":[-29.5,35],"to":[-9.167,0],"ti":[18.333,0]},{"i":{"x":0.833,"y":0.833},"o":{"x":0.167,"y":0.167},"t":14,"s":[-29.5,35],"e":[-84.5,35],"to":[-18.333,0],"ti":[9.167,0]},{"t":25}],"ix":2},"a":{"a":0,"k":[0,0],"ix":1},"s":{"a":0,"k":[100,100],"ix":3},"r":{"a":0,"k":0,"ix":6},"o":{"a":0,"k":100,"ix":7},"sk":{"a":0,"k":0,"ix":4},"sa":{"a":0,"k":0,"ix":5},"nm":"Transform"}],"nm":"Group 3","np":2,"cix":2,"bm":0,"ix":3,"mn":"ADBE Vector Group","hd":false},{"ty":"gr","it":[{"ind":0,"ty":"sh","ix":1,"ks":{"a":0,"k":{"i":[[0,-9.389],[10.217,0],[0,9.389],[-10.217,0]],"o":[[0,9.389],[-10.217,0],[0,-9.389],[10.217,0]],"v":[[18.5,0],[0,17],[-18.5,0],[0,-17]],"c":true},"ix":2},"nm":"Path 1","mn":"ADBE Vector Shape - Group","hd":false},{"ty":"st","c":{"a":0,"k":[0,0,0,1],"ix":3},"o":{"a":0,"k":100,"ix":4},"w":{"a":0,"k":2,"ix":5},"lc":2,"lj":2,"bm":0,"nm":"Stroke 1","mn":"ADBE Vector Graphic - Stroke","hd":false},{"ty":"tr","p":{"a":1,"k":[{"i":{"x":0.833,"y":0.833},"o":{"x":0.167,"y":0.167},"t":3,"s":[80.5,35],"e":[25.5,35],"to":[-9.167,0],"ti":[18.333,0]},{"i":{"x":0.833,"y":0.833},"o":{"x":0.167,"y":0.167},"t":14,"s":[25.5,35],"e":[-29.5,35],"to":[-18.333,0],"ti":[9.167,0]},{"t":25}],"ix":2},"a":{"a":0,"k":[0,0],"ix":1},"s":{"a":0,"k":[100,100],"ix":3},"r":{"a":0,"k":0,"ix":6},"o":{"a":0,"k":100,"ix":7},"sk":{"a":0,"k":0,"ix":4},"sa":{"a":0,"k":0,"ix":5},"nm":"Transform"}],"nm":"Group 4","np":2,"cix":2,"bm":0,"ix":4,"mn":"ADBE Vector Group","hd":false},{"ty":"gr","it":[{"ind":0,"ty":"sh","ix":1,"ks":{"a":0,"k":{"i":[[0,0],[0,0]],"o":[[0,0],[0,0]],"v":[[209,35],[1,35]],"c":false},"ix":2},"nm":"Path 1","mn":"ADBE Vector Shape - Group","hd":false},{"ty":"st","c":{"a":0,"k":[0,0,0,1],"ix":3},"o":{"a":0,"k":100,"ix":4},"w":{"a":0,"k":2,"ix":5},"lc":2,"lj":2,"bm":0,"nm":"Stroke 1","mn":"ADBE Vector Graphic - Stroke","hd":false},{"ty":"tr","p":{"a":1,"k":[{"i":{"x":0.833,"y":0.833},"o":{"x":0.167,"y":0.167},"t":3,"s":[0,0],"e":[-55,0],"to":[-9.167,0],"ti":[18.333,0]},{"i":{"x":0.833,"y":0.833},"o":{"x":0.167,"y":0.167},"t":14,"s":[-55,0],"e":[-110,0],"to":[-18.333,0],"ti":[9.167,0]},{"t":25}],"ix":2},"a":{"a":0,"k":[0,0],"ix":1},"s":{"a":0,"k":[100,100],"ix":3},"r":{"a":0,"k":0,"ix":6},"o":{"a":0,"k":100,"ix":7},"sk":{"a":0,"k":0,"ix":4},"sa":{"a":0,"k":0,"ix":5},"nm":"Transform"}],"nm":"Group 5","np":2,"cix":2,"bm":0,"ix":5,"mn":"ADBE Vector Group","hd":false}],"ip":0,"op":28,"st":0,"bm":0},{"ddd":0,"ind":2,"ty":4,"nm":"line1","sr":1,"ks":{"o":{"a":0,"k":100,"ix":11},"r":{"a":0,"k":0,"ix":10},"p":{"a":0,"k":[24.75,25,0],"ix":2},"a":{"a":0,"k":[0,0,0],"ix":1},"s":{"a":0,"k":[100,100,100],"ix":6}},"ao":0,"hasMask":true,"masksProperties":[{"inv":false,"mode":"a","pt":{"a":1,"k":[{"i":{"x":0.667,"y":1},"o":{"x":0.333,"y":0},"t":1,"s":[{"i":[[-0.125,-10],[-13,0.125],[-0.275,11.003],[13.625,-0.25]],"o":[[0.143,11.5],[13,-0.125],[0.25,-10],[-12.625,0.25]],"v":[[-21.75,0],[0.125,22.25],[22.5,0.125],[0,-21.875]],"c":true}],"e":[{"i":[[-0.125,-10],[-13,0.125],[-0.275,11.003],[13.625,-0.25]],"o":[[0.143,11.5],[13,-0.125],[0.25,-10],[-12.625,0.25]],"v":[[-21.75,0],[0.125,22.25],[22.5,0.125],[0,-21.875]],"c":true}]},{"i":{"x":0.667,"y":1},"o":{"x":0.333,"y":0},"t":3,"s":[{"i":[[-0.125,-10],[-13,0.125],[-0.275,11.003],[13.625,-0.25]],"o":[[0.143,11.5],[13,-0.125],[0.25,-10],[-12.625,0.25]],"v":[[-21.75,0],[0.125,22.25],[22.5,0.125],[0,-21.875]],"c":true}],"e":[{"i":[[-0.13,-9.354],[-13.583,0.117],[-0.287,10.292],[14.235,-0.252]],"o":[[0.15,10.757],[13.583,-0.117],[0.261,-9.354],[-13.191,0.234]],"v":[[-22.87,1.321],[-0.014,22.133],[23.364,1.438],[-0.145,-19.141]],"c":true}]},{"i":{"x":0.667,"y":1},"o":{"x":0.333,"y":0},"t":6,"s":[{"i":[[-0.13,-9.354],[-13.583,0.117],[-0.287,10.292],[14.235,-0.252]],"o":[[0.15,10.757],[13.583,-0.117],[0.261,-9.354],[-13.191,0.234]],"v":[[-22.87,1.321],[-0.014,22.133],[23.364,1.438],[-0.145,-19.141]],"c":true}],"e":[{"i":[[-0.119,-10.445],[-12.418,0.131],[-0.263,11.492],[13.014,-0.282]],"o":[[0.137,12.011],[12.418,-0.131],[0.239,-10.445],[-12.059,0.261]],"v":[[-20.631,-1.12],[0.264,22.119],[21.636,-0.99],[0.145,-23.968]],"c":true}]},{"t":8}],"ix":1},"o":{"a":0,"k":100,"ix":3},"x":{"a":0,"k":0,"ix":4},"nm":"Mask 1"}],"shapes":[{"ty":"gr","it":[{"ind":0,"ty":"sh","ix":1,"ks":{"a":1,"k":[{"i":{"x":0.833,"y":0.833},"o":{"x":0.167,"y":0.167},"t":3,"s":[{"i":[[0,0],[0,0]],"o":[[0,0],[0,0]],"v":[[0.25,-24.5],[0.25,24.5]],"c":false}],"e":[{"i":[[10,-12],[-14,-6.5]],"o":[[-15.5,9.5],[12.5,8.25]],"v":[[-2.25,-24.25],[0.25,24.5]],"c":false}]},{"i":{"x":0.833,"y":0.833},"o":{"x":0.167,"y":0.167},"t":5,"s":[{"i":[[10,-12],[-14,-6.5]],"o":[[-15.5,9.5],[12.5,8.25]],"v":[[-2.25,-24.25],[0.25,24.5]],"c":false}],"e":[{"i":[[10,-12],[-31.25,-4.75]],"o":[[-25.25,7.75],[12.5,8.25]],"v":[[-5.75,-24.25],[0.25,24.5]],"c":false}]},{"t":8}],"ix":2},"nm":"Path 1","mn":"ADBE Vector Shape - Group","hd":false},{"ty":"st","c":{"a":0,"k":[0,0,0,1],"ix":3},"o":{"a":0,"k":100,"ix":4},"w":{"a":0,"k":2,"ix":5},"lc":1,"lj":1,"ml":4,"bm":0,"nm":"Stroke 1","mn":"ADBE Vector Graphic - Stroke","hd":false},{"ty":"tr","p":{"a":0,"k":[0,0],"ix":2},"a":{"a":0,"k":[0,0],"ix":1},"s":{"a":0,"k":[100,100],"ix":3},"r":{"a":0,"k":0,"ix":6},"o":{"a":0,"k":100,"ix":7},"sk":{"a":0,"k":0,"ix":4},"sa":{"a":0,"k":0,"ix":5},"nm":"Transform"}],"nm":"Shape 1","np":3,"cix":2,"bm":0,"ix":1,"mn":"ADBE Vector Group","hd":false}],"ip":0,"op":8,"st":0,"bm":0},{"ddd":0,"ind":3,"ty":4,"nm":"line2","sr":1,"ks":{"o":{"a":0,"k":100,"ix":11},"r":{"a":0,"k":0,"ix":10},"p":{"a":0,"k":[24.75,25,0],"ix":2},"a":{"a":0,"k":[0,0,0],"ix":1},"s":{"a":0,"k":[100,100,100],"ix":6}},"ao":0,"hasMask":true,"masksProperties":[{"inv":false,"mode":"a","pt":{"a":1,"k":[{"i":{"x":0.667,"y":1},"o":{"x":0.333,"y":0},"t":8,"s":[{"i":[[0,-15.125],[-18.25,0],[-0.258,11],[12.742,0]],"o":[[0,4.217],[11.5,0],[0.302,-12.874],[-10.136,0]],"v":[[-20.75,0.25],[1.125,21.875],[21.633,0.125],[0.258,-23.625]],"c":true}],"e":[{"i":[[0,-12.715],[-20.255,0],[-0.287,9.247],[14.141,0]],"o":[[0,3.545],[12.763,0],[0.335,-10.822],[-11.25,0]],"v":[[-23,-3.179],[1.278,15],[24.04,-3.284],[0.316,-23.25]],"c":true}]},{"i":{"x":0.667,"y":1},"o":{"x":0.333,"y":0},"t":11,"s":[{"i":[[0,-12.715],[-20.255,0],[-0.287,9.247],[14.141,0]],"o":[[0,3.545],[12.763,0],[0.335,-10.822],[-11.25,0]],"v":[[-23,-3.179],[1.278,15],[24.04,-3.284],[0.316,-23.25]],"c":true}],"e":[{"i":[[0,-15.125],[-18.011,0],[-0.255,11],[12.574,0]],"o":[[0,4.217],[11.349,0],[0.298,-12.874],[-10.003,0]],"v":[[-20.625,0.625],[0.963,22.25],[21.202,0.5],[0.107,-23.25]],"c":true}]},{"i":{"x":0.667,"y":1},"o":{"x":0.333,"y":0},"t":14,"s":[{"i":[[0,-15.125],[-18.011,0],[-0.255,11],[12.574,0]],"o":[[0,4.217],[11.349,0],[0.298,-12.874],[-10.003,0]],"v":[[-20.625,0.625],[0.963,22.25],[21.202,0.5],[0.107,-23.25]],"c":true}],"e":[{"i":[[0,-13.712],[-20.469,0],[-0.29,9.973],[14.291,0]],"o":[[0,3.823],[12.898,0],[0.339,-11.671],[-11.369,0]],"v":[[-23.625,2.645],[0.909,22.25],[23.911,2.532],[-0.063,-19]],"c":true}]},{"i":{"x":0.667,"y":1},"o":{"x":0.333,"y":0},"t":16,"s":[{"i":[[0,-13.712],[-20.469,0],[-0.29,9.973],[14.291,0]],"o":[[0,3.823],[12.898,0],[0.339,-11.671],[-11.369,0]],"v":[[-23.625,2.645],[0.909,22.25],[23.911,2.532],[-0.063,-19]],"c":true}],"e":[{"i":[[0,-14.502],[-18.331,0],[-0.259,10.547],[12.798,0]],"o":[[0,4.043],[11.551,0],[0.304,-12.343],[-10.181,0]],"v":[[-21,-0.609],[0.972,20.125],[21.571,-0.729],[0.102,-23.5]],"c":true}]},{"i":{"x":0.667,"y":1},"o":{"x":0.333,"y":0},"t":18,"s":[{"i":[[0,-14.502],[-18.331,0],[-0.259,10.547],[12.798,0]],"o":[[0,4.043],[11.551,0],[0.304,-12.343],[-10.181,0]],"v":[[-21,-0.609],[0.972,20.125],[21.571,-0.729],[0.102,-23.5]],"c":true}],"e":[{"i":[[0,-14.045],[-19.08,0],[-0.27,10.214],[13.321,0]],"o":[[0,3.916],[12.023,0],[0.316,-11.954],[-10.597,0]],"v":[[-21.75,0.295],[1.119,20.375],[22.559,0.179],[0.213,-21.875]],"c":true}]},{"t":20}],"ix":1},"o":{"a":0,"k":100,"ix":3},"x":{"a":0,"k":0,"ix":4},"nm":"Mask 1"}],"shapes":[{"ty":"gr","it":[{"ind":0,"ty":"sh","ix":1,"ks":{"a":1,"k":[{"i":{"x":0.833,"y":0.833},"o":{"x":0.167,"y":0.167},"t":8,"s":[{"i":[[-18.75,-1.5],[35.75,-4.75]],"o":[[28.75,1],[12.5,8.25]],"v":[[0.25,-24.5],[0.25,24.5]],"c":false}],"e":[{"i":[[-18.75,-1.5],[18.5,-10.75]],"o":[[19.75,10.75],[12.5,8.25]],"v":[[0.25,-24.5],[1.25,18]],"c":false}]},{"i":{"x":0.833,"y":0.833},"o":{"x":0.167,"y":0.167},"t":11,"s":[{"i":[[-18.75,-1.5],[18.5,-10.75]],"o":[[19.75,10.75],[12.5,8.25]],"v":[[0.25,-24.5],[1.25,18]],"c":false}],"e":[{"i":[[-18.75,-1.5],[0,-14.5]],"o":[[0,15.75],[12.5,8.25]],"v":[[0.25,-24.5],[0.25,24.5]],"c":false}]},{"i":{"x":0.833,"y":0.833},"o":{"x":0.167,"y":0.167},"t":14,"s":[{"i":[[-18.75,-1.5],[0,-14.5]],"o":[[0,15.75],[12.5,8.25]],"v":[[0.25,-24.5],[0.25,24.5]],"c":false}],"e":[{"i":[[24.25,-4.5],[-15.75,-8.5]],"o":[[-29.25,2],[12.5,8.25]],"v":[[8.5,-22],[-6.75,22]],"c":false}]},{"i":{"x":0.833,"y":0.833},"o":{"x":0.167,"y":0.167},"t":17,"s":[{"i":[[24.25,-4.5],[-15.75,-8.5]],"o":[[-29.25,2],[12.5,8.25]],"v":[[8.5,-22],[-6.75,22]],"c":false}],"e":[{"i":[[24.25,-4.5],[-30.25,-13.75]],"o":[[-35.5,-14],[12.5,8.25]],"v":[[11.75,-22.5],[-9,22]],"c":false}]},{"t":20}],"ix":2},"nm":"Path 1","mn":"ADBE Vector Shape - Group","hd":false},{"ty":"st","c":{"a":0,"k":[0,0,0,1],"ix":3},"o":{"a":0,"k":100,"ix":4},"w":{"a":0,"k":2,"ix":5},"lc":1,"lj":1,"ml":4,"bm":0,"nm":"Stroke 1","mn":"ADBE Vector Graphic - Stroke","hd":false},{"ty":"tr","p":{"a":0,"k":[0,0],"ix":2},"a":{"a":0,"k":[0,0],"ix":1},"s":{"a":0,"k":[100,100],"ix":3},"r":{"a":0,"k":0,"ix":6},"o":{"a":0,"k":100,"ix":7},"sk":{"a":0,"k":0,"ix":4},"sa":{"a":0,"k":0,"ix":5},"nm":"Transform"}],"nm":"Shape 1","np":3,"cix":2,"bm":0,"ix":1,"mn":"ADBE Vector Group","hd":false}],"ip":8,"op":20,"st":0,"bm":0},{"ddd":0,"ind":4,"ty":4,"nm":"line3","sr":1,"ks":{"o":{"a":0,"k":100,"ix":11},"r":{"a":0,"k":0,"ix":10},"p":{"a":0,"k":[24.75,25,0],"ix":2},"a":{"a":0,"k":[0,0,0],"ix":1},"s":{"a":0,"k":[100,100,100],"ix":6}},"ao":0,"hasMask":true,"masksProperties":[{"inv":false,"mode":"a","pt":{"a":1,"k":[{"i":{"x":0.667,"y":1},"o":{"x":0.333,"y":0},"t":20,"s":[{"i":[[0,-9.75],[-14.002,0],[-0.57,15.75],[18.191,0.589]],"o":[[0,8.016],[7.875,0],[0.17,-4.696],[-15.445,-0.5]],"v":[[-21.625,0.125],[0,20.625],[22.57,-0.125],[0.57,-21.75]],"c":true}],"e":[{"i":[[0,-9.523],[-14.597,0],[-0.594,15.383],[18.964,0.575]],"o":[[0,7.829],[8.21,0],[0.177,-4.586],[-16.101,-0.488]],"v":[[-22.75,2.103],[-0.206,22.125],[23.323,1.859],[0.388,-19.262]],"c":true}]},{"i":{"x":0.667,"y":1},"o":{"x":0.333,"y":0},"t":22,"s":[{"i":[[0,-9.523],[-14.597,0],[-0.594,15.383],[18.964,0.575]],"o":[[0,7.829],[8.21,0],[0.177,-4.586],[-16.101,-0.488]],"v":[[-22.75,2.103],[-0.206,22.125],[23.323,1.859],[0.388,-19.262]],"c":true}],"e":[{"i":[[0,-10.176],[-13.65,0],[-0.556,16.439],[17.734,0.615]],"o":[[0,8.366],[7.677,0],[0.166,-4.901],[-15.057,-0.522]],"v":[[-21.125,0.728],[-0.044,22.125],[21.959,0.468],[0.512,-22.103]],"c":true}]},{"i":{"x":0.667,"y":1},"o":{"x":0.333,"y":0},"t":25,"s":[{"i":[[0,-10.176],[-13.65,0],[-0.556,16.439],[17.734,0.615]],"o":[[0,8.366],[7.677,0],[0.166,-4.901],[-15.057,-0.522]],"v":[[-21.125,0.728],[-0.044,22.125],[21.959,0.468],[0.512,-22.103]],"c":true}],"e":[{"i":[[0,-10.176],[-13.65,0],[-0.556,16.439],[17.734,0.615]],"o":[[0,8.366],[7.677,0],[0.166,-4.901],[-15.057,-0.522]],"v":[[-21.125,0.728],[-0.044,22.125],[21.959,0.468],[0.512,-22.103]],"c":true}]},{"t":27}],"ix":1},"o":{"a":0,"k":100,"ix":3},"x":{"a":0,"k":0,"ix":4},"nm":"Mask 1"}],"shapes":[{"ty":"gr","it":[{"ind":0,"ty":"sh","ix":1,"ks":{"a":1,"k":[{"i":{"x":0.833,"y":0.833},"o":{"x":0.167,"y":0.167},"t":20,"s":[{"i":[[-29,-2.5],[38,10]],"o":[[23,9.75],[12.5,8.25]],"v":[[11.5,-20.75],[-10,21.25]],"c":false}],"e":[{"i":[[-29,-2.5],[21.5,0.25]],"o":[[16.5,18.25],[12.5,8.25]],"v":[[9,-18.5],[-8,22.5]],"c":false}]},{"i":{"x":0.833,"y":0.833},"o":{"x":0.167,"y":0.167},"t":22,"s":[{"i":[[-29,-2.5],[21.5,0.25]],"o":[[16.5,18.25],[12.5,8.25]],"v":[[9,-18.5],[-8,22.5]],"c":false}],"e":[{"i":[[-29,-2.5],[0,-12.75]],"o":[[0,14.75],[12.5,8.25]],"v":[[0.25,-24.5],[0.25,24.5]],"c":false}]},{"t":25}],"ix":2},"nm":"Path 1","mn":"ADBE Vector Shape - Group","hd":false},{"ty":"st","c":{"a":0,"k":[0,0,0,1],"ix":3},"o":{"a":0,"k":100,"ix":4},"w":{"a":0,"k":2,"ix":5},"lc":1,"lj":1,"ml":4,"bm":0,"nm":"Stroke 1","mn":"ADBE Vector Graphic - Stroke","hd":false},{"ty":"tr","p":{"a":0,"k":[0,0],"ix":2},"a":{"a":0,"k":[0,0],"ix":1},"s":{"a":0,"k":[100,100],"ix":3},"r":{"a":0,"k":0,"ix":6},"o":{"a":0,"k":100,"ix":7},"sk":{"a":0,"k":0,"ix":4},"sa":{"a":0,"k":0,"ix":5},"nm":"Transform"}],"nm":"Shape 1","np":3,"cix":2,"bm":0,"ix":1,"mn":"ADBE Vector Group","hd":false}],"ip":20,"op":28,"st":0,"bm":0},{"ddd":0,"ind":5,"ty":4,"nm":"circle","parent":6,"sr":1,"ks":{"o":{"a":0,"k":100,"ix":11},"r":{"a":0,"k":0,"ix":10},"p":{"a":1,"k":[{"i":{"x":0.76,"y":0},"o":{"x":0.333,"y":0},"t":3,"s":[-0.125,22,0],"e":[-0.125,22,0],"to":[0,-0.252,0],"ti":[0,0.69,0]},{"i":{"x":0.667,"y":1},"o":{"x":0.333,"y":0.555},"t":6,"s":[-0.125,22,0],"e":[-0.125,22,0],"to":[0,-1.135,0],"ti":[0,0,0]},{"i":{"x":0.667,"y":1},"o":{"x":0.333,"y":0},"t":8,"s":[-0.125,22,0],"e":[-0.125,15,0],"to":[0,0,0],"ti":[0,0,0]},{"i":{"x":0.667,"y":0.882},"o":{"x":0.333,"y":0},"t":11,"s":[-0.125,15,0],"e":[-0.125,22,0],"to":[0,0,0],"ti":[0,0.69,0]},{"i":{"x":0.667,"y":1},"o":{"x":0.333,"y":0.52},"t":14,"s":[-0.125,22,0],"e":[-0.125,22,0],"to":[0,-1.135,0],"ti":[0,0.667,0]},{"i":{"x":0.667,"y":1},"o":{"x":0.333,"y":0},"t":16,"s":[-0.125,22,0],"e":[-0.125,20,0],"to":[0,-0.252,0],"ti":[0,0,0]},{"i":{"x":0.667,"y":0.497},"o":{"x":0.333,"y":0},"t":18,"s":[-0.125,20,0],"e":[-0.125,22,0],"to":[0,0,0],"ti":[0,0.69,0]},{"i":{"x":0.667,"y":1},"o":{"x":0.333,"y":0.657},"t":22,"s":[-0.125,22,0],"e":[-0.125,22,0],"to":[0,-1.135,0],"ti":[0,-0.515,0]},{"t":25}],"ix":2},"a":{"a":0,"k":[26.875,49,0],"ix":1},"s":{"a":1,"k":[{"i":{"x":[0.667,0.667,0.667],"y":[1,1,1]},"o":{"x":[0.333,0.333,0.333],"y":[0,0,0]},"t":3,"s":[100,100,100],"e":[105,94,100]},{"i":{"x":[0.667,0.667,0.667],"y":[0.926,1,1]},"o":{"x":[0.333,0.333,0.333],"y":[0,0,0]},"t":6,"s":[105,94,100],"e":[96.5,104,100]},{"i":{"x":[0.667,0.667,0.667],"y":[1,1,1]},"o":{"x":[0.333,0.333,0.333],"y":[-0.094,0,0]},"t":8,"s":[96.5,104,100],"e":[106.5,87,100]},{"i":{"x":[0.667,0.667,0.667],"y":[1,1,1]},"o":{"x":[0.333,0.333,0.333],"y":[0,0,0]},"t":11,"s":[106.5,87,100],"e":[95,103,100]},{"i":{"x":[0.667,0.667,0.667],"y":[1,1,1]},"o":{"x":[0.333,0.333,0.333],"y":[0,0,0]},"t":14,"s":[95,103,100],"e":[108,93,100]},{"i":{"x":[0.667,0.667,0.667],"y":[1,1,1]},"o":{"x":[0.333,0.333,0.333],"y":[0,0,0]},"t":16,"s":[108,93,100],"e":[96.5,99,100]},{"i":{"x":[0.667,0.667,0.667],"y":[1,1,1]},"o":{"x":[0.333,0.333,0.333],"y":[0,0,0]},"t":18,"s":[96.5,99,100],"e":[105,94,100]},{"i":{"x":[0.667,0.667,0.667],"y":[1,1,1]},"o":{"x":[0.333,0.333,0.333],"y":[0,0,0]},"t":22,"s":[105,94,100],"e":[100,100,100]},{"t":25}],"ix":6}},"ao":0,"shapes":[{"ty":"gr","it":[{"ind":0,"ty":"sh","ix":1,"ks":{"a":0,"k":{"i":[[12.15,0],[0,-12.15],[-12.15,0],[0,12.15]],"o":[[-12.15,0],[0,12.15],[12.15,0],[0,-12.15]],"v":[[0,-22],[-22,0],[0,22],[22,0]],"c":true},"ix":2},"nm":"Path 1","mn":"ADBE Vector Shape - Group","hd":false},{"ty":"st","c":{"a":0,"k":[0,0,0,1],"ix":3},"o":{"a":0,"k":100,"ix":4},"w":{"a":0,"k":2,"ix":5},"lc":2,"lj":2,"bm":0,"nm":"Stroke 1","mn":"ADBE Vector Graphic - Stroke","hd":false},{"ty":"tr","p":{"a":0,"k":[27,27],"ix":2},"a":{"a":0,"k":[0,0],"ix":1},"s":{"a":0,"k":[100,100],"ix":3},"r":{"a":0,"k":0,"ix":6},"o":{"a":0,"k":100,"ix":7},"sk":{"a":0,"k":0,"ix":4},"sa":{"a":0,"k":0,"ix":5},"nm":"Transform"}],"nm":"Group 1","np":2,"cix":2,"bm":0,"ix":1,"mn":"ADBE Vector Group","hd":false}],"ip":0,"op":28,"st":0,"bm":0},{"ddd":0,"ind":6,"ty":4,"nm":"controller","sr":1,"ks":{"o":{"a":0,"k":100,"ix":11},"r":{"a":1,"k":[{"i":{"x":[0.667],"y":[1]},"o":{"x":[0.333],"y":[0]},"t":3,"s":[0],"e":[-13]},{"i":{"x":[0.667],"y":[1]},"o":{"x":[0.333],"y":[0]},"t":7,"s":[-13],"e":[1]},{"i":{"x":[0.667],"y":[1]},"o":{"x":[0.333],"y":[0]},"t":14,"s":[1],"e":[24]},{"i":{"x":[0.667],"y":[1]},"o":{"x":[0.333],"y":[0]},"t":20,"s":[24],"e":[0]},{"t":25}],"ix":10},"p":{"a":0,"k":[25,25,0],"ix":2},"a":{"a":0,"k":[0,0,0],"ix":1},"s":{"a":0,"k":[100,100,100],"ix":6}},"ao":0,"shapes":[],"ip":0,"op":28,"st":0,"bm":0}],"markers":[]}