{"v":"5.4.4","fr":24,"ip":0,"op":28,"w":50,"h":50,"nm":"dollar","ddd":0,"assets":[],"layers":[{"ddd":0,"ind":1,"ty":4,"nm":"Coin","sr":1,"ks":{"o":{"a":0,"k":100,"ix":11},"r":{"a":0,"k":0,"ix":10},"p":{"a":0,"k":[25,25,0],"ix":2},"a":{"a":0,"k":[25,25,0],"ix":1},"s":{"a":0,"k":[100,100,100],"ix":6}},"ao":0,"shapes":[{"ty":"gr","it":[{"ind":0,"ty":"sh","ix":1,"ks":{"a":1,"k":[{"i":{"x":0.833,"y":0.833},"o":{"x":0.333,"y":0},"t":3,"s":[{"i":[[12.15,0],[0,-12.15],[-12.15,0],[0,12.15]],"o":[[-12.15,0],[0,12.15],[12.15,0],[0,-12.15]],"v":[[0,-22],[-22,0],[0,22],[22,0]],"c":true}],"e":[{"i":[[-0.031,0],[0,-12.15],[-0.125,0.125],[0,12.15]],"o":[[0.094,0.031],[0,12.15],[0.031,0.031],[0,-12.15]],"v":[[0,-22],[0.046,0],[0,22],[0.039,0]],"c":true}]},{"i":{"x":0.667,"y":1},"o":{"x":0.167,"y":0.167},"t":14,"s":[{"i":[[-0.031,0],[0,-12.15],[-0.125,0.125],[0,12.15]],"o":[[0.094,0.031],[0,12.15],[0.031,0.031],[0,-12.15]],"v":[[0,-22],[0.046,0],[0,22],[0.039,0]],"c":true}],"e":[{"i":[[12.15,0],[0,-12.15],[-12.15,0],[0,12.15]],"o":[[-12.15,0],[0,12.15],[12.15,0],[0,-12.15]],"v":[[0,-22],[-22,0],[0,22],[22,0]],"c":true}]},{"t":25}],"ix":2},"nm":"Path 1","mn":"ADBE Vector Shape - Group","hd":false},{"ty":"st","c":{"a":0,"k":[0,0,0,1],"ix":3},"o":{"a":0,"k":100,"ix":4},"w":{"a":0,"k":2,"ix":5},"lc":1,"lj":2,"bm":0,"nm":"Stroke 1","mn":"ADBE Vector Graphic - Stroke","hd":false},{"ty":"tr","p":{"a":0,"k":[25,25],"ix":2},"a":{"a":0,"k":[0,0],"ix":1},"s":{"a":0,"k":[100,100],"ix":3},"r":{"a":0,"k":0,"ix":6},"o":{"a":0,"k":100,"ix":7},"sk":{"a":0,"k":0,"ix":4},"sa":{"a":0,"k":0,"ix":5},"nm":"Transform"}],"nm":"Group 2","np":2,"cix":2,"bm":0,"ix":1,"mn":"ADBE Vector Group","hd":false}],"ip":0,"op":28,"st":0,"bm":0},{"ddd":0,"ind":2,"ty":4,"nm":"Dollar","sr":1,"ks":{"o":{"a":0,"k":100,"ix":11},"r":{"a":0,"k":0,"ix":10},"p":{"a":0,"k":[25,25,0],"ix":2},"a":{"a":0,"k":[25,25,0],"ix":1},"s":{"a":1,"k":[{"i":{"x":[0.833,0.833,0.833],"y":[0.833,1,1]},"o":{"x":[0.491,0.491,0.333],"y":[0,0,0]},"t":3,"s":[100,100,100],"e":[0,100,100]},{"i":{"x":[0.334,0.33,0.667],"y":[1,1,1]},"o":{"x":[0.167,0.167,0.167],"y":[0.167,0,0]},"t":14,"s":[0,100,100],"e":[100,100,100]},{"t":25}],"ix":6}},"ao":0,"shapes":[{"ty":"gr","it":[{"ind":0,"ty":"sh","ix":1,"ks":{"a":0,"k":{"i":[[0,1],[0,6.9],[-4.699,0],[-0.099,-1.7],[0,0],[4.8,0.2],[0,0],[0,0],[0,0],[0,-1.9],[0,-7.1],[5.901,0],[-0.2,6.299],[0,0],[-2.701,-0.3],[0,0],[0,0],[0,0]],"o":[[0,-9],[0,-2.3],[4.8,0],[0,0],[0.199,-2.8],[0,0],[0,0],[0,0],[-5.6,0.3],[0,9.399],[0,0.899],[-0.199,0],[0,0],[0.199,6.7],[0,0],[0,0],[0,0],[6.7,-0.5]],"v":[[8.15,5.7],[-5.55,-5.6],[0.049,-10.6],[5.549,-5.1],[7.65,-5.1],[1.049,-12.2],[1.049,-15],[-1,-15],[-1,-12.2],[-7.55,-5.8],[6.15,5.7],[0.049,10.599],[-6.05,4.3],[-8.15,4.3],[-1,12.2],[-1,15],[1,15],[1,12.2]],"c":true},"ix":2},"nm":"Path 1","mn":"ADBE Vector Shape - Group","hd":false},{"ty":"fl","c":{"a":0,"k":[0,0,0,1],"ix":4},"o":{"a":0,"k":100,"ix":5},"r":1,"bm":0,"nm":"Fill 1","mn":"ADBE Vector Graphic - Fill","hd":false},{"ty":"tr","p":{"a":0,"k":[25,25],"ix":2},"a":{"a":0,"k":[0,0],"ix":1},"s":{"a":0,"k":[100,100],"ix":3},"r":{"a":0,"k":0,"ix":6},"o":{"a":0,"k":100,"ix":7},"sk":{"a":0,"k":0,"ix":4},"sa":{"a":0,"k":0,"ix":5},"nm":"Transform"}],"nm":"Group 3","np":2,"cix":2,"bm":0,"ix":1,"mn":"ADBE Vector Group","hd":false}],"ip":0,"op":28,"st":0,"bm":0}],"markers":[]}