{"v":"5.6.3","fr":24,"ip":0,"op":28,"w":50,"h":50,"nm":"cat-meow","ddd":0,"assets":[],"layers":[{"ddd":0,"ind":1,"ty":4,"nm":"Controller","sr":1,"ks":{"o":{"a":0,"k":100,"ix":11},"r":{"a":0,"k":0,"ix":10},"p":{"a":1,"k":[{"i":{"x":0.833,"y":1},"o":{"x":0.333,"y":0},"t":3,"s":[25,25,0],"to":[0,-0.333,0],"ti":[0,0,0]},{"i":{"x":0.667,"y":1},"o":{"x":0.333,"y":0},"t":14,"s":[25,23,0],"to":[0,0,0],"ti":[0,-0.333,0]},{"t":25,"s":[25,25,0]}],"ix":2},"a":{"a":0,"k":[0,0,0],"ix":1},"s":{"a":0,"k":[100,100,100],"ix":6}},"ao":0,"shapes":[],"ip":0,"op":28,"st":0,"bm":0},{"ddd":0,"ind":2,"ty":4,"nm":"head","sr":1,"ks":{"o":{"a":0,"k":100,"ix":11},"r":{"a":0,"k":0,"ix":10},"p":{"a":0,"k":[25,25,0],"ix":2},"a":{"a":0,"k":[25,25,0],"ix":1},"s":{"a":0,"k":[100,100,100],"ix":6}},"ao":0,"shapes":[{"ty":"gr","it":[{"ty":"gr","it":[{"ind":0,"ty":"sh","ix":1,"ks":{"a":1,"k":[{"i":{"x":0.667,"y":1},"o":{"x":0.333,"y":0},"t":4,"s":[{"i":[[-1.88,1.301],[2.549,0.465],[-0.417,-1.624]],"o":[[-1.308,-0.642],[0.15,3.1],[1.42,-1.831]],"v":[[2.936,-1.396],[-2.937,-3.314],[-2.046,3.314]],"c":true}]},{"i":{"x":0.667,"y":1},"o":{"x":0.333,"y":0},"t":8,"s":[{"i":[[-1.88,1.301],[2.379,-0.142],[-0.417,-1.624]],"o":[[-1.308,-0.642],[0.15,3.1],[1.42,-1.831]],"v":[[2.936,-1.396],[-3.013,-1.96],[-2.046,3.314]],"c":true}]},{"i":{"x":0.667,"y":1},"o":{"x":0.333,"y":0},"t":20,"s":[{"i":[[-1.88,1.301],[2.379,-0.142],[-0.417,-1.624]],"o":[[-1.308,-0.642],[0.15,3.1],[1.42,-1.831]],"v":[[2.936,-1.396],[-3.013,-1.96],[-2.046,3.314]],"c":true}]},{"t":24,"s":[{"i":[[-1.88,1.301],[2.549,0.465],[-0.417,-1.624]],"o":[[-1.308,-0.642],[0.15,3.1],[1.42,-1.831]],"v":[[2.936,-1.396],[-2.937,-3.314],[-2.046,3.314]],"c":true}]}],"ix":2},"nm":"Path 1","mn":"ADBE Vector Shape - Group","hd":false},{"ty":"st","c":{"a":0,"k":[0,0,0,1],"ix":3},"o":{"a":0,"k":100,"ix":4},"w":{"a":0,"k":2,"ix":5},"lc":1,"lj":2,"bm":0,"nm":"Stroke 1","mn":"ADBE Vector Graphic - Stroke","hd":false},{"ty":"tr","p":{"a":0,"k":[10.03,10.686],"ix":2},"a":{"a":0,"k":[0,0],"ix":1},"s":{"a":0,"k":[100,100],"ix":3},"r":{"a":0,"k":0,"ix":6},"o":{"a":0,"k":100,"ix":7},"sk":{"a":0,"k":0,"ix":4},"sa":{"a":0,"k":0,"ix":5},"nm":"Transform"}],"nm":"Group 3","np":2,"cix":2,"bm":0,"ix":1,"mn":"ADBE Vector Group","hd":false},{"ty":"gr","it":[{"ind":0,"ty":"sh","ix":1,"ks":{"a":1,"k":[{"i":{"x":0.667,"y":1},"o":{"x":0.333,"y":0},"t":4,"s":[{"i":[[-1.413,-1.811],[-0.165,2.831],[1.307,-0.642]],"o":[[0.404,-1.712],[-2.534,0.465],[1.865,1.29]],"v":[[2.025,3.312],[2.924,-3.312],[-2.924,-1.396]],"c":true}]},{"i":{"x":0.667,"y":1},"o":{"x":0.333,"y":0},"t":8,"s":[{"i":[[-1.413,-1.811],[-0.165,2.831],[1.307,-0.642]],"o":[[0.404,-1.712],[-2.93,-0.062],[1.865,1.29]],"v":[[2.025,3.312],[2.847,-1.958],[-2.924,-1.396]],"c":true}]},{"i":{"x":0.667,"y":1},"o":{"x":0.333,"y":0},"t":20,"s":[{"i":[[-1.413,-1.811],[-0.165,2.831],[1.307,-0.642]],"o":[[0.404,-1.712],[-2.93,-0.062],[1.865,1.29]],"v":[[2.025,3.312],[2.847,-1.958],[-2.924,-1.396]],"c":true}]},{"t":24,"s":[{"i":[[-1.413,-1.811],[-0.165,2.831],[1.307,-0.642]],"o":[[0.404,-1.712],[-2.534,0.465],[1.865,1.29]],"v":[[2.025,3.312],[2.924,-3.312],[-2.924,-1.396]],"c":true}]}],"ix":2},"nm":"Path 1","mn":"ADBE Vector Shape - Group","hd":false},{"ty":"st","c":{"a":0,"k":[0,0,0,1],"ix":3},"o":{"a":0,"k":100,"ix":4},"w":{"a":0,"k":2,"ix":5},"lc":1,"lj":2,"bm":0,"nm":"Stroke 1","mn":"ADBE Vector Graphic - Stroke","hd":false},{"ty":"tr","p":{"a":0,"k":[39.958,10.688],"ix":2},"a":{"a":0,"k":[0,0],"ix":1},"s":{"a":0,"k":[100,100],"ix":3},"r":{"a":0,"k":0,"ix":6},"o":{"a":0,"k":100,"ix":7},"sk":{"a":0,"k":0,"ix":4},"sa":{"a":0,"k":0,"ix":5},"nm":"Transform"}],"nm":"Group 4","np":2,"cix":2,"bm":0,"ix":2,"mn":"ADBE Vector Group","hd":false},{"ty":"gr","it":[{"ind":0,"ty":"sh","ix":1,"ks":{"a":1,"k":[{"i":{"x":0.667,"y":1},"o":{"x":0.333,"y":0},"t":4,"s":[{"i":[[0,8],[0,0],[5.25,0],[0,0],[8.5,0],[-1.045,-3.292],[0,-3.13],[-8.8,0],[0,11],[1.298,2.666]],"o":[[-8.5,0],[0,0],[-5.25,0],[0,0],[0,9],[-1.298,2.666],[0,11],[8.8,0],[0,-3.13],[1.045,-3.292]],"v":[[22,-22],[8,-18],[0,-20],[-8,-18],[-22,-22],[-20,-7],[-22,2],[0,22],[22,2],[20,-7]],"c":true}]},{"i":{"x":0.667,"y":1},"o":{"x":0.333,"y":0},"t":8,"s":[{"i":[[0,8],[0,0],[5.25,0],[0,0],[8.5,0],[-1.045,-3.292],[0,-3.13],[-8.8,0],[0,11],[1.298,2.666]],"o":[[-8.5,0],[0,0],[-5.25,0],[0,0],[0,9],[-1.298,2.666],[0,11],[8.8,0],[0,-3.13],[1.045,-3.292]],"v":[[22,-20.333],[8,-18],[0,-20],[-8,-18],[-22,-20.333],[-20,-7],[-22,2],[0,22],[22,2],[20,-7]],"c":true}]},{"i":{"x":0.667,"y":1},"o":{"x":0.333,"y":0},"t":20,"s":[{"i":[[0,8],[0,0],[5.25,0],[0,0],[8.5,0],[-1.045,-3.292],[0,-3.13],[-8.8,0],[0,11],[1.298,2.666]],"o":[[-8.5,0],[0,0],[-5.25,0],[0,0],[0,9],[-1.298,2.666],[0,11],[8.8,0],[0,-3.13],[1.045,-3.292]],"v":[[22,-20.333],[8,-18],[0,-20],[-8,-18],[-22,-20.333],[-20,-7],[-22,2],[0,22],[22,2],[20,-7]],"c":true}]},{"t":24,"s":[{"i":[[0,8],[0,0],[5.25,0],[0,0],[8.5,0],[-1.045,-3.292],[0,-3.13],[-8.8,0],[0,11],[1.298,2.666]],"o":[[-8.5,0],[0,0],[-5.25,0],[0,0],[0,9],[-1.298,2.666],[0,11],[8.8,0],[0,-3.13],[1.045,-3.292]],"v":[[22,-22],[8,-18],[0,-20],[-8,-18],[-22,-22],[-20,-7],[-22,2],[0,22],[22,2],[20,-7]],"c":true}]}],"ix":2},"nm":"Path 1","mn":"ADBE Vector Shape - Group","hd":false},{"ty":"st","c":{"a":0,"k":[0,0,0,1],"ix":3},"o":{"a":0,"k":100,"ix":4},"w":{"a":0,"k":2,"ix":5},"lc":1,"lj":2,"bm":0,"nm":"Stroke 1","mn":"ADBE Vector Graphic - Stroke","hd":false},{"ty":"tr","p":{"a":0,"k":[25,25],"ix":2},"a":{"a":0,"k":[0,0],"ix":1},"s":{"a":0,"k":[100,100],"ix":3},"r":{"a":0,"k":0,"ix":6},"o":{"a":0,"k":100,"ix":7},"sk":{"a":0,"k":0,"ix":4},"sa":{"a":0,"k":0,"ix":5},"nm":"Transform"}],"nm":"Group 10","np":2,"cix":2,"bm":0,"ix":3,"mn":"ADBE Vector Group","hd":false},{"ty":"tr","p":{"a":0,"k":[25,25],"ix":2},"a":{"a":0,"k":[25,25],"ix":1},"s":{"a":0,"k":[100,100],"ix":3},"r":{"a":0,"k":0,"ix":6},"o":{"a":0,"k":100,"ix":7},"sk":{"a":0,"k":0,"ix":4},"sa":{"a":0,"k":0,"ix":5},"nm":"Transform"}],"nm":"Group 21","np":3,"cix":2,"bm":0,"ix":1,"mn":"ADBE Vector Group","hd":false}],"ip":0,"op":28,"st":0,"bm":0},{"ddd":0,"ind":3,"ty":4,"nm":"face","parent":1,"sr":1,"ks":{"o":{"a":0,"k":100,"ix":11},"r":{"a":0,"k":0,"ix":10},"p":{"a":0,"k":[0,0,0],"ix":2},"a":{"a":0,"k":[25,25,0],"ix":1},"s":{"a":0,"k":[100,100,100],"ix":6}},"ao":0,"shapes":[{"ty":"gr","it":[{"ty":"gr","it":[{"ind":0,"ty":"sh","ix":1,"ks":{"a":0,"k":{"i":[[0,0],[0,0]],"o":[[0,0],[0,0]],"v":[[34,20.177],[34,27]],"c":false},"ix":2},"nm":"Path 1","mn":"ADBE Vector Shape - Group","hd":false},{"ty":"tm","s":{"a":0,"k":0,"ix":1},"e":{"a":1,"k":[{"i":{"x":[0.667],"y":[1]},"o":{"x":[0.333],"y":[0]},"t":3,"s":[100]},{"i":{"x":[0.833],"y":[0.833]},"o":{"x":[0.167],"y":[0.167]},"t":10,"s":[75]},{"i":{"x":[0.667],"y":[1]},"o":{"x":[0.333],"y":[0]},"t":18,"s":[75]},{"t":25,"s":[100]}],"ix":2},"o":{"a":0,"k":0,"ix":3},"m":1,"ix":2,"nm":"Trim Paths 1","mn":"ADBE Vector Filter - Trim","hd":false},{"ty":"st","c":{"a":0,"k":[0,0,0,1],"ix":3},"o":{"a":0,"k":100,"ix":4},"w":{"a":0,"k":2,"ix":5},"lc":1,"lj":2,"bm":0,"nm":"Stroke 1","mn":"ADBE Vector Graphic - Stroke","hd":false},{"ty":"tr","p":{"a":0,"k":[0,0],"ix":2},"a":{"a":0,"k":[0,0],"ix":1},"s":{"a":0,"k":[100,100],"ix":3},"r":{"a":0,"k":0,"ix":6},"o":{"a":0,"k":100,"ix":7},"sk":{"a":0,"k":0,"ix":4},"sa":{"a":0,"k":0,"ix":5},"nm":"Transform"}],"nm":"Group 5","np":3,"cix":2,"bm":0,"ix":1,"mn":"ADBE Vector Group","hd":false},{"ty":"gr","it":[{"ind":0,"ty":"sh","ix":1,"ks":{"a":0,"k":{"i":[[0,0],[0,0]],"o":[[0,0],[0,0]],"v":[[16,20.188],[16,27]],"c":false},"ix":2},"nm":"Path 1","mn":"ADBE Vector Shape - Group","hd":false},{"ty":"tm","s":{"a":0,"k":0,"ix":1},"e":{"a":1,"k":[{"i":{"x":[0.667],"y":[1]},"o":{"x":[0.333],"y":[0]},"t":3,"s":[100]},{"i":{"x":[0.833],"y":[0.833]},"o":{"x":[0.167],"y":[0.167]},"t":10,"s":[75]},{"i":{"x":[0.667],"y":[1]},"o":{"x":[0.333],"y":[0]},"t":18,"s":[75]},{"t":25,"s":[100]}],"ix":2},"o":{"a":0,"k":0,"ix":3},"m":1,"ix":2,"nm":"Trim Paths 1","mn":"ADBE Vector Filter - Trim","hd":false},{"ty":"st","c":{"a":0,"k":[0,0,0,1],"ix":3},"o":{"a":0,"k":100,"ix":4},"w":{"a":0,"k":2,"ix":5},"lc":1,"lj":2,"bm":0,"nm":"Stroke 1","mn":"ADBE Vector Graphic - Stroke","hd":false},{"ty":"tr","p":{"a":0,"k":[0,0],"ix":2},"a":{"a":0,"k":[0,0],"ix":1},"s":{"a":0,"k":[100,100],"ix":3},"r":{"a":0,"k":0,"ix":6},"o":{"a":0,"k":100,"ix":7},"sk":{"a":0,"k":0,"ix":4},"sa":{"a":0,"k":0,"ix":5},"nm":"Transform"}],"nm":"Group 6","np":3,"cix":2,"bm":0,"ix":2,"mn":"ADBE Vector Group","hd":false},{"ty":"gr","it":[{"ind":0,"ty":"sh","ix":1,"ks":{"a":1,"k":[{"i":{"x":0.667,"y":1},"o":{"x":0.333,"y":0},"t":3,"s":[{"i":[[0,0],[-2.025,0],[0,0],[2.025,0]],"o":[[0,0],[5.625,0],[0,0],[-5.625,0]],"v":[[-4.5,-2.406],[-1.125,-3.5],[4.5,2.406],[1.125,3.5]],"c":true}]},{"i":{"x":0.833,"y":0.833},"o":{"x":0.167,"y":0.167},"t":10,"s":[{"i":[[0,0],[-2.025,0],[0,0],[2.31,0.238]],"o":[[0,0],[5.625,0],[0,0],[-5.11,-0.268]],"v":[[-4.5,-2.406],[-1.125,-3.5],[4.5,1.924],[1.178,1.831]],"c":true}]},{"i":{"x":0.667,"y":1},"o":{"x":0.333,"y":0},"t":18,"s":[{"i":[[0,0],[-2.025,0],[0,0],[2.31,0.238]],"o":[[0,0],[5.625,0],[0,0],[-5.11,-0.268]],"v":[[-4.5,-2.406],[-1.125,-3.5],[4.5,1.924],[1.178,1.831]],"c":true}]},{"t":25,"s":[{"i":[[0,0],[-2.025,0],[0,0],[2.025,0]],"o":[[0,0],[5.625,0],[0,0],[-5.625,0]],"v":[[-4.5,-2.406],[-1.125,-3.5],[4.5,2.406],[1.125,3.5]],"c":true}]}],"ix":2},"nm":"Path 1","mn":"ADBE Vector Shape - Group","hd":false},{"ty":"st","c":{"a":0,"k":[0,0,0,1],"ix":3},"o":{"a":0,"k":100,"ix":4},"w":{"a":0,"k":2,"ix":5},"lc":1,"lj":2,"bm":0,"nm":"Stroke 1","mn":"ADBE Vector Graphic - Stroke","hd":false},{"ty":"tr","p":{"a":0,"k":[15.5,23.5],"ix":2},"a":{"a":0,"k":[0,0],"ix":1},"s":{"a":0,"k":[100,100],"ix":3},"r":{"a":0,"k":0,"ix":6},"o":{"a":0,"k":100,"ix":7},"sk":{"a":0,"k":0,"ix":4},"sa":{"a":0,"k":0,"ix":5},"nm":"Transform"}],"nm":"Group 8","np":2,"cix":2,"bm":0,"ix":3,"mn":"ADBE Vector Group","hd":false},{"ty":"gr","it":[{"ind":0,"ty":"sh","ix":1,"ks":{"a":1,"k":[{"i":{"x":0.667,"y":1},"o":{"x":0.333,"y":0},"t":3,"s":[{"i":[[5.625,0],[0,0],[-5.625,0],[0,0]],"o":[[-2.025,0],[0,0],[2.025,0],[0,0]],"v":[[-1.125,3.5],[-4.5,2.406],[1.125,-3.5],[4.5,-2.406]],"c":true}]},{"i":{"x":0.833,"y":0.833},"o":{"x":0.167,"y":0.167},"t":10,"s":[{"i":[[5.1,-0.254],[0,0],[-5.625,0],[0,0]],"o":[[-2.363,0.243],[0,0],[2.025,0],[0,0]],"v":[[-1.147,1.822],[-4.5,1.924],[1.125,-3.5],[4.5,-2.406]],"c":true}]},{"i":{"x":0.667,"y":1},"o":{"x":0.333,"y":0},"t":18,"s":[{"i":[[5.1,-0.254],[0,0],[-5.625,0],[0,0]],"o":[[-2.363,0.243],[0,0],[2.025,0],[0,0]],"v":[[-1.147,1.822],[-4.5,1.924],[1.125,-3.5],[4.5,-2.406]],"c":true}]},{"t":25,"s":[{"i":[[5.625,0],[0,0],[-5.625,0],[0,0]],"o":[[-2.025,0],[0,0],[2.025,0],[0,0]],"v":[[-1.125,3.5],[-4.5,2.406],[1.125,-3.5],[4.5,-2.406]],"c":true}]}],"ix":2},"nm":"Path 1","mn":"ADBE Vector Shape - Group","hd":false},{"ty":"st","c":{"a":0,"k":[0,0,0,1],"ix":3},"o":{"a":0,"k":100,"ix":4},"w":{"a":0,"k":2,"ix":5},"lc":1,"lj":2,"bm":0,"nm":"Stroke 1","mn":"ADBE Vector Graphic - Stroke","hd":false},{"ty":"tr","p":{"a":0,"k":[34.5,23.5],"ix":2},"a":{"a":0,"k":[0,0],"ix":1},"s":{"a":0,"k":[100,100],"ix":3},"r":{"a":0,"k":0,"ix":6},"o":{"a":0,"k":100,"ix":7},"sk":{"a":0,"k":0,"ix":4},"sa":{"a":0,"k":0,"ix":5},"nm":"Transform"}],"nm":"Group 9","np":2,"cix":2,"bm":0,"ix":4,"mn":"ADBE Vector Group","hd":false},{"ty":"tr","p":{"a":0,"k":[25,23.5],"ix":2},"a":{"a":0,"k":[25,23.5],"ix":1},"s":{"a":0,"k":[100,100],"ix":3},"r":{"a":0,"k":0,"ix":6},"o":{"a":0,"k":100,"ix":7},"sk":{"a":0,"k":0,"ix":4},"sa":{"a":0,"k":0,"ix":5},"nm":"Transform"}],"nm":"Group 22","np":4,"cix":2,"bm":0,"ix":1,"mn":"ADBE Vector Group","hd":false},{"ty":"gr","it":[{"ty":"gr","it":[{"ind":0,"ty":"sh","ix":1,"ks":{"a":1,"k":[{"i":{"x":0.667,"y":1},"o":{"x":0.333,"y":0},"t":3,"s":[{"i":[[0,0],[0,0]],"o":[[0,0],[0,0]],"v":[[25,38.051],[25,41.041]],"c":false}]},{"i":{"x":0.833,"y":0.833},"o":{"x":0.167,"y":0.167},"t":10,"s":[{"i":[[0,0],[0,0]],"o":[[0,0],[0,0]],"v":[[25,32.51],[25,35]],"c":false}]},{"i":{"x":0.667,"y":1},"o":{"x":0.333,"y":0},"t":18,"s":[{"i":[[0,0],[0,0]],"o":[[0,0],[0,0]],"v":[[25,32.51],[25,35]],"c":false}]},{"t":25,"s":[{"i":[[0,0],[0,0]],"o":[[0,0],[0,0]],"v":[[25,38.051],[25,41.041]],"c":false}]}],"ix":2},"nm":"Path 1","mn":"ADBE Vector Shape - Group","hd":false},{"ty":"st","c":{"a":0,"k":[0,0,0,1],"ix":3},"o":{"a":0,"k":100,"ix":4},"w":{"a":0,"k":2,"ix":5},"lc":1,"lj":1,"ml":10,"bm":0,"nm":"Stroke 1","mn":"ADBE Vector Graphic - Stroke","hd":false},{"ty":"tr","p":{"a":0,"k":[0,0],"ix":2},"a":{"a":0,"k":[0,0],"ix":1},"s":{"a":0,"k":[100,100],"ix":3},"r":{"a":0,"k":0,"ix":6},"o":{"a":0,"k":100,"ix":7},"sk":{"a":0,"k":0,"ix":4},"sa":{"a":0,"k":0,"ix":5},"nm":"Transform"}],"nm":"Group 11","np":2,"cix":2,"bm":0,"ix":1,"mn":"ADBE Vector Group","hd":false},{"ty":"gr","it":[{"ind":0,"ty":"sh","ix":1,"ks":{"a":1,"k":[{"i":{"x":0.667,"y":1},"o":{"x":0.333,"y":0},"t":3,"s":[{"i":[[0,0],[5.49,-1.365],[0,0],[-0.018,0.165],[-5.161,-1.336],[0,0]],"o":[[0,0],[0,0],[4.384,-1.452],[0.028,0.17],[0,0],[-6.302,-1.484]],"v":[[0.25,1.685],[-6.823,6.128],[-5.759,5.84],[0.253,1.682],[6.37,5.953],[7.214,6.17]],"c":true}]},{"i":{"x":0.667,"y":1},"o":{"x":0.333,"y":0},"t":7,"s":[{"i":[[0,0],[5.496,-0.199],[0,0],[-0.014,0.13],[-5.302,-0.491],[0,0]],"o":[[0,0],[0,0],[4.18,-0.543],[0.049,0.13],[0,0],[-6.113,-0.244]],"v":[[0.25,-2.068],[-7.715,1.16],[-6.321,1.067],[0.248,-2.065],[6.99,1.124],[7.861,1.176]],"c":true}]},{"i":{"x":0.833,"y":0.833},"o":{"x":0.167,"y":0.167},"t":10,"s":[{"i":[[0,0],[5.5,0.5],[0,0],[-0.4,0.007],[-0.324,0.263],[0,0]],"o":[[0,0],[0,0],[0.336,0.257],[0.395,-0.007],[0,0],[-6,0.5]],"v":[[0.25,-4.32],[-8.25,-1.82],[-0.889,3.809],[0.249,4.183],[1.362,3.776],[8.25,-1.82]],"c":true}]},{"i":{"x":0.667,"y":1},"o":{"x":0.333,"y":0},"t":18,"s":[{"i":[[0,0],[5.5,0.5],[0,0],[-0.4,0.007],[-0.324,0.263],[0,0]],"o":[[0,0],[0,0],[0.336,0.257],[0.395,-0.007],[0,0],[-6,0.5]],"v":[[0.25,-4.32],[-8.25,-1.82],[-0.889,3.809],[0.249,4.183],[1.362,3.776],[8.25,-1.82]],"c":true}]},{"i":{"x":0.667,"y":1},"o":{"x":0.333,"y":0},"t":21,"s":[{"i":[[0,0],[5.496,-0.199],[0,0],[-0.014,0.13],[-5.302,-0.491],[0,0]],"o":[[0,0],[0,0],[4.18,-0.543],[0.049,0.13],[0,0],[-6.113,-0.244]],"v":[[0.25,-2.068],[-7.715,1.16],[-6.321,1.067],[0.248,-2.065],[6.99,1.124],[7.861,1.176]],"c":true}]},{"t":25,"s":[{"i":[[0,0],[5.49,-1.365],[0,0],[-0.018,0.165],[-5.161,-1.336],[0,0]],"o":[[0,0],[0,0],[4.384,-1.452],[0.028,0.17],[0,0],[-6.302,-1.484]],"v":[[0.25,1.685],[-6.823,6.128],[-5.759,5.84],[0.253,1.682],[6.37,5.953],[7.214,6.17]],"c":true}]}],"ix":2},"nm":"Path 1","mn":"ADBE Vector Shape - Group","hd":false},{"ty":"st","c":{"a":0,"k":[0,0,0,1],"ix":3},"o":{"a":0,"k":100,"ix":4},"w":{"a":0,"k":2,"ix":5},"lc":1,"lj":2,"bm":0,"nm":"Stroke 1","mn":"ADBE Vector Graphic - Stroke","hd":false},{"ty":"tr","p":{"a":0,"k":[24.75,39.32],"ix":2},"a":{"a":0,"k":[0,0],"ix":1},"s":{"a":0,"k":[100,100],"ix":3},"r":{"a":0,"k":0,"ix":6},"o":{"a":0,"k":100,"ix":7},"sk":{"a":0,"k":0,"ix":4},"sa":{"a":0,"k":0,"ix":5},"nm":"Transform"}],"nm":"Group 12","np":2,"cix":2,"bm":0,"ix":2,"mn":"ADBE Vector Group","hd":false},{"ty":"gr","it":[{"ind":0,"ty":"sh","ix":1,"ks":{"a":1,"k":[{"i":{"x":0.667,"y":1},"o":{"x":0.333,"y":0},"t":3,"s":[{"i":[[0,0],[0,4],[0,0]],"o":[[0,0],[0,0],[0,4]],"v":[[0,7.01],[-4,2],[4,2]],"c":true}]},{"i":{"x":0.833,"y":0.833},"o":{"x":0.167,"y":0.167},"t":10,"s":[{"i":[[0,0],[0,4],[0,0]],"o":[[0,0],[0,0],[0,4]],"v":[[0,1.51],[-4,-2],[4,-2]],"c":true}]},{"i":{"x":0.667,"y":1},"o":{"x":0.333,"y":0},"t":18,"s":[{"i":[[0,0],[0,4],[0,0]],"o":[[0,0],[0,0],[0,4]],"v":[[0,1.51],[-4,-2],[4,-2]],"c":true}]},{"t":25,"s":[{"i":[[0,0],[0,4],[0,0]],"o":[[0,0],[0,0],[0,4]],"v":[[0,7.01],[-4,2],[4,2]],"c":true}]}],"ix":2},"nm":"Path 1","mn":"ADBE Vector Shape - Group","hd":false},{"ty":"st","c":{"a":0,"k":[0,0,0,1],"ix":3},"o":{"a":0,"k":100,"ix":4},"w":{"a":0,"k":2,"ix":5},"lc":1,"lj":2,"bm":0,"nm":"Stroke 1","mn":"ADBE Vector Graphic - Stroke","hd":false},{"ty":"tr","p":{"a":0,"k":[25,31],"ix":2},"a":{"a":0,"k":[0,0],"ix":1},"s":{"a":0,"k":[100,100],"ix":3},"r":{"a":0,"k":0,"ix":6},"o":{"a":0,"k":100,"ix":7},"sk":{"a":0,"k":0,"ix":4},"sa":{"a":0,"k":0,"ix":5},"nm":"Transform"}],"nm":"Group 17","np":2,"cix":2,"bm":0,"ix":3,"mn":"ADBE Vector Group","hd":false},{"ty":"tr","p":{"a":0,"k":[25,31.751],"ix":2},"a":{"a":0,"k":[25,31.751],"ix":1},"s":{"a":0,"k":[100,100],"ix":3},"r":{"a":0,"k":0,"ix":6},"o":{"a":0,"k":100,"ix":7},"sk":{"a":0,"k":0,"ix":4},"sa":{"a":0,"k":0,"ix":5},"nm":"Transform"}],"nm":"Group 24","np":3,"cix":2,"bm":0,"ix":2,"mn":"ADBE Vector Group","hd":false}],"ip":0,"op":28,"st":0,"bm":0}],"markers":[]}