{"v":"5.4.4","fr":24,"ip":0,"op":28,"w":50,"h":50,"nm":"facebook-like-morph","ddd":0,"assets":[],"layers":[{"ddd":0,"ind":1,"ty":4,"nm":"facebook-like Outlines 2","parent":2,"sr":1,"ks":{"o":{"a":0,"k":100,"ix":11},"r":{"a":0,"k":0,"ix":10},"p":{"a":0,"k":[25,25,0],"ix":2},"a":{"a":0,"k":[25,25,0],"ix":1},"s":{"a":0,"k":[100,100,100],"ix":6}},"ao":0,"shapes":[{"ty":"gr","it":[{"ind":0,"ty":"sh","ix":1,"ks":{"a":1,"k":[{"i":{"x":0.833,"y":0.833},"o":{"x":0.333,"y":0},"t":3,"s":[{"i":[[-0.829,0],[0,-0.828],[0.829,0],[0,0.828]],"o":[[0.829,0],[0,0.828],[-0.829,0],[0,-0.828]],"v":[[0,-1.5],[1.5,0],[0,1.5],[-1.5,0]],"c":true}],"e":[{"i":[[0,0],[0,0.017],[0,0],[0,-0.017]],"o":[[0,0],[0,-0.017],[0,0],[0,0.017]],"v":[[0,0.031],[0,0],[0,-0.031],[0,0]],"c":true}]},{"t":5}],"ix":2},"nm":"Path 1","mn":"ADBE Vector Shape - Group","hd":false},{"ty":"fl","c":{"a":0,"k":[0,0,0,1],"ix":4},"o":{"a":0,"k":100,"ix":5},"r":1,"bm":0,"nm":"Fill 1","mn":"ADBE Vector Graphic - Fill","hd":false},{"ty":"tr","p":{"a":0,"k":[11.5,39.5],"ix":2},"a":{"a":0,"k":[0,0],"ix":1},"s":{"a":0,"k":[100,100],"ix":3},"r":{"a":0,"k":0,"ix":6},"o":{"a":0,"k":100,"ix":7},"sk":{"a":0,"k":0,"ix":4},"sa":{"a":0,"k":0,"ix":5},"nm":"Transform"}],"nm":"Group 1","np":2,"cix":2,"bm":0,"ix":1,"mn":"ADBE Vector Group","hd":false},{"ty":"gr","it":[{"ty":"st","c":{"a":0,"k":[0,0,0,1],"ix":3},"o":{"a":0,"k":100,"ix":4},"w":{"a":0,"k":2,"ix":5},"lc":1,"lj":2,"bm":0,"nm":"Stroke 1","mn":"ADBE Vector Graphic - Stroke","hd":false},{"ty":"tr","p":{"a":0,"k":[9.5,32],"ix":2},"a":{"a":0,"k":[0,0],"ix":1},"s":{"a":0,"k":[100,100],"ix":3},"r":{"a":0,"k":0,"ix":6},"o":{"a":0,"k":100,"ix":7},"sk":{"a":0,"k":0,"ix":4},"sa":{"a":0,"k":0,"ix":5},"nm":"Transform"}],"nm":"Group 2","np":1,"cix":2,"bm":0,"ix":2,"mn":"ADBE Vector Group","hd":false},{"ty":"gr","it":[{"ty":"st","c":{"a":0,"k":[0,0,0,1],"ix":3},"o":{"a":0,"k":100,"ix":4},"w":{"a":0,"k":2,"ix":5},"lc":1,"lj":2,"bm":0,"nm":"Stroke 1","mn":"ADBE Vector Graphic - Stroke","hd":false},{"ty":"tr","p":{"a":0,"k":[31.5,24],"ix":2},"a":{"a":0,"k":[0,0],"ix":1},"s":{"a":0,"k":[100,100],"ix":3},"r":{"a":0,"k":0,"ix":6},"o":{"a":0,"k":100,"ix":7},"sk":{"a":0,"k":0,"ix":4},"sa":{"a":0,"k":0,"ix":5},"nm":"Transform"}],"nm":"Group 3","np":1,"cix":2,"bm":0,"ix":3,"mn":"ADBE Vector Group","hd":false}],"ip":0,"op":5,"st":0,"bm":0},{"ddd":0,"ind":2,"ty":4,"nm":"facebook-like Outlines","sr":1,"ks":{"o":{"a":0,"k":100,"ix":11},"r":{"a":1,"k":[{"i":{"x":[0.833],"y":[0.833]},"o":{"x":[0.333],"y":[0]},"t":3,"s":[0],"e":[180]},{"t":7}],"ix":10},"p":{"a":0,"k":[25,25,0],"ix":2},"a":{"a":0,"k":[25,25,0],"ix":1},"s":{"a":0,"k":[100,100,100],"ix":6}},"ao":0,"shapes":[{"ty":"gr","it":[{"ty":"fl","c":{"a":0,"k":[0,0,0,1],"ix":4},"o":{"a":0,"k":100,"ix":5},"r":1,"bm":0,"nm":"Fill 1","mn":"ADBE Vector Graphic - Fill","hd":false},{"ty":"tr","p":{"a":0,"k":[11.5,39.5],"ix":2},"a":{"a":0,"k":[0,0],"ix":1},"s":{"a":0,"k":[100,100],"ix":3},"r":{"a":0,"k":0,"ix":6},"o":{"a":0,"k":100,"ix":7},"sk":{"a":0,"k":0,"ix":4},"sa":{"a":0,"k":0,"ix":5},"nm":"Transform"}],"nm":"Group 1","np":1,"cix":2,"bm":0,"ix":1,"mn":"ADBE Vector Group","hd":false},{"ty":"gr","it":[{"ind":0,"ty":"sh","ix":1,"ks":{"a":1,"k":[{"i":{"x":0.833,"y":0.833},"o":{"x":0.333,"y":0},"t":3,"s":[{"i":[[0,0],[0,0],[0,0],[0,0]],"o":[[0,0],[0,0],[0,0],[0,0]],"v":[[-6.5,-12],[6.5,-12],[6.5,12],[-3.5,12]],"c":true}],"e":[{"i":[[0,0],[0,0],[0,0],[0,0]],"o":[[0,0],[0,0],[0,0],[0,0]],"v":[[3.938,-12.906],[3.938,-12.906],[3.938,12],[3.875,12]],"c":true}]},{"t":6}],"ix":2},"nm":"Path 1","mn":"ADBE Vector Shape - Group","hd":false},{"ty":"st","c":{"a":0,"k":[0,0,0,1],"ix":3},"o":{"a":0,"k":100,"ix":4},"w":{"a":0,"k":2,"ix":5},"lc":1,"lj":2,"bm":0,"nm":"Stroke 1","mn":"ADBE Vector Graphic - Stroke","hd":false},{"ty":"tr","p":{"a":0,"k":[9.5,32],"ix":2},"a":{"a":0,"k":[0,0],"ix":1},"s":{"a":0,"k":[100,100],"ix":3},"r":{"a":0,"k":0,"ix":6},"o":{"a":0,"k":100,"ix":7},"sk":{"a":0,"k":0,"ix":4},"sa":{"a":0,"k":0,"ix":5},"nm":"Transform"}],"nm":"Group 2","np":2,"cix":2,"bm":0,"ix":2,"mn":"ADBE Vector Group","hd":false},{"ty":"gr","it":[{"ind":0,"ty":"sh","ix":1,"ks":{"a":1,"k":[{"i":{"x":0.833,"y":0.833},"o":{"x":0.333,"y":0},"t":3,"s":[{"i":[[0,0],[0,-3.4],[1,-3.2],[0,0],[0,0],[0,0],[0,-1.7],[1,-0.6],[0,0],[0,0],[0,-0.7],[0.9,-0.6],[0,0],[0,0],[0,-0.7],[1.2,-0.4],[0,0],[0,0],[0,-0.6],[1.7,0],[0,0],[0.3,0.8],[0,0],[0,0],[0,0],[0,0],[0,0],[0,0],[0,0],[0,0],[0,0],[0,0],[0,0],[0,0],[0,0]],"o":[[1.9,0],[0,1.1],[0,0],[0,0],[0,0],[1.7,0],[0,1.1],[0,0],[0,0],[0.5,0.5],[0,1],[0,0],[0,0],[0.5,0.5],[0,1.3],[0,0],[0,0],[0.3,0.5],[0,1.7],[0,0],[-0.8,0],[0,0],[0,0],[0,0],[0,0],[0,0],[0,0],[0,0],[0,0],[0,0],[0,0],[0,0],[0,0],[0,0],[0,0]],"v":[[-6,-20],[-1.5,-12],[-3.1,-5.3],[-3.5,-4],[-2.1,-4],[12.5,-4],[15.5,-1],[14,1.6],[13,2.2],[13.8,3.1],[14.5,5],[13,7.6],[12,8.2],[12.8,9.1],[13.5,11],[11.5,13.8],[10.3,14.2],[11,15.3],[11.5,17],[8.5,20],[-10.5,20],[-12.4,18.7],[-12.6,18],[-13.3,18],[-13.5,18],[-14.5,18],[-15.5,18],[-15.5,-1],[-14.5,-1],[-13.5,-1],[-13.5,-2],[-8.6,-11.8],[-8.5,-12],[-8.5,-12.2],[-8.5,-20]],"c":true}],"e":[{"i":[[0,0],[0,-3.4],[1,-3.2],[0,0],[0,0],[0,0],[0,-1.7],[-0.047,-0.997],[0,0],[0,0],[0,-0.7],[0.063,-1.106],[0,0],[0,0],[0,-0.7],[0.039,-0.73],[0,0],[0,0],[0,-0.6],[-0.047,-0.844],[0,0],[0.541,0.003],[0,0],[0,0],[0,0],[0,0],[0,0],[0,0],[0,0],[0,0],[0,0],[0,0],[0,0],[0,0],[0,0]],"o":[[1.9,0],[0,1.1],[0,0],[0,0],[0,0],[-0.031,0.938],[0,1.1],[0,0],[0,0],[-0.019,0.816],[0,1],[0,0],[0,0],[0.169,0.769],[0,1.3],[0,0],[0,0],[-0.055,0.619],[0,1.7],[0,0],[-0.8,0],[0,0],[0,0],[0,0],[0,0],[0,0],[0,0],[0,0],[0,0],[0,0],[0,0],[0,0],[0,0],[0,0],[0,0]],"v":[[-6,-20],[-1.5,-12],[-3.1,-5.3],[-3.125,-5.125],[-1.725,-5.125],[5.688,-5],[5.625,-1],[5.719,1.606],[5.672,2.197],[5.644,3.106],[5.625,5],[5.563,7.606],[5.594,8.212],[5.581,9.106],[5.656,11],[5.594,13.8],[5.55,14.212],[5.625,15.288],[5.578,17],[5.609,20],[-10.5,20],[-11.838,19.981],[-12.6,20],[-13.3,20],[-13.5,20],[-14.5,20],[-18.094,20],[-18.094,-4.969],[-14.5,-4.969],[-13.633,-4.969],[-12.578,-4.969],[-8.6,-11.8],[-8.5,-12],[-8.5,-12.2],[-8.5,-20]],"c":true}]},{"t":7}],"ix":2},"nm":"Path 1","mn":"ADBE Vector Shape - Group","hd":false},{"ty":"st","c":{"a":0,"k":[0,0,0,1],"ix":3},"o":{"a":0,"k":100,"ix":4},"w":{"a":0,"k":2,"ix":5},"lc":1,"lj":2,"bm":0,"nm":"Stroke 1","mn":"ADBE Vector Graphic - Stroke","hd":false},{"ty":"tr","p":{"a":0,"k":[31.5,24],"ix":2},"a":{"a":0,"k":[0,0],"ix":1},"s":{"a":0,"k":[100,100],"ix":3},"r":{"a":0,"k":0,"ix":6},"o":{"a":0,"k":100,"ix":7},"sk":{"a":0,"k":0,"ix":4},"sa":{"a":0,"k":0,"ix":5},"nm":"Transform"}],"nm":"Group 3","np":2,"cix":2,"bm":0,"ix":3,"mn":"ADBE Vector Group","hd":false}],"ip":0,"op":7,"st":0,"bm":0},{"ddd":0,"ind":3,"ty":4,"nm":"facebook-like Outlines 4","parent":4,"sr":1,"ks":{"o":{"a":0,"k":100,"ix":11},"r":{"a":0,"k":0,"ix":10},"p":{"a":0,"k":[25,25,0],"ix":2},"a":{"a":0,"k":[25,25,0],"ix":1},"s":{"a":0,"k":[100,100,100],"ix":6}},"ao":0,"shapes":[{"ty":"gr","it":[{"ind":0,"ty":"sh","ix":1,"ks":{"a":1,"k":[{"i":{"x":0.667,"y":1},"o":{"x":0.167,"y":0.167},"t":23,"s":[{"i":[[0,0],[0,0.017],[0,0],[0,-0.017]],"o":[[0,0],[0,-0.017],[0,0],[0,0.017]],"v":[[0,0.031],[0,0],[0,-0.031],[0,0]],"c":true}],"e":[{"i":[[-0.829,0],[0,-0.828],[0.829,0],[0,0.828]],"o":[[0.829,0],[0,0.828],[-0.829,0],[0,-0.828]],"v":[[0,-1.5],[1.5,0],[0,1.5],[-1.5,0]],"c":true}]},{"t":25}],"ix":2},"nm":"Path 1","mn":"ADBE Vector Shape - Group","hd":false},{"ty":"fl","c":{"a":0,"k":[0,0,0,1],"ix":4},"o":{"a":0,"k":100,"ix":5},"r":1,"bm":0,"nm":"Fill 1","mn":"ADBE Vector Graphic - Fill","hd":false},{"ty":"tr","p":{"a":0,"k":[11.5,39.5],"ix":2},"a":{"a":0,"k":[0,0],"ix":1},"s":{"a":0,"k":[100,100],"ix":3},"r":{"a":0,"k":0,"ix":6},"o":{"a":0,"k":100,"ix":7},"sk":{"a":0,"k":0,"ix":4},"sa":{"a":0,"k":0,"ix":5},"nm":"Transform"}],"nm":"Group 1","np":2,"cix":2,"bm":0,"ix":1,"mn":"ADBE Vector Group","hd":false},{"ty":"gr","it":[{"ty":"st","c":{"a":0,"k":[0,0,0,1],"ix":3},"o":{"a":0,"k":100,"ix":4},"w":{"a":0,"k":2,"ix":5},"lc":1,"lj":2,"bm":0,"nm":"Stroke 1","mn":"ADBE Vector Graphic - Stroke","hd":false},{"ty":"tr","p":{"a":0,"k":[9.5,32],"ix":2},"a":{"a":0,"k":[0,0],"ix":1},"s":{"a":0,"k":[100,100],"ix":3},"r":{"a":0,"k":0,"ix":6},"o":{"a":0,"k":100,"ix":7},"sk":{"a":0,"k":0,"ix":4},"sa":{"a":0,"k":0,"ix":5},"nm":"Transform"}],"nm":"Group 2","np":1,"cix":2,"bm":0,"ix":2,"mn":"ADBE Vector Group","hd":false},{"ty":"gr","it":[{"ty":"st","c":{"a":0,"k":[0,0,0,1],"ix":3},"o":{"a":0,"k":100,"ix":4},"w":{"a":0,"k":2,"ix":5},"lc":1,"lj":2,"bm":0,"nm":"Stroke 1","mn":"ADBE Vector Graphic - Stroke","hd":false},{"ty":"tr","p":{"a":0,"k":[31.5,24],"ix":2},"a":{"a":0,"k":[0,0],"ix":1},"s":{"a":0,"k":[100,100],"ix":3},"r":{"a":0,"k":0,"ix":6},"o":{"a":0,"k":100,"ix":7},"sk":{"a":0,"k":0,"ix":4},"sa":{"a":0,"k":0,"ix":5},"nm":"Transform"}],"nm":"Group 3","np":1,"cix":2,"bm":0,"ix":3,"mn":"ADBE Vector Group","hd":false}],"ip":23,"op":28,"st":23,"bm":0},{"ddd":0,"ind":4,"ty":4,"nm":"facebook-like Outlines 3","sr":1,"ks":{"o":{"a":0,"k":100,"ix":11},"r":{"a":1,"k":[{"i":{"x":[0.667],"y":[1]},"o":{"x":[0.167],"y":[0.167]},"t":21,"s":[-180],"e":[0]},{"t":25}],"ix":10},"p":{"a":0,"k":[25,25,0],"ix":2},"a":{"a":0,"k":[25,25,0],"ix":1},"s":{"a":0,"k":[100,100,100],"ix":6}},"ao":0,"shapes":[{"ty":"gr","it":[{"ty":"fl","c":{"a":0,"k":[0,0,0,1],"ix":4},"o":{"a":0,"k":100,"ix":5},"r":1,"bm":0,"nm":"Fill 1","mn":"ADBE Vector Graphic - Fill","hd":false},{"ty":"tr","p":{"a":0,"k":[11.5,39.5],"ix":2},"a":{"a":0,"k":[0,0],"ix":1},"s":{"a":0,"k":[100,100],"ix":3},"r":{"a":0,"k":0,"ix":6},"o":{"a":0,"k":100,"ix":7},"sk":{"a":0,"k":0,"ix":4},"sa":{"a":0,"k":0,"ix":5},"nm":"Transform"}],"nm":"Group 1","np":1,"cix":2,"bm":0,"ix":1,"mn":"ADBE Vector Group","hd":false},{"ty":"gr","it":[{"ind":0,"ty":"sh","ix":1,"ks":{"a":1,"k":[{"i":{"x":0.667,"y":1},"o":{"x":0.167,"y":0.167},"t":22,"s":[{"i":[[0,0],[0,0],[0,0],[0,0]],"o":[[0,0],[0,0],[0,0],[0,0]],"v":[[3.938,-12.906],[3.938,-12.906],[3.938,12],[3.875,12]],"c":true}],"e":[{"i":[[0,0],[0,0],[0,0],[0,0]],"o":[[0,0],[0,0],[0,0],[0,0]],"v":[[-6.5,-12],[6.5,-12],[6.5,12],[-3.5,12]],"c":true}]},{"t":25}],"ix":2},"nm":"Path 1","mn":"ADBE Vector Shape - Group","hd":false},{"ty":"st","c":{"a":0,"k":[0,0,0,1],"ix":3},"o":{"a":0,"k":100,"ix":4},"w":{"a":0,"k":2,"ix":5},"lc":1,"lj":2,"bm":0,"nm":"Stroke 1","mn":"ADBE Vector Graphic - Stroke","hd":false},{"ty":"tr","p":{"a":0,"k":[9.5,32],"ix":2},"a":{"a":0,"k":[0,0],"ix":1},"s":{"a":0,"k":[100,100],"ix":3},"r":{"a":0,"k":0,"ix":6},"o":{"a":0,"k":100,"ix":7},"sk":{"a":0,"k":0,"ix":4},"sa":{"a":0,"k":0,"ix":5},"nm":"Transform"}],"nm":"Group 2","np":2,"cix":2,"bm":0,"ix":2,"mn":"ADBE Vector Group","hd":false},{"ty":"gr","it":[{"ind":0,"ty":"sh","ix":1,"ks":{"a":1,"k":[{"i":{"x":0.667,"y":1},"o":{"x":0.167,"y":0.167},"t":21,"s":[{"i":[[0,0],[0,-3.4],[1,-3.2],[0,0],[0,0],[0,0],[0,-1.7],[-0.047,-0.997],[0,0],[0,0],[0,-0.7],[0.063,-1.106],[0,0],[0,0],[0,-0.7],[0.039,-0.73],[0,0],[0,0],[0,-0.6],[-0.047,-0.844],[0,0],[0.541,0.003],[0,0],[0,0],[0,0],[0,0],[0,0],[0,0],[0,0],[0,0],[0,0],[0,0],[0,0],[0,0],[0,0]],"o":[[1.9,0],[0,1.1],[0,0],[0,0],[0,0],[-0.031,0.938],[0,1.1],[0,0],[0,0],[-0.019,0.816],[0,1],[0,0],[0,0],[0.169,0.769],[0,1.3],[0,0],[0,0],[-0.055,0.619],[0,1.7],[0,0],[-0.8,0],[0,0],[0,0],[0,0],[0,0],[0,0],[0,0],[0,0],[0,0],[0,0],[0,0],[0,0],[0,0],[0,0],[0,0]],"v":[[-6,-20],[-1.5,-12],[-3.1,-5.3],[-3.125,-5.125],[-1.725,-5.125],[5.688,-5],[5.625,-1],[5.719,1.606],[5.672,2.197],[5.644,3.106],[5.625,5],[5.563,7.606],[5.594,8.212],[5.581,9.106],[5.656,11],[5.594,13.8],[5.55,14.212],[5.625,15.288],[5.578,17],[5.609,20],[-10.5,20],[-11.838,19.981],[-12.6,20],[-13.3,20],[-13.5,20],[-14.5,20],[-18.094,20],[-18.094,-4.969],[-14.5,-4.969],[-13.633,-4.969],[-12.578,-4.969],[-8.6,-11.8],[-8.5,-12],[-8.5,-12.2],[-8.5,-20]],"c":true}],"e":[{"i":[[0,0],[0,-3.4],[1,-3.2],[0,0],[0,0],[0,0],[0,-1.7],[1,-0.6],[0,0],[0,0],[0,-0.7],[0.9,-0.6],[0,0],[0,0],[0,-0.7],[1.2,-0.4],[0,0],[0,0],[0,-0.6],[1.7,0],[0,0],[0.3,0.8],[0,0],[0,0],[0,0],[0,0],[0,0],[0,0],[0,0],[0,0],[0,0],[0,0],[0,0],[0,0],[0,0]],"o":[[1.9,0],[0,1.1],[0,0],[0,0],[0,0],[1.7,0],[0,1.1],[0,0],[0,0],[0.5,0.5],[0,1],[0,0],[0,0],[0.5,0.5],[0,1.3],[0,0],[0,0],[0.3,0.5],[0,1.7],[0,0],[-0.8,0],[0,0],[0,0],[0,0],[0,0],[0,0],[0,0],[0,0],[0,0],[0,0],[0,0],[0,0],[0,0],[0,0],[0,0]],"v":[[-6,-20],[-1.5,-12],[-3.1,-5.3],[-3.5,-4],[-2.1,-4],[12.5,-4],[15.5,-1],[14,1.6],[13,2.2],[13.8,3.1],[14.5,5],[13,7.6],[12,8.2],[12.8,9.1],[13.5,11],[11.5,13.8],[10.3,14.2],[11,15.3],[11.5,17],[8.5,20],[-10.5,20],[-12.4,18.7],[-12.6,18],[-13.3,18],[-13.5,18],[-14.5,18],[-15.5,18],[-15.5,-1],[-14.5,-1],[-13.5,-1],[-13.5,-2],[-8.6,-11.8],[-8.5,-12],[-8.5,-12.2],[-8.5,-20]],"c":true}]},{"t":25}],"ix":2},"nm":"Path 1","mn":"ADBE Vector Shape - Group","hd":false},{"ty":"st","c":{"a":0,"k":[0,0,0,1],"ix":3},"o":{"a":0,"k":100,"ix":4},"w":{"a":0,"k":2,"ix":5},"lc":1,"lj":2,"bm":0,"nm":"Stroke 1","mn":"ADBE Vector Graphic - Stroke","hd":false},{"ty":"tr","p":{"a":0,"k":[31.5,24],"ix":2},"a":{"a":0,"k":[0,0],"ix":1},"s":{"a":0,"k":[100,100],"ix":3},"r":{"a":0,"k":0,"ix":6},"o":{"a":0,"k":100,"ix":7},"sk":{"a":0,"k":0,"ix":4},"sa":{"a":0,"k":0,"ix":5},"nm":"Transform"}],"nm":"Group 3","np":2,"cix":2,"bm":0,"ix":3,"mn":"ADBE Vector Group","hd":false}],"ip":21,"op":28,"st":21,"bm":0},{"ddd":0,"ind":5,"ty":4,"nm":"icons8-facebook-f Outlines","sr":1,"ks":{"o":{"a":0,"k":100,"ix":11},"r":{"a":1,"k":[{"i":{"x":[0.667],"y":[1]},"o":{"x":[0.167],"y":[0.167]},"t":7,"s":[-180],"e":[0]},{"i":{"x":[0.833],"y":[0.833]},"o":{"x":[0.167],"y":[0.167]},"t":11,"s":[0],"e":[0]},{"i":{"x":[0.833],"y":[0.833]},"o":{"x":[0.333],"y":[0]},"t":17,"s":[0],"e":[180]},{"t":21}],"ix":10},"p":{"a":0,"k":[25,25,0],"ix":2},"a":{"a":0,"k":[25,25,0],"ix":1},"s":{"a":0,"k":[100,100,100],"ix":6}},"ao":0,"shapes":[{"ty":"gr","it":[{"ind":0,"ty":"sh","ix":1,"ks":{"a":1,"k":[{"i":{"x":0.667,"y":1},"o":{"x":0.167,"y":0.167},"t":7,"s":[{"i":[[-0.625,1.688],[0,0],[0,0],[2.734,0.031],[-0.188,-3.18],[0,0],[0,0],[0,0],[0,0],[0,0],[0,0],[0,0],[0,0],[0,0],[0,0],[0,0]],"o":[[0,0],[0,0],[-0.688,-0.658],[-1.203,0.438],[0,0],[0,0],[0,0],[0,0],[0,0],[0,0],[0,0],[0,0],[0,0],[0,0],[0,0],[0.375,-1.625]],"v":[[5.25,-14.188],[3.75,-17.75],[1.938,-19.685],[-1.672,-21.125],[-2.313,-13.07],[-5,-6],[-12,-6],[-12,2],[-11.875,2],[-11.625,18.875],[12.125,18.875],[12.125,2],[12.063,2],[12,-6],[4.063,-6],[4.438,-9.625]],"c":true}],"e":[{"i":[[-1.657,0],[0,0],[0,0],[2.858,0],[0,-6.688],[0,0],[0,0],[0,0],[0,0],[0,0],[0,0],[0,0],[0,0],[0,0],[0,0],[0,0]],"o":[[0,0],[0,0],[-0.716,-0.095],[-6.141,0],[0,0],[0,0],[0,0],[0,0],[0,0],[0,0],[0,0],[0,0],[0,0],[0,0],[0,0],[0,-1.657]],"v":[[6,-14],[12,-14],[12,-21.654],[5.141,-22],[-5,-11.632],[-5,-6],[-12,-6],[-12,2],[-5,2],[-5,22],[3,22],[3,2],[11,2],[12,-6],[3,-6],[3,-11]],"c":true}]},{"i":{"x":0.833,"y":0.833},"o":{"x":0.167,"y":0.167},"t":11,"s":[{"i":[[-1.657,0],[0,0],[0,0],[2.858,0],[0,-6.688],[0,0],[0,0],[0,0],[0,0],[0,0],[0,0],[0,0],[0,0],[0,0],[0,0],[0,0]],"o":[[0,0],[0,0],[-0.716,-0.095],[-6.141,0],[0,0],[0,0],[0,0],[0,0],[0,0],[0,0],[0,0],[0,0],[0,0],[0,0],[0,0],[0,-1.657]],"v":[[6,-14],[12,-14],[12,-21.654],[5.141,-22],[-5,-11.632],[-5,-6],[-12,-6],[-12,2],[-5,2],[-5,22],[3,22],[3,2],[11,2],[12,-6],[3,-6],[3,-11]],"c":true}],"e":[{"i":[[-1.657,0],[0,0],[0,0],[2.858,0],[0,-6.688],[0,0],[0,0],[0,0],[0,0],[0,0],[0,0],[0,0],[0,0],[0,0],[0,0],[0,0]],"o":[[0,0],[0,0],[-0.716,-0.095],[-6.141,0],[0,0],[0,0],[0,0],[0,0],[0,0],[0,0],[0,0],[0,0],[0,0],[0,0],[0,0],[0,-1.657]],"v":[[6,-14],[12,-14],[12,-21.654],[5.141,-22],[-5,-11.632],[-5,-6],[-12,-6],[-12,2],[-5,2],[-5,22],[3,22],[3,2],[11,2],[12,-6],[3,-6],[3,-11]],"c":true}]},{"i":{"x":0.833,"y":0.833},"o":{"x":0.333,"y":0},"t":17,"s":[{"i":[[-1.657,0],[0,0],[0,0],[2.858,0],[0,-6.688],[0,0],[0,0],[0,0],[0,0],[0,0],[0,0],[0,0],[0,0],[0,0],[0,0],[0,0]],"o":[[0,0],[0,0],[-0.716,-0.095],[-6.141,0],[0,0],[0,0],[0,0],[0,0],[0,0],[0,0],[0,0],[0,0],[0,0],[0,0],[0,0],[0,-1.657]],"v":[[6,-14],[12,-14],[12,-21.654],[5.141,-22],[-5,-11.632],[-5,-6],[-12,-6],[-12,2],[-5,2],[-5,22],[3,22],[3,2],[11,2],[12,-6],[3,-6],[3,-11]],"c":true}],"e":[{"i":[[-0.625,1.688],[0,0],[0,0],[2.734,0.031],[-0.188,-3.18],[0,0],[0,0],[0,0],[0,0],[0,0],[0,0],[0,0],[0,0],[0,0],[0,0],[0,0]],"o":[[0,0],[0,0],[-0.688,-0.658],[-1.203,0.438],[0,0],[0,0],[0,0],[0,0],[0,0],[0,0],[0,0],[0,0],[0,0],[0,0],[0,0],[0.375,-1.625]],"v":[[5.25,-14.188],[3.75,-17.75],[1.938,-19.685],[-1.672,-21.125],[-2.313,-13.07],[-5,-6],[-12,-6],[-12,2],[-11.875,2],[-11.625,18.875],[12.125,18.875],[12.125,2],[12.063,2],[12,-6],[4.063,-6],[4.438,-9.625]],"c":true}]},{"t":21}],"ix":2},"nm":"Path 1","mn":"ADBE Vector Shape - Group","hd":false},{"ty":"st","c":{"a":0,"k":[0,0,0,1],"ix":3},"o":{"a":0,"k":100,"ix":4},"w":{"a":0,"k":2,"ix":5},"lc":1,"lj":2,"bm":0,"nm":"Stroke 1","mn":"ADBE Vector Graphic - Stroke","hd":false},{"ty":"tr","p":{"a":0,"k":[25,25],"ix":2},"a":{"a":0,"k":[0,0],"ix":1},"s":{"a":0,"k":[100,100],"ix":3},"r":{"a":0,"k":0,"ix":6},"o":{"a":0,"k":100,"ix":7},"sk":{"a":0,"k":0,"ix":4},"sa":{"a":0,"k":0,"ix":5},"nm":"Transform"}],"nm":"Group 1","np":2,"cix":2,"bm":0,"ix":1,"mn":"ADBE Vector Group","hd":false}],"ip":7,"op":21,"st":0,"bm":0}],"markers":[]}