{"v":"5.5.9","fr":24,"ip":0,"op":28,"w":50,"h":50,"nm":"pullups","ddd":0,"assets":[],"layers":[{"ddd":0,"ind":1,"ty":4,"nm":"body Outlines","sr":1,"ks":{"o":{"a":0,"k":100,"ix":11},"r":{"a":0,"k":0,"ix":10},"p":{"a":0,"k":[25.05,28.55,0],"ix":2},"a":{"a":0,"k":[21.85,25.45,0],"ix":1},"s":{"a":0,"k":[100,100,100],"ix":6}},"ao":0,"hasMask":true,"masksProperties":[{"inv":false,"mode":"a","pt":{"a":1,"k":[{"i":{"x":0.667,"y":1},"o":{"x":0.333,"y":0},"t":3,"s":[{"i":[[0,0],[0,0],[0,0],[0,0],[0,0],[6.437,0],[0,0]],"o":[[0,0],[0,0],[0,0],[0,0],[0,0],[-6.125,0],[0,0]],"v":[[3.05,3.15],[3.05,47.884],[40.651,47.884],[40.651,3.15],[29.362,3.15],[21.862,7.963],[14.175,3.15]],"c":true}]},{"i":{"x":0.667,"y":1},"o":{"x":0.333,"y":0},"t":5,"s":[{"i":[[0,0],[0,0],[0,0],[0,0],[0,0],[6.437,0],[0,0]],"o":[[0,0],[0,0],[0,0],[0,0],[0,0],[-6.125,0],[0,0]],"v":[[3.05,3.15],[3.05,47.884],[40.651,47.884],[40.651,3.15],[29.362,3.15],[21.925,8.4],[14.175,3.15]],"c":true}]},{"i":{"x":0.667,"y":1},"o":{"x":0.333,"y":0},"t":7,"s":[{"i":[[0,0],[0,0],[0,0],[0,0],[0,0],[6.437,0],[0,0]],"o":[[0,0],[0,0],[0,0],[0,0],[0,0],[-6.125,0],[0,0]],"v":[[3.05,3.15],[3.05,47.884],[40.651,47.884],[40.651,3.15],[29.362,3.15],[21.862,11.963],[14.175,3.15]],"c":true}]},{"i":{"x":0.667,"y":1},"o":{"x":0.333,"y":0},"t":9,"s":[{"i":[[0,0],[0,0],[0,0],[0,0],[0,0],[6.437,0],[0,0]],"o":[[0,0],[0,0],[0,0],[0,0],[0,0],[-6.125,0],[0,0]],"v":[[3.05,3.15],[3.05,47.884],[40.651,47.884],[40.651,3.15],[29.362,3.15],[21.925,16.275],[14.175,3.15]],"c":true}]},{"i":{"x":0.667,"y":1},"o":{"x":0.333,"y":0},"t":10,"s":[{"i":[[0,0],[0,0],[0,0],[0,0],[0,0],[6.437,0],[0,0]],"o":[[0,0],[0,0],[0,0],[0,0],[0,0],[-6.125,0],[0,0]],"v":[[3.05,3.15],[3.05,47.884],[40.651,47.884],[40.651,3.15],[29.362,3.15],[21.862,18.213],[14.175,3.15]],"c":true}]},{"i":{"x":0.667,"y":1},"o":{"x":0.333,"y":0},"t":11,"s":[{"i":[[0,0],[0,0],[0,0],[0,0],[0,0],[6.437,0],[0,0]],"o":[[0,0],[0,0],[0,0],[0,0],[0,0],[-6.125,0],[0,0]],"v":[[3.05,3.15],[3.05,47.884],[40.651,47.884],[40.651,3.15],[29.362,3.15],[21.925,19.15],[14.175,3.15]],"c":true}]},{"i":{"x":0.667,"y":1},"o":{"x":0.333,"y":0},"t":12,"s":[{"i":[[0,0],[0,0],[0,0],[0,0],[0,0],[6.438,0],[0,0]],"o":[[0,0],[0,0],[0,0],[0,0],[0,0],[-6.125,0],[0,0]],"v":[[3.05,3.15],[3.05,47.884],[40.651,47.884],[40.651,3.15],[29.362,3.15],[21.987,19.9],[14.175,3.15]],"c":true}]},{"i":{"x":0.667,"y":1},"o":{"x":0.333,"y":0},"t":13,"s":[{"i":[[0,0],[0,0],[0,0],[0,0],[0,0],[6.437,0],[0,0]],"o":[[0,0],[0,0],[0,0],[0,0],[0,0],[-6.125,0],[0,0]],"v":[[3.05,3.15],[3.05,47.884],[40.651,47.884],[40.651,3.15],[29.362,3.15],[21.8,19.463],[14.175,3.15]],"c":true}]},{"i":{"x":0.667,"y":1},"o":{"x":0.333,"y":0},"t":14,"s":[{"i":[[0,0],[0,0],[0,0],[0,0],[0,0],[6.437,0],[0,0]],"o":[[0,0],[0,0],[0,0],[0,0],[0,0],[-6.125,0],[0,0]],"v":[[3.05,3.15],[3.05,47.884],[40.651,47.884],[40.651,3.15],[29.362,3.15],[21.8,18.838],[14.175,3.15]],"c":true}]},{"i":{"x":0.667,"y":1},"o":{"x":0.333,"y":0},"t":15,"s":[{"i":[[0,0],[0,0],[0,0],[0,0],[0,0],[6.437,0],[0,0]],"o":[[0,0],[0,0],[0,0],[0,0],[0,0],[-6.125,0],[0,0]],"v":[[3.05,3.15],[3.05,47.884],[40.651,47.884],[40.651,3.15],[29.362,3.15],[21.737,18.15],[14.175,3.15]],"c":true}]},{"i":{"x":0.667,"y":1},"o":{"x":0.333,"y":0},"t":17,"s":[{"i":[[0,0],[0,0],[0,0],[0,0],[0,0],[6.437,0],[0,0]],"o":[[0,0],[0,0],[0,0],[0,0],[0,0],[-6.125,0],[0,0]],"v":[[3.05,3.15],[3.05,47.884],[40.651,47.884],[40.651,3.15],[29.362,3.15],[21.612,15.65],[14.175,3.15]],"c":true}]},{"i":{"x":0.667,"y":1},"o":{"x":0.333,"y":0},"t":18,"s":[{"i":[[0,0],[0,0],[0,0],[0,0],[0,0],[6.437,0],[0,0]],"o":[[0,0],[0,0],[0,0],[0,0],[0,0],[-6.125,0],[0,0]],"v":[[3.05,3.15],[3.05,47.884],[40.651,47.884],[40.651,3.15],[29.362,3.15],[21.737,14.025],[14.175,3.15]],"c":true}]},{"i":{"x":0.667,"y":1},"o":{"x":0.333,"y":0},"t":20,"s":[{"i":[[0,0],[0,0],[0,0],[0,0],[0,0],[6.437,0],[0,0]],"o":[[0,0],[0,0],[0,0],[0,0],[0,0],[-6.125,0],[0,0]],"v":[[3.05,3.15],[3.05,47.884],[40.651,47.884],[40.651,3.15],[29.362,3.15],[21.737,10.963],[14.175,3.15]],"c":true}]},{"i":{"x":0.667,"y":1},"o":{"x":0.333,"y":0},"t":23,"s":[{"i":[[0,0],[0,0],[0,0],[0,0],[0,0],[6.437,0],[0,0]],"o":[[0,0],[0,0],[0,0],[0,0],[0,0],[-6.125,0],[0,0]],"v":[[3.05,3.15],[3.05,47.884],[40.651,47.884],[40.651,3.15],[29.362,3.15],[21.487,8.025],[14.175,3.15]],"c":true}]},{"t":25,"s":[{"i":[[0,0],[0,0],[0,0],[0,0],[0,0],[6.437,0],[0,0]],"o":[[0,0],[0,0],[0,0],[0,0],[0,0],[-6.125,0],[0,0]],"v":[[3.05,3.15],[3.05,47.884],[40.651,47.884],[40.651,3.15],[29.362,3.15],[21.487,7.775],[14.175,3.15]],"c":true}]}],"ix":1},"o":{"a":0,"k":100,"ix":3},"x":{"a":0,"k":0,"ix":4},"nm":"Mask 1"}],"shapes":[{"ty":"gr","it":[{"ind":0,"ty":"sh","ix":1,"ks":{"a":0,"k":{"i":[[0,0]],"o":[[0,0]],"v":[[-8.075,4.4]],"c":false},"ix":2},"nm":"Path 1","mn":"ADBE Vector Shape - Group","hd":false},{"ty":"st","c":{"a":0,"k":[0,0,0,1],"ix":3},"o":{"a":0,"k":100,"ix":4},"w":{"a":0,"k":2,"ix":5},"lc":1,"lj":1,"ml":4,"bm":0,"nm":"Stroke 1","mn":"ADBE Vector Graphic - Stroke","hd":false},{"ty":"fl","c":{"a":0,"k":[0.858824008119,0.205443991867,0.205443991867,1],"ix":4},"o":{"a":0,"k":100,"ix":5},"r":1,"bm":0,"nm":"Fill 1","mn":"ADBE Vector Graphic - Fill","hd":false},{"ty":"tr","p":{"a":0,"k":[0,0],"ix":2},"a":{"a":0,"k":[0,0],"ix":1},"s":{"a":0,"k":[100,100],"ix":3},"r":{"a":0,"k":0,"ix":6},"o":{"a":0,"k":100,"ix":7},"sk":{"a":0,"k":0,"ix":4},"sa":{"a":0,"k":0,"ix":5},"nm":"Transform"}],"nm":"Shape 1","np":3,"cix":2,"bm":0,"ix":1,"mn":"ADBE Vector Group","hd":false},{"ty":"gr","it":[{"ind":0,"ty":"sh","ix":1,"ks":{"a":1,"k":[{"i":{"x":0.667,"y":1},"o":{"x":0.333,"y":0},"t":3,"s":[{"i":[[0,0],[0,0],[0,0],[0.8,-0.3],[-0.5,-1],[0,0],[-0.6,0.3],[0,0],[0,0],[0,0],[-0.3,-0.5],[0,0],[-0.9,0],[-0.4,0.2],[0.6,1.2],[0,0],[0,0],[0,0],[0,0]],"o":[[0,0],[0,0],[-0.4,-0.8],[-1.1,0.3],[0,0],[0.3,0.6],[0,0],[0,0],[0,0],[-0.1,0.6],[0,0],[0.5,0.8],[0.4,0],[1.2,-0.7],[0,0],[0,0],[0,0],[0,0],[0,0]],"v":[[2.738,-17.6],[-3.6,-13.8],[-6.3,-19.1],[-8.5,-20.1],[-9.6,-17.5],[-5.6,-9.2],[-4,-8.7],[1.8,-11.7],[1.8,-2.6],[-0.2,8.5],[0.1,10.1],[5.1,19.1],[7.3,20.4],[8.5,20.1],[9.5,16.7],[4.8,8.4],[6.7,0.4],[9.4,6.2],[6,10.1]],"c":false}]},{"i":{"x":0.667,"y":1},"o":{"x":0.333,"y":0},"t":5,"s":[{"i":[[0,0],[0,0],[0,0],[0.8,-0.3],[-0.5,-1],[0,0],[-0.591,0.167],[0,0],[0,0],[0,0],[-0.334,-0.472],[0,0],[-0.9,0],[-0.327,0.428],[0.681,0.992],[0,0],[0,0],[0,0],[0,0]],"o":[[0,0],[0,0],[-0.4,-0.8],[-1.1,0.3],[0,0],[0.3,0.6],[0,0],[0,0],[0,0],[-0.1,0.6],[0,0],[0.575,0.658],[0.4,0],[0.993,-0.836],[0,0],[0,0],[0,0],[0,0],[0,0]],"v":[[4.72,-17.625],[-3.344,-13.311],[-6.3,-19.1],[-8.5,-20.1],[-9.6,-17.5],[-5.6,-9.2],[-4.08,-8.547],[1.766,-10.677],[1.795,-0.827],[-0.205,10.273],[0.238,11.966],[5.128,19.339],[7.357,20.4],[8.707,19.827],[9.17,16.699],[4.813,9.917],[6.695,2.173],[9.413,8.12],[6.386,11.31]],"c":false}]},{"i":{"x":0.667,"y":1},"o":{"x":0.333,"y":0},"t":7,"s":[{"i":[[0,0],[0,0],[0,0],[0.8,-0.3],[-0.5,-1],[0,0],[-0.573,-0.099],[0,0],[0,0],[0,0],[-0.641,-0.548],[0,0],[-0.9,0],[-0.608,0.712],[0.564,0.61],[0,0],[0,0],[0,0],[0,0]],"o":[[0,0],[0,0],[-0.4,-0.8],[-1.1,0.3],[0,0],[0.3,0.6],[0,0],[0,0],[0,0],[-0.1,0.6],[0,0],[0.725,0.374],[0.4,0],[0.579,-0.851],[0,0],[0,0],[0,0],[0,0],[0,0]],"v":[[5.795,-13.875],[-2.833,-12.334],[-6.3,-19.1],[-8.5,-20.1],[-9.6,-17.5],[-5.6,-9.2],[-4.239,-8.24],[1.806,-8.208],[1.786,2.671],[-0.214,13.818],[0.513,15.698],[5.185,19.597],[7.158,20.244],[8.933,19.501],[8.511,16.696],[4.838,12.951],[6.686,5.671],[9.594,12.524],[6.253,14.168]],"c":false}]},{"i":{"x":0.667,"y":1},"o":{"x":0.333,"y":0},"t":9,"s":[{"i":[[0,0],[0,0],[0,0],[0.8,-0.3],[-0.5,-1],[0,0],[-0.564,-0.232],[0,0],[0,0],[0,0],[-0.825,-0.414],[0,0],[-0.146,-0.092],[-0.511,0.977],[0.965,0.511],[0,0],[0,0],[0,0],[0,0]],"o":[[0,0],[0,0],[-0.4,-0.8],[-1.1,0.3],[0,0],[0.3,0.6],[0,0],[0,0],[0,0],[-0.1,0.6],[0,0],[0.536,0.234],[0.791,0.22],[0.464,-0.933],[0,0],[0,0],[0,0],[0,0],[0,0]],"v":[[5.907,-9.707],[-2.577,-11.845],[-6.3,-19.1],[-8.5,-20.1],[-9.6,-17.5],[-5.6,-9.2],[-4.318,-8.086],[1.714,-5.047],[1.782,4.491],[-0.218,15.591],[0.65,17.564],[5.182,19.805],[5.846,20.086],[8.194,19.02],[7.526,16.294],[4.663,14.864],[6.682,7.491],[9.502,14.069],[5.587,15.127]],"c":false}]},{"i":{"x":0.667,"y":1},"o":{"x":0.333,"y":0},"t":10,"s":[{"i":[[0,0],[0,0],[0,0],[0.8,-0.3],[-0.5,-1],[0,0],[-0.559,-0.298],[0,0],[0,0],[0,0],[-0.941,-0.362],[0,0],[-0.193,-0.045],[-0.463,1.109],[1.027,0.479],[0,0],[0,0],[0,0],[0,0]],"o":[[0,0],[0,0],[-0.4,-0.8],[-1.1,0.3],[0,0],[0.3,0.6],[0,0],[0,0],[0,0],[-0.1,0.6],[0,0],[0.441,0.164],[0.494,0.205],[0.407,-0.974],[0,0],[0,0],[0,0],[0,0],[0,0]],"v":[[5.669,-7.942],[-2.449,-11.601],[-6.3,-19.1],[-8.5,-20.1],[-9.6,-17.5],[-5.6,-9.2],[-4.358,-8.01],[1.78,-3.723],[1.78,5.377],[-0.22,16.477],[0.719,18.497],[5.103,19.986],[5.924,20.257],[7.95,19.186],[6.923,16.608],[4.575,15.82],[6.68,8.377],[9.456,14.842],[4.973,15.7]],"c":false}]},{"i":{"x":0.667,"y":1},"o":{"x":0.333,"y":0},"t":11,"s":[{"i":[[0,0],[0,0],[0,0],[0.8,-0.3],[-0.5,-1],[0,0],[-0.555,-0.365],[0,0],[0,0],[0,0],[-0.993,-0.153],[0,0],[-0.547,-0.022],[-0.232,1.283],[1.035,0.268],[0,0],[0,0],[0,0],[0,0]],"o":[[0,0],[0,0],[-0.4,-0.8],[-1.1,0.3],[0,0],[0.3,0.6],[0,0],[0,0],[0,0],[-0.1,0.6],[0,0],[0.677,0.091],[0.447,0.103],[0.234,-1.212],[0,0],[0,0],[0,0],[0,0],[0,0]],"v":[[5.425,-6.99],[-2.322,-11.357],[-6.3,-19.1],[-8.5,-20.1],[-9.6,-17.5],[-5.6,-9.2],[-4.398,-7.933],[1.777,-2.836],[1.777,6.264],[-0.223,17.364],[0.788,19.43],[5.18,20.199],[5.722,20.272],[7.622,18.899],[6.227,16.563],[4.722,16.282],[6.677,9.264],[9.463,15.802],[5.697,16.195]],"c":false}]},{"i":{"x":0.667,"y":1},"o":{"x":0.333,"y":0},"t":12,"s":[{"i":[[0,0],[0,0],[0,0],[0.8,-0.3],[-0.5,-1],[0,0],[-0.55,-0.431],[0,0],[0,0],[0,0],[-1.063,-0.119],[0,0],[-0.9,0],[0,1.456],[1.044,0.056],[0,0],[0,0],[0,0],[0,0]],"o":[[0,0],[0,0],[-0.4,-0.8],[-1.1,0.3],[0,0],[0.3,0.6],[0,0],[0,0],[0,0],[-0.1,0.6],[0,0],[0.912,0.019],[0.4,0],[0.062,-1.45],[0,0],[0,0],[0,0],[0,0],[0,0]],"v":[[4.944,-6.475],[-2.194,-11.113],[-6.3,-19.1],[-8.5,-20.1],[-9.6,-17.5],[-5.6,-9.2],[-4.438,-7.856],[1.725,-2.575],[1.775,7.15],[-0.225,18.25],[0.856,20.362],[5.256,20.413],[5.269,20.412],[7.294,18.612],[5.344,16.706],[4.869,16.744],[6.675,10.15],[9.469,16.763],[5.859,16.753]],"c":false}]},{"i":{"x":0.667,"y":1},"o":{"x":0.333,"y":0},"t":13,"s":[{"i":[[0,0],[0,0],[0,0],[0.8,-0.3],[-0.5,-1],[0,0],[-0.555,-0.365],[0,0],[0,0],[0,0],[-0.993,-0.153],[0,0],[-0.547,-0.022],[-0.232,1.283],[1.035,0.268],[0,0],[0,0],[0,0],[0,0]],"o":[[0,0],[0,0],[-0.4,-0.8],[-1.1,0.3],[0,0],[0.3,0.6],[0,0],[0,0],[0,0],[-0.1,0.6],[0,0],[0.677,0.091],[0.447,0.103],[0.234,-1.212],[0,0],[0,0],[0,0],[0,0],[0,0]],"v":[[5.488,-6.677],[-2.322,-11.357],[-6.3,-19.1],[-8.5,-20.1],[-9.6,-17.5],[-5.6,-9.2],[-4.398,-7.933],[1.777,-2.836],[1.777,6.264],[-0.223,17.364],[0.788,19.43],[5.18,20.199],[5.722,20.272],[7.622,18.899],[5.977,16.72],[4.722,16.282],[6.677,9.264],[9.463,15.802],[5.697,16.195]],"c":false}]},{"i":{"x":0.667,"y":1},"o":{"x":0.333,"y":0},"t":14,"s":[{"i":[[0,0],[0,0],[0,0],[0.8,-0.3],[-0.5,-1],[0,0],[-0.559,-0.298],[0,0],[0,0],[0,0],[-0.941,-0.362],[0,0],[-0.193,-0.045],[-0.463,1.109],[1.027,0.479],[0,0],[0,0],[0,0],[0,0]],"o":[[0,0],[0,0],[-0.4,-0.8],[-1.1,0.3],[0,0],[0.3,0.6],[0,0],[0,0],[0,0],[-0.1,0.6],[0,0],[0.441,0.164],[0.494,0.205],[0.407,-0.974],[0,0],[0,0],[0,0],[0,0],[0,0]],"v":[[5.344,-7.317],[-2.449,-11.601],[-6.3,-19.1],[-8.5,-20.1],[-9.6,-17.5],[-5.6,-9.2],[-4.358,-8.01],[1.705,-3.41],[1.78,5.377],[-0.22,16.477],[0.719,18.497],[5.103,19.986],[5.924,20.257],[7.95,19.186],[6.923,16.608],[4.575,15.82],[6.68,8.377],[9.456,14.842],[4.973,15.7]],"c":false}]},{"i":{"x":0.667,"y":1},"o":{"x":0.333,"y":0},"t":15,"s":[{"i":[[0,0],[0,0],[0,0],[0.8,-0.3],[-0.5,-1],[0,0],[-0.564,-0.232],[0,0],[0,0],[0,0],[-0.825,-0.414],[0,0],[-0.146,-0.092],[-0.511,0.977],[0.965,0.511],[0,0],[0,0],[0,0],[0,0]],"o":[[0,0],[0,0],[-0.4,-0.8],[-1.1,0.3],[0,0],[0.3,0.6],[0,0],[0,0],[0,0],[-0.1,0.6],[0,0],[0.536,0.234],[0.791,0.22],[0.464,-0.933],[0,0],[0,0],[0,0],[0,0],[0,0]],"v":[[5.682,-7.769],[-2.577,-11.845],[-6.3,-19.1],[-8.5,-20.1],[-9.6,-17.5],[-5.6,-9.2],[-4.318,-8.086],[1.738,-3.484],[1.782,4.491],[-0.218,15.591],[0.65,17.564],[5.182,19.805],[5.846,20.086],[8.194,19.02],[7.526,16.294],[4.663,14.864],[6.682,7.491],[9.502,14.069],[5.587,15.127]],"c":false}]},{"i":{"x":0.833,"y":0.833},"o":{"x":0.333,"y":0},"t":17,"s":[{"i":[[0,0],[0,0],[0,0],[0.8,-0.3],[-0.5,-1],[0,0],[-0.573,-0.099],[0,0],[0,0],[0,0],[-0.578,-0.532],[0,0],[-0.9,0],[-0.608,0.712],[0.564,0.61],[0,0],[0,0],[0,0],[0,0]],"o":[[0,0],[0,0],[-0.4,-0.8],[-1.1,0.3],[0,0],[0.3,0.6],[0,0],[0,0],[0,0],[-0.1,0.6],[0,0],[0.725,0.374],[0.4,0],[0.579,-0.851],[0,0],[0,0],[0,0],[0,0],[0,0]],"v":[[4.611,-10.736],[-2.833,-12.334],[-6.3,-19.1],[-8.5,-20.1],[-9.6,-17.5],[-5.6,-9.2],[-4.239,-8.24],[1.747,-5.382],[1.786,2.718],[-0.214,13.818],[0.513,15.698],[5.185,19.597],[7.158,20.244],[8.933,19.501],[8.511,16.696],[4.838,12.951],[6.686,5.718],[9.594,12.524],[6.253,14.168]],"c":false}]},{"i":{"x":0.833,"y":0.833},"o":{"x":0.167,"y":0.167},"t":18,"s":[{"i":[[0,0],[0,0],[0,0],[0.8,-0.3],[-0.5,-1],[0,0],[-0.574,-0.074],[0,0],[0,0],[0,0],[-0.558,-0.534],[0,0],[-0.9,0],[-0.582,0.686],[0.574,0.645],[0,0],[0,0],[0,0],[0,0]],"o":[[0,0],[0,0],[-0.4,-0.8],[-1.1,0.3],[0,0],[0.3,0.6],[0,0],[0,0],[0,0],[-0.1,0.6],[0,0],[0.711,0.4],[0.4,0],[0.618,-0.849],[0,0],[0,0],[0,0],[0,0],[0,0]],"v":[[5.916,-11.943],[-2.881,-12.425],[-6.3,-19.1],[-8.5,-20.1],[-9.6,-17.5],[-5.6,-9.2],[-4.224,-8.268],[1.738,-6.315],[1.787,2.388],[-0.213,13.488],[0.487,15.35],[5.18,19.573],[7.176,20.258],[8.912,19.531],[8.573,16.697],[4.835,12.669],[6.687,5.388],[9.577,12.114],[6.265,13.902]],"c":false}]},{"i":{"x":0.667,"y":1},"o":{"x":0.167,"y":0.167},"t":20,"s":[{"i":[[0,0],[0,0],[0,0],[0.8,-0.3],[-0.5,-1],[0,0],[-0.582,0.034],[0,0],[0,0],[0,0],[-0.472,-0.541],[0,0],[-0.9,0],[-0.468,0.57],[0.622,0.801],[0,0],[0,0],[0,0],[0,0]],"o":[[0,0],[0,0],[-0.4,-0.8],[-1.1,0.3],[0,0],[0.3,0.6],[0,0],[0,0],[0,0],[-0.1,0.6],[0,0],[0.65,0.516],[0.4,0],[0.786,-0.843],[0,0],[0,0],[0,0],[0,0],[0,0]],"v":[[5.503,-14.743],[-3.089,-12.823],[-6.3,-19.1],[-8.5,-20.1],[-9.6,-17.5],[-5.6,-9.2],[-4.159,-8.393],[1.813,-8.717],[1.791,0.945],[-0.209,12.045],[0.375,13.832],[5.157,19.468],[7.257,20.322],[8.82,19.664],[8.841,16.698],[4.825,11.434],[6.691,3.945],[9.503,10.322],[6.32,12.739]],"c":false}]},{"i":{"x":0.667,"y":1},"o":{"x":0.333,"y":0},"t":23,"s":[{"i":[[0,0],[0,0],[0,0],[0.8,-0.3],[-0.5,-1],[0,0],[-0.591,0.167],[0,0],[0,0],[0,0],[-0.366,-0.55],[0,0],[-0.9,0],[-0.327,0.428],[0.681,0.992],[0,0],[0,0],[0,0],[0,0]],"o":[[0,0],[0,0],[-0.4,-0.8],[-1.1,0.3],[0,0],[0.3,0.6],[0,0],[0,0],[0,0],[-0.1,0.6],[0,0],[0.575,0.658],[0.4,0],[0.993,-0.836],[0,0],[0,0],[0,0],[0,0],[0,0]],"v":[[4.72,-17.5],[-3.344,-13.311],[-6.3,-19.1],[-8.5,-20.1],[-9.6,-17.5],[-5.6,-9.2],[-4.08,-8.547],[1.766,-10.802],[1.795,-0.827],[-0.205,10.273],[0.238,11.966],[5.128,19.339],[7.357,20.4],[8.707,19.827],[9.17,16.699],[4.813,9.917],[6.695,2.173],[9.413,8.12],[6.386,11.31]],"c":false}]},{"t":25,"s":[{"i":[[0,0],[0,0],[0,0],[0.8,-0.3],[-0.5,-1],[0,0],[-0.6,0.3],[0,0],[0,0],[0,0],[-0.3,-0.5],[0,0],[-0.9,0],[-0.4,0.2],[0.6,1.2],[0,0],[0,0],[0,0],[0,0]],"o":[[0,0],[0,0],[-0.4,-0.8],[-1.1,0.3],[0,0],[0.3,0.6],[0,0],[0,0],[0,0],[-0.1,0.6],[0,0],[0.5,0.8],[0.4,0],[1.2,-0.7],[0,0],[0,0],[0,0],[0,0],[0,0]],"v":[[2.738,-17.6],[-3.6,-13.8],[-6.3,-19.1],[-8.5,-20.1],[-9.6,-17.5],[-5.6,-9.2],[-4,-8.7],[1.8,-11.7],[1.8,-2.6],[-0.2,8.5],[0.1,10.1],[5.1,19.1],[7.3,20.4],[8.5,20.1],[9.5,16.7],[4.8,8.4],[6.7,0.4],[9.4,6.2],[6,10.1]],"c":false}]}],"ix":2},"nm":"Path 1","mn":"ADBE Vector Shape - Group","hd":false},{"ty":"st","c":{"a":0,"k":[0,0,0,1],"ix":3},"o":{"a":0,"k":100,"ix":4},"w":{"a":0,"k":2,"ix":5},"lc":2,"lj":2,"bm":0,"nm":"Stroke 1","mn":"ADBE Vector Graphic - Stroke","hd":false},{"ty":"tr","p":{"a":0,"k":[15.1,25.5],"ix":2},"a":{"a":0,"k":[0,0],"ix":1},"s":{"a":0,"k":[100,100],"ix":3},"r":{"a":0,"k":0,"ix":6},"o":{"a":0,"k":100,"ix":7},"sk":{"a":0,"k":0,"ix":4},"sa":{"a":0,"k":0,"ix":5},"nm":"Transform"}],"nm":"Group 1","np":2,"cix":2,"bm":0,"ix":2,"mn":"ADBE Vector Group","hd":false},{"ty":"gr","it":[{"ind":0,"ty":"sh","ix":1,"ks":{"a":1,"k":[{"i":{"x":0.667,"y":1},"o":{"x":0.333,"y":0},"t":3,"s":[{"i":[[0,0],[0,0],[0.299,0.9],[0,0],[0,0],[0,0],[-0.301,0.6],[0,0],[1.101,0.4],[0.4,-0.8],[0,0],[0,0]],"o":[[0,0],[0.7,-0.7],[0,0],[0,0],[0,0],[0.601,0.3],[0,0],[0.5,-1],[-0.899,-0.3],[0,0],[0,0],[0,0]],"v":[[-7.551,17.35],[-2.051,11.85],[-1.45,9.35],[-4.35,0.55],[-4.35,-8.65],[1.45,-5.65],[3.051,-6.15],[7.051,-14.45],[5.95,-17.05],[3.749,-16.05],[1.051,-10.75],[-5.7,-14.425]],"c":false}]},{"i":{"x":0.667,"y":1},"o":{"x":0.333,"y":0},"t":5,"s":[{"i":[[0,0],[0,0],[0.299,0.9],[0,0],[0,0],[0,0],[-0.301,0.6],[0,0],[1.101,0.4],[0.4,-0.8],[0,0],[0,0]],"o":[[0,0],[0.751,-0.582],[0,0],[0,0],[0,0],[0.608,0.151],[0,0],[0.5,-1],[-0.899,-0.3],[0,0],[0,0],[0,0]],"v":[[-7.693,18.481],[-2.119,13.975],[-1.448,11.577],[-4.355,2.323],[-4.385,-7.627],[1.501,-5.457],[3.051,-6.15],[7.051,-14.45],[5.95,-17.05],[3.749,-16.05],[0.789,-10.239],[-7.457,-14.322]],"c":false}]},{"i":{"x":0.667,"y":1},"o":{"x":0.333,"y":0},"t":7,"s":[{"i":[[0,0],[0,0],[0.299,0.9],[0,0],[0,0],[0,0],[-0.301,0.6],[0,0],[1.101,0.4],[0.4,-0.8],[0,0],[0,0]],"o":[[0,0],[0.854,-0.345],[0,0],[0,0],[0,0],[0.621,-0.147],[0,0],[0.5,-1],[-0.899,-0.3],[0,0],[0,0],[0,0]],"v":[[-6.82,20.336],[-2.255,18.225],[-1.446,16.032],[-4.364,5.821],[-4.344,-5.158],[1.603,-5.07],[3.051,-6.15],[7.051,-14.45],[5.95,-17.05],[3.749,-16.05],[0.266,-9.216],[-8.488,-10.83]],"c":false}]},{"i":{"x":0.667,"y":1},"o":{"x":0.333,"y":0},"t":9,"s":[{"i":[[0,0],[0,0],[0.299,0.9],[0,0],[0,0],[0,0],[-0.301,0.6],[0,0],[1.101,0.4],[0.4,-0.8],[0,0],[0,0]],"o":[[0,0],[0.905,-0.227],[0,0],[0,0],[0,0],[0.628,-0.295],[0,0],[0.5,-1],[-0.899,-0.3],[0,0],[0,0],[0,0]],"v":[[-7.304,21.476],[-2.323,20.35],[-1.445,18.259],[-4.369,7.641],[-4.437,-1.997],[1.654,-4.877],[3.05,-6.15],[7.05,-14.45],[5.949,-17.05],[3.749,-16.05],[0.005,-8.705],[-8.505,-6.574]],"c":false}]},{"i":{"x":0.667,"y":1},"o":{"x":0.333,"y":0},"t":10,"s":[{"i":[[0,0],[0,0],[0.299,0.9],[0,0],[0,0],[0,0],[-0.301,0.6],[0,0],[1.101,0.4],[0.4,-0.8],[0,0],[0,0]],"o":[[0,0],[0.93,-0.168],[0,0],[0,0],[0,0],[0.631,-0.37],[0,0],[0.5,-1],[-0.899,-0.3],[0,0],[0,0],[0,0]],"v":[[-7.499,22.124],[-2.357,21.413],[-1.444,19.373],[-4.371,8.527],[-4.371,-0.673],[1.68,-4.781],[3.051,-6.15],[7.051,-14.45],[5.95,-17.05],[3.749,-16.05],[-0.126,-8.449],[-8.432,-4.89]],"c":false}]},{"i":{"x":0.667,"y":1},"o":{"x":0.333,"y":0},"t":11,"s":[{"i":[[0,0],[0,0],[0.299,0.9],[0,0],[0,0],[0,0],[-0.301,0.6],[0,0],[1.101,0.4],[0.4,-0.8],[0,0],[0,0]],"o":[[0,0],[0.956,-0.109],[0,0],[0,0],[0,0],[0.634,-0.444],[0,0],[0.5,-1],[-0.899,-0.3],[0,0],[0,0],[0,0]],"v":[[-8.173,22.891],[-2.391,22.475],[-1.444,20.486],[-4.373,9.414],[-4.373,0.214],[1.705,-4.684],[3.05,-6.15],[7.051,-14.45],[5.95,-17.05],[3.749,-16.05],[-0.256,-8.193],[-8.031,-3.655]],"c":false}]},{"i":{"x":0.667,"y":1},"o":{"x":0.333,"y":0},"t":12,"s":[{"i":[[0,0],[0,0],[0.299,0.9],[0,0],[0,0],[0,0],[-0.301,0.6],[0,0],[1.101,0.4],[0.4,-0.8],[0,0],[0,0]],"o":[[0,0],[0.981,-0.05],[0,0],[0,0],[0,0],[0.638,-0.519],[0,0],[0.5,-1],[-0.899,-0.3],[0,0],[0,0],[0,0]],"v":[[-10.722,23.566],[-2.426,23.538],[-1.443,21.6],[-4.375,10.3],[-4.426,0.475],[1.731,-4.587],[3.051,-6.15],[7.051,-14.45],[5.95,-17.05],[3.749,-16.05],[-0.387,-7.938],[-7.931,-3.231]],"c":false}]},{"i":{"x":0.667,"y":1},"o":{"x":0.333,"y":0},"t":13,"s":[{"i":[[0,0],[0,0],[0.299,0.9],[0,0],[0,0],[0,0],[-0.301,0.6],[0,0],[1.101,0.4],[0.4,-0.8],[0,0],[0,0]],"o":[[0,0],[0.956,-0.109],[0,0],[0,0],[0,0],[0.634,-0.444],[0,0],[0.5,-1],[-0.899,-0.3],[0,0],[0,0],[0,0]],"v":[[-8.173,22.891],[-2.391,22.475],[-1.444,20.486],[-4.373,9.414],[-4.373,0.214],[1.705,-4.684],[3.051,-6.15],[7.051,-14.45],[5.95,-17.05],[3.749,-16.05],[-0.256,-8.193],[-8.094,-3.717]],"c":false}]},{"i":{"x":0.667,"y":1},"o":{"x":0.333,"y":0},"t":14,"s":[{"i":[[0,0],[0,0],[0.299,0.9],[0,0],[0,0],[0,0],[-0.301,0.6],[0,0],[1.101,0.4],[0.4,-0.8],[0,0],[0,0]],"o":[[0,0],[0.93,-0.168],[0,0],[0,0],[0,0],[0.631,-0.37],[0,0],[0.5,-1],[-0.899,-0.3],[0,0],[0,0],[0,0]],"v":[[-7.499,22.124],[-2.357,21.413],[-1.444,19.373],[-4.371,8.527],[-4.446,-0.36],[1.68,-4.781],[3.051,-6.15],[7.051,-14.45],[5.95,-17.05],[3.749,-16.05],[-0.126,-8.449],[-7.944,-4.015]],"c":false}]},{"i":{"x":0.667,"y":1},"o":{"x":0.333,"y":0},"t":15,"s":[{"i":[[0,0],[0,0],[0.299,0.9],[0,0],[0,0],[0,0],[-0.301,0.6],[0,0],[1.101,0.4],[0.4,-0.8],[0,0],[0,0]],"o":[[0,0],[0.905,-0.227],[0,0],[0,0],[0,0],[0.628,-0.295],[0,0],[0.5,-1],[-0.899,-0.3],[0,0],[0,0],[0,0]],"v":[[-7.304,21.476],[-2.323,20.35],[-1.445,18.259],[-4.369,7.641],[-4.412,-0.434],[1.654,-4.877],[3.051,-6.15],[7.051,-14.45],[5.95,-17.05],[3.749,-16.05],[0.005,-8.705],[-8.23,-4.636]],"c":false}]},{"i":{"x":0.833,"y":0.833},"o":{"x":0.333,"y":0},"t":17,"s":[{"i":[[0,0],[0,0],[0.299,0.9],[0,0],[0,0],[0,0],[-0.301,0.6],[0,0],[1.101,0.4],[0.4,-0.8],[0,0],[0,0]],"o":[[0,0],[0.854,-0.345],[0,0],[0,0],[0,0],[0.621,-0.147],[0,0],[0.5,-1],[-0.899,-0.3],[0,0],[0,0],[0,0]],"v":[[-6.82,20.336],[-2.255,18.225],[-1.446,16.032],[-4.364,5.868],[-4.403,-2.332],[1.603,-5.07],[3.051,-6.15],[7.051,-14.45],[5.95,-17.05],[3.749,-16.05],[0.266,-9.216],[-7.548,-7.504]],"c":false}]},{"i":{"x":0.833,"y":0.833},"o":{"x":0.167,"y":0.167},"t":18,"s":[{"i":[[0,0],[0,0],[0.299,0.9],[0,0],[0,0],[0,0],[-0.301,0.6],[0,0],[1.101,0.4],[0.4,-0.8],[0,0],[0,0]],"o":[[0,0],[0.844,-0.367],[0,0],[0,0],[0,0],[0.62,-0.119],[0,0],[0.5,-1],[-0.899,-0.3],[0,0],[0,0],[0,0]],"v":[[-6.902,20.163],[-2.242,17.829],[-1.446,15.617],[-4.363,5.538],[-4.413,-3.265],[1.593,-5.106],[3.051,-6.15],[7.051,-14.45],[5.95,-17.05],[3.749,-16.05],[0.315,-9.311],[-8.306,-8.892]],"c":false}]},{"i":{"x":0.667,"y":1},"o":{"x":0.167,"y":0.167},"t":20,"s":[{"i":[[0,0],[0,0],[0.299,0.9],[0,0],[0,0],[0,0],[-0.301,0.6],[0,0],[1.101,0.4],[0.4,-0.8],[0,0],[0,0]],"o":[[0,0],[0.802,-0.464],[0,0],[0,0],[0,0],[0.614,0.002],[0,0],[0.5,-1],[-0.899,-0.3],[0,0],[0,0],[0,0]],"v":[[-7.256,19.408],[-2.187,16.1],[-1.447,13.805],[-4.36,4.095],[-4.338,-5.667],[1.552,-5.264],[3.051,-6.15],[7.051,-14.45],[5.95,-17.05],[3.749,-16.05],[0.528,-9.727],[-7.915,-11.601]],"c":false}]},{"i":{"x":0.667,"y":1},"o":{"x":0.333,"y":0},"t":23,"s":[{"i":[[0,0],[0,0],[0.299,0.9],[0,0],[0,0],[0,0],[-0.301,0.6],[0,0],[1.101,0.4],[0.4,-0.8],[0,0],[0,0]],"o":[[0,0],[0.751,-0.582],[0,0],[0,0],[0,0],[0.608,0.151],[0,0],[0.5,-1],[-0.899,-0.3],[0,0],[0,0],[0,0]],"v":[[-7.693,18.481],[-2.119,13.975],[-1.448,11.577],[-4.355,2.323],[-4.385,-7.752],[1.501,-5.457],[3.051,-6.15],[7.051,-14.45],[5.95,-17.05],[3.749,-16.05],[0.789,-10.239],[-7.457,-14.197]],"c":false}]},{"t":25,"s":[{"i":[[0,0],[0,0],[0.299,0.9],[0,0],[0,0],[0,0],[-0.301,0.6],[0,0],[1.101,0.4],[0.4,-0.8],[0,0],[0,0]],"o":[[0,0],[0.7,-0.7],[0,0],[0,0],[0,0],[0.601,0.3],[0,0],[0.5,-1],[-0.899,-0.3],[0,0],[0,0],[0,0]],"v":[[-7.551,17.35],[-2.051,11.85],[-1.45,9.35],[-4.35,0.55],[-4.35,-8.65],[1.45,-5.65],[3.051,-6.15],[7.051,-14.45],[5.95,-17.05],[3.749,-16.05],[1.051,-10.75],[-5.7,-14.425]],"c":false}]}],"ix":2},"nm":"Path 1","mn":"ADBE Vector Shape - Group","hd":false},{"ty":"st","c":{"a":0,"k":[0,0,0,1],"ix":3},"o":{"a":0,"k":100,"ix":4},"w":{"a":0,"k":2,"ix":5},"lc":2,"lj":2,"bm":0,"nm":"Stroke 1","mn":"ADBE Vector Graphic - Stroke","hd":false},{"ty":"tr","p":{"a":0,"k":[31.15,22.35],"ix":2},"a":{"a":0,"k":[0,0],"ix":1},"s":{"a":0,"k":[100,100],"ix":3},"r":{"a":0,"k":0,"ix":6},"o":{"a":0,"k":100,"ix":7},"sk":{"a":0,"k":0,"ix":4},"sa":{"a":0,"k":0,"ix":5},"nm":"Transform"}],"nm":"Group 2","np":2,"cix":2,"bm":0,"ix":3,"mn":"ADBE Vector Group","hd":false}],"ip":0,"op":28,"st":0,"bm":0},{"ddd":0,"ind":2,"ty":4,"nm":"head Outlines","sr":1,"ks":{"o":{"a":0,"k":100,"ix":11},"r":{"a":0,"k":0,"ix":10},"p":{"a":1,"k":[{"i":{"x":0.667,"y":1},"o":{"x":0.333,"y":0},"t":3,"s":[25,5.5,0],"to":[0,2.125,0],"ti":[0,0,0]},{"i":{"x":0.667,"y":1},"o":{"x":0.333,"y":0},"t":12,"s":[25,18.25,0],"to":[0,0,0],"ti":[0,2.125,0]},{"t":25,"s":[25,5.5,0]}],"ix":2},"a":{"a":0,"k":[9.5,9.5,0],"ix":1},"s":{"a":0,"k":[100,100,100],"ix":6}},"ao":0,"shapes":[{"ty":"gr","it":[{"ind":0,"ty":"sh","ix":1,"ks":{"a":0,"k":{"i":[[2.485,0],[0,-2.485],[-2.485,0],[0,2.485]],"o":[[-2.485,0],[0,2.485],[2.485,0],[0,-2.485]],"v":[[0,-4.5],[-4.5,0],[0,4.5],[4.5,0]],"c":true},"ix":2},"nm":"Path 1","mn":"ADBE Vector Shape - Group","hd":false},{"ty":"st","c":{"a":0,"k":[0,0,0,1],"ix":3},"o":{"a":0,"k":100,"ix":4},"w":{"a":0,"k":2,"ix":5},"lc":1,"lj":1,"ml":10,"bm":0,"nm":"Stroke 1","mn":"ADBE Vector Graphic - Stroke","hd":false},{"ty":"tr","p":{"a":0,"k":[9.5,9.5],"ix":2},"a":{"a":0,"k":[0,0],"ix":1},"s":{"a":0,"k":[100,100],"ix":3},"r":{"a":0,"k":0,"ix":6},"o":{"a":0,"k":100,"ix":7},"sk":{"a":0,"k":0,"ix":4},"sa":{"a":0,"k":0,"ix":5},"nm":"Transform"}],"nm":"Group 1","np":2,"cix":2,"bm":0,"ix":1,"mn":"ADBE Vector Group","hd":false}],"ip":0,"op":28,"st":0,"bm":0},{"ddd":0,"ind":3,"ty":4,"nm":"line Outlines","sr":1,"ks":{"o":{"a":0,"k":100,"ix":11},"r":{"a":0,"k":0,"ix":10},"p":{"a":0,"k":[25,11,0],"ix":2},"a":{"a":0,"k":[26,1,0],"ix":1},"s":{"a":0,"k":[100,100,100],"ix":6}},"ao":0,"shapes":[{"ty":"gr","it":[{"ind":0,"ty":"sh","ix":1,"ks":{"a":0,"k":{"i":[[0,0],[0,0]],"o":[[0,0],[0,0]],"v":[[51,1],[1,1]],"c":false},"ix":2},"nm":"Path 1","mn":"ADBE Vector Shape - Group","hd":false},{"ty":"st","c":{"a":0,"k":[0,0,0,1],"ix":3},"o":{"a":0,"k":100,"ix":4},"w":{"a":0,"k":2,"ix":5},"lc":1,"lj":1,"ml":10,"bm":0,"nm":"Stroke 1","mn":"ADBE Vector Graphic - Stroke","hd":false},{"ty":"tr","p":{"a":0,"k":[0,0],"ix":2},"a":{"a":0,"k":[0,0],"ix":1},"s":{"a":0,"k":[100,100],"ix":3},"r":{"a":0,"k":0,"ix":6},"o":{"a":0,"k":100,"ix":7},"sk":{"a":0,"k":0,"ix":4},"sa":{"a":0,"k":0,"ix":5},"nm":"Transform"}],"nm":"Group 1","np":2,"cix":2,"bm":0,"ix":1,"mn":"ADBE Vector Group","hd":false}],"ip":0,"op":28,"st":0,"bm":0}],"markers":[]}