{"v":"5.5.8","fr":24,"ip":0,"op":28,"w":50,"h":50,"nm":"fly_morph","ddd":0,"assets":[],"layers":[{"ddd":0,"ind":1,"ty":4,"nm":"fly 2","sr":1,"ks":{"o":{"a":0,"k":100,"ix":11},"r":{"a":1,"k":[{"i":{"x":[0.667],"y":[1]},"o":{"x":[0.167],"y":[0.167]},"t":21,"s":[180]},{"t":25,"s":[360]}],"ix":10},"p":{"a":0,"k":[25,25,0],"ix":2},"a":{"a":0,"k":[25,25,0],"ix":1},"s":{"a":0,"k":[100,100,100],"ix":6}},"ao":0,"shapes":[{"ty":"gr","it":[{"ind":0,"ty":"sh","ix":1,"ks":{"a":1,"k":[{"i":{"x":0.667,"y":1},"o":{"x":0.167,"y":0.167},"t":21,"s":[{"i":[[0,0],[-11.5,-9.688]],"o":[[-1.5,1.6],[0,0]],"v":[[-19.375,-5.775],[-16.75,23.938]],"c":false}]},{"t":25,"s":[{"i":[[0,0],[0,-2.5]],"o":[[-1.5,1.6],[0,0]],"v":[[-6.5,-3.4],[-9,3]],"c":false}]}],"ix":2},"nm":"Path 1","mn":"ADBE Vector Shape - Group","hd":false},{"ind":1,"ty":"sh","ix":2,"ks":{"a":1,"k":[{"i":{"x":0.667,"y":1},"o":{"x":0.167,"y":0.167},"t":23,"s":[{"i":[[0,0],[0,0],[0,0]],"o":[[0,0],[0,0],[0,0]],"v":[[1.951,-14.484],[1.951,-14.484],[1.951,-14.484]],"c":false}]},{"t":25,"s":[{"i":[[0,0],[-1.7,0],[-1.5,0.6]],"o":[[1.5,0.6],[1.7,0],[0,0]],"v":[[-4.9,-2.9],[0,-2],[4.9,-2.9]],"c":false}]}],"ix":2},"nm":"Path 2","mn":"ADBE Vector Shape - Group","hd":false},{"ind":2,"ty":"sh","ix":3,"ks":{"a":1,"k":[{"i":{"x":0.667,"y":1},"o":{"x":0.167,"y":0.167},"t":23,"s":[{"i":[[0,0],[-0.004,0],[-0.004,0.002]],"o":[[0.004,0.002],[0.004,0],[0,0]],"v":[[-3.031,29.86],[-3.018,29.862],[-3.006,29.86]],"c":false}]},{"t":25,"s":[{"i":[[0,0],[-1.1,0],[-1,0.4]],"o":[[1,0.4],[1.1,0],[0,0]],"v":[[-3.1,12.4],[0,13],[3.2,12.4]],"c":false}]}],"ix":2},"nm":"Path 3","mn":"ADBE Vector Shape - Group","hd":false},{"ind":3,"ty":"sh","ix":4,"ks":{"a":1,"k":[{"i":{"x":0.667,"y":1},"o":{"x":0.167,"y":0.167},"t":21,"s":[{"i":[[0,0],[1.5,1.6]],"o":[[13.125,-10.563],[0,0]],"v":[[15.875,24.438],[19.125,-5.15]],"c":false}]},{"t":25,"s":[{"i":[[0,0],[1.5,1.6]],"o":[[0,-2.5],[0,0]],"v":[[9,3],[6.5,-3.4]],"c":false}]}],"ix":2},"nm":"Path 4","mn":"ADBE Vector Shape - Group","hd":false},{"ty":"mm","mm":1,"nm":"Merge Paths 1","mn":"ADBE Vector Filter - Merge","hd":false},{"ty":"st","c":{"a":0,"k":[0,0,0,1],"ix":3},"o":{"a":0,"k":100,"ix":4},"w":{"a":0,"k":2,"ix":5},"lc":2,"lj":2,"bm":0,"nm":"Stroke 1","mn":"ADBE Vector Graphic - Stroke","hd":false},{"ty":"tr","p":{"a":0,"k":[25,18],"ix":2},"a":{"a":0,"k":[0,0],"ix":1},"s":{"a":0,"k":[100,100],"ix":3},"r":{"a":0,"k":0,"ix":6},"o":{"a":0,"k":100,"ix":7},"sk":{"a":0,"k":0,"ix":4},"sa":{"a":0,"k":0,"ix":5},"nm":"Transform"}],"nm":"Group 1","np":6,"cix":2,"bm":0,"ix":1,"mn":"ADBE Vector Group","hd":false},{"ty":"gr","it":[{"ind":0,"ty":"sh","ix":1,"ks":{"a":1,"k":[{"i":{"x":0.833,"y":0.833},"o":{"x":0.167,"y":0.167},"t":21,"s":[{"i":[[0,0],[0,0],[0,0],[0,0]],"o":[[0,0],[0,0],[0,0],[0,0]],"v":[[-5.623,-6.229],[-5.616,-6.243],[-5.616,-6.243],[-5.616,-6.243]],"c":true}]},{"i":{"x":0.667,"y":1},"o":{"x":0.167,"y":0.167},"t":23,"s":[{"i":[[0,0],[0,0],[0,0],[0,0]],"o":[[0,0],[0,0],[0,0],[0,0]],"v":[[-5.623,-5.416],[-5.616,-5.43],[-5.616,-5.43],[-5.616,-5.43]],"c":true}]},{"t":25,"s":[{"i":[[0,-2.8],[1.9,0],[0,2.7],[-1.9,0]],"o":[[0,2.8],[-1.9,0],[0,-2.7],[1.9,0]],"v":[[-1,0.2],[-4.5,5],[-8,0.2],[-4.5,-5]],"c":true}]}],"ix":2},"nm":"Path 1","mn":"ADBE Vector Shape - Group","hd":false},{"ind":1,"ty":"sh","ix":2,"ks":{"a":1,"k":[{"i":{"x":0.833,"y":0.833},"o":{"x":0.167,"y":0.167},"t":21,"s":[{"i":[[0,0],[0,0],[0,0],[0,0]],"o":[[0,0],[0,0],[0,0],[0,0]],"v":[[7.175,-5.198],[7.175,-5.198],[7.175,-5.198],[7.175,-5.197]],"c":true}]},{"i":{"x":0.667,"y":1},"o":{"x":0.167,"y":0.167},"t":23,"s":[{"i":[[0,0],[0,0],[0,0],[0,0]],"o":[[0,0],[0,0],[0,0],[0,0]],"v":[[6.3,-4.76],[6.3,-4.76],[6.3,-4.76],[6.3,-4.76]],"c":true}]},{"t":25,"s":[{"i":[[0,-2.8],[1.9,0],[0,2.7],[-1.9,0]],"o":[[0,2.8],[-1.9,0],[0,-2.7],[1.9,0]],"v":[[8,0.2],[4.5,5],[1,0.2],[4.5,-5]],"c":true}]}],"ix":2},"nm":"Path 2","mn":"ADBE Vector Shape - Group","hd":false},{"ty":"mm","mm":1,"nm":"Merge Paths 1","mn":"ADBE Vector Filter - Merge","hd":false},{"ty":"st","c":{"a":0,"k":[0,0,0,1],"ix":3},"o":{"a":0,"k":100,"ix":4},"w":{"a":0,"k":2,"ix":5},"lc":2,"lj":2,"bm":0,"nm":"Stroke 1","mn":"ADBE Vector Graphic - Stroke","hd":false},{"ty":"tr","p":{"a":0,"k":[25,10],"ix":2},"a":{"a":0,"k":[0,0],"ix":1},"s":{"a":0,"k":[100,100],"ix":3},"r":{"a":0,"k":0,"ix":6},"o":{"a":0,"k":100,"ix":7},"sk":{"a":0,"k":0,"ix":4},"sa":{"a":0,"k":0,"ix":5},"nm":"Transform"}],"nm":"Group 2","np":4,"cix":2,"bm":0,"ix":2,"mn":"ADBE Vector Group","hd":false},{"ty":"gr","it":[{"ind":0,"ty":"sh","ix":1,"ks":{"a":1,"k":[{"i":{"x":0.667,"y":1},"o":{"x":0.167,"y":0.167},"t":21,"s":[{"i":[[0,0],[0,0],[0,0],[0,0]],"o":[[0,0],[0,0],[0,0],[0,0]],"v":[[-15.275,-9.775],[-15.275,-9.775],[-15.275,-9.775],[-15.275,-9.775]],"c":true}]},{"t":25,"s":[{"i":[[-2.1,-1.901],[0,13.801],[2.2,3],[3.1,-6.3]],"o":[[1.4,1.3],[0,-5.599],[-3.4,3.9],[-4.6,9.1]],"v":[[-11.35,21.1],[3.35,8.199],[0.35,-9.4],[-9.75,5.9]],"c":true}]}],"ix":2},"nm":"Path 2","mn":"ADBE Vector Shape - Group","hd":false},{"ty":"mm","mm":1,"nm":"Merge Paths 1","mn":"ADBE Vector Filter - Merge","hd":false},{"ty":"st","c":{"a":0,"k":[0,0,0,1],"ix":3},"o":{"a":0,"k":100,"ix":4},"w":{"a":0,"k":2,"ix":5},"lc":2,"lj":2,"bm":0,"nm":"Stroke 1","mn":"ADBE Vector Graphic - Stroke","hd":false},{"ty":"tr","p":{"a":0,"k":[18.65,27.4],"ix":2},"a":{"a":0,"k":[0,0],"ix":1},"s":{"a":0,"k":[100,100],"ix":3},"r":{"a":0,"k":0,"ix":6},"o":{"a":0,"k":100,"ix":7},"sk":{"a":0,"k":0,"ix":4},"sa":{"a":0,"k":0,"ix":5},"nm":"Transform"}],"nm":"Group 3","np":3,"cix":2,"bm":0,"ix":3,"mn":"ADBE Vector Group","hd":false},{"ty":"gr","it":[{"ind":0,"ty":"sh","ix":1,"ks":{"a":1,"k":[{"i":{"x":0.833,"y":0.833},"o":{"x":0.167,"y":0.167},"t":21,"s":[{"i":[[0,0],[-0.004,0.018]],"o":[[0.003,-0.004],[0,0]],"v":[[-8.014,-19.789],[-8.052,-19.82]],"c":false}]},{"i":{"x":0.667,"y":1},"o":{"x":0.167,"y":0.167},"t":23,"s":[{"i":[[0,0],[-0.004,0.018]],"o":[[0.003,-0.004],[0,0]],"v":[[-7.076,-18.852],[-7.052,-18.882]],"c":false}]},{"t":25,"s":[{"i":[[0,0],[2.4,-10.8]],"o":[[-1.9,2.5],[0,0]],"v":[[-7.25,-3.8],[-22.35,14.7]],"c":false}]}],"ix":2},"nm":"Path 1","mn":"ADBE Vector Shape - Group","hd":false},{"ind":1,"ty":"sh","ix":2,"ks":{"a":1,"k":[{"i":{"x":0.833,"y":0.833},"o":{"x":0.167,"y":0.167},"t":21,"s":[{"i":[[0,0],[0,0],[0.001,0.006]],"o":[[0,0],[0,0],[0,0]],"v":[[-6.132,-20.766],[-6.154,-20.739],[-6.158,-20.748]],"c":false}]},{"i":{"x":0.667,"y":1},"o":{"x":0.167,"y":0.167},"t":23,"s":[{"i":[[0,0],[0,0],[0.001,0.006]],"o":[[0,0],[0,0],[0,0]],"v":[[-5.882,-19.829],[-5.904,-19.802],[-5.908,-19.811]],"c":false}]},{"t":25,"s":[{"i":[[0,0],[0,0],[0.8,4.9]],"o":[[0,0],[0,0],[0,0]],"v":[[-7.65,-5.2],[-14.65,-6.4],[-18.45,-14.1]],"c":false}]}],"ix":2},"nm":"Path 2","mn":"ADBE Vector Shape - Group","hd":false},{"ind":2,"ty":"sh","ix":3,"ks":{"a":1,"k":[{"i":{"x":0.833,"y":0.833},"o":{"x":0.167,"y":0.167},"t":21,"s":[{"i":[[0,0],[0,0],[0,0]],"o":[[0.025,0.016],[0,0],[0,0]],"v":[[-1.116,-22.14],[-1.114,-22.14],[-1.112,-22.14]],"c":false}]},{"i":{"x":0.667,"y":1},"o":{"x":0.167,"y":0.167},"t":23,"s":[{"i":[[0,0],[0,0],[0,0]],"o":[[0.025,0.016],[0,0],[0,0]],"v":[[-0.991,-21.64],[-0.989,-21.64],[-0.987,-21.64]],"c":false}]},{"t":25,"s":[{"i":[[0,0],[0,0],[0,0]],"o":[[-4.1,-2.5],[0,0],[0,0]],"v":[[-5.65,-10.3],[-11.35,-16],[-8.95,-24.4]],"c":false}]}],"ix":2},"nm":"Path 3","mn":"ADBE Vector Shape - Group","hd":false},{"ind":3,"ty":"sh","ix":4,"ks":{"a":1,"k":[{"i":{"x":0.667,"y":1},"o":{"x":0.167,"y":0.167},"t":21,"s":[{"i":[[0.017,-0.015],[0,0.108],[-0.017,0.024],[-0.024,-0.049]],"o":[[-0.011,0.01],[0,-0.044],[0.027,0.031],[0.036,0.072]],"v":[[23.266,-7.16],[23.15,-7.262],[23.174,-7.4],[23.253,-7.28]],"c":true}]},{"t":25,"s":[{"i":[[2.1,-1.9],[0,13.8],[-2.2,3],[-3.1,-6.3]],"o":[[-1.4,1.3],[0,-5.6],[3.4,3.9],[4.6,9.1]],"v":[[19.35,23.1],[4.65,10.2],[7.65,-7.4],[17.75,7.9]],"c":true}]}],"ix":2},"nm":"Path 4","mn":"ADBE Vector Shape - Group","hd":false},{"ty":"mm","mm":1,"nm":"Merge Paths 1","mn":"ADBE Vector Filter - Merge","hd":false},{"ty":"st","c":{"a":0,"k":[0,0,0,1],"ix":3},"o":{"a":0,"k":100,"ix":4},"w":{"a":0,"k":2,"ix":5},"lc":2,"lj":2,"bm":0,"nm":"Stroke 1","mn":"ADBE Vector Graphic - Stroke","hd":false},{"ty":"tr","p":{"a":0,"k":[23.35,25.4],"ix":2},"a":{"a":0,"k":[0,0],"ix":1},"s":{"a":0,"k":[100,100],"ix":3},"r":{"a":0,"k":0,"ix":6},"o":{"a":0,"k":100,"ix":7},"sk":{"a":0,"k":0,"ix":4},"sa":{"a":0,"k":0,"ix":5},"nm":"Transform"}],"nm":"Group 4","np":6,"cix":2,"bm":0,"ix":4,"mn":"ADBE Vector Group","hd":false},{"ty":"gr","it":[{"ind":0,"ty":"sh","ix":1,"ks":{"a":1,"k":[{"i":{"x":0.667,"y":1},"o":{"x":0.167,"y":0.167},"t":21,"s":[{"i":[[0,0],[8.116,-0.388],[1.4,2.101]],"o":[[-1.5,2.5],[-8.375,0.401],[0,0]],"v":[[6.275,17.725],[-9.45,24.049],[-26.175,17.049]],"c":false}]},{"t":25,"s":[{"i":[[0,0],[2.1,0],[1.4,2.101]],"o":[[-1.5,2.5],[-1.9,0],[0,0]],"v":[[-3.85,19.6],[-9.45,23.799],[-14.55,20.299]],"c":false}]}],"ix":2},"nm":"Path 1","mn":"ADBE Vector Shape - Group","hd":false},{"ind":1,"ty":"sh","ix":2,"ks":{"a":1,"k":[{"i":{"x":0.667,"y":1},"o":{"x":0.167,"y":0.167},"t":21,"s":[{"i":[[0,0],[-9.374,-0.13],[0,-1.299]],"o":[[0,-1.299],[9,0.125],[0,0]],"v":[[-28.624,-12.376],[-9.45,-21.799],[9.35,-12.126]],"c":false}]},{"t":25,"s":[{"i":[[0,0],[-1.799,0],[0,-1.299]],"o":[[0,-1.299],[1.8,0],[0,0]],"v":[[-12.749,-19.501],[-9.45,-21.799],[-6.15,-19.501]],"c":false}]}],"ix":2},"nm":"Path 2","mn":"ADBE Vector Shape - Group","hd":false},{"ind":2,"ty":"sh","ix":3,"ks":{"a":1,"k":[{"i":{"x":0.667,"y":1},"o":{"x":0.167,"y":0.167},"t":23,"s":[{"i":[[0,0],[0.25,0.026]],"o":[[-0.026,0.025],[0,0]],"v":[[-9.549,-21.639],[-9.449,-21.766]],"c":false}]},{"t":25,"s":[{"i":[[0,0],[-2.4,-10.699]],"o":[[1.899,2.5],[0,0]],"v":[[-0.549,-3.199],[14.55,15.299]],"c":false}]}],"ix":2},"nm":"Path 3","mn":"ADBE Vector Shape - Group","hd":false},{"ind":3,"ty":"sh","ix":4,"ks":{"a":1,"k":[{"i":{"x":0.833,"y":0.833},"o":{"x":0.167,"y":0.167},"t":21,"s":[{"i":[[0,0],[0,0],[-0.007,0.042]],"o":[[0,0],[0,0],[0,0]],"v":[[0.146,-18.905],[0.205,-18.916],[0.237,-18.981]],"c":false}]},{"i":{"x":0.667,"y":1},"o":{"x":0.167,"y":0.167},"t":23,"s":[{"i":[[0,0],[0,0],[-0.007,0.042]],"o":[[0,0],[0,0],[0,0]],"v":[[-1.729,-18.53],[-1.67,-18.541],[-1.638,-18.606]],"c":false}]},{"t":25,"s":[{"i":[[0,0],[0,0],[-0.8,4.901]],"o":[[0,0],[0,0],[0,0]],"v":[[-0.15,-4.6],[6.85,-5.799],[10.65,-13.501]],"c":false}]}],"ix":2},"nm":"Path 4","mn":"ADBE Vector Shape - Group","hd":false},{"ind":4,"ty":"sh","ix":5,"ks":{"a":1,"k":[{"i":{"x":0.667,"y":1},"o":{"x":0.167,"y":0.167},"t":23,"s":[{"i":[[0,0],[0,0],[0,0]],"o":[[-0.044,0.028],[0,0],[0,0]],"v":[[-5.261,-20.895],[-5.321,-20.833],[-5.296,-20.745]],"c":false}]},{"t":25,"s":[{"i":[[0,0],[0,0],[0,0]],"o":[[4.101,-2.6],[0,0],[0,0]],"v":[[-2.15,-9.699],[3.55,-15.501],[1.15,-23.799]],"c":false}]}],"ix":2},"nm":"Path 5","mn":"ADBE Vector Shape - Group","hd":false},{"ty":"mm","mm":1,"nm":"Merge Paths 1","mn":"ADBE Vector Filter - Merge","hd":false},{"ty":"st","c":{"a":0,"k":[0,0,0,1],"ix":3},"o":{"a":0,"k":100,"ix":4},"w":{"a":0,"k":2,"ix":5},"lc":2,"lj":2,"bm":0,"nm":"Stroke 1","mn":"ADBE Vector Graphic - Stroke","hd":false},{"ty":"tr","p":{"a":0,"k":[34.45,24.8],"ix":2},"a":{"a":0,"k":[0,0],"ix":1},"s":{"a":0,"k":[100,100],"ix":3},"r":{"a":0,"k":0,"ix":6},"o":{"a":0,"k":100,"ix":7},"sk":{"a":0,"k":0,"ix":4},"sa":{"a":0,"k":0,"ix":5},"nm":"Transform"}],"nm":"Group 5","np":7,"cix":2,"bm":0,"ix":5,"mn":"ADBE Vector Group","hd":false}],"ip":21,"op":28,"st":21,"bm":0},{"ddd":0,"ind":2,"ty":4,"nm":"fly","sr":1,"ks":{"o":{"a":0,"k":100,"ix":11},"r":{"a":1,"k":[{"i":{"x":[0.833],"y":[0.833]},"o":{"x":[0.333],"y":[0]},"t":3,"s":[0]},{"t":7,"s":[180]}],"ix":10},"p":{"a":0,"k":[25,25,0],"ix":2},"a":{"a":0,"k":[25,25,0],"ix":1},"s":{"a":0,"k":[100,100,100],"ix":6}},"ao":0,"shapes":[{"ty":"gr","it":[{"ind":0,"ty":"sh","ix":1,"ks":{"a":1,"k":[{"i":{"x":0.833,"y":0.833},"o":{"x":0.333,"y":0},"t":3,"s":[{"i":[[0,0],[0,-2.5]],"o":[[-1.5,1.6],[0,0]],"v":[[-6.5,-3.4],[-9,3]],"c":false}]},{"t":7,"s":[{"i":[[0,0],[-11.5,-9.688]],"o":[[-1.5,1.6],[0,0]],"v":[[-19.375,-5.775],[-16.75,23.938]],"c":false}]}],"ix":2},"nm":"Path 1","mn":"ADBE Vector Shape - Group","hd":false},{"ind":1,"ty":"sh","ix":2,"ks":{"a":1,"k":[{"i":{"x":0.833,"y":0.833},"o":{"x":0.333,"y":0},"t":3,"s":[{"i":[[0,0],[-1.7,0],[-1.5,0.6]],"o":[[1.5,0.6],[1.7,0],[0,0]],"v":[[-4.9,-2.9],[0,-2],[4.9,-2.9]],"c":false}]},{"t":5,"s":[{"i":[[0,0],[0,0],[0,0]],"o":[[0,0],[0,0],[0,0]],"v":[[1.951,-14.484],[1.951,-14.484],[1.951,-14.484]],"c":false}]}],"ix":2},"nm":"Path 2","mn":"ADBE Vector Shape - Group","hd":false},{"ind":2,"ty":"sh","ix":3,"ks":{"a":1,"k":[{"i":{"x":0.833,"y":0.833},"o":{"x":0.333,"y":0},"t":3,"s":[{"i":[[0,0],[-1.1,0],[-1,0.4]],"o":[[1,0.4],[1.1,0],[0,0]],"v":[[-3.1,12.4],[0,13],[3.2,12.4]],"c":false}]},{"t":5,"s":[{"i":[[0,0],[-0.004,0],[-0.004,0.002]],"o":[[0.004,0.002],[0.004,0],[0,0]],"v":[[-3.031,29.86],[-3.018,29.862],[-3.006,29.86]],"c":false}]}],"ix":2},"nm":"Path 3","mn":"ADBE Vector Shape - Group","hd":false},{"ind":3,"ty":"sh","ix":4,"ks":{"a":1,"k":[{"i":{"x":0.833,"y":0.833},"o":{"x":0.333,"y":0},"t":3,"s":[{"i":[[0,0],[1.5,1.6]],"o":[[0,-2.5],[0,0]],"v":[[9,3],[6.5,-3.4]],"c":false}]},{"t":7,"s":[{"i":[[0,0],[1.5,1.6]],"o":[[13.125,-10.563],[0,0]],"v":[[15.875,24.438],[19.125,-5.15]],"c":false}]}],"ix":2},"nm":"Path 4","mn":"ADBE Vector Shape - Group","hd":false},{"ty":"mm","mm":1,"nm":"Merge Paths 1","mn":"ADBE Vector Filter - Merge","hd":false},{"ty":"st","c":{"a":0,"k":[0,0,0,1],"ix":3},"o":{"a":0,"k":100,"ix":4},"w":{"a":0,"k":2,"ix":5},"lc":2,"lj":2,"bm":0,"nm":"Stroke 1","mn":"ADBE Vector Graphic - Stroke","hd":false},{"ty":"tr","p":{"a":0,"k":[25,18],"ix":2},"a":{"a":0,"k":[0,0],"ix":1},"s":{"a":0,"k":[100,100],"ix":3},"r":{"a":0,"k":0,"ix":6},"o":{"a":0,"k":100,"ix":7},"sk":{"a":0,"k":0,"ix":4},"sa":{"a":0,"k":0,"ix":5},"nm":"Transform"}],"nm":"Group 1","np":6,"cix":2,"bm":0,"ix":1,"mn":"ADBE Vector Group","hd":false},{"ty":"gr","it":[{"ind":0,"ty":"sh","ix":1,"ks":{"a":1,"k":[{"i":{"x":0.833,"y":0.833},"o":{"x":0.333,"y":0},"t":3,"s":[{"i":[[0,-2.8],[1.9,0],[0,2.7],[-1.9,0]],"o":[[0,2.8],[-1.9,0],[0,-2.7],[1.9,0]],"v":[[-1,0.2],[-4.5,5],[-8,0.2],[-4.5,-5]],"c":true}]},{"t":5,"s":[{"i":[[0,0],[0,0],[0,0],[0,0]],"o":[[0,0],[0,0],[0,0],[0,0]],"v":[[-5.623,-5.416],[-5.616,-5.43],[-5.616,-5.43],[-5.616,-5.43]],"c":true}]}],"ix":2},"nm":"Path 1","mn":"ADBE Vector Shape - Group","hd":false},{"ind":1,"ty":"sh","ix":2,"ks":{"a":1,"k":[{"i":{"x":0.833,"y":0.833},"o":{"x":0.333,"y":0},"t":3,"s":[{"i":[[0,-2.8],[1.9,0],[0,2.7],[-1.9,0]],"o":[[0,2.8],[-1.9,0],[0,-2.7],[1.9,0]],"v":[[8,0.2],[4.5,5],[1,0.2],[4.5,-5]],"c":true}]},{"t":5,"s":[{"i":[[0,0],[0,0],[0,0],[0,0]],"o":[[0,0],[0,0],[0,0],[0,0]],"v":[[6.3,-4.76],[6.3,-4.76],[6.3,-4.76],[6.3,-4.76]],"c":true}]}],"ix":2},"nm":"Path 2","mn":"ADBE Vector Shape - Group","hd":false},{"ty":"mm","mm":1,"nm":"Merge Paths 1","mn":"ADBE Vector Filter - Merge","hd":false},{"ty":"st","c":{"a":0,"k":[0,0,0,1],"ix":3},"o":{"a":0,"k":100,"ix":4},"w":{"a":0,"k":2,"ix":5},"lc":2,"lj":2,"bm":0,"nm":"Stroke 1","mn":"ADBE Vector Graphic - Stroke","hd":false},{"ty":"tr","p":{"a":0,"k":[25,10],"ix":2},"a":{"a":0,"k":[0,0],"ix":1},"s":{"a":0,"k":[100,100],"ix":3},"r":{"a":0,"k":0,"ix":6},"o":{"a":0,"k":100,"ix":7},"sk":{"a":0,"k":0,"ix":4},"sa":{"a":0,"k":0,"ix":5},"nm":"Transform"}],"nm":"Group 2","np":4,"cix":2,"bm":0,"ix":2,"mn":"ADBE Vector Group","hd":false},{"ty":"gr","it":[{"ind":0,"ty":"sh","ix":1,"ks":{"a":1,"k":[{"i":{"x":0.833,"y":0.833},"o":{"x":0.333,"y":0},"t":3,"s":[{"i":[[-2.1,-1.901],[0,13.801],[2.2,3],[3.1,-6.3]],"o":[[1.4,1.3],[0,-5.599],[-3.4,3.9],[-4.6,9.1]],"v":[[-11.35,21.1],[3.35,8.199],[0.35,-9.4],[-9.75,5.9]],"c":true}]},{"t":6,"s":[{"i":[[0,0],[0,0],[0,0],[0,0]],"o":[[0,0],[0,0],[0,0],[0,0]],"v":[[-11.389,-10.748],[-11.389,-10.748],[-11.389,-10.748],[-11.389,-10.748]],"c":true}]}],"ix":2},"nm":"Path 2","mn":"ADBE Vector Shape - Group","hd":false},{"ty":"mm","mm":1,"nm":"Merge Paths 1","mn":"ADBE Vector Filter - Merge","hd":false},{"ty":"st","c":{"a":0,"k":[0,0,0,1],"ix":3},"o":{"a":0,"k":100,"ix":4},"w":{"a":0,"k":2,"ix":5},"lc":2,"lj":2,"bm":0,"nm":"Stroke 1","mn":"ADBE Vector Graphic - Stroke","hd":false},{"ty":"tr","p":{"a":0,"k":[18.65,27.4],"ix":2},"a":{"a":0,"k":[0,0],"ix":1},"s":{"a":0,"k":[100,100],"ix":3},"r":{"a":0,"k":0,"ix":6},"o":{"a":0,"k":100,"ix":7},"sk":{"a":0,"k":0,"ix":4},"sa":{"a":0,"k":0,"ix":5},"nm":"Transform"}],"nm":"Group 3","np":3,"cix":2,"bm":0,"ix":3,"mn":"ADBE Vector Group","hd":false},{"ty":"gr","it":[{"ind":0,"ty":"sh","ix":1,"ks":{"a":1,"k":[{"i":{"x":0.833,"y":0.833},"o":{"x":0.333,"y":0},"t":3,"s":[{"i":[[0,0],[2.4,-10.8]],"o":[[-1.9,2.5],[0,0]],"v":[[-7.25,-3.8],[-22.35,14.7]],"c":false}]},{"t":5,"s":[{"i":[[0,0],[-0.004,0.018]],"o":[[0.003,-0.004],[0,0]],"v":[[-7.076,-18.852],[-7.052,-18.882]],"c":false}]}],"ix":2},"nm":"Path 1","mn":"ADBE Vector Shape - Group","hd":false},{"ind":1,"ty":"sh","ix":2,"ks":{"a":1,"k":[{"i":{"x":0.833,"y":0.833},"o":{"x":0.333,"y":0},"t":3,"s":[{"i":[[0,0],[0,0],[0.8,4.9]],"o":[[0,0],[0,0],[0,0]],"v":[[-7.65,-5.2],[-14.65,-6.4],[-18.45,-14.1]],"c":false}]},{"t":5,"s":[{"i":[[0,0],[0,0],[0.001,0.006]],"o":[[0,0],[0,0],[0,0]],"v":[[-5.882,-19.829],[-5.904,-19.802],[-5.908,-19.811]],"c":false}]}],"ix":2},"nm":"Path 2","mn":"ADBE Vector Shape - Group","hd":false},{"ind":2,"ty":"sh","ix":3,"ks":{"a":1,"k":[{"i":{"x":0.833,"y":0.833},"o":{"x":0.333,"y":0},"t":3,"s":[{"i":[[0,0],[0,0],[0,0]],"o":[[-4.1,-2.5],[0,0],[0,0]],"v":[[-5.65,-10.3],[-11.35,-16],[-8.95,-24.4]],"c":false}]},{"t":5,"s":[{"i":[[0,0],[0,0],[0,0]],"o":[[0.025,0.016],[0,0],[0,0]],"v":[[-0.991,-21.64],[-0.989,-21.64],[-0.987,-21.64]],"c":false}]}],"ix":2},"nm":"Path 3","mn":"ADBE Vector Shape - Group","hd":false},{"ind":3,"ty":"sh","ix":4,"ks":{"a":1,"k":[{"i":{"x":0.833,"y":0.833},"o":{"x":0.333,"y":0},"t":3,"s":[{"i":[[2.1,-1.9],[0,13.8],[-2.2,3],[-3.1,-6.3]],"o":[[-1.4,1.3],[0,-5.6],[3.4,3.9],[4.6,9.1]],"v":[[19.35,23.1],[4.65,10.2],[7.65,-7.4],[17.75,7.9]],"c":true}]},{"t":6,"s":[{"i":[[0.017,-0.015],[0,0.108],[-0.017,0.024],[-0.024,-0.049]],"o":[[-0.011,0.01],[0,-0.044],[0.027,0.031],[0.036,0.072]],"v":[[18.383,-8.06],[18.268,-8.162],[18.291,-8.3],[18.371,-8.18]],"c":true}]}],"ix":2},"nm":"Path 4","mn":"ADBE Vector Shape - Group","hd":false},{"ty":"mm","mm":1,"nm":"Merge Paths 1","mn":"ADBE Vector Filter - Merge","hd":false},{"ty":"st","c":{"a":0,"k":[0,0,0,1],"ix":3},"o":{"a":0,"k":100,"ix":4},"w":{"a":0,"k":2,"ix":5},"lc":2,"lj":2,"bm":0,"nm":"Stroke 1","mn":"ADBE Vector Graphic - Stroke","hd":false},{"ty":"tr","p":{"a":0,"k":[23.35,25.4],"ix":2},"a":{"a":0,"k":[0,0],"ix":1},"s":{"a":0,"k":[100,100],"ix":3},"r":{"a":0,"k":0,"ix":6},"o":{"a":0,"k":100,"ix":7},"sk":{"a":0,"k":0,"ix":4},"sa":{"a":0,"k":0,"ix":5},"nm":"Transform"}],"nm":"Group 4","np":6,"cix":2,"bm":0,"ix":4,"mn":"ADBE Vector Group","hd":false},{"ty":"gr","it":[{"ind":0,"ty":"sh","ix":1,"ks":{"a":1,"k":[{"i":{"x":0.833,"y":0.833},"o":{"x":0.333,"y":0},"t":3,"s":[{"i":[[0,0],[2.1,0],[1.4,2.101]],"o":[[-1.5,2.5],[-1.9,0],[0,0]],"v":[[-3.85,19.6],[-9.45,23.799],[-14.55,20.299]],"c":false}]},{"t":7,"s":[{"i":[[0,0],[8.116,-0.388],[1.4,2.101]],"o":[[-1.5,2.5],[-8.375,0.401],[0,0]],"v":[[6.275,17.725],[-9.45,24.049],[-26.175,17.049]],"c":false}]}],"ix":2},"nm":"Path 1","mn":"ADBE Vector Shape - Group","hd":false},{"ind":1,"ty":"sh","ix":2,"ks":{"a":1,"k":[{"i":{"x":0.833,"y":0.833},"o":{"x":0.333,"y":0},"t":3,"s":[{"i":[[0,0],[-1.799,0],[0,-1.299]],"o":[[0,-1.299],[1.8,0],[0,0]],"v":[[-12.749,-19.501],[-9.45,-21.799],[-6.15,-19.501]],"c":false}]},{"t":7,"s":[{"i":[[0,0],[-9.374,-0.13],[0,-1.299]],"o":[[0,-1.299],[9,0.125],[0,0]],"v":[[-28.624,-12.376],[-9.45,-21.799],[9.35,-12.126]],"c":false}]}],"ix":2},"nm":"Path 2","mn":"ADBE Vector Shape - Group","hd":false},{"ind":2,"ty":"sh","ix":3,"ks":{"a":1,"k":[{"i":{"x":0.833,"y":0.833},"o":{"x":0.333,"y":0},"t":3,"s":[{"i":[[0,0],[-2.4,-10.699]],"o":[[1.899,2.5],[0,0]],"v":[[-0.549,-3.199],[14.55,15.299]],"c":false}]},{"t":5,"s":[{"i":[[0,0],[0.25,0.026]],"o":[[-0.026,0.025],[0,0]],"v":[[-9.549,-21.639],[-9.449,-21.766]],"c":false}]}],"ix":2},"nm":"Path 3","mn":"ADBE Vector Shape - Group","hd":false},{"ind":3,"ty":"sh","ix":4,"ks":{"a":1,"k":[{"i":{"x":0.833,"y":0.833},"o":{"x":0.333,"y":0},"t":3,"s":[{"i":[[0,0],[0,0],[-0.8,4.901]],"o":[[0,0],[0,0],[0,0]],"v":[[-0.15,-4.6],[6.85,-5.799],[10.65,-13.501]],"c":false}]},{"t":5,"s":[{"i":[[0,0],[0,0],[-0.007,0.042]],"o":[[0,0],[0,0],[0,0]],"v":[[-1.729,-18.53],[-1.67,-18.541],[-1.638,-18.606]],"c":false}]}],"ix":2},"nm":"Path 4","mn":"ADBE Vector Shape - Group","hd":false},{"ind":4,"ty":"sh","ix":5,"ks":{"a":1,"k":[{"i":{"x":0.833,"y":0.833},"o":{"x":0.333,"y":0},"t":3,"s":[{"i":[[0,0],[0,0],[0,0]],"o":[[4.101,-2.6],[0,0],[0,0]],"v":[[-2.15,-9.699],[3.55,-15.501],[1.15,-23.799]],"c":false}]},{"t":5,"s":[{"i":[[0,0],[0,0],[0,0]],"o":[[-0.044,0.028],[0,0],[0,0]],"v":[[-5.261,-20.895],[-5.321,-20.833],[-5.296,-20.745]],"c":false}]}],"ix":2},"nm":"Path 5","mn":"ADBE Vector Shape - Group","hd":false},{"ty":"mm","mm":1,"nm":"Merge Paths 1","mn":"ADBE Vector Filter - Merge","hd":false},{"ty":"st","c":{"a":0,"k":[0,0,0,1],"ix":3},"o":{"a":0,"k":100,"ix":4},"w":{"a":0,"k":2,"ix":5},"lc":2,"lj":2,"bm":0,"nm":"Stroke 1","mn":"ADBE Vector Graphic - Stroke","hd":false},{"ty":"tr","p":{"a":0,"k":[34.45,24.8],"ix":2},"a":{"a":0,"k":[0,0],"ix":1},"s":{"a":0,"k":[100,100],"ix":3},"r":{"a":0,"k":0,"ix":6},"o":{"a":0,"k":100,"ix":7},"sk":{"a":0,"k":0,"ix":4},"sa":{"a":0,"k":0,"ix":5},"nm":"Transform"}],"nm":"Group 5","np":7,"cix":2,"bm":0,"ix":5,"mn":"ADBE Vector Group","hd":false}],"ip":0,"op":7,"st":0,"bm":0},{"ddd":0,"ind":3,"ty":4,"nm":"elephant","sr":1,"ks":{"o":{"a":0,"k":100,"ix":11},"r":{"a":1,"k":[{"i":{"x":[0.667],"y":[1]},"o":{"x":[0.167],"y":[0.167]},"t":7,"s":[180]},{"i":{"x":[0.667],"y":[1]},"o":{"x":[0.167],"y":[0]},"t":11,"s":[360]},{"i":{"x":[0.833],"y":[0.833]},"o":{"x":[0.333],"y":[0]},"t":17,"s":[360]},{"t":20.9998435935936,"s":[540]}],"ix":10},"p":{"a":0,"k":[25,25,0],"ix":2},"a":{"a":0,"k":[25,25,0],"ix":1},"s":{"a":0,"k":[100,100,100],"ix":6}},"ao":0,"shapes":[{"ty":"gr","it":[{"ind":0,"ty":"sh","ix":1,"ks":{"a":1,"k":[{"i":{"x":0.667,"y":1},"o":{"x":0.167,"y":0.167},"t":9,"s":[{"i":[[0,0],[0,0],[0,0],[0,0]],"o":[[0,0],[0,0],[0,0],[0,0]],"v":[[14.5,-14.5],[14.5,-14.5],[14.5,-14.5],[14.5,-14.5]],"c":true}]},{"i":{"x":0.667,"y":1},"o":{"x":0.167,"y":0.167},"t":11,"s":[{"i":[[0,0.552],[-0.553,0],[0,-0.552],[0.553,0]],"o":[[0,-0.552],[0.553,0],[0,0.552],[-0.553,0]],"v":[[13.5,-14.5],[14.5,-15.5],[15.5,-14.5],[14.5,-13.5]],"c":true}]},{"i":{"x":0.833,"y":0.833},"o":{"x":0.333,"y":0},"t":17,"s":[{"i":[[0,0.552],[-0.553,0],[0,-0.552],[0.553,0]],"o":[[0,-0.552],[0.553,0],[0,0.552],[-0.553,0]],"v":[[13.5,-14.5],[14.5,-15.5],[15.5,-14.5],[14.5,-13.5]],"c":true}]},{"t":18.9998435935936,"s":[{"i":[[0,0],[0,0],[0,0],[0,0]],"o":[[0,0],[0,0],[0,0],[0,0]],"v":[[14.5,-14.5],[14.5,-14.5],[14.5,-14.5],[14.5,-14.5]],"c":true}]}],"ix":2},"nm":"Path 1","mn":"ADBE Vector Shape - Group","hd":false},{"ind":1,"ty":"sh","ix":2,"ks":{"a":1,"k":[{"i":{"x":0.667,"y":1},"o":{"x":0.167,"y":0.167},"t":9,"s":[{"i":[[-0.02,0],[0,0.02],[0.02,0],[0,-0.02]],"o":[[0.02,0],[0,-0.02],[-0.02,0],[0,0.02]],"v":[[-14,14.036],[-13.964,14],[-14,13.964],[-14.036,14]],"c":true}]},{"i":{"x":0.667,"y":1},"o":{"x":0.167,"y":0.167},"t":11,"s":[{"i":[[0.829,0],[0,-0.828],[-0.829,0],[0,0.828]],"o":[[-0.829,0],[0,0.828],[0.829,0],[0,-0.828]],"v":[[-14,12.5],[-15.5,14],[-14,15.5],[-12.5,14]],"c":true}]},{"i":{"x":0.833,"y":0.833},"o":{"x":0.333,"y":0},"t":17,"s":[{"i":[[0.829,0],[0,-0.828],[-0.829,0],[0,0.828]],"o":[[-0.829,0],[0,0.828],[0.829,0],[0,-0.828]],"v":[[-14,12.5],[-15.5,14],[-14,15.5],[-12.5,14]],"c":true}]},{"t":18.9998435935936,"s":[{"i":[[-0.02,0],[0,0.02],[0.02,0],[0,-0.02]],"o":[[0.02,0],[0,-0.02],[-0.02,0],[0,0.02]],"v":[[-14,14.036],[-13.964,14],[-14,13.964],[-14.036,14]],"c":true}]}],"ix":2},"nm":"Path 2","mn":"ADBE Vector Shape - Group","hd":false},{"ty":"mm","mm":1,"nm":"Merge Paths 1","mn":"ADBE Vector Filter - Merge","hd":false},{"ty":"fl","c":{"a":0,"k":[0,0,0,1],"ix":4},"o":{"a":0,"k":100,"ix":5},"r":1,"bm":0,"nm":"Fill 1","mn":"ADBE Vector Graphic - Fill","hd":false},{"ty":"tr","p":{"a":0,"k":[26.5,30.5],"ix":2},"a":{"a":0,"k":[0,0],"ix":1},"s":{"a":0,"k":[100,100],"ix":3},"r":{"a":0,"k":0,"ix":6},"o":{"a":0,"k":100,"ix":7},"sk":{"a":0,"k":0,"ix":4},"sa":{"a":0,"k":0,"ix":5},"nm":"Transform"}],"nm":"Group 2","np":4,"cix":2,"bm":0,"ix":1,"mn":"ADBE Vector Group","hd":false},{"ty":"gr","it":[{"ind":0,"ty":"sh","ix":1,"ks":{"a":1,"k":[{"i":{"x":0.667,"y":1},"o":{"x":0.167,"y":0.167},"t":9,"s":[{"i":[[0,0],[0,0],[0,0],[0,0]],"o":[[0,0],[0,0],[0,0],[0,0]],"v":[[-10,0],[-10,0],[-10,0],[-10,0]],"c":true}]},{"i":{"x":0.667,"y":1},"o":{"x":0.167,"y":0.167},"t":11,"s":[{"i":[[0.829,0],[0,-0.828],[-0.829,0],[0,0.828]],"o":[[-0.829,0],[0,0.828],[0.829,0],[0,-0.828]],"v":[[-10,-1.5],[-11.5,0],[-10,1.5],[-8.5,0]],"c":true}]},{"i":{"x":0.833,"y":0.833},"o":{"x":0.333,"y":0},"t":17,"s":[{"i":[[0.829,0],[0,-0.828],[-0.829,0],[0,0.828]],"o":[[-0.829,0],[0,0.828],[0.829,0],[0,-0.828]],"v":[[-10,-1.5],[-11.5,0],[-10,1.5],[-8.5,0]],"c":true}]},{"t":18.9998435935936,"s":[{"i":[[0,0],[0,0],[0,0],[0,0]],"o":[[0,0],[0,0],[0,0],[0,0]],"v":[[-10,0],[-10,0],[-10,0],[-10,0]],"c":true}]}],"ix":2},"nm":"Path 1","mn":"ADBE Vector Shape - Group","hd":false},{"ind":1,"ty":"sh","ix":2,"ks":{"a":1,"k":[{"i":{"x":0.667,"y":1},"o":{"x":0.167,"y":0.167},"t":9,"s":[{"i":[[0,0],[0,0],[0,0],[0,0]],"o":[[0,0],[0,0],[0,0],[0,0]],"v":[[14.25,-0.625],[14.25,-0.625],[14.25,-0.625],[14.25,-0.625]],"c":true}]},{"i":{"x":0.667,"y":1},"o":{"x":0.167,"y":0.167},"t":11,"s":[{"i":[[0.828,0],[0,-0.828],[-0.828,0],[0,0.828]],"o":[[-0.828,0],[0,0.828],[0.828,0],[0,-0.828]],"v":[[10,-1.5],[8.5,0],[10,1.5],[11.5,0]],"c":true}]},{"i":{"x":0.833,"y":0.833},"o":{"x":0.333,"y":0},"t":17,"s":[{"i":[[0.828,0],[0,-0.828],[-0.828,0],[0,0.828]],"o":[[-0.828,0],[0,0.828],[0.828,0],[0,-0.828]],"v":[[10,-1.5],[8.5,0],[10,1.5],[11.5,0]],"c":true}]},{"t":18.9998435935936,"s":[{"i":[[0,0],[0,0],[0,0],[0,0]],"o":[[0,0],[0,0],[0,0],[0,0]],"v":[[14.25,-0.625],[14.25,-0.625],[14.25,-0.625],[14.25,-0.625]],"c":true}]}],"ix":2},"nm":"Path 2","mn":"ADBE Vector Shape - Group","hd":false},{"ty":"mm","mm":1,"nm":"Merge Paths 1","mn":"ADBE Vector Filter - Merge","hd":false},{"ty":"fl","c":{"a":0,"k":[0,0,0,1],"ix":4},"o":{"a":0,"k":100,"ix":5},"r":1,"bm":0,"nm":"Fill 1","mn":"ADBE Vector Graphic - Fill","hd":false},{"ty":"tr","p":{"a":0,"k":[19.5,44.5],"ix":2},"a":{"a":0,"k":[0,0],"ix":1},"s":{"a":0,"k":[100,100],"ix":3},"r":{"a":0,"k":0,"ix":6},"o":{"a":0,"k":100,"ix":7},"sk":{"a":0,"k":0,"ix":4},"sa":{"a":0,"k":0,"ix":5},"nm":"Transform"}],"nm":"Group 3","np":4,"cix":2,"bm":0,"ix":2,"mn":"ADBE Vector Group","hd":false},{"ty":"gr","it":[{"ind":0,"ty":"sh","ix":1,"ks":{"a":1,"k":[{"i":{"x":0.667,"y":1},"o":{"x":0.167,"y":0.167},"t":7,"s":[{"i":[[0,0],[3.181,-0.456],[0,-11.516],[0,0],[0,0],[0,0],[0,0],[-1.578,0],[0,0],[0,0],[0,0],[-1.11,5.934],[0,-8.551],[3.04,-1.75],[0,0],[0,0],[-1.883,2.605],[0.001,11.581],[4.393,1.234],[0,0],[2.545,0],[4.25,-2.681],[-0.875,-3.75],[-4.767,-3.982]],"o":[[0,0],[-5.832,0.837],[0,5.375],[0,0],[0,0],[0,0],[0,0],[1.578,0],[0,0],[0,0],[1.062,-5],[-0.625,3.929],[0,2.193],[-1.669,0.961],[0,0],[0,0],[2.937,-4.062],[0,0.023],[-2.67,-0.75],[0,0],[-3.776,0],[-2.594,1.637],[0.574,-0.845],[0,0]],"v":[[0.12,-21.353],[-5.375,-20.75],[-22.625,-1.225],[-21.438,9.687],[-15.25,19.125],[-10.125,21.75],[-4.125,24.089],[1.5,24.375],[8.625,22.525],[15.125,19],[20.125,13.875],[22.875,1.133],[21.375,6.051],[14.21,19.438],[1.48,24.138],[7.456,22.93],[18.938,15],[22,-5.898],[10.92,-19.25],[6.5,-20.954],[1.625,-21.125],[-14.125,-16.944],[-22.125,-1.25],[-17.983,14.982]],"c":false}]},{"i":{"x":0.667,"y":1},"o":{"x":0.167,"y":0.167},"t":11,"s":[{"i":[[0,0],[3.181,-0.456],[0,-11.516],[0,0],[0,0],[0,0],[0,0],[-1.578,0],[0,0],[0,0],[0,0],[-1.11,5.934],[0.173,-6.461],[1.764,0],[0,0],[0,0],[-4.443,0],[0,11.581],[4.563,0],[0,0],[2.545,0],[0,-3.775],[-4.381,-1.832],[-1.326,3.882]],"o":[[0,0],[-5.832,0.837],[0,5.375],[0,0],[0,0],[0,0],[0,0],[1.578,0],[0,0],[0,0],[0,-14.37],[3.644,1.915],[-0.059,2.192],[-1.926,0],[0,0],[0,0],[5.214,0],[0,-11.581],[-2.886,0],[0,0],[-3.776,0],[0,7.445],[0.574,-0.845],[0,0]],"v":[[-1.755,-19.228],[-10,-19.5],[-22,-3.725],[-19.938,8.562],[-19,20.5],[-12,20.5],[-11,9.089],[-7,9.5],[-3,9.025],[-2,20.5],[5,20.5],[9,-0.304],[17,7.676],[14.46,11.5],[11.355,8.826],[9.019,10.493],[15,14.5],[22,-5.898],[10.545,-20.5],[6,-19.079],[2,-20.5],[-5,-12.444],[3,3.5],[7.017,-6.143]],"c":false}]},{"i":{"x":0.833,"y":0.833},"o":{"x":0.333,"y":0},"t":17,"s":[{"i":[[0,0],[3.181,-0.456],[0,-11.516],[0,0],[0,0],[0,0],[0,0],[-1.578,0],[0,0],[0,0],[0,0],[-1.11,5.934],[0.173,-6.461],[1.764,0],[0,0],[0,0],[-4.443,0],[0,11.581],[4.563,0],[0,0],[2.545,0],[0,-3.775],[-4.381,-1.832],[-1.326,3.882]],"o":[[0,0],[-5.832,0.837],[0,5.375],[0,0],[0,0],[0,0],[0,0],[1.578,0],[0,0],[0,0],[0,-14.37],[3.644,1.915],[-0.059,2.192],[-1.926,0],[0,0],[0,0],[5.214,0],[0,-11.581],[-2.886,0],[0,0],[-3.776,0],[0,7.445],[0.574,-0.845],[0,0]],"v":[[-1.755,-19.228],[-10,-19.5],[-22,-3.725],[-19.938,8.562],[-19,20.5],[-12,20.5],[-11,9.089],[-7,9.5],[-3,9.025],[-2,20.5],[5,20.5],[9,-0.304],[17,7.676],[14.46,11.5],[11.355,8.826],[9.019,10.493],[15,14.5],[22,-5.898],[10.545,-20.5],[6,-19.079],[2,-20.5],[-5,-12.444],[3,3.5],[7.017,-6.143]],"c":false}]},{"t":20.9998435935936,"s":[{"i":[[0,0],[3.181,-0.456],[0,-11.516],[0,0],[0,0],[0,0],[0,0],[-1.578,0],[0,0],[0,0],[0,0],[-1.11,5.934],[0,-8.551],[3.04,-1.75],[0,0],[0,0],[-1.883,2.605],[0.001,11.581],[4.393,1.234],[0,0],[2.545,0],[4.25,-2.681],[-0.875,-3.75],[-4.767,-3.982]],"o":[[0,0],[-5.832,0.837],[0,5.375],[0,0],[0,0],[0,0],[0,0],[1.578,0],[0,0],[0,0],[1.062,-5],[-0.625,3.929],[0,2.193],[-1.669,0.961],[0,0],[0,0],[2.937,-4.062],[0,0.023],[-2.67,-0.75],[0,0],[-3.776,0],[-2.594,1.637],[0.574,-0.845],[0,0]],"v":[[0.12,-21.353],[-5.375,-20.75],[-22.625,-1.225],[-21.438,9.687],[-15.25,19.125],[-10.125,21.75],[-4.125,24.089],[1.5,24.375],[8.625,22.525],[15.125,19],[20.125,13.875],[22.875,1.133],[21.375,6.051],[14.21,19.438],[1.48,24.138],[7.456,22.93],[18.938,15],[22,-5.898],[10.92,-19.25],[6.5,-20.954],[1.625,-21.125],[-14.125,-16.944],[-22.125,-1.25],[-17.983,14.982]],"c":false}]}],"ix":2},"nm":"Path 1","mn":"ADBE Vector Shape - Group","hd":false},{"ty":"st","c":{"a":0,"k":[0,0,0,1],"ix":3},"o":{"a":0,"k":100,"ix":4},"w":{"a":0,"k":2,"ix":5},"lc":2,"lj":2,"bm":0,"nm":"Stroke 1","mn":"ADBE Vector Graphic - Stroke","hd":false},{"ty":"tr","p":{"a":0,"k":[25,24.5],"ix":2},"a":{"a":0,"k":[0,0],"ix":1},"s":{"a":0,"k":[100,100],"ix":3},"r":{"a":0,"k":0,"ix":6},"o":{"a":0,"k":100,"ix":7},"sk":{"a":0,"k":0,"ix":4},"sa":{"a":0,"k":0,"ix":5},"nm":"Transform"}],"nm":"Group 1","np":2,"cix":2,"bm":0,"ix":3,"mn":"ADBE Vector Group","hd":false},{"ty":"gr","it":[{"ind":0,"ty":"sh","ix":1,"ks":{"a":1,"k":[{"i":{"x":0.667,"y":1},"o":{"x":0.167,"y":0.167},"t":9,"s":[{"i":[[0,0],[0,0],[0,0],[0,0]],"o":[[0,0],[0,0],[0,0],[0,0]],"v":[[0,0],[0,0],[0,0],[0,0]],"c":true}]},{"i":{"x":0.667,"y":1},"o":{"x":0.167,"y":0.167},"t":11,"s":[{"i":[[0.828,0],[0,-0.828],[-0.829,0],[0,0.828]],"o":[[-0.829,0],[0,0.828],[0.828,0],[0,-0.828]],"v":[[0,-1.5],[-1.5,0],[0,1.5],[1.5,0]],"c":true}]},{"i":{"x":0.833,"y":0.833},"o":{"x":0.333,"y":0},"t":17,"s":[{"i":[[0.828,0],[0,-0.828],[-0.829,0],[0,0.828]],"o":[[-0.829,0],[0,0.828],[0.828,0],[0,-0.828]],"v":[[0,-1.5],[-1.5,0],[0,1.5],[1.5,0]],"c":true}]},{"t":18.9998435935936,"s":[{"i":[[0,0],[0,0],[0,0],[0,0]],"o":[[0,0],[0,0],[0,0],[0,0]],"v":[[0,0],[0,0],[0,0],[0,0]],"c":true}]}],"ix":2},"nm":"Path 1","mn":"ADBE Vector Shape - Group","hd":false},{"ty":"fl","c":{"a":0,"k":[0,0,0,1],"ix":4},"o":{"a":0,"k":100,"ix":5},"r":1,"bm":0,"nm":"Fill 1","mn":"ADBE Vector Graphic - Fill","hd":false},{"ty":"tr","p":{"a":0,"k":[26.5,44.5],"ix":2},"a":{"a":0,"k":[0,0],"ix":1},"s":{"a":0,"k":[100,100],"ix":3},"r":{"a":0,"k":0,"ix":6},"o":{"a":0,"k":100,"ix":7},"sk":{"a":0,"k":0,"ix":4},"sa":{"a":0,"k":0,"ix":5},"nm":"Transform"}],"nm":"Group 4","np":2,"cix":2,"bm":0,"ix":4,"mn":"ADBE Vector Group","hd":false}],"ip":7,"op":21,"st":-5.40640640640641,"bm":0}],"markers":[]}