{"v":"5.4.4","fr":24,"ip":0,"op":28,"w":50,"h":50,"nm":"address","ddd":0,"assets":[],"layers":[{"ddd":0,"ind":1,"ty":4,"nm":"Marker","sr":1,"ks":{"o":{"a":0,"k":100,"ix":11},"r":{"a":0,"k":0,"ix":10},"p":{"a":1,"k":[{"i":{"x":0.667,"y":1},"o":{"x":0.333,"y":0},"t":3,"s":[25,40,0],"e":[25,38.7,0],"to":[0,0,0],"ti":[0,0,0]},{"i":{"x":0.667,"y":1},"o":{"x":0.333,"y":0},"t":7,"s":[25,38.7,0],"e":[25,40.672,0],"to":[0,0,0],"ti":[0,0,0]},{"i":{"x":0.667,"y":1},"o":{"x":0.333,"y":0},"t":12,"s":[25,40.672,0],"e":[25,40,0],"to":[0,0,0],"ti":[0,0,0]},{"t":16}],"ix":2},"a":{"a":0,"k":[25,40,0],"ix":1},"s":{"a":1,"k":[{"i":{"x":[0.667,0.667,0.667],"y":[1,1,1]},"o":{"x":[0.333,0.333,0.333],"y":[0,0,0]},"t":3,"s":[100,100,100],"e":[100,102,100]},{"i":{"x":[0.667,0.667,0.667],"y":[1,1,1]},"o":{"x":[0.333,0.333,0.333],"y":[0,0,0]},"t":7,"s":[100,102,100],"e":[110,90,100]},{"i":{"x":[0.667,0.667,0.667],"y":[1,1,1]},"o":{"x":[0.333,0.333,0.333],"y":[0,0,0]},"t":12,"s":[110,90,100],"e":[98,103,100]},{"i":{"x":[0.667,0.667,0.667],"y":[1,1,1]},"o":{"x":[0.333,0.333,0.333],"y":[0,0,0]},"t":16,"s":[98,103,100],"e":[103,98,100]},{"i":{"x":[0.667,0.667,0.667],"y":[1,1,1]},"o":{"x":[0.333,0.333,0.333],"y":[0,0,0]},"t":19,"s":[103,98,100],"e":[99,101,100]},{"i":{"x":[0.667,0.667,0.667],"y":[1,1,1]},"o":{"x":[0.333,0.333,0.333],"y":[0,0,0]},"t":22,"s":[99,101,100],"e":[100,100,100]},{"t":24}],"ix":6}},"ao":0,"shapes":[{"ty":"gr","it":[{"ind":0,"ty":"sh","ix":1,"ks":{"a":0,"k":{"i":[[2.209,0],[0,-2.209],[-2.209,0],[0,2.209]],"o":[[-2.209,0],[0,2.209],[2.209,0],[0,-2.209]],"v":[[0,-4],[-4,0],[0,4],[4,0]],"c":true},"ix":2},"nm":"Path 1","mn":"ADBE Vector Shape - Group","hd":false},{"ty":"st","c":{"a":0,"k":[0,0,0,1],"ix":3},"o":{"a":0,"k":100,"ix":4},"w":{"a":0,"k":2,"ix":5},"lc":2,"lj":1,"ml":10,"bm":0,"nm":"Stroke 1","mn":"ADBE Vector Graphic - Stroke","hd":false},{"ty":"tr","p":{"a":0,"k":[25,15],"ix":2},"a":{"a":0,"k":[0,0],"ix":1},"s":{"a":0,"k":[100,100],"ix":3},"r":{"a":0,"k":0,"ix":6},"o":{"a":0,"k":100,"ix":7},"sk":{"a":0,"k":0,"ix":4},"sa":{"a":0,"k":0,"ix":5},"nm":"Transform"}],"nm":"Group 3","np":2,"cix":2,"bm":0,"ix":1,"mn":"ADBE Vector Group","hd":false},{"ty":"gr","it":[{"ind":0,"ty":"sh","ix":1,"ks":{"a":0,"k":{"i":[[0,-6.627],[0,0],[0,9.294],[-6.627,0]],"o":[[0,9.294],[0,0],[0,-6.627],[6.627,0]],"v":[[12,-6.5],[0,18.5],[-12,-6.5],[0,-18.5]],"c":true},"ix":2},"nm":"Path 1","mn":"ADBE Vector Shape - Group","hd":false},{"ty":"st","c":{"a":0,"k":[0,0,0,1],"ix":3},"o":{"a":0,"k":100,"ix":4},"w":{"a":0,"k":2,"ix":5},"lc":2,"lj":1,"ml":10,"bm":0,"nm":"Stroke 1","mn":"ADBE Vector Graphic - Stroke","hd":false},{"ty":"tr","p":{"a":0,"k":[25,21.5],"ix":2},"a":{"a":0,"k":[0,0],"ix":1},"s":{"a":0,"k":[100,100],"ix":3},"r":{"a":0,"k":0,"ix":6},"o":{"a":0,"k":100,"ix":7},"sk":{"a":0,"k":0,"ix":4},"sa":{"a":0,"k":0,"ix":5},"nm":"Transform"}],"nm":"Group 4","np":2,"cix":2,"bm":0,"ix":2,"mn":"ADBE Vector Group","hd":false}],"ip":0,"op":28,"st":0,"bm":0},{"ddd":0,"ind":2,"ty":4,"nm":"Map","sr":1,"ks":{"o":{"a":0,"k":100,"ix":11},"r":{"a":0,"k":0,"ix":10},"p":{"a":0,"k":[25,25,0],"ix":2},"a":{"a":0,"k":[25,25,0],"ix":1},"s":{"a":0,"k":[100,100,100],"ix":6}},"ao":0,"shapes":[{"ty":"gr","it":[{"ind":0,"ty":"sh","ix":1,"ks":{"a":1,"k":[{"i":{"x":0.667,"y":1},"o":{"x":0.333,"y":0},"t":3,"s":[{"i":[[0,0],[0,0],[0.39,-0.646],[0,0],[0,0],[0,0],[0,0],[0,0],[0.391,0.687],[0,0],[0,0],[0,0]],"o":[[0,0],[-0.391,0.687],[0,0],[0,0],[0,0],[0,0],[0,0],[-0.39,-0.646],[0,0],[0,0],[0,0],[0,0]],"v":[[17.705,-8],[10.053,-8],[8.878,-6],[16.295,-6],[20.581,6],[-20.581,6],[-16.295,-6],[-8.878,-6],[-10.053,-8],[-17.705,-8],[-23.419,8],[23.419,8]],"c":true}],"e":[{"i":[[0,0],[0,0],[0.348,-0.646],[0,0],[0,0],[0,0],[0,0],[0,0],[0.349,0.687],[0,0],[0,0],[0,0]],"o":[[0,0],[-0.349,0.687],[0,0],[0,0],[0,0],[0,0],[0,0],[-0.348,-0.646],[0,0],[0,0],[0,0],[0,0]],"v":[[17.705,-8],[8.969,-8],[7.92,-6],[16.295,-6],[20.581,6],[-20.581,6],[-16.295,-6],[-7.92,-6],[-8.969,-8],[-17.705,-8],[-23.419,8],[23.419,8]],"c":true}]},{"i":{"x":0.667,"y":1},"o":{"x":0.333,"y":0},"t":7,"s":[{"i":[[0,0],[0,0],[0.348,-0.646],[0,0],[0,0],[0,0],[0,0],[0,0],[0.349,0.687],[0,0],[0,0],[0,0]],"o":[[0,0],[-0.349,0.687],[0,0],[0,0],[0,0],[0,0],[0,0],[-0.348,-0.646],[0,0],[0,0],[0,0],[0,0]],"v":[[17.705,-8],[8.969,-8],[7.92,-6],[16.295,-6],[20.581,6],[-20.581,6],[-16.295,-6],[-7.92,-6],[-8.969,-8],[-17.705,-8],[-23.419,8],[23.419,8]],"c":true}],"e":[{"i":[[0,0],[0,0],[0.463,-0.646],[0,0],[0,0],[0,0],[0,0],[0,0],[0.464,0.687],[0,0],[0,0],[0,0]],"o":[[0,0],[-0.464,0.687],[0,0],[0,0],[0,0],[0,0],[0,0],[-0.463,-0.646],[0,0],[0,0],[0,0],[0,0]],"v":[[17.705,-8],[11.937,-8],[10.542,-6],[16.295,-6],[20.581,6],[-20.581,6],[-16.295,-6],[-10.542,-6],[-11.937,-8],[-17.705,-8],[-23.419,8],[23.419,8]],"c":true}]},{"i":{"x":0.667,"y":1},"o":{"x":0.333,"y":0},"t":12,"s":[{"i":[[0,0],[0,0],[0.463,-0.646],[0,0],[0,0],[0,0],[0,0],[0,0],[0.464,0.687],[0,0],[0,0],[0,0]],"o":[[0,0],[-0.464,0.687],[0,0],[0,0],[0,0],[0,0],[0,0],[-0.463,-0.646],[0,0],[0,0],[0,0],[0,0]],"v":[[17.705,-8],[11.937,-8],[10.542,-6],[16.295,-6],[20.581,6],[-20.581,6],[-16.295,-6],[-10.542,-6],[-11.937,-8],[-17.705,-8],[-23.419,8],[23.419,8]],"c":true}],"e":[{"i":[[0,0],[0,0],[0.376,-0.646],[0,0],[0,0],[0,0],[0,0],[0,0],[0.377,0.687],[0,0],[0,0],[0,0]],"o":[[0,0],[-0.377,0.687],[0,0],[0,0],[0,0],[0,0],[0,0],[-0.376,-0.646],[0,0],[0,0],[0,0],[0,0]],"v":[[17.705,-8],[9.687,-8],[8.555,-6],[16.295,-6],[20.581,6],[-20.581,6],[-16.295,-6],[-8.555,-6],[-9.687,-8],[-17.705,-8],[-23.419,8],[23.419,8]],"c":true}]},{"i":{"x":0.667,"y":1},"o":{"x":0.333,"y":0},"t":16,"s":[{"i":[[0,0],[0,0],[0.376,-0.646],[0,0],[0,0],[0,0],[0,0],[0,0],[0.377,0.687],[0,0],[0,0],[0,0]],"o":[[0,0],[-0.377,0.687],[0,0],[0,0],[0,0],[0,0],[0,0],[-0.376,-0.646],[0,0],[0,0],[0,0],[0,0]],"v":[[17.705,-8],[9.687,-8],[8.555,-6],[16.295,-6],[20.581,6],[-20.581,6],[-16.295,-6],[-8.555,-6],[-9.687,-8],[-17.705,-8],[-23.419,8],[23.419,8]],"c":true}],"e":[{"i":[[0,0],[0,0],[0.39,-0.646],[0,0],[0,0],[0,0],[0,0],[0,0],[0.391,0.687],[0,0],[0,0],[0,0]],"o":[[0,0],[-0.391,0.687],[0,0],[0,0],[0,0],[0,0],[0,0],[-0.39,-0.646],[0,0],[0,0],[0,0],[0,0]],"v":[[17.705,-8],[10.053,-8],[8.878,-6],[16.295,-6],[20.581,6],[-20.581,6],[-16.295,-6],[-8.878,-6],[-10.053,-8],[-17.705,-8],[-23.419,8],[23.419,8]],"c":true}]},{"t":19}],"ix":2},"nm":"Path 1","mn":"ADBE Vector Shape - Group","hd":false},{"ty":"fl","c":{"a":0,"k":[0,0,0,1],"ix":4},"o":{"a":0,"k":100,"ix":5},"r":1,"bm":0,"nm":"Fill 1","mn":"ADBE Vector Graphic - Fill","hd":false},{"ty":"tr","p":{"a":0,"k":[25,40],"ix":2},"a":{"a":0,"k":[0,0],"ix":1},"s":{"a":0,"k":[100,100],"ix":3},"r":{"a":0,"k":0,"ix":6},"o":{"a":0,"k":100,"ix":7},"sk":{"a":0,"k":0,"ix":4},"sa":{"a":0,"k":0,"ix":5},"nm":"Transform"}],"nm":"Group 2","np":2,"cix":2,"bm":0,"ix":1,"mn":"ADBE Vector Group","hd":false}],"ip":0,"op":28,"st":0,"bm":0}],"markers":[]}