{"v":"5.4.4","fr":24,"ip":0,"op":28,"w":50,"h":50,"nm":"tags","ddd":0,"assets":[],"layers":[{"ddd":0,"ind":1,"ty":4,"nm":"Tag Mask","td":1,"sr":1,"ks":{"o":{"a":0,"k":100,"ix":11},"r":{"a":1,"k":[{"i":{"x":[0.667],"y":[1]},"o":{"x":[0.333],"y":[0]},"t":3,"s":[0],"e":[-10]},{"i":{"x":[0.667],"y":[1]},"o":{"x":[0.333],"y":[0]},"t":11,"s":[-10],"e":[-10]},{"i":{"x":[0.667],"y":[1]},"o":{"x":[0.333],"y":[0]},"t":17,"s":[-10],"e":[0]},{"t":25}],"ix":10},"p":{"a":1,"k":[{"i":{"x":0.667,"y":0.78},"o":{"x":0.333,"y":0},"t":3,"s":[40,16,0],"e":[38.5,16.5,0],"to":[0,0,0],"ti":[0.167,0.167,0]},{"i":{"x":0.667,"y":1},"o":{"x":0.333,"y":0.22},"t":7,"s":[38.5,16.5,0],"e":[39,15,0],"to":[-0.167,-0.167,0],"ti":[0,0,0]},{"i":{"x":0.667,"y":0.667},"o":{"x":0.333,"y":0.333},"t":11,"s":[39,15,0],"e":[39,15,0],"to":[0,0,0],"ti":[0,0,0]},{"i":{"x":0.667,"y":0.78},"o":{"x":0.333,"y":0},"t":17,"s":[39,15,0],"e":[38.5,16.5,0],"to":[0,0,0],"ti":[-0.167,-0.167,0]},{"i":{"x":0.667,"y":1},"o":{"x":0.333,"y":0.22},"t":21,"s":[38.5,16.5,0],"e":[40,16,0],"to":[0.167,0.167,0],"ti":[0,0,0]},{"t":25}],"ix":2},"a":{"a":0,"k":[40,16,0],"ix":1},"s":{"a":0,"k":[100,100,100],"ix":6}},"ao":0,"shapes":[{"ty":"gr","it":[{"ind":0,"ty":"sh","ix":1,"ks":{"a":0,"k":{"i":[[0,0.135],[1.192,0],[0,0],[0.637,-0.638],[0,0],[-0.638,-0.637],[0,0],[-0.638,0.638],[0,0],[0,1.174]],"o":[[0,-1.193],[-0.135,0],[-1.149,0],[0,0],[-0.638,0.637],[0,0],[0.637,0.638],[0,0],[0.638,-0.636],[-0.001,0]],"v":[[19.049,-16.891],[16.891,-19.05],[4.044,-19.048],[1.159,-18.471],[-18.471,1.158],[-18.471,3.467],[-3.467,18.471],[-1.158,18.471],[18.471,-1.16],[19.048,-4.044]],"c":true},"ix":2},"nm":"Path 1","mn":"ADBE Vector Shape - Group","hd":false},{"ty":"fl","c":{"a":0,"k":[0,0,0,1],"ix":4},"o":{"a":0,"k":100,"ix":5},"r":1,"bm":0,"nm":"Fill 1","mn":"ADBE Vector Graphic - Fill","hd":false},{"ty":"tr","p":{"a":0,"k":[27.95,28.051],"ix":2},"a":{"a":0,"k":[0,0],"ix":1},"s":{"a":0,"k":[100,100],"ix":3},"r":{"a":0,"k":0,"ix":6},"o":{"a":0,"k":100,"ix":7},"sk":{"a":0,"k":0,"ix":4},"sa":{"a":0,"k":0,"ix":5},"nm":"Transform"}],"nm":"Group 1","np":2,"cix":2,"bm":0,"ix":1,"mn":"ADBE Vector Group","hd":false}],"ip":-20,"op":28,"st":0,"bm":0},{"ddd":0,"ind":2,"ty":4,"nm":"Tag 2","tt":2,"sr":1,"ks":{"o":{"a":0,"k":100,"ix":11},"r":{"a":1,"k":[{"i":{"x":[0.667],"y":[1]},"o":{"x":[0.333],"y":[0]},"t":3,"s":[0],"e":[10]},{"i":{"x":[0.667],"y":[1]},"o":{"x":[0.333],"y":[0]},"t":11,"s":[10],"e":[10]},{"i":{"x":[0.667],"y":[1]},"o":{"x":[0.333],"y":[0]},"t":17,"s":[10],"e":[0]},{"t":25}],"ix":10},"p":{"a":1,"k":[{"i":{"x":0.667,"y":0.78},"o":{"x":0.333,"y":0},"t":3,"s":[34,10,0],"e":[33.5,11.5,0],"to":[0,0,0],"ti":[-0.167,-0.167,0]},{"i":{"x":0.667,"y":1},"o":{"x":0.333,"y":0.22},"t":7,"s":[33.5,11.5,0],"e":[35,11,0],"to":[0.167,0.167,0],"ti":[0,0,0]},{"i":{"x":0.667,"y":0.667},"o":{"x":0.333,"y":0.333},"t":11,"s":[35,11,0],"e":[35,11,0],"to":[0,0,0],"ti":[0,0,0]},{"i":{"x":0.667,"y":0.78},"o":{"x":0.333,"y":0},"t":17,"s":[35,11,0],"e":[33.5,11.5,0],"to":[0,0,0],"ti":[0.167,0.167,0]},{"i":{"x":0.667,"y":1},"o":{"x":0.333,"y":0.22},"t":21,"s":[33.5,11.5,0],"e":[34,10,0],"to":[-0.167,-0.167,0],"ti":[0,0,0]},{"t":25}],"ix":2},"a":{"a":0,"k":[34,10,0],"ix":1},"s":{"a":0,"k":[100,100,100],"ix":6}},"ao":0,"shapes":[{"ty":"gr","it":[{"ind":0,"ty":"sh","ix":1,"ks":{"a":0,"k":{"i":[[0,0.135],[1.191,0],[0,0],[0.638,-0.638],[0,0],[-0.638,-0.637],[0,0],[-0.638,0.638],[0,0],[0,1.175]],"o":[[0,-1.193],[-0.136,0],[-1.149,0],[0,0],[-0.638,0.637],[0,0],[0.638,0.638],[0,0],[0.638,-0.637],[-0.001,0]],"v":[[19.049,-16.891],[16.891,-19.05],[4.043,-19.048],[1.158,-18.471],[-18.472,1.158],[-18.472,3.467],[-3.467,18.471],[-1.158,18.471],[18.472,-1.159],[19.048,-4.044]],"c":true},"ix":2},"nm":"Path 1","mn":"ADBE Vector Shape - Group","hd":false},{"ty":"st","c":{"a":0,"k":[0,0,0,1],"ix":3},"o":{"a":0,"k":100,"ix":4},"w":{"a":0,"k":2,"ix":5},"lc":2,"lj":1,"ml":10,"bm":0,"nm":"Stroke 1","mn":"ADBE Vector Graphic - Stroke","hd":false},{"ty":"tr","p":{"a":0,"k":[21.95,22.051],"ix":2},"a":{"a":0,"k":[0,0],"ix":1},"s":{"a":0,"k":[100,100],"ix":3},"r":{"a":0,"k":0,"ix":6},"o":{"a":0,"k":100,"ix":7},"sk":{"a":0,"k":0,"ix":4},"sa":{"a":0,"k":0,"ix":5},"nm":"Transform"}],"nm":"Group 3","np":2,"cix":2,"bm":0,"ix":1,"mn":"ADBE Vector Group","hd":false},{"ty":"gr","it":[{"ind":0,"ty":"sh","ix":1,"ks":{"a":0,"k":{"i":[[0.78,-0.781],[-0.781,-0.781],[-0.78,0.781],[0.781,0.78]],"o":[[-0.781,0.781],[0.781,0.781],[0.781,-0.781],[-0.781,-0.782]],"v":[[-1.414,-1.413],[-1.414,1.415],[1.414,1.415],[1.414,-1.413]],"c":true},"ix":2},"nm":"Path 1","mn":"ADBE Vector Shape - Group","hd":false},{"ty":"st","c":{"a":0,"k":[0,0,0,1],"ix":3},"o":{"a":0,"k":100,"ix":4},"w":{"a":0,"k":2,"ix":5},"lc":2,"lj":1,"ml":10,"bm":0,"nm":"Stroke 1","mn":"ADBE Vector Graphic - Stroke","hd":false},{"ty":"tr","p":{"a":0,"k":[33.999,9.999],"ix":2},"a":{"a":0,"k":[0,0],"ix":1},"s":{"a":0,"k":[100,100],"ix":3},"r":{"a":0,"k":0,"ix":6},"o":{"a":0,"k":100,"ix":7},"sk":{"a":0,"k":0,"ix":4},"sa":{"a":0,"k":0,"ix":5},"nm":"Transform"}],"nm":"Group 4","np":2,"cix":2,"bm":0,"ix":2,"mn":"ADBE Vector Group","hd":false}],"ip":-4,"op":28,"st":0,"bm":0},{"ddd":0,"ind":3,"ty":4,"nm":"Tag 1","sr":1,"ks":{"o":{"a":0,"k":100,"ix":11},"r":{"a":1,"k":[{"i":{"x":[0.667],"y":[1]},"o":{"x":[0.333],"y":[0]},"t":3,"s":[0],"e":[-10]},{"i":{"x":[0.667],"y":[1]},"o":{"x":[0.333],"y":[0]},"t":11,"s":[-10],"e":[-10]},{"i":{"x":[0.667],"y":[1]},"o":{"x":[0.333],"y":[0]},"t":17,"s":[-10],"e":[0]},{"t":25}],"ix":10},"p":{"a":1,"k":[{"i":{"x":0.667,"y":0.78},"o":{"x":0.333,"y":0},"t":3,"s":[40,16,0],"e":[38.5,16.5,0],"to":[0,0,0],"ti":[0.167,0.167,0]},{"i":{"x":0.667,"y":1},"o":{"x":0.333,"y":0.22},"t":7,"s":[38.5,16.5,0],"e":[39,15,0],"to":[-0.167,-0.167,0],"ti":[0,0,0]},{"i":{"x":0.667,"y":0.667},"o":{"x":0.333,"y":0.333},"t":11,"s":[39,15,0],"e":[39,15,0],"to":[0,0,0],"ti":[0,0,0]},{"i":{"x":0.667,"y":0.78},"o":{"x":0.333,"y":0},"t":17,"s":[39,15,0],"e":[38.5,16.5,0],"to":[0,0,0],"ti":[-0.167,-0.167,0]},{"i":{"x":0.667,"y":1},"o":{"x":0.333,"y":0.22},"t":21,"s":[38.5,16.5,0],"e":[40,16,0],"to":[0.167,0.167,0],"ti":[0,0,0]},{"t":25}],"ix":2},"a":{"a":0,"k":[40,16,0],"ix":1},"s":{"a":0,"k":[100,100,100],"ix":6}},"ao":0,"shapes":[{"ty":"gr","it":[{"ind":0,"ty":"sh","ix":1,"ks":{"a":0,"k":{"i":[[0,0.135],[1.192,0],[0,0],[0.637,-0.638],[0,0],[-0.638,-0.637],[0,0],[-0.638,0.638],[0,0],[0,1.174]],"o":[[0,-1.193],[-0.135,0],[-1.149,0],[0,0],[-0.638,0.637],[0,0],[0.637,0.638],[0,0],[0.638,-0.636],[-0.001,0]],"v":[[19.049,-16.891],[16.891,-19.05],[4.044,-19.048],[1.159,-18.471],[-18.471,1.158],[-18.471,3.467],[-3.467,18.471],[-1.158,18.471],[18.471,-1.16],[19.048,-4.044]],"c":true},"ix":2},"nm":"Path 1","mn":"ADBE Vector Shape - Group","hd":false},{"ty":"st","c":{"a":0,"k":[0,0,0,1],"ix":3},"o":{"a":0,"k":100,"ix":4},"w":{"a":0,"k":2,"ix":5},"lc":2,"lj":1,"ml":10,"bm":0,"nm":"Stroke 1","mn":"ADBE Vector Graphic - Stroke","hd":false},{"ty":"tr","p":{"a":0,"k":[27.95,28.051],"ix":2},"a":{"a":0,"k":[0,0],"ix":1},"s":{"a":0,"k":[100,100],"ix":3},"r":{"a":0,"k":0,"ix":6},"o":{"a":0,"k":100,"ix":7},"sk":{"a":0,"k":0,"ix":4},"sa":{"a":0,"k":0,"ix":5},"nm":"Transform"}],"nm":"Group 1","np":2,"cix":2,"bm":0,"ix":1,"mn":"ADBE Vector Group","hd":false},{"ty":"gr","it":[{"ind":0,"ty":"sh","ix":1,"ks":{"a":0,"k":{"i":[[0.781,-0.781],[-0.781,-0.781],[-0.781,0.781],[0.781,0.78]],"o":[[-0.78,0.781],[0.781,0.781],[0.781,-0.781],[-0.781,-0.782]],"v":[[-1.415,-1.413],[-1.414,1.415],[1.414,1.415],[1.414,-1.413]],"c":true},"ix":2},"nm":"Path 1","mn":"ADBE Vector Shape - Group","hd":false},{"ty":"st","c":{"a":0,"k":[0,0,0,1],"ix":3},"o":{"a":0,"k":100,"ix":4},"w":{"a":0,"k":2,"ix":5},"lc":2,"lj":1,"ml":10,"bm":0,"nm":"Stroke 1","mn":"ADBE Vector Graphic - Stroke","hd":false},{"ty":"tr","p":{"a":0,"k":[40,15.999],"ix":2},"a":{"a":0,"k":[0,0],"ix":1},"s":{"a":0,"k":[100,100],"ix":3},"r":{"a":0,"k":0,"ix":6},"o":{"a":0,"k":100,"ix":7},"sk":{"a":0,"k":0,"ix":4},"sa":{"a":0,"k":0,"ix":5},"nm":"Transform"}],"nm":"Group 2","np":2,"cix":2,"bm":0,"ix":2,"mn":"ADBE Vector Group","hd":false}],"ip":-20,"op":28,"st":0,"bm":0}],"markers":[]}