{"v":"5.4.4","fr":24,"ip":0,"op":28,"w":50,"h":50,"nm":"leaf","ddd":0,"assets":[],"layers":[{"ddd":0,"ind":1,"ty":4,"nm":"Leaf","sr":1,"ks":{"o":{"a":0,"k":100,"ix":11},"r":{"a":1,"k":[{"i":{"x":[0.667],"y":[1]},"o":{"x":[0.333],"y":[0]},"t":3,"s":[0],"e":[4]},{"i":{"x":[0.667],"y":[1]},"o":{"x":[0.333],"y":[0]},"t":10,"s":[4],"e":[-1]},{"i":{"x":[0.667],"y":[1]},"o":{"x":[0.333],"y":[0]},"t":18,"s":[-1],"e":[0]},{"t":25}],"ix":10},"p":{"a":0,"k":[4.3,45.1,0],"ix":2},"a":{"a":0,"k":[4.3,45.1,0],"ix":1},"s":{"a":0,"k":[100,100,100],"ix":6}},"ao":0,"shapes":[{"ty":"gr","it":[{"ind":0,"ty":"sh","ix":1,"ks":{"a":1,"k":[{"i":{"x":0.667,"y":1},"o":{"x":0.333,"y":0},"t":3,"s":[{"i":[[-4.4,0.5],[-6.999,0],[12.8,30.6],[8.6,-13.3]],"o":[[0.5,2.8],[7.901,0],[-5.3,7.5],[-7.6,11.7]],"v":[[-7.15,14.5],[2.249,21.5],[12.15,-21.5],[-17.35,-5.4]],"c":true}],"e":[{"i":[[-4.4,0.5],[-6.999,0],[14.401,30.976],[8.6,-13.3]],"o":[[0.5,2.8],[7.901,0],[-5.873,9.838],[-7.6,11.7]],"v":[[-7.15,14.5],[3.006,21.572],[10.833,-22.41],[-16.932,-4.803]],"c":true}]},{"i":{"x":0.667,"y":1},"o":{"x":0.333,"y":0},"t":10,"s":[{"i":[[-4.4,0.5],[-6.999,0],[14.401,30.976],[8.6,-13.3]],"o":[[0.5,2.8],[7.901,0],[-5.873,9.838],[-7.6,11.7]],"v":[[-7.15,14.5],[3.006,21.572],[10.833,-22.41],[-16.932,-4.803]],"c":true}],"e":[{"i":[[-4.4,0.5],[-6.999,0],[12.8,30.6],[8.6,-13.3]],"o":[[0.5,2.8],[7.901,0],[-5.3,7.5],[-7.6,11.7]],"v":[[-7.15,14.5],[2.249,21.5],[12.15,-21.5],[-17.35,-5.4]],"c":true}]},{"t":25}],"ix":2},"nm":"Path 1","mn":"ADBE Vector Shape - Group","hd":false},{"ty":"st","c":{"a":0,"k":[0,0,0,1],"ix":3},"o":{"a":0,"k":100,"ix":4},"w":{"a":0,"k":2,"ix":5},"lc":2,"lj":2,"bm":0,"nm":"Stroke 1","mn":"ADBE Vector Graphic - Stroke","hd":false},{"ty":"tr","p":{"a":0,"k":[27.85,23.5],"ix":2},"a":{"a":0,"k":[0,0],"ix":1},"s":{"a":0,"k":[100,100],"ix":3},"r":{"a":0,"k":0,"ix":6},"o":{"a":0,"k":100,"ix":7},"sk":{"a":0,"k":0,"ix":4},"sa":{"a":0,"k":0,"ix":5},"nm":"Transform"}],"nm":"Group 1","np":2,"cix":2,"bm":0,"ix":1,"mn":"ADBE Vector Group","hd":false},{"ty":"gr","it":[{"ind":0,"ty":"sh","ix":1,"ks":{"a":1,"k":[{"i":{"x":0.667,"y":1},"o":{"x":0.333,"y":0},"t":3,"s":[{"i":[[0,0],[-5.3,13.299]],"o":[[10.7,3],[0,0]],"v":[[-16,13.2],[16,-16.2]],"c":false}],"e":[{"i":[[0,0],[-3.979,13.306]],"o":[[12.758,0.386],[0,0]],"v":[[-16,13.2],[16,-16.2]],"c":false}]},{"i":{"x":0.667,"y":1},"o":{"x":0.333,"y":0},"t":10,"s":[{"i":[[0,0],[-3.979,13.306]],"o":[[12.758,0.386],[0,0]],"v":[[-16,13.2],[16,-16.2]],"c":false}],"e":[{"i":[[0,0],[-5.3,13.299]],"o":[[10.7,3],[0,0]],"v":[[-16,13.2],[16,-16.2]],"c":false}]},{"t":25}],"ix":2},"nm":"Path 1","mn":"ADBE Vector Shape - Group","hd":false},{"ty":"st","c":{"a":0,"k":[0,0,0,1],"ix":3},"o":{"a":0,"k":100,"ix":4},"w":{"a":0,"k":2,"ix":5},"lc":2,"lj":1,"ml":10,"bm":0,"nm":"Stroke 1","mn":"ADBE Vector Graphic - Stroke","hd":false},{"ty":"tr","p":{"a":0,"k":[20.3,31.9],"ix":2},"a":{"a":0,"k":[0,0],"ix":1},"s":{"a":0,"k":[100,100],"ix":3},"r":{"a":0,"k":0,"ix":6},"o":{"a":0,"k":100,"ix":7},"sk":{"a":0,"k":0,"ix":4},"sa":{"a":0,"k":0,"ix":5},"nm":"Transform"}],"nm":"Group 2","np":2,"cix":2,"bm":0,"ix":2,"mn":"ADBE Vector Group","hd":false}],"ip":0,"op":28,"st":0,"bm":0}],"markers":[]}