{"v":"5.5.8","fr":24,"ip":0,"op":28,"w":50,"h":50,"nm":"folder-with-files","ddd":0,"assets":[],"layers":[{"ddd":0,"ind":1,"ty":4,"nm":"File Mask","td":1,"sr":1,"ks":{"o":{"a":0,"k":100,"ix":11},"r":{"a":0,"k":0,"ix":10},"p":{"a":1,"k":[{"i":{"x":0.667,"y":1},"o":{"x":0.333,"y":0},"t":7,"s":[25,26.5,0],"to":[0,-0.135,0],"ti":[0,0.135,0]},{"i":{"x":0.667,"y":0.667},"o":{"x":0.333,"y":0.333},"t":11,"s":[25,25.688,0],"to":[0,0,0],"ti":[0,0,0]},{"i":{"x":0.667,"y":1},"o":{"x":0.333,"y":0},"t":17,"s":[25,25.688,0],"to":[0,0.125,0],"ti":[0,0.865,0]},{"i":{"x":0.667,"y":1},"o":{"x":0.333,"y":0},"t":20,"s":[25,26.438,0],"to":[0,-0.865,0],"ti":[0,0.99,0]},{"t":24,"s":[25,20.5,0]}],"ix":2},"a":{"a":0,"k":[0,0,0],"ix":1},"s":{"a":0,"k":[100,100,100],"ix":6}},"ao":0,"shapes":[{"ty":"gr","it":[{"ty":"rc","d":1,"s":{"a":0,"k":[32.375,20.125],"ix":2},"p":{"a":0,"k":[0,0],"ix":3},"r":{"a":0,"k":0,"ix":4},"nm":"Rectangle Path 1","mn":"ADBE Vector Shape - Rect","hd":false},{"ty":"fl","c":{"a":0,"k":[1,0,0,1],"ix":4},"o":{"a":0,"k":100,"ix":5},"r":1,"bm":0,"nm":"Fill 1","mn":"ADBE Vector Graphic - Fill","hd":false},{"ty":"tr","p":{"a":0,"k":[1.813,-16.688],"ix":2},"a":{"a":0,"k":[0,0],"ix":1},"s":{"a":0,"k":[100,100],"ix":3},"r":{"a":0,"k":0,"ix":6},"o":{"a":0,"k":100,"ix":7},"sk":{"a":0,"k":0,"ix":4},"sa":{"a":0,"k":0,"ix":5},"nm":"Transform"}],"nm":"Rectangle 1","np":3,"cix":2,"bm":0,"ix":1,"mn":"ADBE Vector Group","hd":false}],"ip":0,"op":28,"st":0,"bm":0},{"ddd":0,"ind":2,"ty":4,"nm":"File","tt":1,"sr":1,"ks":{"o":{"a":0,"k":100,"ix":11},"r":{"a":0,"k":0,"ix":10},"p":{"a":1,"k":[{"i":{"x":0.667,"y":1},"o":{"x":0.333,"y":0},"t":6,"s":[26,39.5,0],"to":[0,-0.042,0],"ti":[0,3.354,0]},{"i":{"x":0.667,"y":1},"o":{"x":0.333,"y":0},"t":7,"s":[26,39.25,0],"to":[0,-3.354,0],"ti":[0,3.313,0]},{"i":{"x":0.667,"y":0.667},"o":{"x":0.333,"y":0.333},"t":11,"s":[26,19.375,0],"to":[0,0,0],"ti":[0,0,0]},{"i":{"x":0.667,"y":1},"o":{"x":0.333,"y":0},"t":20,"s":[26,19.375,0],"to":[0,3.313,0],"ti":[0,-3.313,0]},{"t":24,"s":[26,39.25,0]}],"ix":2},"a":{"a":0,"k":[19,22.5,0],"ix":1},"s":{"a":0,"k":[100,100,100],"ix":6}},"ao":0,"shapes":[{"ty":"gr","it":[{"ind":0,"ty":"sh","ix":1,"ks":{"a":0,"k":{"i":[[0,0],[0,0],[0,0],[0,0],[0,0]],"o":[[0,0],[0,0],[0,0],[0,0],[0,0]],"v":[[14,17.5],[-14,17.5],[-14,-17.5],[2,-17.5],[14,-5.5]],"c":true},"ix":2},"nm":"Path 1","mn":"ADBE Vector Shape - Group","hd":false},{"ty":"st","c":{"a":0,"k":[0,0,0,1],"ix":3},"o":{"a":0,"k":100,"ix":4},"w":{"a":0,"k":2,"ix":5},"lc":2,"lj":2,"bm":0,"nm":"Stroke 1","mn":"ADBE Vector Graphic - Stroke","hd":false},{"ty":"tr","p":{"a":0,"k":[19,22.5],"ix":2},"a":{"a":0,"k":[0,0],"ix":1},"s":{"a":0,"k":[100,100],"ix":3},"r":{"a":0,"k":0,"ix":6},"o":{"a":0,"k":100,"ix":7},"sk":{"a":0,"k":0,"ix":4},"sa":{"a":0,"k":0,"ix":5},"nm":"Transform"}],"nm":"Group 1","np":2,"cix":2,"bm":0,"ix":1,"mn":"ADBE Vector Group","hd":false},{"ty":"gr","it":[{"ind":0,"ty":"sh","ix":1,"ks":{"a":0,"k":{"i":[[0,0],[0,0],[0,0]],"o":[[0,0],[0,0],[0,0]],"v":[[5.5,5.5],[-5.5,5.5],[-5.5,-5.5]],"c":false},"ix":2},"nm":"Path 1","mn":"ADBE Vector Shape - Group","hd":false},{"ty":"st","c":{"a":0,"k":[0,0,0,1],"ix":3},"o":{"a":0,"k":100,"ix":4},"w":{"a":0,"k":2,"ix":5},"lc":2,"lj":2,"bm":0,"nm":"Stroke 1","mn":"ADBE Vector Graphic - Stroke","hd":false},{"ty":"tr","p":{"a":0,"k":[26.5,11.5],"ix":2},"a":{"a":0,"k":[0,0],"ix":1},"s":{"a":0,"k":[100,100],"ix":3},"r":{"a":0,"k":0,"ix":6},"o":{"a":0,"k":100,"ix":7},"sk":{"a":0,"k":0,"ix":4},"sa":{"a":0,"k":0,"ix":5},"nm":"Transform"}],"nm":"Group 2","np":2,"cix":2,"bm":0,"ix":2,"mn":"ADBE Vector Group","hd":false}],"ip":0,"op":480,"st":0,"bm":0},{"ddd":0,"ind":3,"ty":4,"nm":"Front Part ","sr":1,"ks":{"o":{"a":0,"k":100,"ix":11},"r":{"a":0,"k":0,"ix":10},"p":{"a":0,"k":[25,29.625,0],"ix":2},"a":{"a":0,"k":[26,20.5,0],"ix":1},"s":{"a":0,"k":[100,100,100],"ix":6}},"ao":0,"shapes":[{"ty":"gr","it":[{"ind":0,"ty":"sh","ix":1,"ks":{"a":1,"k":[{"i":{"x":0.667,"y":1},"o":{"x":0.333,"y":0},"t":3,"s":[{"i":[[1.104,0],[0,0],[0,1.104],[0,0],[-1.104,0],[0,0],[0,-1.104],[0,0]],"o":[[0,0],[-1.104,0],[0,0],[0,-1.104],[0,0],[1.104,0],[0,0],[0,1.104]],"v":[[19,15.5],[-19,15.5],[-21,13.5],[-21,-13.5],[-19,-15.5],[19,-15.5],[21,-13.5],[21,13.5]],"c":true}]},{"i":{"x":0.667,"y":1},"o":{"x":0.333,"y":0},"t":6,"s":[{"i":[[1.104,0],[0,0],[0,1.104],[0,0],[-1.104,0],[0,0],[0,-1.104],[0,0]],"o":[[0,0],[-1.104,0],[0,0],[0,-1.104],[0,0],[1.104,0],[0,0],[0,1.104]],"v":[[19,15.5],[-19,15.5],[-21,13.5],[-23.813,-7.719],[-21.813,-9.719],[21.813,-9.719],[23.813,-7.719],[21,13.5]],"c":true}]},{"i":{"x":0.667,"y":1},"o":{"x":0.333,"y":0},"t":7,"s":[{"i":[[1.104,0],[0,0],[0,1.104],[0,0],[-1.104,0],[0,0],[0,-1.104],[0,0]],"o":[[0,0],[-1.104,0],[0,0],[0,-1.104],[0,0],[1.104,0],[0,0],[0,1.104]],"v":[[19,15.5],[-19,15.5],[-21,13.5],[-23.813,-7.719],[-21.813,-9.719],[21.813,-9.719],[23.813,-7.719],[21,13.5]],"c":true}]},{"i":{"x":0.667,"y":1},"o":{"x":0.333,"y":0},"t":11,"s":[{"i":[[1.104,0],[0,0],[0,1.104],[0,0],[-1.104,0],[0,0],[0,-1.104],[0,0]],"o":[[0,0],[-1.104,0],[0,0],[0,-1.104],[0,0],[1.104,0],[0,0],[0,1.104]],"v":[[19,15.5],[-19,15.5],[-21,13.5],[-23.656,-8.656],[-21.656,-10.656],[21.656,-10.656],[23.656,-8.656],[21,13.5]],"c":true}]},{"i":{"x":0.667,"y":1},"o":{"x":0.333,"y":0},"t":17,"s":[{"i":[[1.104,0],[0,0],[0,1.104],[0,0],[-1.104,0],[0,0],[0,-1.104],[0,0]],"o":[[0,0],[-1.104,0],[0,0],[0,-1.104],[0,0],[1.104,0],[0,0],[0,1.104]],"v":[[19,15.5],[-19,15.5],[-21,13.5],[-23.656,-8.656],[-21.656,-10.656],[21.656,-10.656],[23.656,-8.656],[21,13.5]],"c":true}]},{"i":{"x":0.667,"y":1},"o":{"x":0.333,"y":0},"t":20,"s":[{"i":[[1.104,0],[0,0],[0,1.104],[0,0],[-1.104,0],[0,0],[0,-1.104],[0,0]],"o":[[0,0],[-1.104,0],[0,0],[0,-1.104],[0,0],[1.104,0],[0,0],[0,1.104]],"v":[[19,15.5],[-19,15.5],[-21,13.5],[-23.813,-7.719],[-21.813,-9.719],[21.813,-9.719],[23.813,-7.719],[21,13.5]],"c":true}]},{"t":24,"s":[{"i":[[1.104,0],[0,0],[0,1.104],[0,0],[-1.104,0],[0,0],[0,-1.104],[0,0]],"o":[[0,0],[-1.104,0],[0,0],[0,-1.104],[0,0],[1.104,0],[0,0],[0,1.104]],"v":[[19,15.5],[-19,15.5],[-21,13.5],[-21,-13.5],[-19,-15.5],[19,-15.5],[21,-13.5],[21,13.5]],"c":true}]}],"ix":2},"nm":"Path 1","mn":"ADBE Vector Shape - Group","hd":false},{"ty":"st","c":{"a":0,"k":[0,0,0,1],"ix":3},"o":{"a":0,"k":100,"ix":4},"w":{"a":0,"k":2,"ix":5},"lc":2,"lj":2,"bm":0,"nm":"Stroke 1","mn":"ADBE Vector Graphic - Stroke","hd":false},{"ty":"tr","p":{"a":0,"k":[26,20.5],"ix":2},"a":{"a":0,"k":[0,0],"ix":1},"s":{"a":0,"k":[100,100],"ix":3},"r":{"a":0,"k":0,"ix":6},"o":{"a":0,"k":100,"ix":7},"sk":{"a":0,"k":0,"ix":4},"sa":{"a":0,"k":0,"ix":5},"nm":"Transform"}],"nm":"Group 1","np":2,"cix":2,"bm":0,"ix":1,"mn":"ADBE Vector Group","hd":false}],"ip":0,"op":480,"st":0,"bm":0},{"ddd":0,"ind":4,"ty":4,"nm":"Folder Mask","td":1,"sr":1,"ks":{"o":{"a":0,"k":100,"ix":11},"r":{"a":0,"k":0,"ix":10},"p":{"a":0,"k":[25,29.625,0],"ix":2},"a":{"a":0,"k":[26,20.5,0],"ix":1},"s":{"a":0,"k":[100,100,100],"ix":6}},"ao":0,"shapes":[{"ty":"gr","it":[{"ind":0,"ty":"sh","ix":1,"ks":{"a":1,"k":[{"i":{"x":0.667,"y":1},"o":{"x":0.333,"y":0},"t":3,"s":[{"i":[[1.104,0],[0,0],[0,1.104],[0,0],[-1.104,0],[0,0],[0,-1.104],[0,0]],"o":[[0,0],[-1.104,0],[0,0],[0,-1.104],[0,0],[1.104,0],[0,0],[0,1.104]],"v":[[19,15.5],[-19,15.5],[-21,13.5],[-21,-13.5],[-19,-15.5],[19,-15.5],[21,-13.5],[21,13.5]],"c":true}]},{"i":{"x":0.667,"y":1},"o":{"x":0.333,"y":0},"t":6,"s":[{"i":[[1.104,0],[0,0],[0,1.104],[0,0],[-1.104,0],[0,0],[0,-1.104],[0,0]],"o":[[0,0],[-1.104,0],[0,0],[0,-1.104],[0,0],[1.104,0],[0,0],[0,1.104]],"v":[[19,15.5],[-19,15.5],[-21,13.5],[-23.813,-7.719],[-21.813,-9.719],[21.813,-9.719],[23.813,-7.719],[21,13.5]],"c":true}]},{"i":{"x":0.667,"y":1},"o":{"x":0.333,"y":0},"t":7,"s":[{"i":[[1.104,0],[0,0],[0,1.104],[0,0],[-1.104,0],[0,0],[0,-1.104],[0,0]],"o":[[0,0],[-1.104,0],[0,0],[0,-1.104],[0,0],[1.104,0],[0,0],[0,1.104]],"v":[[19,15.5],[-19,15.5],[-21,13.5],[-23.813,-7.719],[-21.813,-9.719],[21.813,-9.719],[23.813,-7.719],[21,13.5]],"c":true}]},{"i":{"x":0.667,"y":1},"o":{"x":0.333,"y":0},"t":11,"s":[{"i":[[1.104,0],[0,0],[0,1.104],[0,0],[-1.104,0],[0,0],[0,-1.104],[0,0]],"o":[[0,0],[-1.104,0],[0,0],[0,-1.104],[0,0],[1.104,0],[0,0],[0,1.104]],"v":[[19,15.5],[-19,15.5],[-21,13.5],[-23.656,-8.656],[-21.656,-10.656],[21.656,-10.656],[23.656,-8.656],[21,13.5]],"c":true}]},{"i":{"x":0.667,"y":1},"o":{"x":0.333,"y":0},"t":17,"s":[{"i":[[1.104,0],[0,0],[0,1.104],[0,0],[-1.104,0],[0,0],[0,-1.104],[0,0]],"o":[[0,0],[-1.104,0],[0,0],[0,-1.104],[0,0],[1.104,0],[0,0],[0,1.104]],"v":[[19,15.5],[-19,15.5],[-21,13.5],[-23.656,-8.656],[-21.656,-10.656],[21.656,-10.656],[23.656,-8.656],[21,13.5]],"c":true}]},{"i":{"x":0.667,"y":1},"o":{"x":0.333,"y":0},"t":20,"s":[{"i":[[1.104,0],[0,0],[0,1.104],[0,0],[-1.104,0],[0,0],[0,-1.104],[0,0]],"o":[[0,0],[-1.104,0],[0,0],[0,-1.104],[0,0],[1.104,0],[0,0],[0,1.104]],"v":[[19,15.5],[-19,15.5],[-21,13.5],[-23.813,-7.719],[-21.813,-9.719],[21.813,-9.719],[23.813,-7.719],[21,13.5]],"c":true}]},{"t":24,"s":[{"i":[[1.104,0],[0,0],[0,1.104],[0,0],[-1.104,0],[0,0],[0,-1.104],[0,0]],"o":[[0,0],[-1.104,0],[0,0],[0,-1.104],[0,0],[1.104,0],[0,0],[0,1.104]],"v":[[19,15.5],[-19,15.5],[-21,13.5],[-21,-13.5],[-19,-15.5],[19,-15.5],[21,-13.5],[21,13.5]],"c":true}]}],"ix":2},"nm":"Path 1","mn":"ADBE Vector Shape - Group","hd":false},{"ty":"fl","c":{"a":0,"k":[1,0,0,1],"ix":4},"o":{"a":0,"k":100,"ix":5},"r":1,"bm":0,"nm":"Fill 1","mn":"ADBE Vector Graphic - Fill","hd":false},{"ty":"tr","p":{"a":0,"k":[26,20.5],"ix":2},"a":{"a":0,"k":[0,0],"ix":1},"s":{"a":0,"k":[100,100],"ix":3},"r":{"a":0,"k":0,"ix":6},"o":{"a":0,"k":100,"ix":7},"sk":{"a":0,"k":0,"ix":4},"sa":{"a":0,"k":0,"ix":5},"nm":"Transform"}],"nm":"Group 1","np":2,"cix":2,"bm":0,"ix":1,"mn":"ADBE Vector Group","hd":false},{"ty":"gr","it":[{"ind":0,"ty":"sh","ix":1,"ks":{"a":1,"k":[{"i":{"x":0.833,"y":0.833},"o":{"x":0.167,"y":0},"t":7,"s":[{"i":[[0,0],[0,0],[0,0],[0,0],[0,0]],"o":[[0,0],[0,0],[0,0],[0,0],[0,0]],"v":[[13.008,12.867],[13.125,32.563],[41.063,32.313],[41.004,24.887],[29.008,12.879]],"c":true}]},{"i":{"x":0.833,"y":0.833},"o":{"x":0.167,"y":0.167},"t":9,"s":[{"i":[[0,0],[0,0],[0,0],[0,0],[0,0]],"o":[[0,0],[0,0],[0,0],[0,0],[0,0]],"v":[[13.017,2.704],[13.07,19.029],[41.099,18.888],[41.038,13.092],[29.007,2.833]],"c":true}]},{"i":{"x":0.667,"y":1},"o":{"x":0.167,"y":0.167},"t":10,"s":[{"i":[[0,0],[0,0],[0,0],[0,0],[0,0]],"o":[[0,0],[0,0],[0,0],[0,0],[0,0]],"v":[[13.029,-3.831],[13.045,12.839],[41.116,12.748],[41.054,7.698],[29.005,-3.658]],"c":true}]},{"i":{"x":0.833,"y":1},"o":{"x":0.167,"y":0},"t":11,"s":[{"i":[[0,0],[0,0],[0,0],[0,0],[0,0]],"o":[[0,0],[0,0],[0,0],[0,0],[0,0]],"v":[[13.063,-7.063],[13.031,9.313],[41.125,9.25],[41.063,4.625],[29,-7.063]],"c":true}]},{"i":{"x":0.833,"y":0.833},"o":{"x":0.167,"y":0},"t":20,"s":[{"i":[[0,0],[0,0],[0,0],[0,0],[0,0]],"o":[[0,0],[0,0],[0,0],[0,0],[0,0]],"v":[[13.063,-7.063],[13.031,9.313],[41.125,9.25],[41.063,4.625],[29,-7.063]],"c":true}]},{"i":{"x":0.833,"y":0.833},"o":{"x":0.167,"y":0.167},"t":21,"s":[{"i":[[0,0],[0,0],[0,0],[0,0],[0,0]],"o":[[0,0],[0,0],[0,0],[0,0],[0,0]],"v":[[13.063,-4.11],[13.031,12.265],[41.125,12.202],[41.063,7.577],[29,-4.11]],"c":true}]},{"i":{"x":0.833,"y":1},"o":{"x":0.167,"y":0.167},"t":22,"s":[{"i":[[0,0],[0,0],[0,0],[0,0],[0,0]],"o":[[0,0],[0,0],[0,0],[0,0],[0,0]],"v":[[13.063,2.925],[13.031,19.3],[41.125,19.238],[41.063,14.613],[29,2.925]],"c":true}]},{"t":24,"s":[{"i":[[0,0],[0,0],[0,0],[0,0],[0,0]],"o":[[0,0],[0,0],[0,0],[0,0],[0,0]],"v":[[13.063,12.625],[13.031,29],[41.125,28.938],[41.063,24.313],[29,12.625]],"c":true}]}],"ix":2},"nm":"Path 1","mn":"ADBE Vector Shape - Group","hd":false},{"ty":"fl","c":{"a":0,"k":[1,0,0,1],"ix":4},"o":{"a":0,"k":100,"ix":5},"r":1,"bm":0,"nm":"Fill 1","mn":"ADBE Vector Graphic - Fill","hd":false},{"ty":"tr","p":{"a":0,"k":[0,0],"ix":2},"a":{"a":0,"k":[0,0],"ix":1},"s":{"a":0,"k":[100,100],"ix":3},"r":{"a":0,"k":0,"ix":6},"o":{"a":0,"k":100,"ix":7},"sk":{"a":0,"k":0,"ix":4},"sa":{"a":0,"k":0,"ix":5},"nm":"Transform"}],"nm":"Shape 1","np":3,"cix":2,"bm":0,"ix":2,"mn":"ADBE Vector Group","hd":false}],"ip":0,"op":480,"st":0,"bm":0},{"ddd":0,"ind":5,"ty":4,"nm":"Folder ","tt":2,"sr":1,"ks":{"o":{"a":0,"k":100,"ix":11},"r":{"a":0,"k":0,"ix":10},"p":{"a":0,"k":[25,25,0],"ix":2},"a":{"a":0,"k":[26,25,0],"ix":1},"s":{"a":0,"k":[100,100,100],"ix":6}},"ao":0,"shapes":[{"ty":"gr","it":[{"ind":0,"ty":"sh","ix":1,"ks":{"a":0,"k":{"i":[[1.104,0],[0,0],[1.516,0],[0,0],[0,-1.104],[0,0],[-1.105,0],[0,0],[0,1.104],[0,0]],"o":[[0,0],[-1.469,0],[0,0],[-1.105,0],[0,0],[0,1.104],[0,0],[1.104,0],[0,0],[0,-1.104]],"v":[[19,-16],[-6,-16],[-10,-20],[-19,-20],[-21,-18],[-21,18],[-19,20],[19,20],[21,18],[21,-14]],"c":true},"ix":2},"nm":"Path 1","mn":"ADBE Vector Shape - Group","hd":false},{"ty":"st","c":{"a":0,"k":[0,0,0,1],"ix":3},"o":{"a":0,"k":100,"ix":4},"w":{"a":0,"k":2,"ix":5},"lc":2,"lj":1,"ml":10,"bm":0,"nm":"Stroke 1","mn":"ADBE Vector Graphic - Stroke","hd":false},{"ty":"tr","p":{"a":0,"k":[26,25],"ix":2},"a":{"a":0,"k":[0,0],"ix":1},"s":{"a":0,"k":[100,100],"ix":3},"r":{"a":0,"k":0,"ix":6},"o":{"a":0,"k":100,"ix":7},"sk":{"a":0,"k":0,"ix":4},"sa":{"a":0,"k":0,"ix":5},"nm":"Transform"}],"nm":"Group 1","np":2,"cix":2,"bm":0,"ix":1,"mn":"ADBE Vector Group","hd":false}],"ip":0,"op":480,"st":0,"bm":0}],"markers":[{"tm":3,"cm":"Start\r\n","dr":0},{"tm":24,"cm":"End","dr":0}]}