{"v":"5.4.4","fr":24,"ip":0,"op":28,"w":50,"h":50,"nm":"question-mark","ddd":0,"assets":[],"layers":[{"ddd":0,"ind":1,"ty":4,"nm":"Line 2","sr":1,"ks":{"o":{"a":0,"k":100,"ix":11},"r":{"a":1,"k":[{"i":{"x":[0.667],"y":[1]},"o":{"x":[0.333],"y":[0]},"t":19,"s":[67],"e":[-5]},{"i":{"x":[0.667],"y":[1]},"o":{"x":[0.333],"y":[0]},"t":23,"s":[-5],"e":[0]},{"t":25}],"ix":10},"p":{"a":0,"k":[25,47,0],"ix":2},"a":{"a":0,"k":[25,47,0],"ix":1},"s":{"a":1,"k":[{"i":{"x":[0.833,0.833,0.833],"y":[1,1,1]},"o":{"x":[0.167,0.167,0.167],"y":[0,0,0]},"t":17,"s":[0,0,100],"e":[50,50,100]},{"i":{"x":[0.667,0.667,0.667],"y":[1,1,1]},"o":{"x":[0.333,0.333,0.333],"y":[0,0,0]},"t":19,"s":[50,50,100],"e":[100,100,100]},{"t":23}],"ix":6}},"ao":0,"shapes":[{"ty":"gr","it":[{"ind":0,"ty":"sh","ix":1,"ks":{"a":0,"k":{"i":[[0.5,0],[2.6,-2.3],[0,-4],[-1.1,0],[0,0],[0,1.1],[-1.7,1.6],[-2,0],[-0.3,-0.1],[-0.4,-3.6],[2.9,-1.6],[0,-4.6],[0,0],[-1.1,0],[0,0],[0,1.1],[0,0],[-2.2,1.2],[0.7,5.7],[6.4,0.7]],"o":[[-3.5,0],[-2.9,2.6],[0,1.1],[0,0],[1.1,0],[0,-2.3],[1.5,-1.3],[0.3,0],[3.7,0.4],[0.4,3.3],[-4.2,2.2],[0,0],[0,1.1],[0,0],[1.1,0],[0,0],[0,-2.3],[5.1,-2.7],[-0.6,-6.5],[-0.5,-0.1]],"v":[[-0.25,-20],[-9.65,-16.4],[-14.25,-6],[-12.25,-4],[-10.25,-4],[-8.25,-6],[-5.55,-12],[-0.25,-14],[0.65,-13.9],[7.65,-6.9],[3.45,1.1],[-3.35,12.1],[-3.35,18],[-1.35,20],[0.65,20],[2.65,18],[2.65,12.1],[6.25,6.4],[13.55,-7.5],[1.35,-19.9]],"c":true},"ix":2},"nm":"Path 1","mn":"ADBE Vector Shape - Group","hd":false},{"ind":1,"ty":"sh","ix":2,"ks":{"a":0,"k":{"i":[[-2.9,0],[-0.4,-0.1],[-0.6,-5.5],[4.4,-2.4],[0,-3.1],[0,0],[0,0],[0,0],[-3.5,1.8],[0.5,4.1],[4.6,0.5],[0.4,0],[1.9,-1.6],[0,-2.8],[0,0],[-2.5,2.2]],"o":[[0.4,0],[5.5,0.6],[0.5,4.9],[-2.8,1.4],[0,0],[0,0],[0,0],[0,-3.8],[3.6,-1.9],[-0.5,-4.6],[-0.3,-0.1],[-2.5,0],[-2.1,1.9],[0,0],[0,-3.4],[2.2,-2]],"v":[[-0.25,-18],[1.05,-17.9],[11.65,-7.3],[5.35,4.7],[0.75,12.1],[0.75,18],[-1.25,18],[-1.25,12.1],[4.45,2.9],[9.65,-7.1],[0.85,-15.9],[-0.25,-16],[-6.95,-13.5],[-10.25,-6],[-12.25,-6],[-8.25,-14.9]],"c":true},"ix":2},"nm":"Path 2","mn":"ADBE Vector Shape - Group","hd":false},{"ty":"mm","mm":1,"nm":"Merge Paths 1","mn":"ADBE Vector Filter - Merge","hd":false},{"ty":"fl","c":{"a":0,"k":[0,0,0,1],"ix":4},"o":{"a":0,"k":100,"ix":5},"r":1,"bm":0,"nm":"Fill 1","mn":"ADBE Vector Graphic - Fill","hd":false},{"ty":"tr","p":{"a":0,"k":[25.25,20],"ix":2},"a":{"a":0,"k":[0,0],"ix":1},"s":{"a":0,"k":[100,100],"ix":3},"r":{"a":0,"k":0,"ix":6},"o":{"a":0,"k":100,"ix":7},"sk":{"a":0,"k":0,"ix":4},"sa":{"a":0,"k":0,"ix":5},"nm":"Transform"}],"nm":"Group 2","np":4,"cix":2,"bm":0,"ix":1,"mn":"ADBE Vector Group","hd":false}],"ip":17,"op":28,"st":0,"bm":0},{"ddd":0,"ind":2,"ty":4,"nm":"Dot 2","sr":1,"ks":{"o":{"a":0,"k":100,"ix":11},"r":{"a":1,"k":[{"i":{"x":[0.667],"y":[1]},"o":{"x":[0.333],"y":[0]},"t":19,"s":[67],"e":[-5]},{"i":{"x":[0.667],"y":[1]},"o":{"x":[0.333],"y":[0]},"t":23,"s":[-5],"e":[0]},{"t":25}],"ix":10},"p":{"a":0,"k":[25,47,0],"ix":2},"a":{"a":0,"k":[25,47,0],"ix":1},"s":{"a":1,"k":[{"i":{"x":[0.833,0.833,0.833],"y":[1,1,1]},"o":{"x":[0.167,0.167,0.167],"y":[0,0,0]},"t":17,"s":[0,0,100],"e":[50,50,100]},{"i":{"x":[0.667,0.667,0.667],"y":[1,1,1]},"o":{"x":[0.333,0.333,0.333],"y":[0,0,0]},"t":19,"s":[50,50,100],"e":[100,100,100]},{"t":23}],"ix":6}},"ao":0,"shapes":[{"ty":"gr","it":[{"ind":0,"ty":"sh","ix":1,"ks":{"a":0,"k":{"i":[[0,0],[0,0],[0,0],[0,0]],"o":[[0,0],[0,0],[0,0],[0,0]],"v":[[-2,-2],[2,-2],[2,2],[-2,2]],"c":true},"ix":2},"nm":"Path 1","mn":"ADBE Vector Shape - Group","hd":false},{"ty":"st","c":{"a":0,"k":[0,0,0,1],"ix":3},"o":{"a":0,"k":100,"ix":4},"w":{"a":0,"k":2,"ix":5},"lc":1,"lj":2,"bm":0,"nm":"Stroke 1","mn":"ADBE Vector Graphic - Stroke","hd":false},{"ty":"tr","p":{"a":0,"k":[25,47],"ix":2},"a":{"a":0,"k":[0,0],"ix":1},"s":{"a":0,"k":[100,100],"ix":3},"r":{"a":0,"k":0,"ix":6},"o":{"a":0,"k":100,"ix":7},"sk":{"a":0,"k":0,"ix":4},"sa":{"a":0,"k":0,"ix":5},"nm":"Transform"}],"nm":"Group 1","np":2,"cix":2,"bm":0,"ix":1,"mn":"ADBE Vector Group","hd":false}],"ip":17,"op":28,"st":0,"bm":0},{"ddd":0,"ind":3,"ty":4,"nm":"Line","sr":1,"ks":{"o":{"a":0,"k":100,"ix":11},"r":{"a":1,"k":[{"i":{"x":[0.667],"y":[1]},"o":{"x":[0.333],"y":[0]},"t":3,"s":[0],"e":[5]},{"i":{"x":[0.667],"y":[1]},"o":{"x":[0.333],"y":[0]},"t":5,"s":[5],"e":[-71]},{"t":11}],"ix":10},"p":{"a":0,"k":[25,47,0],"ix":2},"a":{"a":0,"k":[25,47,0],"ix":1},"s":{"a":1,"k":[{"i":{"x":[0.833,0.833,0.833],"y":[1,1,1]},"o":{"x":[0.333,0.333,0.333],"y":[0,0,0]},"t":5,"s":[100,100,100],"e":[0,0,100]},{"t":11}],"ix":6}},"ao":0,"shapes":[{"ty":"gr","it":[{"ind":0,"ty":"sh","ix":1,"ks":{"a":0,"k":{"i":[[0.5,0],[2.6,-2.3],[0,-4],[-1.1,0],[0,0],[0,1.1],[-1.7,1.6],[-2,0],[-0.3,-0.1],[-0.4,-3.6],[2.9,-1.6],[0,-4.6],[0,0],[-1.1,0],[0,0],[0,1.1],[0,0],[-2.2,1.2],[0.7,5.7],[6.4,0.7]],"o":[[-3.5,0],[-2.9,2.6],[0,1.1],[0,0],[1.1,0],[0,-2.3],[1.5,-1.3],[0.3,0],[3.7,0.4],[0.4,3.3],[-4.2,2.2],[0,0],[0,1.1],[0,0],[1.1,0],[0,0],[0,-2.3],[5.1,-2.7],[-0.6,-6.5],[-0.5,-0.1]],"v":[[-0.25,-20],[-9.65,-16.4],[-14.25,-6],[-12.25,-4],[-10.25,-4],[-8.25,-6],[-5.55,-12],[-0.25,-14],[0.65,-13.9],[7.65,-6.9],[3.45,1.1],[-3.35,12.1],[-3.35,18],[-1.35,20],[0.65,20],[2.65,18],[2.65,12.1],[6.25,6.4],[13.55,-7.5],[1.35,-19.9]],"c":true},"ix":2},"nm":"Path 1","mn":"ADBE Vector Shape - Group","hd":false},{"ind":1,"ty":"sh","ix":2,"ks":{"a":0,"k":{"i":[[-2.9,0],[-0.4,-0.1],[-0.6,-5.5],[4.4,-2.4],[0,-3.1],[0,0],[0,0],[0,0],[-3.5,1.8],[0.5,4.1],[4.6,0.5],[0.4,0],[1.9,-1.6],[0,-2.8],[0,0],[-2.5,2.2]],"o":[[0.4,0],[5.5,0.6],[0.5,4.9],[-2.8,1.4],[0,0],[0,0],[0,0],[0,-3.8],[3.6,-1.9],[-0.5,-4.6],[-0.3,-0.1],[-2.5,0],[-2.1,1.9],[0,0],[0,-3.4],[2.2,-2]],"v":[[-0.25,-18],[1.05,-17.9],[11.65,-7.3],[5.35,4.7],[0.75,12.1],[0.75,18],[-1.25,18],[-1.25,12.1],[4.45,2.9],[9.65,-7.1],[0.85,-15.9],[-0.25,-16],[-6.95,-13.5],[-10.25,-6],[-12.25,-6],[-8.25,-14.9]],"c":true},"ix":2},"nm":"Path 2","mn":"ADBE Vector Shape - Group","hd":false},{"ty":"mm","mm":1,"nm":"Merge Paths 1","mn":"ADBE Vector Filter - Merge","hd":false},{"ty":"fl","c":{"a":0,"k":[0,0,0,1],"ix":4},"o":{"a":0,"k":100,"ix":5},"r":1,"bm":0,"nm":"Fill 1","mn":"ADBE Vector Graphic - Fill","hd":false},{"ty":"tr","p":{"a":0,"k":[25.25,20],"ix":2},"a":{"a":0,"k":[0,0],"ix":1},"s":{"a":0,"k":[100,100],"ix":3},"r":{"a":0,"k":0,"ix":6},"o":{"a":0,"k":100,"ix":7},"sk":{"a":0,"k":0,"ix":4},"sa":{"a":0,"k":0,"ix":5},"nm":"Transform"}],"nm":"Group 2","np":4,"cix":2,"bm":0,"ix":1,"mn":"ADBE Vector Group","hd":false}],"ip":0,"op":11,"st":0,"bm":0},{"ddd":0,"ind":4,"ty":4,"nm":"Dot","sr":1,"ks":{"o":{"a":0,"k":100,"ix":11},"r":{"a":1,"k":[{"i":{"x":[0.667],"y":[1]},"o":{"x":[0.333],"y":[0]},"t":3,"s":[0],"e":[5]},{"i":{"x":[0.667],"y":[1]},"o":{"x":[0.333],"y":[0]},"t":5,"s":[5],"e":[-71]},{"t":11}],"ix":10},"p":{"a":0,"k":[25,47,0],"ix":2},"a":{"a":0,"k":[25,47,0],"ix":1},"s":{"a":1,"k":[{"i":{"x":[0.833,0.833,0.833],"y":[1,1,1]},"o":{"x":[0.333,0.333,0.333],"y":[0,0,0]},"t":5,"s":[100,100,100],"e":[0,0,100]},{"t":11}],"ix":6}},"ao":0,"shapes":[{"ty":"gr","it":[{"ind":0,"ty":"sh","ix":1,"ks":{"a":0,"k":{"i":[[0,0],[0,0],[0,0],[0,0]],"o":[[0,0],[0,0],[0,0],[0,0]],"v":[[-2,-2],[2,-2],[2,2],[-2,2]],"c":true},"ix":2},"nm":"Path 1","mn":"ADBE Vector Shape - Group","hd":false},{"ty":"st","c":{"a":0,"k":[0,0,0,1],"ix":3},"o":{"a":0,"k":100,"ix":4},"w":{"a":0,"k":2,"ix":5},"lc":1,"lj":2,"bm":0,"nm":"Stroke 1","mn":"ADBE Vector Graphic - Stroke","hd":false},{"ty":"tr","p":{"a":0,"k":[25,47],"ix":2},"a":{"a":0,"k":[0,0],"ix":1},"s":{"a":0,"k":[100,100],"ix":3},"r":{"a":0,"k":0,"ix":6},"o":{"a":0,"k":100,"ix":7},"sk":{"a":0,"k":0,"ix":4},"sa":{"a":0,"k":0,"ix":5},"nm":"Transform"}],"nm":"Group 1","np":2,"cix":2,"bm":0,"ix":1,"mn":"ADBE Vector Group","hd":false}],"ip":0,"op":11,"st":0,"bm":0}],"markers":[]}