{"v":"5.6.5","fr":24,"ip":0,"op":28,"w":50,"h":50,"nm":"hand-peace","ddd":0,"assets":[],"layers":[{"ddd":0,"ind":1,"ty":4,"nm":"Hand","sr":1,"ks":{"o":{"a":0,"k":100,"ix":11},"r":{"a":1,"k":[{"i":{"x":[0.667],"y":[1]},"o":{"x":[0.333],"y":[0]},"t":3,"s":[0]},{"i":{"x":[0.667],"y":[1]},"o":{"x":[0.333],"y":[0]},"t":18,"s":[-2]},{"t":25,"s":[0]}],"ix":10},"p":{"a":1,"k":[{"i":{"x":0.667,"y":1},"o":{"x":0.333,"y":0},"t":3,"s":[25,25,0],"to":[0,0,0],"ti":[0,0,0]},{"i":{"x":0.667,"y":1},"o":{"x":0.333,"y":0},"t":18,"s":[25,24.75,0],"to":[0,0,0],"ti":[0,0,0]},{"t":25,"s":[25,25,0]}],"ix":2},"a":{"a":0,"k":[25,25,0],"ix":1},"s":{"a":0,"k":[100,100,100],"ix":6}},"ao":0,"shapes":[{"ty":"gr","it":[{"ind":0,"ty":"sh","ix":1,"ks":{"a":1,"k":[{"i":{"x":0.667,"y":1},"o":{"x":0.333,"y":0},"t":3,"s":[{"i":[[0,0],[0,0],[0,0],[0.449,1.882],[1.881,-0.447],[0,0],[0.84,-4.8],[-0.223,-0.748],[0,0],[-2.742,0],[0,0],[0,4.418],[0,0],[0,0]],"o":[[0,0],[0,0],[2.171,-0.76],[-0.448,-1.88],[0,0],[0,0],[-0.295,1.683],[0,0],[0.762,2.634],[0,0],[4.418,0],[0,0],[0,-3.999],[0,0]],"v":[[-3.88,1.353],[-5.475,-1.571],[3.327,-3.848],[5.919,-8.065],[1.704,-10.659],[-9.798,-9.171],[-14.755,-4.057],[-14.475,0.175],[-11.93,8.976],[-5.471,13],[7.049,13],[15.049,5],[15.049,-6],[13.049,-13]],"c":false}]},{"i":{"x":0.667,"y":1},"o":{"x":0.333,"y":0},"t":18,"s":[{"i":[[0,0],[0,0],[0,0],[0.29,1.913],[1.912,-0.288],[0,0],[1.239,-4.713],[-0.223,-0.748],[0,0],[-2.742,0],[0,0],[0,4.418],[0,0],[0,0]],"o":[[0,0],[0,0],[2.227,-0.576],[-0.289,-1.911],[0,0],[0,0],[-0.435,1.652],[0,0],[0.762,2.634],[0,0],[4.418,0],[0,0],[0,-3.999],[0,0]],"v":[[-4.88,0.79],[-5.87,-1.682],[3.092,-3.216],[6.028,-7.202],[2.043,-10.139],[-9.543,-9.617],[-14.909,-4.935],[-14.475,0.175],[-11.93,8.976],[-5.471,13],[7.049,13],[15.049,5],[15.049,-6],[13.049,-13.156]],"c":false}]},{"t":25,"s":[{"i":[[0,0],[0,0],[0,0],[0.449,1.882],[1.881,-0.447],[0,0],[0.84,-4.8],[-0.223,-0.748],[0,0],[-2.742,0],[0,0],[0,4.418],[0,0],[0,0]],"o":[[0,0],[0,0],[2.171,-0.76],[-0.448,-1.88],[0,0],[0,0],[-0.295,1.683],[0,0],[0.762,2.634],[0,0],[4.418,0],[0,0],[0,-3.999],[0,0]],"v":[[-3.88,1.353],[-5.475,-1.571],[3.327,-3.848],[5.919,-8.065],[1.704,-10.659],[-9.798,-9.171],[-14.755,-4.057],[-14.475,0.175],[-11.93,8.976],[-5.471,13],[7.049,13],[15.049,5],[15.049,-6],[13.049,-13]],"c":false}]}],"ix":2},"nm":"Path 1","mn":"ADBE Vector Shape - Group","hd":false},{"ty":"st","c":{"a":0,"k":[0,0,0,1],"ix":3},"o":{"a":0,"k":100,"ix":4},"w":{"a":0,"k":2,"ix":5},"lc":2,"lj":2,"bm":0,"nm":"Stroke 1","mn":"ADBE Vector Graphic - Stroke","hd":false},{"ty":"tr","p":{"a":0,"k":[24.95,36],"ix":2},"a":{"a":0,"k":[0,0],"ix":1},"s":{"a":0,"k":[100,100],"ix":3},"r":{"a":0,"k":0,"ix":6},"o":{"a":0,"k":100,"ix":7},"sk":{"a":0,"k":0,"ix":4},"sa":{"a":0,"k":0,"ix":5},"nm":"Transform"}],"nm":"Group 1","np":2,"cix":2,"bm":0,"ix":1,"mn":"ADBE Vector Group","hd":false},{"ty":"gr","it":[{"ind":0,"ty":"sh","ix":1,"ks":{"a":1,"k":[{"i":{"x":0.667,"y":1},"o":{"x":0.333,"y":0},"t":3,"s":[{"i":[[0,0],[0,0],[-1.657,0],[0,-1.657],[0,0]],"o":[[0,0],[0,-1.657],[1.657,0],[0,0],[0,0]],"v":[[-3,5.5],[-3,-2.5],[0,-5.5],[3,-2.5],[3,1.5]],"c":false}]},{"i":{"x":0.667,"y":1},"o":{"x":0.333,"y":0},"t":18,"s":[{"i":[[0,0],[0,0],[-1.546,-0.036],[0.047,-1.607],[0,0]],"o":[[0,0],[0.047,-1.607],[1.546,0.036],[0,0],[0,0]],"v":[[-2.945,6.071],[-2.623,-2.218],[0.261,-5.062],[2.974,-2.088],[2.859,1.478]],"c":false}]},{"t":25,"s":[{"i":[[0,0],[0,0],[-1.657,0],[0,-1.657],[0,0]],"o":[[0,0],[0,-1.657],[1.657,0],[0,0],[0,0]],"v":[[-3,5.5],[-3,-2.5],[0,-5.5],[3,-2.5],[3,1.5]],"c":false}]}],"ix":2},"nm":"Path 1","mn":"ADBE Vector Shape - Group","hd":false},{"ty":"st","c":{"a":0,"k":[0,0,0,1],"ix":3},"o":{"a":0,"k":100,"ix":4},"w":{"a":0,"k":2,"ix":5},"lc":2,"lj":2,"bm":0,"nm":"Stroke 1","mn":"ADBE Vector Graphic - Stroke","hd":false},{"ty":"tr","p":{"a":0,"k":[29,19.5],"ix":2},"a":{"a":0,"k":[0,0],"ix":1},"s":{"a":0,"k":[100,100],"ix":3},"r":{"a":0,"k":0,"ix":6},"o":{"a":0,"k":100,"ix":7},"sk":{"a":0,"k":0,"ix":4},"sa":{"a":0,"k":0,"ix":5},"nm":"Transform"}],"nm":"Group 2","np":2,"cix":2,"bm":0,"ix":2,"mn":"ADBE Vector Group","hd":false},{"ty":"gr","it":[{"ind":0,"ty":"sh","ix":1,"ks":{"a":1,"k":[{"i":{"x":0.667,"y":1},"o":{"x":0.333,"y":0},"t":3,"s":[{"i":[[0,0],[0,0],[-1.657,0],[0,-2],[0,0]],"o":[[0,0],[0.354,-1.792],[1.657,0],[0,0],[0,0]],"v":[[-4.5,11],[-1.5,-8],[1.5,-11],[4.5,-8],[3.5,2]],"c":false}]},{"i":{"x":0.667,"y":1},"o":{"x":0.333,"y":0},"t":18,"s":[{"i":[[0,0],[0,0],[-1.628,0.31],[-0.374,-1.965],[0,0]],"o":[[0,0],[0.013,-1.827],[1.628,-0.31],[0,0],[0,0]],"v":[[-4.5,11],[-3.511,-5.528],[-1.124,-9.036],[2.384,-6.65],[2.531,3.125]],"c":false}]},{"t":25,"s":[{"i":[[0,0],[0,0],[-1.657,0],[0,-2],[0,0]],"o":[[0,0],[0.354,-1.792],[1.657,0],[0,0],[0,0]],"v":[[-4.5,11],[-1.5,-8],[1.5,-11],[4.5,-8],[3.5,2]],"c":false}]}],"ix":2},"nm":"Path 1","mn":"ADBE Vector Shape - Group","hd":false},{"ty":"st","c":{"a":0,"k":[0,0,0,1],"ix":3},"o":{"a":0,"k":100,"ix":4},"w":{"a":0,"k":2,"ix":5},"lc":2,"lj":2,"bm":0,"nm":"Stroke 1","mn":"ADBE Vector Graphic - Stroke","hd":false},{"ty":"tr","p":{"a":0,"k":[24.5,12],"ix":2},"a":{"a":0,"k":[0,0],"ix":1},"s":{"a":0,"k":[100,100],"ix":3},"r":{"a":0,"k":0,"ix":6},"o":{"a":0,"k":100,"ix":7},"sk":{"a":0,"k":0,"ix":4},"sa":{"a":0,"k":0,"ix":5},"nm":"Transform"}],"nm":"Group 3","np":2,"cix":2,"bm":0,"ix":3,"mn":"ADBE Vector Group","hd":false},{"ty":"gr","it":[{"ind":0,"ty":"sh","ix":1,"ks":{"a":1,"k":[{"i":{"x":0.667,"y":1},"o":{"x":0.333,"y":0},"t":3,"s":[{"i":[[0,0],[0,0],[-1.583,-0.021],[0,0],[-0.521,-2],[0,0]],"o":[[0,0],[-0.417,-2.292],[0,0],[1.375,0.021],[0,0],[0,0]],"v":[[-0.302,11.513],[-5.281,-8.2],[-2.74,-11.492],[-2.302,-11.492],[0.698,-8.492],[5.698,7.508]],"c":false}]},{"i":{"x":0.667,"y":1},"o":{"x":0.333,"y":0},"t":18,"s":[{"i":[[0,0],[0,0],[-1.549,-0.328],[0,0],[-0.123,-2.063],[0,0]],"o":[[0,0],[0.035,-2.329],[0,0],[1.345,0.287],[0,0],[0,0]],"v":[[-0.258,10.264],[-1.206,-9.177],[1.925,-11.914],[2.355,-11.829],[4.716,-8.304],[5.698,7.508]],"c":false}]},{"t":25,"s":[{"i":[[0,0],[0,0],[-1.583,-0.021],[0,0],[-0.521,-2],[0,0]],"o":[[0,0],[-0.417,-2.292],[0,0],[1.375,0.021],[0,0],[0,0]],"v":[[-0.302,11.513],[-5.281,-8.2],[-2.74,-11.492],[-2.302,-11.492],[0.698,-8.492],[5.698,7.508]],"c":false}]}],"ix":2},"nm":"Path 1","mn":"ADBE Vector Shape - Group","hd":false},{"ty":"st","c":{"a":0,"k":[0,0,0,1],"ix":3},"o":{"a":0,"k":100,"ix":4},"w":{"a":0,"k":2,"ix":5},"lc":2,"lj":2,"bm":0,"nm":"Stroke 1","mn":"ADBE Vector Graphic - Stroke","hd":false},{"ty":"tr","p":{"a":0,"k":[14.302,15.492],"ix":2},"a":{"a":0,"k":[0,0],"ix":1},"s":{"a":0,"k":[100,100],"ix":3},"r":{"a":0,"k":0,"ix":6},"o":{"a":0,"k":100,"ix":7},"sk":{"a":0,"k":0,"ix":4},"sa":{"a":0,"k":0,"ix":5},"nm":"Transform"}],"nm":"Group 4","np":2,"cix":2,"bm":0,"ix":4,"mn":"ADBE Vector Group","hd":false},{"ty":"gr","it":[{"ind":0,"ty":"sh","ix":1,"ks":{"a":1,"k":[{"i":{"x":0.667,"y":1},"o":{"x":0.333,"y":0},"t":3,"s":[{"i":[[1.657,0],[0,0],[0,1.657],[0,0],[-1.657,0],[0,-1.657],[0,0]],"o":[[0,0],[-1.657,0],[0,0],[0,-1.657],[1.657,0],[0,0],[0,1.657]],"v":[[0,6.5],[0,6.5],[-3,3.5],[-3,-3.5],[0,-6.5],[3,-3.5],[3,3.5]],"c":true}]},{"i":{"x":0.667,"y":1},"o":{"x":0.333,"y":0},"t":18,"s":[{"i":[[1.655,0.09],[0,0],[-0.09,1.655],[0,0],[-1.655,-0.09],[0.09,-1.655],[0,0]],"o":[[0,0],[-1.655,-0.09],[0,0],[0.09,-1.655],[1.655,0.09],[0,0],[-0.09,1.655]],"v":[[-0.547,5.647],[-0.547,5.647],[-3.379,2.489],[-3.049,-3.565],[0.109,-6.397],[2.942,-3.239],[2.612,2.815]],"c":true}]},{"t":25,"s":[{"i":[[1.657,0],[0,0],[0,1.657],[0,0],[-1.657,0],[0,-1.657],[0,0]],"o":[[0,0],[-1.657,0],[0,0],[0,-1.657],[1.657,0],[0,0],[0,1.657]],"v":[[0,6.5],[0,6.5],[-3,3.5],[-3,-3.5],[0,-6.5],[3,-3.5],[3,3.5]],"c":true}]}],"ix":2},"nm":"Path 1","mn":"ADBE Vector Shape - Group","hd":false},{"ty":"st","c":{"a":0,"k":[0,0,0,1],"ix":3},"o":{"a":0,"k":100,"ix":4},"w":{"a":0,"k":2,"ix":5},"lc":2,"lj":2,"bm":0,"nm":"Stroke 1","mn":"ADBE Vector Graphic - Stroke","hd":false},{"ty":"tr","p":{"a":0,"k":[35,23.5],"ix":2},"a":{"a":0,"k":[0,0],"ix":1},"s":{"a":0,"k":[100,100],"ix":3},"r":{"a":0,"k":0,"ix":6},"o":{"a":0,"k":100,"ix":7},"sk":{"a":0,"k":0,"ix":4},"sa":{"a":0,"k":0,"ix":5},"nm":"Transform"}],"nm":"Group 5","np":2,"cix":2,"bm":0,"ix":5,"mn":"ADBE Vector Group","hd":false},{"ty":"gr","it":[{"ind":0,"ty":"sh","ix":1,"ks":{"a":1,"k":[{"i":{"x":0.667,"y":1},"o":{"x":0.333,"y":0},"t":3,"s":[{"i":[[0,0],[0,0]],"o":[[-0.99,-5.682],[0,0]],"v":[[2.764,3.995],[-2.764,-3.995]],"c":false}]},{"i":{"x":0.667,"y":1},"o":{"x":0.333,"y":0},"t":18,"s":[{"i":[[0,0],[0,0]],"o":[[-0.058,-6.563],[0,0]],"v":[[2.764,3.995],[-2.764,-3.995]],"c":false}]},{"t":25,"s":[{"i":[[0,0],[0,0]],"o":[[-0.99,-5.682],[0,0]],"v":[[2.764,3.995],[-2.764,-3.995]],"c":false}]}],"ix":2},"nm":"Path 1","mn":"ADBE Vector Shape - Group","hd":false},{"ty":"st","c":{"a":0,"k":[0,0,0,1],"ix":3},"o":{"a":0,"k":100,"ix":4},"w":{"a":0,"k":2,"ix":5},"lc":2,"lj":2,"bm":0,"nm":"Stroke 1","mn":"ADBE Vector Graphic - Stroke","hd":false},{"ty":"tr","p":{"a":0,"k":[24.231,38.005],"ix":2},"a":{"a":0,"k":[0,0],"ix":1},"s":{"a":0,"k":[100,100],"ix":3},"r":{"a":0,"k":0,"ix":6},"o":{"a":0,"k":100,"ix":7},"sk":{"a":0,"k":0,"ix":4},"sa":{"a":0,"k":0,"ix":5},"nm":"Transform"}],"nm":"Group 6","np":2,"cix":2,"bm":0,"ix":6,"mn":"ADBE Vector Group","hd":false}],"ip":0,"op":28,"st":0,"bm":0}],"markers":[]}