{"v":"5.5.9","fr":24,"ip":0,"op":28,"w":50,"h":50,"nm":"video-editing","ddd":0,"assets":[],"layers":[{"ddd":0,"ind":1,"ty":4,"nm":"line","sr":1,"ks":{"o":{"a":0,"k":100,"ix":11},"r":{"a":0,"k":0,"ix":10},"p":{"a":0,"k":[25,17,0],"ix":2},"a":{"a":0,"k":[17,1,0],"ix":1},"s":{"a":0,"k":[100,100,100],"ix":6}},"ao":0,"shapes":[{"ty":"gr","it":[{"ind":0,"ty":"sh","ix":1,"ks":{"a":1,"k":[{"i":{"x":0.833,"y":0.833},"o":{"x":0.333,"y":0},"t":5,"s":[{"i":[[0,0],[0,0]],"o":[[0,0],[0,0]],"v":[[0.375,1],[1.625,0.994]],"c":false}]},{"i":{"x":0.667,"y":1},"o":{"x":0.167,"y":0.167},"t":7,"s":[{"i":[[0,0],[0,0]],"o":[[0,0],[0,0]],"v":[[0.838,1],[4.906,0.999]],"c":false}]},{"i":{"x":0.667,"y":1},"o":{"x":0.333,"y":0},"t":8,"s":[{"i":[[0,0],[0,0]],"o":[[0,0],[0,0]],"v":[[1,1],[9.422,0.999]],"c":false}]},{"i":{"x":0.667,"y":1},"o":{"x":0.333,"y":0},"t":10,"s":[{"i":[[0,0],[0,0]],"o":[[0,0],[0,0]],"v":[[1,1],[16.875,1]],"c":false}]},{"i":{"x":0.667,"y":1},"o":{"x":0.333,"y":0},"t":12,"s":[{"i":[[0,0],[0,0]],"o":[[0,0],[0,0]],"v":[[1,1],[20.688,1]],"c":false}]},{"i":{"x":0.667,"y":1},"o":{"x":0.333,"y":0},"t":14,"s":[{"i":[[0,0],[0,0]],"o":[[0,0],[0,0]],"v":[[1,1],[33,1]],"c":false}]},{"i":{"x":0.667,"y":1},"o":{"x":0.333,"y":0},"t":15,"s":[{"i":[[0,0],[0,0]],"o":[[0,0],[0,0]],"v":[[5.875,1],[33,1]],"c":false}]},{"i":{"x":0.667,"y":1},"o":{"x":0.333,"y":0},"t":16,"s":[{"i":[[0,0],[0,0]],"o":[[0,0],[0,0]],"v":[[14.125,0.999],[33,1]],"c":false}]},{"i":{"x":0.667,"y":1},"o":{"x":0.333,"y":0},"t":17,"s":[{"i":[[0,0],[0,0]],"o":[[0,0],[0,0]],"v":[[22.375,0.977],[33,1]],"c":false}]},{"t":18,"s":[{"i":[[0,0],[0,0]],"o":[[0,0],[0,0]],"v":[[29.188,0.953],[33,1]],"c":false}]}],"ix":2},"nm":"Path 1","mn":"ADBE Vector Shape - Group","hd":false},{"ty":"st","c":{"a":0,"k":[0,0,0,1],"ix":3},"o":{"a":0,"k":100,"ix":4},"w":{"a":0,"k":2,"ix":5},"lc":2,"lj":1,"ml":10,"bm":0,"nm":"Stroke 1","mn":"ADBE Vector Graphic - Stroke","hd":false},{"ty":"tr","p":{"a":0,"k":[0,0],"ix":2},"a":{"a":0,"k":[0,0],"ix":1},"s":{"a":0,"k":[100,100],"ix":3},"r":{"a":0,"k":0,"ix":6},"o":{"a":0,"k":100,"ix":7},"sk":{"a":0,"k":0,"ix":4},"sa":{"a":0,"k":0,"ix":5},"nm":"Transform"}],"nm":"Group 1","np":2,"cix":2,"bm":0,"ix":1,"mn":"ADBE Vector Group","hd":false}],"ip":5,"op":19,"st":0,"bm":0},{"ddd":0,"ind":2,"ty":4,"nm":"pencil","sr":1,"ks":{"o":{"a":0,"k":100,"ix":11},"r":{"a":1,"k":[{"i":{"x":[0.667],"y":[1]},"o":{"x":[0.333],"y":[0]},"t":3,"s":[0]},{"i":{"x":[0.667],"y":[1]},"o":{"x":[0.333],"y":[0]},"t":5,"s":[7.773]},{"i":{"x":[0.667],"y":[1]},"o":{"x":[0.333],"y":[0]},"t":12,"s":[43.777]},{"i":{"x":[0.667],"y":[1]},"o":{"x":[0.333],"y":[0]},"t":14,"s":[67.097]},{"i":{"x":[0.667],"y":[1]},"o":{"x":[0.333],"y":[0]},"t":19,"s":[36.781]},{"i":{"x":[0.667],"y":[1]},"o":{"x":[0.333],"y":[0]},"t":22,"s":[7.773]},{"t":26,"s":[0]}],"ix":10},"p":{"s":true,"x":{"a":1,"k":[{"i":{"x":[0.667],"y":[1]},"o":{"x":[0.333],"y":[0]},"t":3,"s":[37.883]},{"i":{"x":[0.667],"y":[1]},"o":{"x":[0.333],"y":[0]},"t":5,"s":[29.369]},{"i":{"x":[0.667],"y":[1]},"o":{"x":[0.333],"y":[0]},"t":22,"s":[29.369]},{"t":26,"s":[37.869]}],"ix":3},"y":{"a":1,"k":[{"i":{"x":[0.667],"y":[1]},"o":{"x":[0.333],"y":[0]},"t":3,"s":[45.743]},{"t":26,"s":[45.743]}],"ix":4}},"a":{"a":0,"k":[25.28,25.157,0],"ix":1},"s":{"a":0,"k":[100,100,100],"ix":6}},"ao":0,"shapes":[{"ty":"gr","it":[{"ind":0,"ty":"sh","ix":1,"ks":{"a":1,"k":[{"i":{"x":0.667,"y":1},"o":{"x":0.333,"y":0},"t":3,"s":[{"i":[[0,0],[0,0],[0,0],[0,0],[0,0],[0,0]],"o":[[0,0],[0,0],[0,0],[0,0],[0,0],[0,0]],"v":[[7.589,10.574],[-10.628,-7.739],[-10.643,-7.794],[-7.796,-10.642],[-7.742,-10.626],[10.572,7.59]],"c":true}]},{"i":{"x":0.833,"y":0.833},"o":{"x":0.333,"y":0},"t":5,"s":[{"i":[[0,0],[0,0],[0,0],[0,0],[0,0],[0,0]],"o":[[0,0],[0,0],[0,0],[0,0],[0,0],[0,0]],"v":[[7.589,10.574],[-11.724,-8.758],[-11.74,-8.813],[-8.892,-11.661],[-8.838,-11.645],[10.572,7.59]],"c":true}]},{"i":{"x":0.667,"y":1},"o":{"x":0.167,"y":0.167},"t":7,"s":[{"i":[[0,0],[0,0],[0,0],[0,0],[0,0],[0,0]],"o":[[0,0],[0,0],[0,0],[0,0],[0,0],[0,0]],"v":[[7.589,10.574],[-9.704,-6.449],[-9.72,-6.504],[-6.872,-9.352],[-6.818,-9.336],[10.572,7.59]],"c":true}]},{"i":{"x":0.667,"y":1},"o":{"x":0.333,"y":0},"t":8,"s":[{"i":[[0,0],[0,0],[0,0],[0,0],[0,0],[0,0]],"o":[[0,0],[0,0],[0,0],[0,0],[0,0],[0,0]],"v":[[7.589,10.574],[-7.921,-4.88],[-7.937,-4.935],[-5.089,-7.783],[-5.035,-7.767],[10.572,7.59]],"c":true}]},{"i":{"x":0.667,"y":1},"o":{"x":0.333,"y":0},"t":10,"s":[{"i":[[0,0],[0,0],[0,0],[0,0],[0,0],[0,0]],"o":[[0,0],[0,0],[0,0],[0,0],[0,0],[0,0]],"v":[[7.589,10.574],[-6.983,-3.997],[-6.999,-4.052],[-4.151,-6.9],[-4.097,-6.884],[10.572,7.59]],"c":true}]},{"i":{"x":0.667,"y":1},"o":{"x":0.333,"y":0},"t":12,"s":[{"i":[[0,0],[0,0],[0,0],[0,0],[0,0],[0,0]],"o":[[0,0],[0,0],[0,0],[0,0],[0,0],[0,0]],"v":[[7.589,10.574],[-6.583,-3.601],[-6.599,-3.656],[-3.751,-6.504],[-3.697,-6.488],[10.572,7.59]],"c":true}]},{"i":{"x":0.667,"y":1},"o":{"x":0.333,"y":0},"t":14,"s":[{"i":[[0,0],[0,0],[0,0],[0,0],[0,0],[0,0]],"o":[[0,0],[0,0],[0,0],[0,0],[0,0],[0,0]],"v":[[7.589,10.574],[-7.804,-4.759],[-7.82,-4.814],[-4.972,-7.662],[-4.918,-7.646],[10.572,7.59]],"c":true}]},{"i":{"x":0.667,"y":1},"o":{"x":0.333,"y":0},"t":17,"s":[{"i":[[0,0],[0,0],[0,0],[0,0],[0,0],[0,0]],"o":[[0,0],[0,0],[0,0],[0,0],[0,0],[0,0]],"v":[[7.589,10.574],[-6.599,-3.598],[-6.615,-3.653],[-3.767,-6.501],[-3.713,-6.485],[10.572,7.59]],"c":true}]},{"i":{"x":0.667,"y":1},"o":{"x":0.333,"y":0},"t":19,"s":[{"i":[[0,0],[0,0],[0,0],[0,0],[0,0],[0,0]],"o":[[0,0],[0,0],[0,0],[0,0],[0,0],[0,0]],"v":[[7.589,10.574],[-6.983,-3.997],[-6.999,-4.052],[-4.151,-6.9],[-4.097,-6.884],[10.572,7.59]],"c":true}]},{"t":26,"s":[{"i":[[0,0],[0,0],[0,0],[0,0],[0,0],[0,0]],"o":[[0,0],[0,0],[0,0],[0,0],[0,0],[0,0]],"v":[[7.589,10.574],[-10.628,-7.739],[-10.643,-7.794],[-7.796,-10.642],[-7.742,-10.626],[10.572,7.59]],"c":true}]}],"ix":2},"nm":"Path 1","mn":"ADBE Vector Shape - Group","hd":false},{"ind":1,"ty":"sh","ix":2,"ks":{"a":1,"k":[{"i":{"x":0.667,"y":1},"o":{"x":0.333,"y":0},"t":3,"s":[{"i":[[1.6,1.599],[0,0],[0.013,0.013],[0,0],[0.164,0.046],[0,0],[0.255,-0.257],[-0.099,-0.348],[0,0],[-0.12,-0.12],[0,0],[-0.013,-0.011],[0,0],[-1.6,1.6]],"o":[[0,0],[-0.012,-0.013],[0,0],[-0.12,-0.119],[0,0],[-0.349,-0.102],[-0.256,0.256],[0,0],[0.046,0.164],[0,0],[0.013,0.013],[0,0],[1.6,1.6],[1.6,-1.6]],"v":[[12.68,6.883],[12.314,6.516],[12.286,6.473],[-6.514,-12.227],[-6.947,-12.48],[-12.947,-14.18],[-13.926,-13.925],[-14.182,-12.946],[-12.482,-6.946],[-12.229,-6.513],[6.471,12.287],[6.514,12.314],[6.881,12.682],[12.68,12.682]],"c":true}]},{"i":{"x":0.833,"y":0.833},"o":{"x":0.333,"y":0},"t":5,"s":[{"i":[[1.6,1.599],[0,0],[0.013,0.013],[0,0],[0.164,0.046],[0,0],[0.255,-0.257],[-0.099,-0.348],[0,0],[-0.12,-0.12],[0,0],[-0.013,-0.011],[0,0],[-1.6,1.6]],"o":[[0,0],[-0.012,-0.013],[0,0],[-0.12,-0.119],[0,0],[-0.349,-0.102],[-0.256,0.256],[0,0],[0.046,0.164],[0,0],[0.013,0.013],[0,0],[1.6,1.6],[1.6,-1.6]],"v":[[12.68,6.883],[12.314,6.516],[12.285,6.473],[-7.611,-13.246],[-8.044,-13.499],[-14.044,-15.199],[-15.023,-14.944],[-15.278,-13.965],[-13.578,-7.965],[-13.325,-7.532],[6.471,12.287],[6.514,12.314],[6.88,12.682],[12.68,12.682]],"c":true}]},{"i":{"x":0.667,"y":1},"o":{"x":0.167,"y":0.167},"t":7,"s":[{"i":[[1.6,1.599],[0,0],[0.013,0.013],[0,0],[0.164,0.046],[0,0],[0.255,-0.257],[-0.099,-0.348],[0,0],[-0.12,-0.12],[0,0],[-0.013,-0.011],[0,0],[-1.6,1.6]],"o":[[0,0],[-0.012,-0.013],[0,0],[-0.12,-0.119],[0,0],[-0.349,-0.102],[-0.256,0.256],[0,0],[0.046,0.164],[0,0],[0.013,0.013],[0,0],[1.6,1.6],[1.6,-1.6]],"v":[[12.68,6.883],[12.314,6.516],[12.285,6.473],[-5.591,-10.937],[-6.024,-11.19],[-12.024,-12.89],[-13.003,-12.635],[-13.258,-11.656],[-11.558,-5.656],[-11.305,-5.223],[6.471,12.287],[6.514,12.314],[6.88,12.682],[12.68,12.682]],"c":true}]},{"i":{"x":0.667,"y":1},"o":{"x":0.333,"y":0},"t":8,"s":[{"i":[[1.6,1.599],[0,0],[0.013,0.013],[0,0],[0.164,0.046],[0,0],[0.255,-0.257],[-0.099,-0.348],[0,0],[-0.12,-0.12],[0,0],[-0.013,-0.011],[0,0],[-1.6,1.6]],"o":[[0,0],[-0.012,-0.013],[0,0],[-0.12,-0.119],[0,0],[-0.349,-0.102],[-0.256,0.256],[0,0],[0.046,0.164],[0,0],[0.013,0.013],[0,0],[1.6,1.6],[1.6,-1.6]],"v":[[12.68,6.883],[12.314,6.516],[12.286,6.473],[-3.808,-9.368],[-4.241,-9.621],[-10.241,-11.321],[-11.22,-11.066],[-11.475,-10.087],[-9.775,-4.087],[-9.522,-3.654],[6.471,12.287],[6.514,12.314],[6.881,12.682],[12.68,12.682]],"c":true}]},{"i":{"x":0.667,"y":1},"o":{"x":0.333,"y":0},"t":10,"s":[{"i":[[1.6,1.599],[0,0],[0.013,0.013],[0,0],[0.164,0.046],[0,0],[0.255,-0.257],[-0.099,-0.348],[0,0],[-0.12,-0.12],[0,0],[-0.013,-0.011],[0,0],[-1.6,1.6]],"o":[[0,0],[-0.012,-0.013],[0,0],[-0.12,-0.119],[0,0],[-0.349,-0.102],[-0.256,0.256],[0,0],[0.046,0.164],[0,0],[0.013,0.013],[0,0],[1.6,1.6],[1.6,-1.6]],"v":[[12.68,6.883],[12.314,6.516],[12.286,6.473],[-2.87,-8.485],[-3.303,-8.738],[-9.303,-10.438],[-10.282,-10.183],[-10.537,-9.204],[-8.837,-3.204],[-8.584,-2.771],[6.471,12.287],[6.514,12.314],[6.881,12.682],[12.68,12.682]],"c":true}]},{"i":{"x":0.667,"y":1},"o":{"x":0.333,"y":0},"t":12,"s":[{"i":[[1.6,1.599],[0,0],[0.013,0.013],[0,0],[0.164,0.046],[0,0],[0.255,-0.257],[-0.099,-0.348],[0,0],[-0.12,-0.12],[0,0],[-0.013,-0.011],[0,0],[-1.6,1.6]],"o":[[0,0],[-0.012,-0.013],[0,0],[-0.12,-0.119],[0,0],[-0.349,-0.102],[-0.256,0.256],[0,0],[0.046,0.164],[0,0],[0.013,0.013],[0,0],[1.6,1.6],[1.6,-1.6]],"v":[[12.68,6.883],[12.314,6.516],[12.286,6.473],[-2.47,-8.089],[-2.903,-8.342],[-8.903,-10.042],[-9.882,-9.787],[-10.137,-8.808],[-8.437,-2.808],[-8.184,-2.375],[6.471,12.287],[6.514,12.314],[6.881,12.682],[12.68,12.682]],"c":true}]},{"i":{"x":0.667,"y":1},"o":{"x":0.333,"y":0},"t":14,"s":[{"i":[[1.6,1.599],[0,0],[0.013,0.013],[0,0],[0.164,0.046],[0,0],[0.255,-0.257],[-0.099,-0.348],[0,0],[-0.12,-0.12],[0,0],[-0.013,-0.011],[0,0],[-1.6,1.6]],"o":[[0,0],[-0.012,-0.013],[0,0],[-0.12,-0.119],[0,0],[-0.349,-0.102],[-0.256,0.256],[0,0],[0.046,0.164],[0,0],[0.013,0.013],[0,0],[1.6,1.6],[1.6,-1.6]],"v":[[12.68,6.883],[12.314,6.516],[12.286,6.473],[-3.691,-9.247],[-4.124,-9.5],[-10.124,-11.2],[-11.103,-10.945],[-11.358,-9.966],[-9.658,-3.966],[-9.405,-3.533],[6.471,12.287],[6.514,12.314],[6.881,12.682],[12.68,12.682]],"c":true}]},{"i":{"x":0.667,"y":1},"o":{"x":0.333,"y":0},"t":17,"s":[{"i":[[1.6,1.599],[0,0],[0.013,0.013],[0,0],[0.164,0.046],[0,0],[0.255,-0.257],[-0.099,-0.348],[0,0],[-0.12,-0.12],[0,0],[-0.013,-0.011],[0,0],[-1.6,1.6]],"o":[[0,0],[-0.012,-0.013],[0,0],[-0.12,-0.119],[0,0],[-0.349,-0.102],[-0.256,0.256],[0,0],[0.046,0.164],[0,0],[0.013,0.013],[0,0],[1.6,1.6],[1.6,-1.6]],"v":[[12.68,6.883],[12.314,6.516],[12.285,6.473],[-2.486,-8.086],[-2.919,-8.339],[-8.919,-10.039],[-9.898,-9.784],[-10.153,-8.805],[-8.453,-2.805],[-8.2,-2.372],[6.471,12.287],[6.514,12.314],[6.88,12.682],[12.68,12.682]],"c":true}]},{"i":{"x":0.667,"y":1},"o":{"x":0.333,"y":0},"t":19,"s":[{"i":[[1.6,1.599],[0,0],[0.013,0.013],[0,0],[0.164,0.046],[0,0],[0.255,-0.257],[-0.099,-0.348],[0,0],[-0.12,-0.12],[0,0],[-0.013,-0.011],[0,0],[-1.6,1.6]],"o":[[0,0],[-0.012,-0.013],[0,0],[-0.12,-0.119],[0,0],[-0.349,-0.102],[-0.256,0.256],[0,0],[0.046,0.164],[0,0],[0.013,0.013],[0,0],[1.6,1.6],[1.6,-1.6]],"v":[[12.68,6.883],[12.314,6.516],[12.286,6.473],[-2.87,-8.485],[-3.303,-8.738],[-9.303,-10.438],[-10.282,-10.183],[-10.537,-9.204],[-8.837,-3.204],[-8.584,-2.771],[6.471,12.287],[6.514,12.314],[6.881,12.682],[12.68,12.682]],"c":true}]},{"t":26,"s":[{"i":[[1.6,1.599],[0,0],[0.013,0.013],[0,0],[0.164,0.046],[0,0],[0.255,-0.257],[-0.099,-0.348],[0,0],[-0.12,-0.12],[0,0],[-0.013,-0.011],[0,0],[-1.6,1.6]],"o":[[0,0],[-0.012,-0.013],[0,0],[-0.12,-0.119],[0,0],[-0.349,-0.102],[-0.256,0.256],[0,0],[0.046,0.164],[0,0],[0.013,0.013],[0,0],[1.6,1.6],[1.6,-1.6]],"v":[[12.68,6.883],[12.314,6.516],[12.286,6.473],[-6.514,-12.227],[-6.947,-12.48],[-12.947,-14.18],[-13.926,-13.925],[-14.182,-12.946],[-12.482,-6.946],[-12.229,-6.513],[6.471,12.287],[6.514,12.314],[6.881,12.682],[12.68,12.682]],"c":true}]}],"ix":2},"nm":"Path 2","mn":"ADBE Vector Shape - Group","hd":false},{"ty":"mm","mm":1,"nm":"Merge Paths 1","mn":"ADBE Vector Filter - Merge","hd":false},{"ty":"fl","c":{"a":0,"k":[0,0,0,1],"ix":4},"o":{"a":0,"k":100,"ix":5},"r":1,"bm":0,"nm":"Fill 1","mn":"ADBE Vector Graphic - Fill","hd":false},{"ty":"tr","p":{"a":0,"k":[14.53,14.532],"ix":2},"a":{"a":0,"k":[0,0],"ix":1},"s":{"a":0,"k":[100,100],"ix":3},"r":{"a":0,"k":0,"ix":6},"o":{"a":0,"k":100,"ix":7},"sk":{"a":0,"k":0,"ix":4},"sa":{"a":0,"k":0,"ix":5},"nm":"Transform"}],"nm":"Group 1","np":4,"cix":2,"bm":0,"ix":1,"mn":"ADBE Vector Group","hd":false}],"ip":0,"op":28,"st":0,"bm":0},{"ddd":0,"ind":3,"ty":4,"nm":"mask","td":1,"sr":1,"ks":{"o":{"a":0,"k":100,"ix":11},"r":{"a":1,"k":[{"i":{"x":[0.667],"y":[1]},"o":{"x":[0.333],"y":[0]},"t":3,"s":[0]},{"i":{"x":[0.667],"y":[1]},"o":{"x":[0.333],"y":[0]},"t":5,"s":[7.773]},{"i":{"x":[0.667],"y":[1]},"o":{"x":[0.333],"y":[0]},"t":12,"s":[43.777]},{"i":{"x":[0.667],"y":[1]},"o":{"x":[0.333],"y":[0]},"t":14,"s":[67.097]},{"i":{"x":[0.667],"y":[1]},"o":{"x":[0.333],"y":[0]},"t":19,"s":[36.781]},{"i":{"x":[0.667],"y":[1]},"o":{"x":[0.333],"y":[0]},"t":22,"s":[7.773]},{"t":26,"s":[0]}],"ix":10},"p":{"s":true,"x":{"a":1,"k":[{"i":{"x":[0.667],"y":[1]},"o":{"x":[0.333],"y":[0]},"t":3,"s":[37.883]},{"i":{"x":[0.667],"y":[1]},"o":{"x":[0.333],"y":[0]},"t":5,"s":[29.369]},{"i":{"x":[0.667],"y":[1]},"o":{"x":[0.333],"y":[0]},"t":22,"s":[29.369]},{"t":26,"s":[37.869]}],"ix":3},"y":{"a":1,"k":[{"i":{"x":[0.667],"y":[1]},"o":{"x":[0.333],"y":[0]},"t":3,"s":[45.743]},{"t":26,"s":[45.743]}],"ix":4}},"a":{"a":0,"k":[25.28,25.157,0],"ix":1},"s":{"a":0,"k":[100,100,100],"ix":6}},"ao":0,"shapes":[{"ty":"gr","it":[{"ind":0,"ty":"sh","ix":1,"ks":{"a":1,"k":[{"i":{"x":0.667,"y":1},"o":{"x":0.333,"y":0},"t":3,"s":[{"i":[[1.6,1.599],[0,0],[0.013,0.013],[0,0],[0.164,0.046],[0,0],[0.255,-0.257],[-0.099,-0.348],[0,0],[-0.12,-0.12],[0,0],[-0.013,-0.011],[0,0],[-1.6,1.6]],"o":[[0,0],[-0.012,-0.013],[0,0],[-0.12,-0.119],[0,0],[-0.349,-0.102],[-0.256,0.256],[0,0],[0.046,0.164],[0,0],[0.013,0.013],[0,0],[1.6,1.6],[1.6,-1.6]],"v":[[12.68,6.883],[12.314,6.516],[12.286,6.473],[-6.514,-12.227],[-6.947,-12.48],[-12.947,-14.18],[-13.926,-13.925],[-14.182,-12.946],[-12.482,-6.946],[-12.229,-6.513],[6.471,12.287],[6.514,12.314],[6.881,12.682],[12.68,12.682]],"c":true}]},{"i":{"x":0.667,"y":1},"o":{"x":0.333,"y":0},"t":5,"s":[{"i":[[1.6,1.599],[0,0],[0.013,0.013],[0,0],[0.164,0.046],[0,0],[0.255,-0.257],[-0.099,-0.348],[0,0],[-0.12,-0.12],[0,0],[-0.013,-0.011],[0,0],[-1.6,1.6]],"o":[[0,0],[-0.012,-0.013],[0,0],[-0.12,-0.119],[0,0],[-0.349,-0.102],[-0.256,0.256],[0,0],[0.046,0.164],[0,0],[0.013,0.013],[0,0],[1.6,1.6],[1.6,-1.6]],"v":[[12.68,6.883],[12.314,6.516],[12.285,6.473],[-7.611,-13.246],[-8.044,-13.499],[-14.044,-15.199],[-15.023,-14.944],[-15.278,-13.965],[-13.578,-7.965],[-13.325,-7.532],[6.471,12.287],[6.514,12.314],[6.88,12.682],[12.68,12.682]],"c":true}]},{"i":{"x":0.667,"y":1},"o":{"x":0.333,"y":0},"t":8,"s":[{"i":[[1.6,1.599],[0,0],[0.013,0.013],[0,0],[0.164,0.046],[0,0],[0.255,-0.257],[-0.099,-0.348],[0,0],[-0.12,-0.12],[0,0],[-0.013,-0.011],[0,0],[-1.6,1.6]],"o":[[0,0],[-0.012,-0.013],[0,0],[-0.12,-0.119],[0,0],[-0.349,-0.102],[-0.256,0.256],[0,0],[0.046,0.164],[0,0],[0.013,0.013],[0,0],[1.6,1.6],[1.6,-1.6]],"v":[[12.68,6.883],[12.314,6.516],[12.286,6.473],[-3.808,-9.368],[-4.241,-9.621],[-10.241,-11.321],[-11.22,-11.066],[-11.475,-10.087],[-9.775,-4.087],[-9.522,-3.654],[6.471,12.287],[6.514,12.314],[6.881,12.682],[12.68,12.682]],"c":true}]},{"i":{"x":0.667,"y":1},"o":{"x":0.333,"y":0},"t":10,"s":[{"i":[[1.6,1.599],[0,0],[0.013,0.013],[0,0],[0.164,0.046],[0,0],[0.255,-0.257],[-0.099,-0.348],[0,0],[-0.12,-0.12],[0,0],[-0.013,-0.011],[0,0],[-1.6,1.6]],"o":[[0,0],[-0.012,-0.013],[0,0],[-0.12,-0.119],[0,0],[-0.349,-0.102],[-0.256,0.256],[0,0],[0.046,0.164],[0,0],[0.013,0.013],[0,0],[1.6,1.6],[1.6,-1.6]],"v":[[12.68,6.883],[12.314,6.516],[12.286,6.473],[-2.87,-8.485],[-3.303,-8.738],[-9.303,-10.438],[-10.282,-10.183],[-10.537,-9.204],[-8.837,-3.204],[-8.584,-2.771],[6.471,12.287],[6.514,12.314],[6.881,12.682],[12.68,12.682]],"c":true}]},{"i":{"x":0.667,"y":1},"o":{"x":0.333,"y":0},"t":12,"s":[{"i":[[1.6,1.599],[0,0],[0.013,0.013],[0,0],[0.164,0.046],[0,0],[0.255,-0.257],[-0.099,-0.348],[0,0],[-0.12,-0.12],[0,0],[-0.013,-0.011],[0,0],[-1.6,1.6]],"o":[[0,0],[-0.012,-0.013],[0,0],[-0.12,-0.119],[0,0],[-0.349,-0.102],[-0.256,0.256],[0,0],[0.046,0.164],[0,0],[0.013,0.013],[0,0],[1.6,1.6],[1.6,-1.6]],"v":[[12.68,6.883],[12.314,6.516],[12.286,6.473],[-2.47,-8.089],[-2.903,-8.342],[-8.903,-10.042],[-9.882,-9.787],[-10.137,-8.808],[-8.437,-2.808],[-8.184,-2.375],[6.471,12.287],[6.514,12.314],[6.881,12.682],[12.68,12.682]],"c":true}]},{"i":{"x":0.667,"y":1},"o":{"x":0.333,"y":0},"t":14,"s":[{"i":[[1.6,1.599],[0,0],[0.013,0.013],[0,0],[0.164,0.046],[0,0],[0.255,-0.257],[-0.099,-0.348],[0,0],[-0.12,-0.12],[0,0],[-0.013,-0.011],[0,0],[-1.6,1.6]],"o":[[0,0],[-0.012,-0.013],[0,0],[-0.12,-0.119],[0,0],[-0.349,-0.102],[-0.256,0.256],[0,0],[0.046,0.164],[0,0],[0.013,0.013],[0,0],[1.6,1.6],[1.6,-1.6]],"v":[[12.68,6.883],[12.314,6.516],[12.286,6.473],[-3.691,-9.247],[-4.124,-9.5],[-10.124,-11.2],[-11.103,-10.945],[-11.358,-9.966],[-9.658,-3.966],[-9.405,-3.533],[6.471,12.287],[6.514,12.314],[6.881,12.682],[12.68,12.682]],"c":true}]},{"i":{"x":0.667,"y":1},"o":{"x":0.333,"y":0},"t":17,"s":[{"i":[[1.6,1.599],[0,0],[0.013,0.013],[0,0],[0.164,0.046],[0,0],[0.255,-0.257],[-0.099,-0.348],[0,0],[-0.12,-0.12],[0,0],[-0.013,-0.011],[0,0],[-1.6,1.6]],"o":[[0,0],[-0.012,-0.013],[0,0],[-0.12,-0.119],[0,0],[-0.349,-0.102],[-0.256,0.256],[0,0],[0.046,0.164],[0,0],[0.013,0.013],[0,0],[1.6,1.6],[1.6,-1.6]],"v":[[12.68,6.883],[12.314,6.516],[12.285,6.473],[-2.486,-8.086],[-2.919,-8.339],[-8.919,-10.039],[-9.898,-9.784],[-10.153,-8.805],[-8.453,-2.805],[-8.2,-2.372],[6.471,12.287],[6.514,12.314],[6.88,12.682],[12.68,12.682]],"c":true}]},{"i":{"x":0.667,"y":1},"o":{"x":0.333,"y":0},"t":19,"s":[{"i":[[1.6,1.599],[0,0],[0.013,0.013],[0,0],[0.164,0.046],[0,0],[0.255,-0.257],[-0.099,-0.348],[0,0],[-0.12,-0.12],[0,0],[-0.013,-0.011],[0,0],[-1.6,1.6]],"o":[[0,0],[-0.012,-0.013],[0,0],[-0.12,-0.119],[0,0],[-0.349,-0.102],[-0.256,0.256],[0,0],[0.046,0.164],[0,0],[0.013,0.013],[0,0],[1.6,1.6],[1.6,-1.6]],"v":[[12.68,6.883],[12.314,6.516],[12.286,6.473],[-2.87,-8.485],[-3.303,-8.738],[-9.303,-10.438],[-10.282,-10.183],[-10.537,-9.204],[-8.837,-3.204],[-8.584,-2.771],[6.471,12.287],[6.514,12.314],[6.881,12.682],[12.68,12.682]],"c":true}]},{"t":26,"s":[{"i":[[1.6,1.599],[0,0],[0.013,0.013],[0,0],[0.164,0.046],[0,0],[0.255,-0.257],[-0.099,-0.348],[0,0],[-0.12,-0.12],[0,0],[-0.013,-0.011],[0,0],[-1.6,1.6]],"o":[[0,0],[-0.012,-0.013],[0,0],[-0.12,-0.119],[0,0],[-0.349,-0.102],[-0.256,0.256],[0,0],[0.046,0.164],[0,0],[0.013,0.013],[0,0],[1.6,1.6],[1.6,-1.6]],"v":[[12.68,6.883],[12.314,6.516],[12.286,6.473],[-6.514,-12.227],[-6.947,-12.48],[-12.947,-14.18],[-13.926,-13.925],[-14.182,-12.946],[-12.482,-6.946],[-12.229,-6.513],[6.471,12.287],[6.514,12.314],[6.881,12.682],[12.68,12.682]],"c":true}]}],"ix":2},"nm":"Path 2","mn":"ADBE Vector Shape - Group","hd":false},{"ty":"mm","mm":1,"nm":"Merge Paths 1","mn":"ADBE Vector Filter - Merge","hd":false},{"ty":"st","c":{"a":0,"k":[1,0,0,1],"ix":3},"o":{"a":0,"k":100,"ix":4},"w":{"a":0,"k":4,"ix":5},"lc":1,"lj":1,"ml":4,"bm":0,"nm":"Stroke 1","mn":"ADBE Vector Graphic - Stroke","hd":false},{"ty":"fl","c":{"a":0,"k":[0.937254901961,0.095563237807,0.095563237807,1],"ix":4},"o":{"a":0,"k":100,"ix":5},"r":1,"bm":0,"nm":"Fill 1","mn":"ADBE Vector Graphic - Fill","hd":false},{"ty":"tr","p":{"a":0,"k":[14.53,14.532],"ix":2},"a":{"a":0,"k":[0,0],"ix":1},"s":{"a":0,"k":[100,100],"ix":3},"r":{"a":0,"k":0,"ix":6},"o":{"a":0,"k":100,"ix":7},"sk":{"a":0,"k":0,"ix":4},"sa":{"a":0,"k":0,"ix":5},"nm":"Transform"}],"nm":"Group 1","np":4,"cix":2,"bm":0,"ix":1,"mn":"ADBE Vector Group","hd":false}],"ip":0,"op":28,"st":0,"bm":0},{"ddd":0,"ind":4,"ty":4,"nm":"perforation","tt":2,"sr":1,"ks":{"o":{"a":0,"k":100,"ix":11},"r":{"a":0,"k":0,"ix":10},"p":{"a":1,"k":[{"i":{"x":0.667,"y":1},"o":{"x":0.333,"y":0},"t":3,"s":[25,17,0],"to":[0.417,0,0],"ti":[0,0,0]},{"i":{"x":0.667,"y":1},"o":{"x":0.333,"y":0},"t":14,"s":[27.5,17,0],"to":[0,0,0],"ti":[0.417,0,0]},{"t":25,"s":[25,17,0]}],"ix":2},"a":{"a":0,"k":[22.25,12.25,0],"ix":1},"s":{"a":0,"k":[100,100,100],"ix":6}},"ao":0,"shapes":[{"ty":"gr","it":[{"ind":0,"ty":"sh","ix":1,"ks":{"a":0,"k":{"i":[[0,0],[0,0],[0,0],[0,0]],"o":[[0,0],[0,0],[0,0],[0,0]],"v":[[-1,-1.5],[1,-1.5],[1,1.5],[-1,1.5]],"c":true},"ix":2},"nm":"Path 1","mn":"ADBE Vector Shape - Group","hd":false},{"ty":"fl","c":{"a":0,"k":[0,0,0,1],"ix":4},"o":{"a":0,"k":100,"ix":5},"r":1,"bm":0,"nm":"Fill 1","mn":"ADBE Vector Graphic - Fill","hd":false},{"ty":"tr","p":{"a":0,"k":[43.25,22.75],"ix":2},"a":{"a":0,"k":[0,0],"ix":1},"s":{"a":0,"k":[100,100],"ix":3},"r":{"a":0,"k":0,"ix":6},"o":{"a":0,"k":100,"ix":7},"sk":{"a":0,"k":0,"ix":4},"sa":{"a":0,"k":0,"ix":5},"nm":"Transform"}],"nm":"Group 1","np":2,"cix":2,"bm":0,"ix":1,"mn":"ADBE Vector Group","hd":false},{"ty":"gr","it":[{"ind":0,"ty":"sh","ix":1,"ks":{"a":0,"k":{"i":[[0,0],[0,0],[0,0],[0,0]],"o":[[0,0],[0,0],[0,0],[0,0]],"v":[[-1,-1.5],[1,-1.5],[1,1.5],[-1,1.5]],"c":true},"ix":2},"nm":"Path 1","mn":"ADBE Vector Shape - Group","hd":false},{"ty":"fl","c":{"a":0,"k":[0,0,0,1],"ix":4},"o":{"a":0,"k":100,"ix":5},"r":1,"bm":0,"nm":"Fill 1","mn":"ADBE Vector Graphic - Fill","hd":false},{"ty":"tr","p":{"a":0,"k":[37.25,22.75],"ix":2},"a":{"a":0,"k":[0,0],"ix":1},"s":{"a":0,"k":[100,100],"ix":3},"r":{"a":0,"k":0,"ix":6},"o":{"a":0,"k":100,"ix":7},"sk":{"a":0,"k":0,"ix":4},"sa":{"a":0,"k":0,"ix":5},"nm":"Transform"}],"nm":"Group 2","np":2,"cix":2,"bm":0,"ix":2,"mn":"ADBE Vector Group","hd":false},{"ty":"gr","it":[{"ind":0,"ty":"sh","ix":1,"ks":{"a":0,"k":{"i":[[0,0],[0,0],[0,0],[0,0]],"o":[[0,0],[0,0],[0,0],[0,0]],"v":[[-1,-1.5],[1,-1.5],[1,1.5],[-1,1.5]],"c":true},"ix":2},"nm":"Path 1","mn":"ADBE Vector Shape - Group","hd":false},{"ty":"fl","c":{"a":0,"k":[0,0,0,1],"ix":4},"o":{"a":0,"k":100,"ix":5},"r":1,"bm":0,"nm":"Fill 1","mn":"ADBE Vector Graphic - Fill","hd":false},{"ty":"tr","p":{"a":0,"k":[31.25,22.75],"ix":2},"a":{"a":0,"k":[0,0],"ix":1},"s":{"a":0,"k":[100,100],"ix":3},"r":{"a":0,"k":0,"ix":6},"o":{"a":0,"k":100,"ix":7},"sk":{"a":0,"k":0,"ix":4},"sa":{"a":0,"k":0,"ix":5},"nm":"Transform"}],"nm":"Group 3","np":2,"cix":2,"bm":0,"ix":3,"mn":"ADBE Vector Group","hd":false},{"ty":"gr","it":[{"ind":0,"ty":"sh","ix":1,"ks":{"a":0,"k":{"i":[[0,0],[0,0],[0,0],[0,0]],"o":[[0,0],[0,0],[0,0],[0,0]],"v":[[-1,-1.5],[1,-1.5],[1,1.5],[-1,1.5]],"c":true},"ix":2},"nm":"Path 1","mn":"ADBE Vector Shape - Group","hd":false},{"ty":"fl","c":{"a":0,"k":[0,0,0,1],"ix":4},"o":{"a":0,"k":100,"ix":5},"r":1,"bm":0,"nm":"Fill 1","mn":"ADBE Vector Graphic - Fill","hd":false},{"ty":"tr","p":{"a":0,"k":[25.25,22.75],"ix":2},"a":{"a":0,"k":[0,0],"ix":1},"s":{"a":0,"k":[100,100],"ix":3},"r":{"a":0,"k":0,"ix":6},"o":{"a":0,"k":100,"ix":7},"sk":{"a":0,"k":0,"ix":4},"sa":{"a":0,"k":0,"ix":5},"nm":"Transform"}],"nm":"Group 4","np":2,"cix":2,"bm":0,"ix":4,"mn":"ADBE Vector Group","hd":false},{"ty":"gr","it":[{"ind":0,"ty":"sh","ix":1,"ks":{"a":0,"k":{"i":[[0,0],[0,0],[0,0],[0,0]],"o":[[0,0],[0,0],[0,0],[0,0]],"v":[[-1,-1.5],[1,-1.5],[1,1.5],[-1,1.5]],"c":true},"ix":2},"nm":"Path 1","mn":"ADBE Vector Shape - Group","hd":false},{"ty":"fl","c":{"a":0,"k":[0,0,0,1],"ix":4},"o":{"a":0,"k":100,"ix":5},"r":1,"bm":0,"nm":"Fill 1","mn":"ADBE Vector Graphic - Fill","hd":false},{"ty":"tr","p":{"a":0,"k":[19.25,22.75],"ix":2},"a":{"a":0,"k":[0,0],"ix":1},"s":{"a":0,"k":[100,100],"ix":3},"r":{"a":0,"k":0,"ix":6},"o":{"a":0,"k":100,"ix":7},"sk":{"a":0,"k":0,"ix":4},"sa":{"a":0,"k":0,"ix":5},"nm":"Transform"}],"nm":"Group 5","np":2,"cix":2,"bm":0,"ix":5,"mn":"ADBE Vector Group","hd":false},{"ty":"gr","it":[{"ind":0,"ty":"sh","ix":1,"ks":{"a":0,"k":{"i":[[0,0],[0,0],[0,0],[0,0]],"o":[[0,0],[0,0],[0,0],[0,0]],"v":[[-1,-1.5],[1,-1.5],[1,1.5],[-1,1.5]],"c":true},"ix":2},"nm":"Path 1","mn":"ADBE Vector Shape - Group","hd":false},{"ty":"fl","c":{"a":0,"k":[0,0,0,1],"ix":4},"o":{"a":0,"k":100,"ix":5},"r":1,"bm":0,"nm":"Fill 1","mn":"ADBE Vector Graphic - Fill","hd":false},{"ty":"tr","p":{"a":0,"k":[13.25,22.75],"ix":2},"a":{"a":0,"k":[0,0],"ix":1},"s":{"a":0,"k":[100,100],"ix":3},"r":{"a":0,"k":0,"ix":6},"o":{"a":0,"k":100,"ix":7},"sk":{"a":0,"k":0,"ix":4},"sa":{"a":0,"k":0,"ix":5},"nm":"Transform"}],"nm":"Group 6","np":2,"cix":2,"bm":0,"ix":6,"mn":"ADBE Vector Group","hd":false},{"ty":"gr","it":[{"ind":0,"ty":"sh","ix":1,"ks":{"a":0,"k":{"i":[[0,0],[0,0],[0,0],[0,0]],"o":[[0,0],[0,0],[0,0],[0,0]],"v":[[-1,-1.5],[1,-1.5],[1,1.5],[-1,1.5]],"c":true},"ix":2},"nm":"Path 1","mn":"ADBE Vector Shape - Group","hd":false},{"ty":"fl","c":{"a":0,"k":[0,0,0,1],"ix":4},"o":{"a":0,"k":100,"ix":5},"r":1,"bm":0,"nm":"Fill 1","mn":"ADBE Vector Graphic - Fill","hd":false},{"ty":"tr","p":{"a":0,"k":[7.25,22.75],"ix":2},"a":{"a":0,"k":[0,0],"ix":1},"s":{"a":0,"k":[100,100],"ix":3},"r":{"a":0,"k":0,"ix":6},"o":{"a":0,"k":100,"ix":7},"sk":{"a":0,"k":0,"ix":4},"sa":{"a":0,"k":0,"ix":5},"nm":"Transform"}],"nm":"Group 7","np":2,"cix":2,"bm":0,"ix":7,"mn":"ADBE Vector Group","hd":false},{"ty":"gr","it":[{"ind":0,"ty":"sh","ix":1,"ks":{"a":0,"k":{"i":[[0,0],[0,0],[0,0],[0,0]],"o":[[0,0],[0,0],[0,0],[0,0]],"v":[[-1,-1.5],[1,-1.5],[1,1.5],[-1,1.5]],"c":true},"ix":2},"nm":"Path 1","mn":"ADBE Vector Shape - Group","hd":false},{"ty":"fl","c":{"a":0,"k":[0,0,0,1],"ix":4},"o":{"a":0,"k":100,"ix":5},"r":1,"bm":0,"nm":"Fill 1","mn":"ADBE Vector Graphic - Fill","hd":false},{"ty":"tr","p":{"a":0,"k":[1.25,22.75],"ix":2},"a":{"a":0,"k":[0,0],"ix":1},"s":{"a":0,"k":[100,100],"ix":3},"r":{"a":0,"k":0,"ix":6},"o":{"a":0,"k":100,"ix":7},"sk":{"a":0,"k":0,"ix":4},"sa":{"a":0,"k":0,"ix":5},"nm":"Transform"}],"nm":"Group 8","np":2,"cix":2,"bm":0,"ix":8,"mn":"ADBE Vector Group","hd":false},{"ty":"gr","it":[{"ind":0,"ty":"sh","ix":1,"ks":{"a":0,"k":{"i":[[0,0],[0,0],[0,0],[0,0]],"o":[[0,0],[0,0],[0,0],[0,0]],"v":[[-1,-1.5],[1,-1.5],[1,1.5],[-1,1.5]],"c":true},"ix":2},"nm":"Path 1","mn":"ADBE Vector Shape - Group","hd":false},{"ty":"fl","c":{"a":0,"k":[0,0,0,1],"ix":4},"o":{"a":0,"k":100,"ix":5},"r":1,"bm":0,"nm":"Fill 1","mn":"ADBE Vector Graphic - Fill","hd":false},{"ty":"tr","p":{"a":0,"k":[43.25,1.75],"ix":2},"a":{"a":0,"k":[0,0],"ix":1},"s":{"a":0,"k":[100,100],"ix":3},"r":{"a":0,"k":0,"ix":6},"o":{"a":0,"k":100,"ix":7},"sk":{"a":0,"k":0,"ix":4},"sa":{"a":0,"k":0,"ix":5},"nm":"Transform"}],"nm":"Group 9","np":2,"cix":2,"bm":0,"ix":9,"mn":"ADBE Vector Group","hd":false},{"ty":"gr","it":[{"ind":0,"ty":"sh","ix":1,"ks":{"a":0,"k":{"i":[[0,0],[0,0],[0,0],[0,0]],"o":[[0,0],[0,0],[0,0],[0,0]],"v":[[-1,-1.5],[1,-1.5],[1,1.5],[-1,1.5]],"c":true},"ix":2},"nm":"Path 1","mn":"ADBE Vector Shape - Group","hd":false},{"ty":"fl","c":{"a":0,"k":[0,0,0,1],"ix":4},"o":{"a":0,"k":100,"ix":5},"r":1,"bm":0,"nm":"Fill 1","mn":"ADBE Vector Graphic - Fill","hd":false},{"ty":"tr","p":{"a":0,"k":[37.25,1.75],"ix":2},"a":{"a":0,"k":[0,0],"ix":1},"s":{"a":0,"k":[100,100],"ix":3},"r":{"a":0,"k":0,"ix":6},"o":{"a":0,"k":100,"ix":7},"sk":{"a":0,"k":0,"ix":4},"sa":{"a":0,"k":0,"ix":5},"nm":"Transform"}],"nm":"Group 10","np":2,"cix":2,"bm":0,"ix":10,"mn":"ADBE Vector Group","hd":false},{"ty":"gr","it":[{"ind":0,"ty":"sh","ix":1,"ks":{"a":0,"k":{"i":[[0,0],[0,0],[0,0],[0,0]],"o":[[0,0],[0,0],[0,0],[0,0]],"v":[[-1,-1.5],[1,-1.5],[1,1.5],[-1,1.5]],"c":true},"ix":2},"nm":"Path 1","mn":"ADBE Vector Shape - Group","hd":false},{"ty":"fl","c":{"a":0,"k":[0,0,0,1],"ix":4},"o":{"a":0,"k":100,"ix":5},"r":1,"bm":0,"nm":"Fill 1","mn":"ADBE Vector Graphic - Fill","hd":false},{"ty":"tr","p":{"a":0,"k":[31.25,1.75],"ix":2},"a":{"a":0,"k":[0,0],"ix":1},"s":{"a":0,"k":[100,100],"ix":3},"r":{"a":0,"k":0,"ix":6},"o":{"a":0,"k":100,"ix":7},"sk":{"a":0,"k":0,"ix":4},"sa":{"a":0,"k":0,"ix":5},"nm":"Transform"}],"nm":"Group 11","np":2,"cix":2,"bm":0,"ix":11,"mn":"ADBE Vector Group","hd":false},{"ty":"gr","it":[{"ind":0,"ty":"sh","ix":1,"ks":{"a":0,"k":{"i":[[0,0],[0,0],[0,0],[0,0]],"o":[[0,0],[0,0],[0,0],[0,0]],"v":[[-1,-1.5],[1,-1.5],[1,1.5],[-1,1.5]],"c":true},"ix":2},"nm":"Path 1","mn":"ADBE Vector Shape - Group","hd":false},{"ty":"fl","c":{"a":0,"k":[0,0,0,1],"ix":4},"o":{"a":0,"k":100,"ix":5},"r":1,"bm":0,"nm":"Fill 1","mn":"ADBE Vector Graphic - Fill","hd":false},{"ty":"tr","p":{"a":0,"k":[25.25,1.75],"ix":2},"a":{"a":0,"k":[0,0],"ix":1},"s":{"a":0,"k":[100,100],"ix":3},"r":{"a":0,"k":0,"ix":6},"o":{"a":0,"k":100,"ix":7},"sk":{"a":0,"k":0,"ix":4},"sa":{"a":0,"k":0,"ix":5},"nm":"Transform"}],"nm":"Group 12","np":2,"cix":2,"bm":0,"ix":12,"mn":"ADBE Vector Group","hd":false},{"ty":"gr","it":[{"ind":0,"ty":"sh","ix":1,"ks":{"a":0,"k":{"i":[[0,0],[0,0],[0,0],[0,0]],"o":[[0,0],[0,0],[0,0],[0,0]],"v":[[-1,-1.5],[1,-1.5],[1,1.5],[-1,1.5]],"c":true},"ix":2},"nm":"Path 1","mn":"ADBE Vector Shape - Group","hd":false},{"ty":"fl","c":{"a":0,"k":[0,0,0,1],"ix":4},"o":{"a":0,"k":100,"ix":5},"r":1,"bm":0,"nm":"Fill 1","mn":"ADBE Vector Graphic - Fill","hd":false},{"ty":"tr","p":{"a":0,"k":[19.25,1.75],"ix":2},"a":{"a":0,"k":[0,0],"ix":1},"s":{"a":0,"k":[100,100],"ix":3},"r":{"a":0,"k":0,"ix":6},"o":{"a":0,"k":100,"ix":7},"sk":{"a":0,"k":0,"ix":4},"sa":{"a":0,"k":0,"ix":5},"nm":"Transform"}],"nm":"Group 13","np":2,"cix":2,"bm":0,"ix":13,"mn":"ADBE Vector Group","hd":false},{"ty":"gr","it":[{"ind":0,"ty":"sh","ix":1,"ks":{"a":0,"k":{"i":[[0,0],[0,0],[0,0],[0,0]],"o":[[0,0],[0,0],[0,0],[0,0]],"v":[[-1,-1.5],[1,-1.5],[1,1.5],[-1,1.5]],"c":true},"ix":2},"nm":"Path 1","mn":"ADBE Vector Shape - Group","hd":false},{"ty":"fl","c":{"a":0,"k":[0,0,0,1],"ix":4},"o":{"a":0,"k":100,"ix":5},"r":1,"bm":0,"nm":"Fill 1","mn":"ADBE Vector Graphic - Fill","hd":false},{"ty":"tr","p":{"a":0,"k":[13.25,1.75],"ix":2},"a":{"a":0,"k":[0,0],"ix":1},"s":{"a":0,"k":[100,100],"ix":3},"r":{"a":0,"k":0,"ix":6},"o":{"a":0,"k":100,"ix":7},"sk":{"a":0,"k":0,"ix":4},"sa":{"a":0,"k":0,"ix":5},"nm":"Transform"}],"nm":"Group 14","np":2,"cix":2,"bm":0,"ix":14,"mn":"ADBE Vector Group","hd":false},{"ty":"gr","it":[{"ind":0,"ty":"sh","ix":1,"ks":{"a":0,"k":{"i":[[0,0],[0,0],[0,0],[0,0]],"o":[[0,0],[0,0],[0,0],[0,0]],"v":[[-1,-1.5],[1,-1.5],[1,1.5],[-1,1.5]],"c":true},"ix":2},"nm":"Path 1","mn":"ADBE Vector Shape - Group","hd":false},{"ty":"fl","c":{"a":0,"k":[0,0,0,1],"ix":4},"o":{"a":0,"k":100,"ix":5},"r":1,"bm":0,"nm":"Fill 1","mn":"ADBE Vector Graphic - Fill","hd":false},{"ty":"tr","p":{"a":0,"k":[7.25,1.75],"ix":2},"a":{"a":0,"k":[0,0],"ix":1},"s":{"a":0,"k":[100,100],"ix":3},"r":{"a":0,"k":0,"ix":6},"o":{"a":0,"k":100,"ix":7},"sk":{"a":0,"k":0,"ix":4},"sa":{"a":0,"k":0,"ix":5},"nm":"Transform"}],"nm":"Group 15","np":2,"cix":2,"bm":0,"ix":15,"mn":"ADBE Vector Group","hd":false},{"ty":"gr","it":[{"ind":0,"ty":"sh","ix":1,"ks":{"a":0,"k":{"i":[[0,0],[0,0],[0,0],[0,0]],"o":[[0,0],[0,0],[0,0],[0,0]],"v":[[-1,-1.5],[1,-1.5],[1,1.5],[-1,1.5]],"c":true},"ix":2},"nm":"Path 1","mn":"ADBE Vector Shape - Group","hd":false},{"ty":"fl","c":{"a":0,"k":[0,0,0,1],"ix":4},"o":{"a":0,"k":100,"ix":5},"r":1,"bm":0,"nm":"Fill 1","mn":"ADBE Vector Graphic - Fill","hd":false},{"ty":"tr","p":{"a":0,"k":[1.25,1.75],"ix":2},"a":{"a":0,"k":[0,0],"ix":1},"s":{"a":0,"k":[100,100],"ix":3},"r":{"a":0,"k":0,"ix":6},"o":{"a":0,"k":100,"ix":7},"sk":{"a":0,"k":0,"ix":4},"sa":{"a":0,"k":0,"ix":5},"nm":"Transform"}],"nm":"Group 16","np":2,"cix":2,"bm":0,"ix":16,"mn":"ADBE Vector Group","hd":false}],"ip":0,"op":28,"st":0,"bm":0},{"ddd":0,"ind":5,"ty":4,"nm":"mask2","td":1,"sr":1,"ks":{"o":{"a":0,"k":100,"ix":11},"r":{"a":1,"k":[{"i":{"x":[0.667],"y":[1]},"o":{"x":[0.333],"y":[0]},"t":3,"s":[0]},{"i":{"x":[0.667],"y":[1]},"o":{"x":[0.333],"y":[0]},"t":5,"s":[7.773]},{"i":{"x":[0.667],"y":[1]},"o":{"x":[0.333],"y":[0]},"t":12,"s":[43.777]},{"i":{"x":[0.667],"y":[1]},"o":{"x":[0.333],"y":[0]},"t":14,"s":[67.097]},{"i":{"x":[0.667],"y":[1]},"o":{"x":[0.333],"y":[0]},"t":19,"s":[36.781]},{"i":{"x":[0.667],"y":[1]},"o":{"x":[0.333],"y":[0]},"t":22,"s":[7.773]},{"t":26,"s":[0]}],"ix":10},"p":{"s":true,"x":{"a":1,"k":[{"i":{"x":[0.667],"y":[1]},"o":{"x":[0.333],"y":[0]},"t":3,"s":[37.883]},{"i":{"x":[0.667],"y":[1]},"o":{"x":[0.333],"y":[0]},"t":5,"s":[29.369]},{"i":{"x":[0.667],"y":[1]},"o":{"x":[0.333],"y":[0]},"t":22,"s":[29.369]},{"t":26,"s":[37.869]}],"ix":3},"y":{"a":1,"k":[{"i":{"x":[0.667],"y":[1]},"o":{"x":[0.333],"y":[0]},"t":3,"s":[45.743]},{"t":26,"s":[45.743]}],"ix":4}},"a":{"a":0,"k":[25.28,25.157,0],"ix":1},"s":{"a":0,"k":[100,100,100],"ix":6}},"ao":0,"shapes":[{"ty":"gr","it":[{"ind":0,"ty":"sh","ix":1,"ks":{"a":0,"k":{"i":[[0,0]],"o":[[0,0]],"v":[[79.364,13.745]],"c":false},"ix":2},"nm":"Path 1","mn":"ADBE Vector Shape - Group","hd":false},{"ty":"st","c":{"a":0,"k":[1,0,0,1],"ix":3},"o":{"a":0,"k":100,"ix":4},"w":{"a":0,"k":4,"ix":5},"lc":1,"lj":1,"ml":4,"bm":0,"nm":"Stroke 1","mn":"ADBE Vector Graphic - Stroke","hd":false},{"ty":"fl","c":{"a":0,"k":[0.937254901961,0.095563237807,0.095563237807,1],"ix":4},"o":{"a":0,"k":100,"ix":5},"r":1,"bm":0,"nm":"Fill 1","mn":"ADBE Vector Graphic - Fill","hd":false},{"ty":"tr","p":{"a":0,"k":[0,0],"ix":2},"a":{"a":0,"k":[0,0],"ix":1},"s":{"a":0,"k":[100,100],"ix":3},"r":{"a":0,"k":0,"ix":6},"o":{"a":0,"k":100,"ix":7},"sk":{"a":0,"k":0,"ix":4},"sa":{"a":0,"k":0,"ix":5},"nm":"Transform"}],"nm":"Shape 1","np":3,"cix":2,"bm":0,"ix":1,"mn":"ADBE Vector Group","hd":false},{"ty":"gr","it":[{"ind":0,"ty":"sh","ix":1,"ks":{"a":1,"k":[{"i":{"x":0.667,"y":1},"o":{"x":0.333,"y":0},"t":3,"s":[{"i":[[1.6,1.599],[0,0],[0.013,0.013],[0,0],[0.164,0.046],[0,0],[0.255,-0.257],[-0.099,-0.348],[0,0],[-0.12,-0.12],[0,0],[-0.013,-0.011],[0,0],[-1.6,1.6]],"o":[[0,0],[-0.012,-0.013],[0,0],[-0.12,-0.119],[0,0],[-0.349,-0.102],[-0.256,0.256],[0,0],[0.046,0.164],[0,0],[0.013,0.013],[0,0],[1.6,1.6],[1.6,-1.6]],"v":[[12.68,6.883],[12.314,6.516],[12.286,6.473],[-6.514,-12.227],[-6.947,-12.48],[-12.947,-14.18],[-13.926,-13.925],[-14.182,-12.946],[-12.482,-6.946],[-12.229,-6.513],[6.471,12.287],[6.514,12.314],[6.881,12.682],[12.68,12.682]],"c":true}]},{"i":{"x":0.667,"y":1},"o":{"x":0.333,"y":0},"t":5,"s":[{"i":[[1.6,1.599],[0,0],[0.013,0.013],[0,0],[0.164,0.046],[0,0],[0.255,-0.257],[-0.099,-0.348],[0,0],[-0.12,-0.12],[0,0],[-0.013,-0.011],[0,0],[-1.6,1.6]],"o":[[0,0],[-0.012,-0.013],[0,0],[-0.12,-0.119],[0,0],[-0.349,-0.102],[-0.256,0.256],[0,0],[0.046,0.164],[0,0],[0.013,0.013],[0,0],[1.6,1.6],[1.6,-1.6]],"v":[[12.68,6.883],[12.314,6.516],[12.285,6.473],[-7.611,-13.246],[-8.044,-13.499],[-14.044,-15.199],[-15.023,-14.944],[-15.278,-13.965],[-13.578,-7.965],[-13.325,-7.532],[6.471,12.287],[6.514,12.314],[6.88,12.682],[12.68,12.682]],"c":true}]},{"i":{"x":0.667,"y":1},"o":{"x":0.333,"y":0},"t":8,"s":[{"i":[[1.6,1.599],[0,0],[0.013,0.013],[0,0],[0.164,0.046],[0,0],[0.255,-0.257],[-0.099,-0.348],[0,0],[-0.12,-0.12],[0,0],[-0.013,-0.011],[0,0],[-1.6,1.6]],"o":[[0,0],[-0.012,-0.013],[0,0],[-0.12,-0.119],[0,0],[-0.349,-0.102],[-0.256,0.256],[0,0],[0.046,0.164],[0,0],[0.013,0.013],[0,0],[1.6,1.6],[1.6,-1.6]],"v":[[12.68,6.883],[12.314,6.516],[12.286,6.473],[-3.808,-9.368],[-4.241,-9.621],[-10.241,-11.321],[-11.22,-11.066],[-11.475,-10.087],[-9.775,-4.087],[-9.522,-3.654],[6.471,12.287],[6.514,12.314],[6.881,12.682],[12.68,12.682]],"c":true}]},{"i":{"x":0.667,"y":1},"o":{"x":0.333,"y":0},"t":10,"s":[{"i":[[1.6,1.599],[0,0],[0.013,0.013],[0,0],[0.164,0.046],[0,0],[0.255,-0.257],[-0.099,-0.348],[0,0],[-0.12,-0.12],[0,0],[-0.013,-0.011],[0,0],[-1.6,1.6]],"o":[[0,0],[-0.012,-0.013],[0,0],[-0.12,-0.119],[0,0],[-0.349,-0.102],[-0.256,0.256],[0,0],[0.046,0.164],[0,0],[0.013,0.013],[0,0],[1.6,1.6],[1.6,-1.6]],"v":[[12.68,6.883],[12.314,6.516],[12.286,6.473],[-2.87,-8.485],[-3.303,-8.738],[-9.303,-10.438],[-10.282,-10.183],[-10.537,-9.204],[-8.837,-3.204],[-8.584,-2.771],[6.471,12.287],[6.514,12.314],[6.881,12.682],[12.68,12.682]],"c":true}]},{"i":{"x":0.667,"y":1},"o":{"x":0.333,"y":0},"t":12,"s":[{"i":[[1.6,1.599],[0,0],[0.013,0.013],[0,0],[0.164,0.046],[0,0],[0.255,-0.257],[-0.099,-0.348],[0,0],[-0.12,-0.12],[0,0],[-0.013,-0.011],[0,0],[-1.6,1.6]],"o":[[0,0],[-0.012,-0.013],[0,0],[-0.12,-0.119],[0,0],[-0.349,-0.102],[-0.256,0.256],[0,0],[0.046,0.164],[0,0],[0.013,0.013],[0,0],[1.6,1.6],[1.6,-1.6]],"v":[[12.68,6.883],[12.314,6.516],[12.286,6.473],[-2.47,-8.089],[-2.903,-8.342],[-8.903,-10.042],[-9.882,-9.787],[-10.137,-8.808],[-8.437,-2.808],[-8.184,-2.375],[6.471,12.287],[6.514,12.314],[6.881,12.682],[12.68,12.682]],"c":true}]},{"i":{"x":0.667,"y":1},"o":{"x":0.333,"y":0},"t":14,"s":[{"i":[[1.6,1.599],[0,0],[0.013,0.013],[0,0],[0.164,0.046],[0,0],[0.255,-0.257],[-0.099,-0.348],[0,0],[-0.12,-0.12],[0,0],[-0.013,-0.011],[0,0],[-1.6,1.6]],"o":[[0,0],[-0.012,-0.013],[0,0],[-0.12,-0.119],[0,0],[-0.349,-0.102],[-0.256,0.256],[0,0],[0.046,0.164],[0,0],[0.013,0.013],[0,0],[1.6,1.6],[1.6,-1.6]],"v":[[12.68,6.883],[12.314,6.516],[12.286,6.473],[-3.691,-9.247],[-4.124,-9.5],[-10.124,-11.2],[-11.103,-10.945],[-11.358,-9.966],[-9.658,-3.966],[-9.405,-3.533],[6.471,12.287],[6.514,12.314],[6.881,12.682],[12.68,12.682]],"c":true}]},{"i":{"x":0.667,"y":1},"o":{"x":0.333,"y":0},"t":17,"s":[{"i":[[1.6,1.599],[0,0],[0.013,0.013],[0,0],[0.164,0.046],[0,0],[0.255,-0.257],[-0.099,-0.348],[0,0],[-0.12,-0.12],[0,0],[-0.013,-0.011],[0,0],[-1.6,1.6]],"o":[[0,0],[-0.012,-0.013],[0,0],[-0.12,-0.119],[0,0],[-0.349,-0.102],[-0.256,0.256],[0,0],[0.046,0.164],[0,0],[0.013,0.013],[0,0],[1.6,1.6],[1.6,-1.6]],"v":[[12.68,6.883],[12.314,6.516],[12.285,6.473],[-2.486,-8.086],[-2.919,-8.339],[-8.919,-10.039],[-9.898,-9.784],[-10.153,-8.805],[-8.453,-2.805],[-8.2,-2.372],[6.471,12.287],[6.514,12.314],[6.88,12.682],[12.68,12.682]],"c":true}]},{"i":{"x":0.667,"y":1},"o":{"x":0.333,"y":0},"t":19,"s":[{"i":[[1.6,1.599],[0,0],[0.013,0.013],[0,0],[0.164,0.046],[0,0],[0.255,-0.257],[-0.099,-0.348],[0,0],[-0.12,-0.12],[0,0],[-0.013,-0.011],[0,0],[-1.6,1.6]],"o":[[0,0],[-0.012,-0.013],[0,0],[-0.12,-0.119],[0,0],[-0.349,-0.102],[-0.256,0.256],[0,0],[0.046,0.164],[0,0],[0.013,0.013],[0,0],[1.6,1.6],[1.6,-1.6]],"v":[[12.68,6.883],[12.314,6.516],[12.286,6.473],[-2.87,-8.485],[-3.303,-8.738],[-9.303,-10.438],[-10.282,-10.183],[-10.537,-9.204],[-8.837,-3.204],[-8.584,-2.771],[6.471,12.287],[6.514,12.314],[6.881,12.682],[12.68,12.682]],"c":true}]},{"t":26,"s":[{"i":[[1.6,1.599],[0,0],[0.013,0.013],[0,0],[0.164,0.046],[0,0],[0.255,-0.257],[-0.099,-0.348],[0,0],[-0.12,-0.12],[0,0],[-0.013,-0.011],[0,0],[-1.6,1.6]],"o":[[0,0],[-0.012,-0.013],[0,0],[-0.12,-0.119],[0,0],[-0.349,-0.102],[-0.256,0.256],[0,0],[0.046,0.164],[0,0],[0.013,0.013],[0,0],[1.6,1.6],[1.6,-1.6]],"v":[[12.68,6.883],[12.314,6.516],[12.286,6.473],[-6.514,-12.227],[-6.947,-12.48],[-12.947,-14.18],[-13.926,-13.925],[-14.182,-12.946],[-12.482,-6.946],[-12.229,-6.513],[6.471,12.287],[6.514,12.314],[6.881,12.682],[12.68,12.682]],"c":true}]}],"ix":2},"nm":"Path 2","mn":"ADBE Vector Shape - Group","hd":false},{"ty":"mm","mm":1,"nm":"Merge Paths 1","mn":"ADBE Vector Filter - Merge","hd":false},{"ty":"st","c":{"a":0,"k":[1,0,0,1],"ix":3},"o":{"a":0,"k":100,"ix":4},"w":{"a":0,"k":4,"ix":5},"lc":1,"lj":1,"ml":4,"bm":0,"nm":"Stroke 1","mn":"ADBE Vector Graphic - Stroke","hd":false},{"ty":"fl","c":{"a":0,"k":[0.937254901961,0.095563237807,0.095563237807,1],"ix":4},"o":{"a":0,"k":100,"ix":5},"r":1,"bm":0,"nm":"Fill 1","mn":"ADBE Vector Graphic - Fill","hd":false},{"ty":"tr","p":{"a":0,"k":[14.53,14.532],"ix":2},"a":{"a":0,"k":[0,0],"ix":1},"s":{"a":0,"k":[100,100],"ix":3},"r":{"a":0,"k":0,"ix":6},"o":{"a":0,"k":100,"ix":7},"sk":{"a":0,"k":0,"ix":4},"sa":{"a":0,"k":0,"ix":5},"nm":"Transform"}],"nm":"Group 1","np":4,"cix":2,"bm":0,"ix":2,"mn":"ADBE Vector Group","hd":false}],"ip":0,"op":28,"st":0,"bm":0},{"ddd":0,"ind":6,"ty":4,"nm":"frame","tt":2,"sr":1,"ks":{"o":{"a":0,"k":100,"ix":11},"r":{"a":0,"k":0,"ix":10},"p":{"a":0,"k":[25,17,0],"ix":2},"a":{"a":0,"k":[25.414,15.414,0],"ix":1},"s":{"a":0,"k":[100,100,100],"ix":6}},"ao":0,"shapes":[{"ty":"gr","it":[{"ind":0,"ty":"sh","ix":1,"ks":{"a":0,"k":{"i":[[0,0],[0,0],[0,0],[0,0]],"o":[[0,0],[0,0],[0,0],[0,0]],"v":[[24,14],[-24,14],[-24,-14],[24,-14]],"c":true},"ix":2},"nm":"Path 1","mn":"ADBE Vector Shape - Group","hd":false},{"ty":"st","c":{"a":0,"k":[0,0,0,1],"ix":3},"o":{"a":0,"k":100,"ix":4},"w":{"a":0,"k":2,"ix":5},"lc":1,"lj":1,"ml":10,"bm":0,"nm":"Stroke 1","mn":"ADBE Vector Graphic - Stroke","hd":false},{"ty":"tr","p":{"a":0,"k":[25.414,15.414],"ix":2},"a":{"a":0,"k":[0,0],"ix":1},"s":{"a":0,"k":[100,100],"ix":3},"r":{"a":0,"k":0,"ix":6},"o":{"a":0,"k":100,"ix":7},"sk":{"a":0,"k":0,"ix":4},"sa":{"a":0,"k":0,"ix":5},"nm":"Transform"}],"nm":"Group 1","np":2,"cix":2,"bm":0,"ix":1,"mn":"ADBE Vector Group","hd":false}],"ip":0,"op":28,"st":0,"bm":0}],"markers":[]}