{"v":"5.4.4","fr":24,"ip":0,"op":28,"w":50,"h":50,"nm":"people","ddd":0,"assets":[],"layers":[{"ddd":0,"ind":1,"ty":4,"nm":"Person Front","sr":1,"ks":{"o":{"a":0,"k":100,"ix":11},"r":{"a":0,"k":0,"ix":10},"p":{"a":0,"k":[25,25,0],"ix":2},"a":{"a":0,"k":[25,25,0],"ix":1},"s":{"a":0,"k":[100,100,100],"ix":6}},"ao":0,"shapes":[{"ty":"gr","it":[{"ind":0,"ty":"sh","ix":1,"ks":{"a":0,"k":{"i":[[1.6,4.2],[0,1.3],[-0.2,1.8],[-0.301,2],[0.399,0.1],[5.901,0],[0,0],[-2.401,-5.5],[-0.1,-1.1],[-0.5,-0.1],[-0.7,-0.301],[0.1,-1.4],[0.5,-8.3],[0,0]],"o":[[-0.101,-1.5],[0.701,-0.301],[0.5,0],[0.1,-1.1],[1.599,-2],[0,0],[-8.399,0],[-0.3,0.2],[0.2,2],[0.199,1.9],[0,1.3],[-1.6,4.2],[0,0],[-0.5,-8.3]],"v":[[4.4,6.7],[4.299,2.9],[6.299,-1.5],[7.9,-4.1],[7.201,-6],[2.6,-16.2],[1.799,-18],[-7.299,-6],[-7.999,-4.1],[-6.4,-1.5],[-4.299,2.9],[-4.4,6.7],[-17.1,18],[17.1,18]],"c":true},"ix":2},"nm":"Path 1","mn":"ADBE Vector Shape - Group","hd":false},{"ty":"st","c":{"a":0,"k":[0,0,0,1],"ix":3},"o":{"a":0,"k":100,"ix":4},"w":{"a":0,"k":2,"ix":5},"lc":2,"lj":2,"bm":0,"nm":"Stroke 1","mn":"ADBE Vector Graphic - Stroke","hd":false},{"ty":"tr","p":{"a":0,"k":[25,24],"ix":2},"a":{"a":0,"k":[0,0],"ix":1},"s":{"a":0,"k":[100,100],"ix":3},"r":{"a":0,"k":0,"ix":6},"o":{"a":0,"k":100,"ix":7},"sk":{"a":0,"k":0,"ix":4},"sa":{"a":0,"k":0,"ix":5},"nm":"Transform"}],"nm":"Group 3","np":2,"cix":2,"bm":0,"ix":1,"mn":"ADBE Vector Group","hd":false}],"ip":0,"op":28,"st":0,"bm":0},{"ddd":0,"ind":2,"ty":4,"nm":"Person Front Mask 1","td":1,"sr":1,"ks":{"o":{"a":0,"k":100,"ix":11},"r":{"a":0,"k":0,"ix":10},"p":{"a":0,"k":[25,25,0],"ix":2},"a":{"a":0,"k":[25,25,0],"ix":1},"s":{"a":0,"k":[100,100,100],"ix":6}},"ao":0,"shapes":[{"ty":"gr","it":[{"ind":0,"ty":"sh","ix":1,"ks":{"a":0,"k":{"i":[[1.6,4.2],[0,1.3],[-0.2,1.8],[-0.301,2],[0.399,0.1],[5.901,0],[0,0],[-2.401,-5.5],[-0.1,-1.1],[-0.5,-0.1],[-0.7,-0.301],[0.1,-1.4],[0.5,-8.3],[0,0]],"o":[[-0.101,-1.5],[0.701,-0.301],[0.5,0],[0.1,-1.1],[1.599,-2],[0,0],[-8.399,0],[-0.3,0.2],[0.2,2],[0.199,1.9],[0,1.3],[-1.6,4.2],[0,0],[-0.5,-8.3]],"v":[[4.4,6.7],[4.299,2.9],[6.299,-1.5],[7.9,-4.1],[7.201,-6],[2.6,-16.2],[1.799,-18],[-7.299,-6],[-7.999,-4.1],[-6.4,-1.5],[-4.299,2.9],[-4.4,6.7],[-17.1,18],[17.1,18]],"c":true},"ix":2},"nm":"Path 1","mn":"ADBE Vector Shape - Group","hd":false},{"ty":"fl","c":{"a":0,"k":[0,0,0,1],"ix":4},"o":{"a":0,"k":100,"ix":5},"r":1,"bm":0,"nm":"Fill 1","mn":"ADBE Vector Graphic - Fill","hd":false},{"ty":"tr","p":{"a":0,"k":[25,24],"ix":2},"a":{"a":0,"k":[0,0],"ix":1},"s":{"a":0,"k":[100,100],"ix":3},"r":{"a":0,"k":0,"ix":6},"o":{"a":0,"k":100,"ix":7},"sk":{"a":0,"k":0,"ix":4},"sa":{"a":0,"k":0,"ix":5},"nm":"Transform"}],"nm":"Group 3","np":2,"cix":2,"bm":0,"ix":1,"mn":"ADBE Vector Group","hd":false}],"ip":0,"op":28,"st":0,"bm":0},{"ddd":0,"ind":3,"ty":4,"nm":"Person Back 1","tt":2,"sr":1,"ks":{"o":{"a":0,"k":100,"ix":11},"r":{"a":0,"k":0,"ix":10},"p":{"a":1,"k":[{"i":{"x":0.833,"y":0.833},"o":{"x":0.333,"y":0},"t":3,"s":[25,25,0],"e":[39,25,0],"to":[0,0,0],"ti":[0,0,0]},{"i":{"x":0.833,"y":0.833},"o":{"x":0.167,"y":0.167},"t":11,"s":[39,25,0],"e":[39,25,0],"to":[0,0,0],"ti":[0,0,0]},{"i":{"x":0.667,"y":1},"o":{"x":0.167,"y":0.167},"t":17,"s":[39,25,0],"e":[25,25,0],"to":[0,0,0],"ti":[0,0,0]},{"t":25}],"ix":2},"a":{"a":0,"k":[25,25,0],"ix":1},"s":{"a":0,"k":[100,100,100],"ix":6}},"ao":0,"shapes":[{"ty":"gr","it":[{"ind":0,"ty":"sh","ix":1,"ks":{"a":0,"k":{"i":[[-0.001,0],[0.001,-0.001]],"o":[[-0.001,0],[0.001,-0.001]],"v":[[-0.162,1.144],[-0.164,1.145]],"c":true},"ix":2},"nm":"Path 1","mn":"ADBE Vector Shape - Group","hd":false},{"ind":1,"ty":"sh","ix":2,"ks":{"a":0,"k":{"i":[[0,0],[0,0]],"o":[[0,0],[0,0]],"v":[[0.089,2.75],[0.09,2.75]],"c":true},"ix":2},"nm":"Path 2","mn":"ADBE Vector Shape - Group","hd":false},{"ind":2,"ty":"sh","ix":3,"ks":{"a":0,"k":{"i":[],"o":[],"v":[],"c":true},"ix":2},"nm":"Path 3","mn":"ADBE Vector Shape - Group","hd":false},{"ind":3,"ty":"sh","ix":4,"ks":{"a":0,"k":{"i":[[0.552,0],[0,0],[0.189,0.201],[-0.017,0.275],[-2.617,1.063],[-0.4,0.848],[-0.001,0.751],[0.264,1.15],[0.198,1.584],[-0.264,0.449],[-1.237,1.898],[-3.305,0],[-0.169,-0.338],[0,0],[-0.226,-0.075],[0.174,-0.524],[0.527,0.176],[0.201,0],[0.17,0.339],[0,0],[0.997,-1.531],[-0.809,-1.832],[0.39,-0.268],[-0.036,-0.332],[-0.07,-0.089],[-0.06,-0.453],[-0.264,-0.226],[0,-0.351],[0.103,-1.242],[0.03,-0.083],[1.939,-0.787],[0.624,-2.378],[0,0],[0,-0.552]],"o":[[0,0],[-0.276,0],[-0.189,-0.201],[0.278,-4.456],[1.455,-0.591],[0.07,-0.905],[-0.64,-0.728],[-0.532,-0.321],[-0.084,-0.749],[-0.812,-2.287],[1.465,-2.249],[0.379,0],[0,0],[0.226,0.019],[0.524,0.175],[-0.175,0.523],[-0.146,-0.048],[-0.379,0],[0,0],[-2.313,0.133],[-0.975,1.496],[0.197,0.445],[-0.034,0.059],[0.093,0.738],[0.442,0.059],[0.166,1.247],[0.301,0.181],[0,1.029],[-0.008,0.088],[-0.634,1.743],[-2.28,0.924],[0,0],[0.552,0],[0,0.553]],"v":[[-1.111,20.05],[-8.111,20.05],[-8.84,19.735],[-9.109,18.988],[-2.628,12.013],[0.605,10.015],[0.688,7.683],[-0.789,4.497],[-2.103,1.874],[-1.765,0.056],[-1.109,-6.562],[6.289,-10.049],[7.183,-9.497],[7.616,-8.63],[8.305,-8.498],[8.938,-7.233],[7.672,-6.601],[6.989,-6.649],[6.094,-7.202],[5.679,-8.032],[0.567,-5.47],[0.303,-0.154],[-0.043,1.073],[-0.118,1.64],[0.221,2.759],[1.08,3.619],[2.242,6.419],[2.689,7.25],[2.586,10.333],[2.529,10.592],[-1.875,13.867],[-6.947,18.05],[-1.111,18.05],[-0.111,19.05]],"c":true},"ix":2},"nm":"Path 4","mn":"ADBE Vector Shape - Group","hd":false},{"ty":"mm","mm":1,"nm":"Merge Paths 1","mn":"ADBE Vector Filter - Merge","hd":false},{"ty":"fl","c":{"a":0,"k":[0,0,0,1],"ix":4},"o":{"a":0,"k":100,"ix":5},"r":1,"bm":0,"nm":"Fill 1","mn":"ADBE Vector Graphic - Fill","hd":false},{"ty":"tr","p":{"a":0,"k":[9.112,20.05],"ix":2},"a":{"a":0,"k":[0,0],"ix":1},"s":{"a":0,"k":[100,100],"ix":3},"r":{"a":0,"k":0,"ix":6},"o":{"a":0,"k":100,"ix":7},"sk":{"a":0,"k":0,"ix":4},"sa":{"a":0,"k":0,"ix":5},"nm":"Transform"}],"nm":"Group 2","np":8,"cix":2,"bm":0,"ix":1,"mn":"ADBE Vector Group","hd":false}],"ip":0,"op":28,"st":0,"bm":0},{"ddd":0,"ind":4,"ty":4,"nm":"Person Front Mask 2","td":1,"sr":1,"ks":{"o":{"a":0,"k":100,"ix":11},"r":{"a":0,"k":0,"ix":10},"p":{"a":0,"k":[25,25,0],"ix":2},"a":{"a":0,"k":[25,25,0],"ix":1},"s":{"a":0,"k":[100,100,100],"ix":6}},"ao":0,"shapes":[{"ty":"gr","it":[{"ind":0,"ty":"sh","ix":1,"ks":{"a":0,"k":{"i":[[1.6,4.2],[0,1.3],[-0.2,1.8],[-0.301,2],[0.399,0.1],[5.901,0],[0,0],[-2.401,-5.5],[-0.1,-1.1],[-0.5,-0.1],[-0.7,-0.301],[0.1,-1.4],[0.5,-8.3],[0,0]],"o":[[-0.101,-1.5],[0.701,-0.301],[0.5,0],[0.1,-1.1],[1.599,-2],[0,0],[-8.399,0],[-0.3,0.2],[0.2,2],[0.199,1.9],[0,1.3],[-1.6,4.2],[0,0],[-0.5,-8.3]],"v":[[4.4,6.7],[4.299,2.9],[6.299,-1.5],[7.9,-4.1],[7.201,-6],[2.6,-16.2],[1.799,-18],[-7.299,-6],[-7.999,-4.1],[-6.4,-1.5],[-4.299,2.9],[-4.4,6.7],[-17.1,18],[17.1,18]],"c":true},"ix":2},"nm":"Path 1","mn":"ADBE Vector Shape - Group","hd":false},{"ty":"fl","c":{"a":0,"k":[0,0,0,1],"ix":4},"o":{"a":0,"k":100,"ix":5},"r":1,"bm":0,"nm":"Fill 1","mn":"ADBE Vector Graphic - Fill","hd":false},{"ty":"tr","p":{"a":0,"k":[25,24],"ix":2},"a":{"a":0,"k":[0,0],"ix":1},"s":{"a":0,"k":[100,100],"ix":3},"r":{"a":0,"k":0,"ix":6},"o":{"a":0,"k":100,"ix":7},"sk":{"a":0,"k":0,"ix":4},"sa":{"a":0,"k":0,"ix":5},"nm":"Transform"}],"nm":"Group 3","np":2,"cix":2,"bm":0,"ix":1,"mn":"ADBE Vector Group","hd":false}],"ip":0,"op":28,"st":0,"bm":0},{"ddd":0,"ind":5,"ty":4,"nm":"Person Back 2","tt":2,"sr":1,"ks":{"o":{"a":0,"k":100,"ix":11},"r":{"a":0,"k":0,"ix":10},"p":{"a":1,"k":[{"i":{"x":0.833,"y":0.833},"o":{"x":0.333,"y":0},"t":3,"s":[25,25,0],"e":[11,25,0],"to":[0,0,0],"ti":[0,0,0]},{"i":{"x":0.833,"y":0.833},"o":{"x":0.167,"y":0.167},"t":11,"s":[11,25,0],"e":[11,25,0],"to":[0,0,0],"ti":[0,0,0]},{"i":{"x":0.667,"y":1},"o":{"x":0.167,"y":0.167},"t":17,"s":[11,25,0],"e":[25,25,0],"to":[0,0,0],"ti":[0,0,0]},{"t":25}],"ix":2},"a":{"a":0,"k":[25,25,0],"ix":1},"s":{"a":0,"k":[100,100,100],"ix":6}},"ao":0,"shapes":[{"ty":"gr","it":[{"ind":0,"ty":"sh","ix":1,"ks":{"a":0,"k":{"i":[[0,0],[0,0]],"o":[[0,0],[0,0]],"v":[[0.018,-2.2],[0.017,-2.2]],"c":true},"ix":2},"nm":"Path 1","mn":"ADBE Vector Shape - Group","hd":false},{"ind":1,"ty":"sh","ix":2,"ks":{"a":0,"k":{"i":[[0.277,0],[0,0],[0,0.553],[-0.553,0],[0,0],[2.254,0.924],[0.632,1.74],[0.008,0.086],[0,1.129],[-0.3,0.181],[-0.079,1.112],[-0.464,0.061],[-0.094,0.749],[0.033,0.089],[0.072,0.229],[-0.193,0.257],[0.855,1.712],[1.175,0],[0.157,0.368],[0,0],[0.956,-0.409],[0.218,0.507],[-0.508,0.217],[-2.017,0],[-0.158,-0.369],[0,0],[-0.777,-1.552],[0.605,-1.532],[0.083,-0.669],[0.524,-0.33],[0.61,-0.701],[-0.071,-0.841],[-1.439,-0.591],[-0.278,-4.455],[0.189,-0.201]],"o":[[0,0],[-0.553,0],[0,-0.553],[0,0],[-0.619,-2.382],[-1.918,-0.787],[-0.029,-0.081],[-0.104,-1.145],[0,-0.351],[0.228,-0.202],[0.033,-0.479],[0.071,-0.09],[0.032,-0.259],[-0.199,-0.125],[-0.096,-0.307],[0.463,-0.617],[-0.549,-1.097],[-0.4,0],[0,0],[-1.443,0.056],[-0.506,0.216],[-0.217,-0.508],[1.363,-0.584],[0.4,0],[0,0],[1.607,0.204],[0.967,1.934],[0.258,0.476],[-0.194,1.555],[-0.225,1.148],[0.002,0.819],[0.397,0.85],[2.59,1.064],[0.018,0.275],[-0.189,0.201]],"v":[[8.218,15],[1.218,15],[0.218,14],[1.218,13],[7.056,13],[2.04,8.814],[-2.321,5.542],[-2.378,5.291],[-2.482,2.2],[-1.997,1.343],[-0.979,-1.271],[-0.115,-2.191],[0.226,-3.324],[0.185,-3.854],[-0.237,-4.402],[-0.082,-5.3],[-0.22,-9.969],[-2.782,-11.6],[-3.701,-12.206],[-4.036,-12.988],[-7.688,-12.281],[-9.001,-12.806],[-8.475,-14.119],[-3.381,-15],[-2.462,-14.393],[-2.104,-13.558],[1.569,-10.863],[1.923,-4.85],[2.21,-3.076],[0.926,-0.472],[-0.482,2.629],[-0.399,4.963],[2.8,6.963],[9.216,13.938],[8.947,14.685]],"c":true},"ix":2},"nm":"Path 2","mn":"ADBE Vector Shape - Group","hd":false},{"ty":"mm","mm":1,"nm":"Merge Paths 1","mn":"ADBE Vector Filter - Merge","hd":false},{"ty":"fl","c":{"a":0,"k":[0,0,0,1],"ix":4},"o":{"a":0,"k":100,"ix":5},"r":1,"bm":0,"nm":"Fill 1","mn":"ADBE Vector Graphic - Fill","hd":false},{"ty":"tr","p":{"a":0,"k":[40.782,25],"ix":2},"a":{"a":0,"k":[0,0],"ix":1},"s":{"a":0,"k":[100,100],"ix":3},"r":{"a":0,"k":0,"ix":6},"o":{"a":0,"k":100,"ix":7},"sk":{"a":0,"k":0,"ix":4},"sa":{"a":0,"k":0,"ix":5},"nm":"Transform"}],"nm":"Group 1","np":6,"cix":2,"bm":0,"ix":1,"mn":"ADBE Vector Group","hd":false}],"ip":0,"op":28,"st":0,"bm":0}],"markers":[]}