{"v":"5.4.4","fr":24,"ip":0,"op":28,"w":50,"h":50,"nm":"google-maps","ddd":0,"assets":[],"layers":[{"ddd":0,"ind":1,"ty":4,"nm":"Map marker 2","sr":1,"ks":{"o":{"a":0,"k":100,"ix":11},"r":{"a":0,"k":0,"ix":10},"p":{"a":0,"k":[25,25,0],"ix":2},"a":{"a":0,"k":[25,25,0],"ix":1},"s":{"a":0,"k":[100,100,100],"ix":6}},"ao":0,"shapes":[{"ty":"gr","it":[{"ind":0,"ty":"sh","ix":1,"ks":{"a":1,"k":[{"i":{"x":0.667,"y":1},"o":{"x":0.167,"y":0.167},"t":14,"s":[{"i":[[0,0],[0,-0.184],[0,-7.814],[0,-2.71],[0,-6.11],[0,0],[0,0.5],[0,3.64],[0,0.03],[0,3.82],[0.001,1.404]],"o":[[0,0],[-0.001,1.404],[0,3.71],[0,3.4],[0,0.5],[0,0],[0,-5.95],[0,-0.04],[0,-2.75],[0,-7.814],[0,-0.184]],"v":[[2.998,-23],[2.997,-22.72],[2.996,-7],[2.996,2.83],[2.998,22.13],[2.998,23],[2.998,22.13],[2.999,3.18],[2.999,3.08],[3,-7],[2.998,-22.72]],"c":true}],"e":[{"i":[[1.025,0],[0.972,-0.184],[0,-7.814],[-2.11,-2.71],[-0.77,-6.11],[-0.5,0],[-0.06,0.5],[-2.73,3.64],[-0.02,0.03],[0,3.82],[7.405,1.404]],"o":[[-1.025,0],[-7.405,1.404],[0,3.71],[2.52,3.4],[0.07,0.5],[0.51,0],[0.75,-5.95],[0.03,-0.04],[2.23,-2.75],[0,-7.814],[-0.972,-0.184]],"v":[[0,-23],[-3,-22.72],[-16,-7],[-12.63,2.83],[-1.06,22.13],[-0.06,23],[0.94,22.13],[12.35,3.18],[12.43,3.08],[16,-7],[3,-22.72]],"c":true}]},{"t":25}],"ix":2},"nm":"Path 1","mn":"ADBE Vector Shape - Group","hd":false},{"ty":"st","c":{"a":0,"k":[0,0,0,1],"ix":3},"o":{"a":0,"k":100,"ix":4},"w":{"a":0,"k":2,"ix":5},"lc":1,"lj":2,"bm":0,"nm":"Stroke 1","mn":"ADBE Vector Graphic - Stroke","hd":false},{"ty":"tr","p":{"a":0,"k":[25,25],"ix":2},"a":{"a":0,"k":[0,0],"ix":1},"s":{"a":0,"k":[100,100],"ix":3},"r":{"a":0,"k":0,"ix":6},"o":{"a":0,"k":100,"ix":7},"sk":{"a":0,"k":0,"ix":4},"sa":{"a":0,"k":0,"ix":5},"nm":"Transform"}],"nm":"Group 2","np":2,"cix":2,"bm":0,"ix":1,"mn":"ADBE Vector Group","hd":false},{"ty":"gr","it":[{"ind":0,"ty":"sh","ix":1,"ks":{"a":1,"k":[{"i":{"x":0.667,"y":1},"o":{"x":0.167,"y":0.167},"t":14,"s":[{"i":[[0,0],[0,0]],"o":[[0,0],[0,0]],"v":[[11.485,-2.822],[11.486,2.822]],"c":false}],"e":[{"i":[[0,0],[0,0]],"o":[[0,0],[0,0]],"v":[[-3.492,-2.822],[3.492,2.822]],"c":false}]},{"t":25}],"ix":2},"nm":"Path 1","mn":"ADBE Vector Shape - Group","hd":false},{"ty":"st","c":{"a":0,"k":[0,0,0,1],"ix":3},"o":{"a":0,"k":100,"ix":4},"w":{"a":0,"k":2,"ix":5},"lc":1,"lj":2,"bm":0,"nm":"Stroke 1","mn":"ADBE Vector Graphic - Stroke","hd":false},{"ty":"tr","p":{"a":0,"k":[16.512,10.215],"ix":2},"a":{"a":0,"k":[0,0],"ix":1},"s":{"a":0,"k":[100,100],"ix":3},"r":{"a":0,"k":0,"ix":6},"o":{"a":0,"k":100,"ix":7},"sk":{"a":0,"k":0,"ix":4},"sa":{"a":0,"k":0,"ix":5},"nm":"Transform"}],"nm":"Group 4","np":2,"cix":2,"bm":0,"ix":2,"mn":"ADBE Vector Group","hd":false},{"ty":"gr","it":[{"ind":0,"ty":"sh","ix":1,"ks":{"a":1,"k":[{"i":{"x":0.667,"y":1},"o":{"x":0.167,"y":0.167},"t":14,"s":[{"i":[[0,0],[0,0]],"o":[[0,0],[0,0]],"v":[[-1.237,12.679],[-1.234,-12.679]],"c":false}],"e":[{"i":[[0,0],[0,0]],"o":[[0,0],[0,0]],"v":[[-10.374,12.679],[10.374,-12.679]],"c":false}]},{"t":25}],"ix":2},"nm":"Path 1","mn":"ADBE Vector Shape - Group","hd":false},{"ty":"st","c":{"a":0,"k":[0,0,0,1],"ix":3},"o":{"a":0,"k":100,"ix":4},"w":{"a":0,"k":2,"ix":5},"lc":1,"lj":2,"bm":0,"nm":"Stroke 1","mn":"ADBE Vector Graphic - Stroke","hd":false},{"ty":"tr","p":{"a":0,"k":[29.234,23.857],"ix":2},"a":{"a":0,"k":[0,0],"ix":1},"s":{"a":0,"k":[100,100],"ix":3},"r":{"a":0,"k":0,"ix":6},"o":{"a":0,"k":100,"ix":7},"sk":{"a":0,"k":0,"ix":4},"sa":{"a":0,"k":0,"ix":5},"nm":"Transform"}],"nm":"Group 5","np":2,"cix":2,"bm":0,"ix":3,"mn":"ADBE Vector Group","hd":false},{"ty":"gr","it":[{"ind":0,"ty":"sh","ix":1,"ks":{"a":1,"k":[{"i":{"x":0.667,"y":1},"o":{"x":0.167,"y":0.167},"t":14,"s":[{"i":[[0,0],[0,0]],"o":[[0,0],[0,0]],"v":[[8.466,11],[8.468,-11]],"c":false}],"e":[{"i":[[0,0],[0,0]],"o":[[0,0],[0,0]],"v":[[-9,11],[9,-11]],"c":false}]},{"t":25}],"ix":2},"nm":"Path 1","mn":"ADBE Vector Shape - Group","hd":false},{"ty":"st","c":{"a":0,"k":[0,0,0,1],"ix":3},"o":{"a":0,"k":100,"ix":4},"w":{"a":0,"k":2,"ix":5},"lc":1,"lj":2,"bm":0,"nm":"Stroke 1","mn":"ADBE Vector Graphic - Stroke","hd":false},{"ty":"tr","p":{"a":0,"k":[19.53,13.615],"ix":2},"a":{"a":0,"k":[0,0],"ix":1},"s":{"a":0,"k":[100,100],"ix":3},"r":{"a":0,"k":0,"ix":6},"o":{"a":0,"k":100,"ix":7},"sk":{"a":0,"k":0,"ix":4},"sa":{"a":0,"k":0,"ix":5},"nm":"Transform"}],"nm":"Group 6","np":2,"cix":2,"bm":0,"ix":4,"mn":"ADBE Vector Group","hd":false},{"ty":"gr","it":[{"ind":0,"ty":"sh","ix":1,"ks":{"a":1,"k":[{"i":{"x":0.667,"y":1},"o":{"x":0.167,"y":0.167},"t":14,"s":[{"i":[[0,0],[0,-3.87],[0,0],[0,3.87]],"o":[[0,0],[0,3.87],[0,0],[0,-3.87]],"v":[[2.998,-7],[2.999,0],[2.998,7],[2.997,0]],"c":true}],"e":[{"i":[[-3.87,0],[0,-3.87],[3.87,0],[0,3.87]],"o":[[3.87,0],[0,3.87],[-3.87,0],[0,-3.87]],"v":[[0,-7],[7,0],[0,7],[-7,0]],"c":true}]},{"t":25}],"ix":2},"nm":"Path 1","mn":"ADBE Vector Shape - Group","hd":false},{"ty":"st","c":{"a":0,"k":[0,0,0,1],"ix":3},"o":{"a":0,"k":100,"ix":4},"w":{"a":0,"k":2,"ix":5},"lc":1,"lj":2,"bm":0,"nm":"Stroke 1","mn":"ADBE Vector Graphic - Stroke","hd":false},{"ty":"tr","p":{"a":0,"k":[25,18],"ix":2},"a":{"a":0,"k":[0,0],"ix":1},"s":{"a":0,"k":[100,100],"ix":3},"r":{"a":0,"k":0,"ix":6},"o":{"a":0,"k":100,"ix":7},"sk":{"a":0,"k":0,"ix":4},"sa":{"a":0,"k":0,"ix":5},"nm":"Transform"}],"nm":"Group 7","np":2,"cix":2,"bm":0,"ix":5,"mn":"ADBE Vector Group","hd":false}],"ip":14,"op":28,"st":2,"bm":0},{"ddd":0,"ind":2,"ty":4,"nm":"Map marker","sr":1,"ks":{"o":{"a":0,"k":100,"ix":11},"r":{"a":0,"k":0,"ix":10},"p":{"a":0,"k":[25,25,0],"ix":2},"a":{"a":0,"k":[25,25,0],"ix":1},"s":{"a":0,"k":[100,100,100],"ix":6}},"ao":0,"shapes":[{"ty":"gr","it":[{"ind":0,"ty":"sh","ix":1,"ks":{"a":1,"k":[{"i":{"x":0.833,"y":0.833},"o":{"x":0.333,"y":0},"t":3,"s":[{"i":[[1.025,0],[0.972,-0.184],[0,-7.814],[-2.11,-2.71],[-0.77,-6.11],[-0.5,0],[-0.06,0.5],[-2.73,3.64],[-0.02,0.03],[0,3.82],[7.405,1.404]],"o":[[-1.025,0],[-7.405,1.404],[0,3.71],[2.52,3.4],[0.07,0.5],[0.51,0],[0.75,-5.95],[0.03,-0.04],[2.23,-2.75],[0,-7.814],[-0.972,-0.184]],"v":[[0,-23],[-3,-22.72],[-16,-7],[-12.63,2.83],[-1.06,22.13],[-0.06,23],[0.94,22.13],[12.35,3.18],[12.43,3.08],[16,-7],[3,-22.72]],"c":true}],"e":[{"i":[[0,0],[0,-0.184],[0,-7.814],[0,-2.71],[0,-6.11],[0,0],[0,0.5],[0,3.64],[0,0.03],[0,3.82],[0.001,1.404]],"o":[[0,0],[-0.001,1.404],[0,3.71],[0,3.4],[0,0.5],[0,0],[0,-5.95],[0,-0.04],[0,-2.75],[0,-7.814],[0,-0.184]],"v":[[-2.998,-23],[-2.998,-22.72],[-3,-7],[-3,2.83],[-2.998,22.13],[-2.998,23],[-2.998,22.13],[-2.997,3.18],[-2.997,3.08],[-2.996,-7],[-2.998,-22.72]],"c":true}]},{"t":14}],"ix":2},"nm":"Path 1","mn":"ADBE Vector Shape - Group","hd":false},{"ty":"st","c":{"a":0,"k":[0,0,0,1],"ix":3},"o":{"a":0,"k":100,"ix":4},"w":{"a":0,"k":2,"ix":5},"lc":1,"lj":2,"bm":0,"nm":"Stroke 1","mn":"ADBE Vector Graphic - Stroke","hd":false},{"ty":"tr","p":{"a":0,"k":[25,25],"ix":2},"a":{"a":0,"k":[0,0],"ix":1},"s":{"a":0,"k":[100,100],"ix":3},"r":{"a":0,"k":0,"ix":6},"o":{"a":0,"k":100,"ix":7},"sk":{"a":0,"k":0,"ix":4},"sa":{"a":0,"k":0,"ix":5},"nm":"Transform"}],"nm":"Group 2","np":2,"cix":2,"bm":0,"ix":1,"mn":"ADBE Vector Group","hd":false},{"ty":"gr","it":[{"ind":0,"ty":"sh","ix":1,"ks":{"a":1,"k":[{"i":{"x":0.833,"y":0.833},"o":{"x":0.333,"y":0},"t":3,"s":[{"i":[[0,0],[0,0]],"o":[[0,0],[0,0]],"v":[[-3.492,-2.822],[3.492,2.822]],"c":false}],"e":[{"i":[[0,0],[0,0]],"o":[[0,0],[0,0]],"v":[[5.489,-2.822],[5.49,2.822]],"c":false}]},{"t":14}],"ix":2},"nm":"Path 1","mn":"ADBE Vector Shape - Group","hd":false},{"ty":"st","c":{"a":0,"k":[0,0,0,1],"ix":3},"o":{"a":0,"k":100,"ix":4},"w":{"a":0,"k":2,"ix":5},"lc":1,"lj":2,"bm":0,"nm":"Stroke 1","mn":"ADBE Vector Graphic - Stroke","hd":false},{"ty":"tr","p":{"a":0,"k":[16.512,10.215],"ix":2},"a":{"a":0,"k":[0,0],"ix":1},"s":{"a":0,"k":[100,100],"ix":3},"r":{"a":0,"k":0,"ix":6},"o":{"a":0,"k":100,"ix":7},"sk":{"a":0,"k":0,"ix":4},"sa":{"a":0,"k":0,"ix":5},"nm":"Transform"}],"nm":"Group 4","np":2,"cix":2,"bm":0,"ix":2,"mn":"ADBE Vector Group","hd":false},{"ty":"gr","it":[{"ind":0,"ty":"sh","ix":1,"ks":{"a":1,"k":[{"i":{"x":0.833,"y":0.833},"o":{"x":0.333,"y":0},"t":3,"s":[{"i":[[0,0],[0,0]],"o":[[0,0],[0,0]],"v":[[-10.374,12.679],[10.374,-12.679]],"c":false}],"e":[{"i":[[0,0],[0,0]],"o":[[0,0],[0,0]],"v":[[-7.233,12.679],[-7.23,-12.679]],"c":false}]},{"t":14}],"ix":2},"nm":"Path 1","mn":"ADBE Vector Shape - Group","hd":false},{"ty":"st","c":{"a":0,"k":[0,0,0,1],"ix":3},"o":{"a":0,"k":100,"ix":4},"w":{"a":0,"k":2,"ix":5},"lc":1,"lj":2,"bm":0,"nm":"Stroke 1","mn":"ADBE Vector Graphic - Stroke","hd":false},{"ty":"tr","p":{"a":0,"k":[29.234,23.857],"ix":2},"a":{"a":0,"k":[0,0],"ix":1},"s":{"a":0,"k":[100,100],"ix":3},"r":{"a":0,"k":0,"ix":6},"o":{"a":0,"k":100,"ix":7},"sk":{"a":0,"k":0,"ix":4},"sa":{"a":0,"k":0,"ix":5},"nm":"Transform"}],"nm":"Group 5","np":2,"cix":2,"bm":0,"ix":3,"mn":"ADBE Vector Group","hd":false},{"ty":"gr","it":[{"ind":0,"ty":"sh","ix":1,"ks":{"a":1,"k":[{"i":{"x":0.833,"y":0.833},"o":{"x":0.333,"y":0},"t":3,"s":[{"i":[[0,0],[0,0]],"o":[[0,0],[0,0]],"v":[[-9,11],[9,-11]],"c":false}],"e":[{"i":[[0,0],[0,0]],"o":[[0,0],[0,0]],"v":[[2.47,11],[2.473,-11]],"c":false}]},{"t":14}],"ix":2},"nm":"Path 1","mn":"ADBE Vector Shape - Group","hd":false},{"ty":"st","c":{"a":0,"k":[0,0,0,1],"ix":3},"o":{"a":0,"k":100,"ix":4},"w":{"a":0,"k":2,"ix":5},"lc":1,"lj":2,"bm":0,"nm":"Stroke 1","mn":"ADBE Vector Graphic - Stroke","hd":false},{"ty":"tr","p":{"a":0,"k":[19.53,13.615],"ix":2},"a":{"a":0,"k":[0,0],"ix":1},"s":{"a":0,"k":[100,100],"ix":3},"r":{"a":0,"k":0,"ix":6},"o":{"a":0,"k":100,"ix":7},"sk":{"a":0,"k":0,"ix":4},"sa":{"a":0,"k":0,"ix":5},"nm":"Transform"}],"nm":"Group 6","np":2,"cix":2,"bm":0,"ix":4,"mn":"ADBE Vector Group","hd":false},{"ty":"gr","it":[{"ind":0,"ty":"sh","ix":1,"ks":{"a":1,"k":[{"i":{"x":0.833,"y":0.833},"o":{"x":0.333,"y":0},"t":3,"s":[{"i":[[-3.87,0],[0,-3.87],[3.87,0],[0,3.87]],"o":[[3.87,0],[0,3.87],[-3.87,0],[0,-3.87]],"v":[[0,-7],[7,0],[0,7],[-7,0]],"c":true}],"e":[{"i":[[0,0],[0,-3.87],[0,0],[0,3.87]],"o":[[0,0],[0,3.87],[0,0],[0,-3.87]],"v":[[-2.998,-7],[-2.997,0],[-2.998,7],[-2.999,0]],"c":true}]},{"t":14}],"ix":2},"nm":"Path 1","mn":"ADBE Vector Shape - Group","hd":false},{"ty":"st","c":{"a":0,"k":[0,0,0,1],"ix":3},"o":{"a":0,"k":100,"ix":4},"w":{"a":0,"k":2,"ix":5},"lc":1,"lj":2,"bm":0,"nm":"Stroke 1","mn":"ADBE Vector Graphic - Stroke","hd":false},{"ty":"tr","p":{"a":0,"k":[25,18],"ix":2},"a":{"a":0,"k":[0,0],"ix":1},"s":{"a":0,"k":[100,100],"ix":3},"r":{"a":0,"k":0,"ix":6},"o":{"a":0,"k":100,"ix":7},"sk":{"a":0,"k":0,"ix":4},"sa":{"a":0,"k":0,"ix":5},"nm":"Transform"}],"nm":"Group 7","np":2,"cix":2,"bm":0,"ix":5,"mn":"ADBE Vector Group","hd":false}],"ip":0,"op":14,"st":-14,"bm":0},{"ddd":0,"ind":3,"ty":4,"nm":"Side","sr":1,"ks":{"o":{"a":0,"k":100,"ix":11},"r":{"a":0,"k":0,"ix":10},"p":{"a":0,"k":[25,25,0],"ix":2},"a":{"a":0,"k":[25,25,0],"ix":1},"s":{"a":0,"k":[100,100,100],"ix":6}},"ao":0,"shapes":[{"ty":"gr","it":[{"ind":0,"ty":"sh","ix":1,"ks":{"a":1,"k":[{"i":{"x":0.833,"y":0.833},"o":{"x":0.333,"y":0},"t":3,"s":[{"i":[[0.003,0],[-0.003,0],[0.274,-5.209],[4.167,-6.203],[1.098,-4.74],[0,0],[-0.258,0.44],[-4.781,6.132],[0.008,0.004],[-0.08,7.92],[8.555,0.063]],"o":[[-0.003,0],[12.088,0.48],[-0.424,8.08],[-3.459,5.148],[-0.122,0.35],[0,0],[0.522,-3.48],[-0.008,0.011],[2.578,-4.543],[0.091,-9],[-0.003,0]],"v":[[0,-23],[-0.008,-23],[15.984,-7],[7.952,8.883],[0.822,22.54],[0.06,23.01],[0.838,22.52],[7.821,9.188],[8.179,8.647],[16,-7],[0.008,-23]],"c":true}],"e":[{"i":[[0.002,0],[-0.002,0],[-0.116,-4.56],[2.092,-3.395],[1.579,-4.36],[0,0],[-0.001,0.002],[-2.755,4.135],[0.005,0.003],[0.126,7.48],[5.892,0.043]],"o":[[-0.002,0],[9.699,0.88],[0.156,6.158],[-3.172,5.148],[-0.001,0.002],[0,0],[1.63,-3.099],[-0.005,0.008],[1.776,-3.129],[-0.163,-9.679],[-0.002,0]],"v":[[0,-23],[-0.939,-23],[10.076,-7],[5.612,7.052],[-0.939,23],[-0.019,23],[0.939,23],[7.367,7.202],[7.431,7.049],[11.954,-7],[0.939,-23]],"c":true}]},{"i":{"x":0.833,"y":0.833},"o":{"x":0.167,"y":0.167},"t":8,"s":[{"i":[[0.002,0],[-0.002,0],[-0.116,-4.56],[2.092,-3.395],[1.579,-4.36],[0,0],[-0.001,0.002],[-2.755,4.135],[0.005,0.003],[0.126,7.48],[5.892,0.043]],"o":[[-0.002,0],[9.699,0.88],[0.156,6.158],[-3.172,5.148],[-0.001,0.002],[0,0],[1.63,-3.099],[-0.005,0.008],[1.776,-3.129],[-0.163,-9.679],[-0.002,0]],"v":[[0,-23],[-0.939,-23],[10.076,-7],[5.612,7.052],[-0.939,23],[-0.019,23],[0.939,23],[7.367,7.202],[7.431,7.049],[11.954,-7],[0.939,-23]],"c":true}],"e":[{"i":[[0.001,0],[-0.001,0],[0.112,-3.12],[1.244,-4.382],[0.61,-5],[0,0],[0,0.001],[-1.104,3.599],[0.003,0.001],[-0.157,8],[2.946,0.022]],"o":[[-0.001,0],[4.85,0.44],[-0.165,4.597],[-1.573,5.541],[0,0.001],[0,0],[0.815,-1.55],[-0.003,0.004],[0.684,-2.064],[0.154,-7.842],[-0.001,0]],"v":[[0,-23],[-1.97,-23],[3.648,-7],[1.836,4.942],[-1.97,23],[-0.039,23],[1.97,23],[5.184,5.601],[5.236,5.424],[7.477,-7],[1.97,-23]],"c":true}]},{"i":{"x":0.833,"y":0.833},"o":{"x":0.167,"y":0.167},"t":11,"s":[{"i":[[0.001,0],[-0.001,0],[0.112,-3.12],[1.244,-4.382],[0.61,-5],[0,0],[0,0.001],[-1.104,3.599],[0.003,0.001],[-0.157,8],[2.946,0.022]],"o":[[-0.001,0],[4.85,0.44],[-0.165,4.597],[-1.573,5.541],[0,0.001],[0,0],[0.815,-1.55],[-0.003,0.004],[0.684,-2.064],[0.154,-7.842],[-0.001,0]],"v":[[0,-23],[-1.97,-23],[3.648,-7],[1.836,4.942],[-1.97,23],[-0.039,23],[1.97,23],[5.184,5.601],[5.236,5.424],[7.477,-7],[1.97,-23]],"c":true}],"e":[{"i":[[0,0],[0,0],[0,-5.333],[0,0],[0,0],[0,0],[0,0],[0,0],[0,0],[0,3.333],[0,0]],"o":[[0,0],[0,0],[0,3.277],[0,0],[0,0],[0,0],[0,0],[0,0],[0,0],[0,-5.333],[0,0]],"v":[[0,-23],[-3,-23],[-3,-7],[-3,2.83],[-3,23],[-0.06,23],[3,23],[3,3.18],[3,3],[3,-7],[3,-23]],"c":true}]},{"i":{"x":0.833,"y":0.833},"o":{"x":0.167,"y":0.167},"t":14,"s":[{"i":[[0,0],[0,0],[0,-5.333],[0,0],[0,0],[0,0],[0,0],[0,0],[0,0],[0,3.333],[0,0]],"o":[[0,0],[0,0],[0,3.277],[0,0],[0,0],[0,0],[0,0],[0,0],[0,0],[0,-5.333],[0,0]],"v":[[0,-23],[-3,-23],[-3,-7],[-3,2.83],[-3,23],[-0.06,23],[3,23],[3,3.18],[3,3],[3,-7],[3,-23]],"c":true}],"e":[{"i":[[-0.001,0],[0.001,0],[-0.166,-5.51],[-1.428,-3.483],[-0.666,-2.543],[0,0],[0,0.001],[1.886,4.137],[-0.004,0.002],[0.051,5.188],[-4.984,0.24]],"o":[[0.001,0],[-5.465,0.244],[0.213,5.186],[1.249,3.047],[0,0.001],[0,0],[-0.349,-3.885],[0.004,0.005],[-1.389,-3.59],[-0.058,-6.703],[0.001,0]],"v":[[-0.123,-23],[-1.709,-23],[-9.107,-7],[-6.372,6.483],[-1.949,22.845],[-0.135,22.988],[1.329,23.005],[-3.166,6.303],[-3.211,6.15],[-5.925,-7],[1.464,-23]],"c":true}]},{"i":{"x":0.667,"y":1},"o":{"x":0.167,"y":0.167},"t":18,"s":[{"i":[[-0.001,0],[0.001,0],[-0.166,-5.51],[-1.428,-3.483],[-0.666,-2.543],[0,0],[0,0.001],[1.886,4.137],[-0.004,0.002],[0.051,5.188],[-4.984,0.24]],"o":[[0.001,0],[-5.465,0.244],[0.213,5.186],[1.249,3.047],[0,0.001],[0,0],[-0.349,-3.885],[0.004,0.005],[-1.389,-3.59],[-0.058,-6.703],[0.001,0]],"v":[[-0.123,-23],[-1.709,-23],[-9.107,-7],[-6.372,6.483],[-1.949,22.845],[-0.135,22.988],[1.329,23.005],[-3.166,6.303],[-3.211,6.15],[-5.925,-7],[1.464,-23]],"c":true}],"e":[{"i":[[-0.003,0],[0.003,0],[-0.353,-5.709],[-4.128,-5.45],[-1.417,-5.41],[0,0],[0.001,0.003],[4.156,5.877],[-0.008,0.004],[0.109,7.28],[-10.012,0.68]],"o":[[0.003,0],[-11.627,0.52],[0.454,7.34],[4.23,5.585],[0.001,0.002],[0,0],[-1.792,-6.09],[0.008,0.011],[-3.147,-4.382],[-0.123,-8.248],[0.003,0]],"v":[[-0.261,-23],[-0.253,-23],[-15.994,-7],[-8.132,8.73],[-0.763,22.67],[-0.221,22.975],[-0.768,22.67],[-8.076,8.803],[-8.173,8.682],[-15.989,-7],[-0.268,-23]],"c":true}]},{"t":25}],"ix":2},"nm":"Path 1","mn":"ADBE Vector Shape - Group","hd":false},{"ty":"st","c":{"a":0,"k":[0,0,0,1],"ix":3},"o":{"a":0,"k":100,"ix":4},"w":{"a":0,"k":2,"ix":5},"lc":2,"lj":2,"bm":0,"nm":"Stroke 1","mn":"ADBE Vector Graphic - Stroke","hd":false},{"ty":"tr","p":{"a":0,"k":[25,25],"ix":2},"a":{"a":0,"k":[0,0],"ix":1},"s":{"a":0,"k":[100,100],"ix":3},"r":{"a":0,"k":0,"ix":6},"o":{"a":0,"k":100,"ix":7},"sk":{"a":0,"k":0,"ix":4},"sa":{"a":0,"k":0,"ix":5},"nm":"Transform"}],"nm":"Group 1","np":2,"cix":2,"bm":0,"ix":1,"mn":"ADBE Vector Group","hd":false}],"ip":3,"op":25,"st":0,"bm":0}],"markers":[]}