{"v":"5.5.9","fr":24,"ip":0,"op":28,"w":50,"h":50,"nm":"bench-press","ddd":0,"assets":[],"layers":[{"ddd":0,"ind":1,"ty":4,"nm":"body","sr":1,"ks":{"o":{"a":0,"k":100,"ix":11},"r":{"a":0,"k":0,"ix":10},"p":{"a":0,"k":[31.5,32.9,0],"ix":2},"a":{"a":0,"k":[20.5,19.1,0],"ix":1},"s":{"a":0,"k":[100,100,100],"ix":6}},"ao":0,"hasMask":true,"masksProperties":[{"inv":false,"mode":"a","pt":{"a":1,"k":[{"i":{"x":0.667,"y":1},"o":{"x":0.333,"y":0},"t":3,"s":[{"i":[[2.125,-0.425],[0,0],[0,0],[0,0],[0,0],[0,0]],"o":[[-2.541,0.509],[0,0],[0,0],[0,0],[0,0],[0,0]],"v":[[8.938,4.626],[3.989,4.602],[4,34.45],[37.188,34.45],[37.176,2.751],[12.353,2.737]],"c":true}]},{"i":{"x":0.833,"y":0.833},"o":{"x":0.333,"y":0},"t":5,"s":[{"i":[[2.125,-0.425],[0,0],[0,0],[0,0],[0,0],[0,0]],"o":[[-2.541,0.509],[0,0],[0,0],[0,0],[0,0],[0,0]],"v":[[8.938,10.563],[4,10.227],[4,34.45],[37.188,34.45],[37.188,8.376],[12.364,8.362]],"c":true}]},{"i":{"x":0.667,"y":1},"o":{"x":0.167,"y":0.167},"t":6,"s":[{"i":[[2.749,-1.081],[0,0],[0,0],[0,0],[0,0],[0,0]],"o":[[-2.375,0.934],[0,0],[0,0],[0,0],[0,0],[0,0]],"v":[[9.75,10.641],[3.844,10.658],[3.836,34.678],[37.383,34.678],[37.383,8.916],[13.132,8.387]],"c":true}]},{"i":{"x":0.833,"y":0.833},"o":{"x":0.333,"y":0},"t":7,"s":[{"i":[[3.264,-2.026],[0,0],[0,0],[0,0],[0,0],[0,0]],"o":[[-2.688,1.669],[0,0],[0,0],[0,0],[0,0],[0,0]],"v":[[10.438,11.469],[3.688,11.964],[3.672,34.905],[37.578,34.905],[37.578,9.455],[14.088,7.975]],"c":true}]},{"i":{"x":0.833,"y":0.833},"o":{"x":0.167,"y":0.167},"t":8,"s":[{"i":[[3.25,-2.159],[0,0],[0,0],[0,0],[0,0],[0,0]],"o":[[-2.25,1.841],[0,0],[0,0],[0,0],[0,0],[0,0]],"v":[[11.125,12.797],[3.781,13.427],[3.711,34.835],[37.477,34.835],[37.477,8.915],[14.607,8.337]],"c":true}]},{"i":{"x":0.667,"y":1},"o":{"x":0.167,"y":0.167},"t":10,"s":[{"i":[[2.957,-2.905],[0,0],[0,0],[0,0],[0,0],[0,0]],"o":[[-3.126,3.423],[0,0],[0,0],[0,0],[0,0],[0,0]],"v":[[12.655,15.105],[3.761,16.588],[3.736,34.791],[37.412,34.79],[37.412,8.571],[14.658,8.361]],"c":true}]},{"i":{"x":0.667,"y":1},"o":{"x":0.333,"y":0},"t":12,"s":[{"i":[[2.79,-3.329],[0,0],[0,0],[0,0],[0,0],[0,0]],"o":[[-3.625,4.325],[0,0],[0,0],[0,0],[0,0],[0,0]],"v":[[12.938,16.125],[3.75,18.389],[3.75,34.765],[37.375,34.764],[37.375,8.375],[14.688,8.375]],"c":true}]},{"i":{"x":0.667,"y":1},"o":{"x":0.333,"y":0},"t":15,"s":[{"i":[[3.188,-2.144],[0,0],[0,0],[0,0],[0,0],[0,0]],"o":[[-3.012,2.026],[0,0],[0,0],[0,0],[0,0],[0,0]],"v":[[11.375,14.469],[3.625,15.027],[3.672,34.905],[37.578,34.905],[37.578,9.455],[14.776,8.35]],"c":true}]},{"i":{"x":0.667,"y":1},"o":{"x":0.333,"y":0},"t":19,"s":[{"i":[[2.125,-0.425],[0,0],[0,0],[0,0],[0,0],[0,0]],"o":[[-2.541,0.509],[0,0],[0,0],[0,0],[0,0],[0,0]],"v":[[8.5,10.376],[4,10.227],[4,34.45],[37.188,34.45],[37.188,8.376],[12.364,8.362]],"c":true}]},{"i":{"x":0.667,"y":1},"o":{"x":0.333,"y":0},"t":22,"s":[{"i":[[2.113,-0.482],[0,0],[0,0],[0,0],[0,0],[0,0]],"o":[[-2.656,0.606],[0,0],[0,0],[0,0],[0,0],[0,0]],"v":[[8.781,7.594],[3.994,7.415],[4,34.45],[37.188,34.45],[37.182,5.563],[12.358,5.55]],"c":true}]},{"t":25,"s":[{"i":[[2.125,-0.425],[0,0],[0,0],[0,0],[0,0],[0,0]],"o":[[-2.541,0.509],[0,0],[0,0],[0,0],[0,0],[0,0]],"v":[[8.938,4.626],[3.989,4.602],[4,34.45],[37.188,34.45],[37.176,2.751],[12.353,2.737]],"c":true}]}],"ix":1},"o":{"a":0,"k":100,"ix":3},"x":{"a":0,"k":0,"ix":4},"nm":"Mask 1"}],"shapes":[{"ty":"gr","it":[{"ind":0,"ty":"sh","ix":1,"ks":{"a":1,"k":[{"i":{"x":0.667,"y":1},"o":{"x":0.333,"y":0},"t":3,"s":[{"i":[[0,0],[0,0],[0,0],[-1.1,0],[0,0],[0,0],[-1.4,0],[0,1.401],[0,0],[2.2,0],[0,0],[4.2,0],[0,0],[0,0],[0,0]],"o":[[0,0],[0,0],[0,1.1],[0,0],[0,0],[0,1.401],[1.4,0],[0,0],[0,-2.2],[0,0],[-4.9,0],[0,0],[0,0],[0,0],[0,0]],"v":[[-15.5,-14.1],[-15.5,-11.94],[-15.5,-0.9],[-13.5,1.1],[10.5,1.1],[10.5,11.6],[13,14.1],[15.5,11.6],[15.5,0.1],[11.5,-3.9],[5.5,-3.9],[-7.5,-5.9],[-11.5,-5.9],[-11.5,-11.815],[-11.5,-14.1]],"c":false}]},{"i":{"x":0.667,"y":1},"o":{"x":0.333,"y":0},"t":4,"s":[{"i":[[0,0],[-0.75,-0.921],[0,0],[-1.1,0],[0,0],[0,0],[-1.4,0],[0,1.401],[0,0],[2.2,0],[0,0],[4.2,0],[0,0],[0,0],[0,0]],"o":[[0,0],[-0.469,2.485],[0,1.1],[0,0],[0,0],[0,1.401],[1.4,0],[0,0],[0,-2.2],[0,0],[-4.9,0],[0,0],[0,0],[0,0],[0,0]],"v":[[-15.406,-12.063],[-13.844,-10.198],[-15.5,-0.9],[-13.5,1.1],[10.5,1.1],[10.5,11.6],[13,14.1],[15.5,11.6],[15.5,0.1],[11.5,-3.9],[5.5,-3.9],[-7.5,-5.9],[-9.781,-5.888],[-9,-10.635],[-9.75,-11.663]],"c":false}]},{"i":{"x":0.667,"y":1},"o":{"x":0.333,"y":0},"t":6,"s":[{"i":[[0,0],[-0.063,-0.007],[0,0],[-1.1,0],[0,0],[0,0],[-1.4,0],[0,1.401],[0,0],[2.2,0],[0,0],[4.2,0],[0,0],[0,0],[0,0]],"o":[[0,0],[-1.75,3.415],[0,1.1],[0,0],[0,0],[0,1.401],[1.4,0],[0,0],[0,-2.2],[0,0],[-4.9,0],[0,0],[0,0],[0,0],[0,0]],"v":[[-12.375,-8.588],[-12.188,-8.455],[-15.5,-0.9],[-13.5,1.1],[10.5,1.1],[10.5,11.6],[13,14.1],[15.5,11.6],[15.5,0.1],[11.5,-3.9],[5.5,-3.9],[-7.5,-5.9],[-8.063,-5.875],[-6.5,-9.455],[-7.625,-10.725]],"c":false}]},{"i":{"x":0.667,"y":1},"o":{"x":0.333,"y":0},"t":12,"s":[{"i":[[0,0],[-0.063,-0.007],[0,0],[-1.1,0],[0,0],[0,0],[-1.4,0],[0,1.401],[0,0],[2.2,0],[0,0],[4.2,0],[0,0],[0,0],[0,0]],"o":[[0,0],[-1.75,3.415],[0,1.1],[0,0],[0,0],[0,1.401],[1.4,0],[0,0],[0,-2.2],[0,0],[-4.9,0],[0,0],[0,0],[0,0],[0,0]],"v":[[-12.375,-8.588],[-12.188,-8.455],[-15.5,-0.9],[-13.5,1.1],[10.5,1.1],[10.5,11.6],[13,14.1],[15.5,11.6],[15.5,0.1],[11.5,-3.9],[5.5,-3.9],[-7.5,-5.9],[-8.063,-5.875],[-6.5,-9.455],[-7.625,-10.725]],"c":false}]},{"i":{"x":0.667,"y":1},"o":{"x":0.333,"y":0},"t":19,"s":[{"i":[[0,0],[-0.063,-0.007],[0,0],[-1.1,0],[0,0],[0,0],[-1.4,0],[0,1.401],[0,0],[2.2,0],[0,0],[4.2,0],[0,0],[0,0],[0,0]],"o":[[0,0],[-1.75,3.415],[0,1.1],[0,0],[0,0],[0,1.401],[1.4,0],[0,0],[0,-2.2],[0,0],[-4.9,0],[0,0],[0,0],[0,0],[0,0]],"v":[[-12.375,-8.588],[-12.188,-8.455],[-15.5,-0.9],[-13.5,1.1],[10.5,1.1],[10.5,11.6],[13,14.1],[15.5,11.6],[15.5,0.1],[11.5,-3.9],[5.5,-3.9],[-7.5,-5.9],[-8.063,-5.875],[-6.5,-9.455],[-7.625,-10.725]],"c":false}]},{"i":{"x":0.833,"y":0.833},"o":{"x":0.333,"y":0},"t":22,"s":[{"i":[[0,0],[-0.375,-0.577],[0,0],[-1.1,0],[0,0],[0,0],[-1.4,0],[0,1.401],[0,0],[2.2,0],[0,0],[4.2,0],[0,0],[0,0],[0,0]],"o":[[0,0],[-0.469,2.485],[0,1.1],[0,0],[0,0],[0,1.401],[1.4,0],[0,0],[0,-2.2],[0,0],[-4.9,0],[0,0],[0,0],[0,0],[0,0]],"v":[[-14.594,-11.406],[-13.844,-10.198],[-15.5,-0.9],[-13.5,1.1],[10.5,1.1],[10.5,11.6],[13,14.1],[15.5,11.6],[15.5,0.1],[11.5,-3.9],[5.5,-3.9],[-7.5,-5.9],[-9.781,-5.888],[-9,-10.635],[-9.75,-11.663]],"c":false}]},{"i":{"x":0.667,"y":1},"o":{"x":0.167,"y":0.167},"t":24,"s":[{"i":[[0,0],[-0.086,-0.787],[0,0],[-1.1,0],[0,0],[0,0],[-1.4,0],[0,1.401],[0,0],[2.2,0],[0,0],[4.2,0],[0,0],[0,0],[0,0]],"o":[[0,0],[-0.122,0.644],[0,1.1],[0,0],[0,0],[0,1.401],[1.4,0],[0,0],[0,-2.2],[0,0],[-4.9,0],[0,0],[0,0],[0,0],[0,0]],"v":[[-15.265,-13.402],[-15.071,-11.488],[-15.5,-0.9],[-13.5,1.1],[10.5,1.1],[10.5,11.6],[13,14.1],[15.5,11.6],[15.5,0.1],[11.5,-3.9],[5.5,-3.9],[-7.5,-5.9],[-11.054,-5.897],[-10.852,-11.509],[-11.046,-13.468]],"c":false}]},{"t":25,"s":[{"i":[[0,0],[0,0],[0,0],[-1.1,0],[0,0],[0,0],[-1.4,0],[0,1.401],[0,0],[2.2,0],[0,0],[4.2,0],[0,0],[0,0],[0,0]],"o":[[0,0],[0,0],[0,1.1],[0,0],[0,0],[0,1.401],[1.4,0],[0,0],[0,-2.2],[0,0],[-4.9,0],[0,0],[0,0],[0,0],[0,0]],"v":[[-15.5,-14.1],[-15.5,-11.94],[-15.5,-0.9],[-13.5,1.1],[10.5,1.1],[10.5,11.6],[13,14.1],[15.5,11.6],[15.5,0.1],[11.5,-3.9],[5.5,-3.9],[-7.5,-5.9],[-11.5,-5.9],[-11.5,-11.815],[-11.5,-14.1]],"c":false}]}],"ix":2},"nm":"Path 1","mn":"ADBE Vector Shape - Group","hd":false},{"ty":"st","c":{"a":0,"k":[0,0,0,1],"ix":3},"o":{"a":0,"k":100,"ix":4},"w":{"a":0,"k":2,"ix":5},"lc":1,"lj":2,"bm":0,"nm":"Stroke 1","mn":"ADBE Vector Graphic - Stroke","hd":false},{"ty":"tr","p":{"a":0,"k":[20.5,19.1],"ix":2},"a":{"a":0,"k":[0,0],"ix":1},"s":{"a":0,"k":[100,100],"ix":3},"r":{"a":0,"k":0,"ix":6},"o":{"a":0,"k":100,"ix":7},"sk":{"a":0,"k":0,"ix":4},"sa":{"a":0,"k":0,"ix":5},"nm":"Transform"}],"nm":"Group 1","np":2,"cix":2,"bm":0,"ix":1,"mn":"ADBE Vector Group","hd":false}],"ip":0,"op":28,"st":0,"bm":0},{"ddd":0,"ind":2,"ty":4,"nm":"bench","sr":1,"ks":{"o":{"a":0,"k":100,"ix":11},"r":{"a":0,"k":0,"ix":10},"p":{"a":0,"k":[20,36.5,0],"ix":2},"a":{"a":0,"k":[22,7.5,0],"ix":1},"s":{"a":0,"k":[100,100,100],"ix":6}},"ao":0,"shapes":[{"ty":"gr","it":[{"ind":0,"ty":"sh","ix":1,"ks":{"a":0,"k":{"i":[[-1.657,0],[0,0],[0,-1.657],[0,0],[0,0],[0,0]],"o":[[0,0],[1.657,0],[0,0],[0,0],[0,0],[0,-1.657]],"v":[[-14,-2.5],[14,-2.5],[17,0.5],[17,2.5],[-17,2.5],[-17,0.5]],"c":true},"ix":2},"nm":"Path 1","mn":"ADBE Vector Shape - Group","hd":false},{"ty":"st","c":{"a":0,"k":[0,0,0,1],"ix":3},"o":{"a":0,"k":100,"ix":4},"w":{"a":0,"k":2,"ix":5},"lc":2,"lj":2,"bm":0,"nm":"Stroke 1","mn":"ADBE Vector Graphic - Stroke","hd":false},{"ty":"tr","p":{"a":0,"k":[22,7.5],"ix":2},"a":{"a":0,"k":[0,0],"ix":1},"s":{"a":0,"k":[100,100],"ix":3},"r":{"a":0,"k":0,"ix":6},"o":{"a":0,"k":100,"ix":7},"sk":{"a":0,"k":0,"ix":4},"sa":{"a":0,"k":0,"ix":5},"nm":"Transform"}],"nm":"Group 1","np":2,"cix":2,"bm":0,"ix":1,"mn":"ADBE Vector Group","hd":false}],"ip":0,"op":28,"st":0,"bm":0},{"ddd":0,"ind":3,"ty":4,"nm":"rod","sr":1,"ks":{"o":{"a":0,"k":100,"ix":11},"r":{"a":0,"k":0,"ix":10},"p":{"a":1,"k":[{"i":{"x":0.667,"y":1},"o":{"x":0.333,"y":0},"t":3,"s":[18,11,0],"to":[0,0.938,0],"ti":[0,-2.292,0]},{"i":{"x":0.667,"y":1},"o":{"x":0.333,"y":0},"t":5,"s":[18,16.625,0],"to":[0,2.292,0],"ti":[0,0,0]},{"i":{"x":0.667,"y":1},"o":{"x":0.333,"y":0},"t":12,"s":[18,24.75,0],"to":[0,0,0],"ti":[0,2.292,0]},{"i":{"x":0.667,"y":1},"o":{"x":0.333,"y":0},"t":19,"s":[18,16.625,0],"to":[0,-2.292,0],"ti":[0,0.938,0]},{"t":25,"s":[18,11,0]}],"ix":2},"a":{"a":0,"k":[13,13,0],"ix":1},"s":{"a":0,"k":[100,100,100],"ix":6}},"ao":0,"shapes":[{"ty":"gr","it":[{"ind":0,"ty":"sh","ix":1,"ks":{"a":0,"k":{"i":[[1.104,0],[0,-1.104],[-1.104,0],[0,1.104]],"o":[[-1.104,0],[0,1.104],[1.104,0],[0,-1.104]],"v":[[0,-2],[-2,0],[0,2],[2,0]],"c":true},"ix":2},"nm":"Path 1","mn":"ADBE Vector Shape - Group","hd":false},{"ty":"st","c":{"a":0,"k":[0,0,0,1],"ix":3},"o":{"a":0,"k":100,"ix":4},"w":{"a":0,"k":2,"ix":5},"lc":1,"lj":1,"ml":10,"bm":0,"nm":"Stroke 1","mn":"ADBE Vector Graphic - Stroke","hd":false},{"ty":"tr","p":{"a":0,"k":[13,13],"ix":2},"a":{"a":0,"k":[0,0],"ix":1},"s":{"a":0,"k":[100,100],"ix":3},"r":{"a":0,"k":0,"ix":6},"o":{"a":0,"k":100,"ix":7},"sk":{"a":0,"k":0,"ix":4},"sa":{"a":0,"k":0,"ix":5},"nm":"Transform"}],"nm":"Group 1","np":2,"cix":2,"bm":0,"ix":1,"mn":"ADBE Vector Group","hd":false},{"ty":"gr","it":[{"ind":0,"ty":"sh","ix":1,"ks":{"a":0,"k":{"i":[[0,-4.4],[-4.4,0],[0,4.4],[4.4,0]],"o":[[0,4.4],[4.4,0],[0,-4.4],[-4.4,0]],"v":[[-8,0],[0,8],[8,0],[0,-8]],"c":true},"ix":2},"nm":"Path 1","mn":"ADBE Vector Shape - Group","hd":false},{"ty":"st","c":{"a":0,"k":[0,0,0,1],"ix":3},"o":{"a":0,"k":100,"ix":4},"w":{"a":0,"k":2,"ix":5},"lc":1,"lj":1,"ml":10,"bm":0,"nm":"Stroke 1","mn":"ADBE Vector Graphic - Stroke","hd":false},{"ty":"tr","p":{"a":0,"k":[13,13],"ix":2},"a":{"a":0,"k":[0,0],"ix":1},"s":{"a":0,"k":[100,100],"ix":3},"r":{"a":0,"k":0,"ix":6},"o":{"a":0,"k":100,"ix":7},"sk":{"a":0,"k":0,"ix":4},"sa":{"a":0,"k":0,"ix":5},"nm":"Transform"}],"nm":"Group 2","np":2,"cix":2,"bm":0,"ix":2,"mn":"ADBE Vector Group","hd":false}],"ip":0,"op":28,"st":0,"bm":0},{"ddd":0,"ind":4,"ty":4,"nm":"head","sr":1,"ks":{"o":{"a":0,"k":100,"ix":11},"r":{"a":0,"k":0,"ix":10},"p":{"a":0,"k":[8,29,0],"ix":2},"a":{"a":0,"k":[10,10,0],"ix":1},"s":{"a":0,"k":[100,100,100],"ix":6}},"ao":0,"hasMask":true,"masksProperties":[{"inv":false,"mode":"a","pt":{"a":1,"k":[{"i":{"x":0.833,"y":0.833},"o":{"x":0.333,"y":0},"t":5,"s":[{"i":[[0,0],[0,0],[0,0],[0,0],[0,0],[0,0]],"o":[[0,0],[0,0],[0,0],[0,0],[0,0],[0,0]],"v":[[3.813,3.875],[3.813,16.125],[16.188,16.125],[16.188,10.562],[16.188,3.875],[9.813,3.875]],"c":true}]},{"i":{"x":0.667,"y":1},"o":{"x":0.167,"y":0.167},"t":6,"s":[{"i":[[0,0],[0,0],[0,0],[0,0],[0,0],[0,0]],"o":[[0,0],[0,0],[0,0],[0,0],[0,0],[0,0]],"v":[[3.813,3.875],[3.813,16.125],[16.188,16.125],[16.127,6.426],[14.984,4.873],[13.574,3.875]],"c":true}]},{"i":{"x":0.833,"y":0.833},"o":{"x":0.333,"y":0},"t":7,"s":[{"i":[[0,0],[0,0],[0,0],[0,0],[0,0],[0,0]],"o":[[0,0],[0,0],[0,0],[0,0],[0,0],[0,0]],"v":[[3.813,3.875],[3.813,16.125],[16.188,16.125],[16.125,10.125],[16.25,3.875],[11.938,3.875]],"c":true}]},{"i":{"x":0.833,"y":0.833},"o":{"x":0.167,"y":0.167},"t":8,"s":[{"i":[[0,0],[0,0],[0,0],[0,0],[0,0],[0,0]],"o":[[0,0],[0,0],[0,0],[0,0],[0,0],[0,0]],"v":[[3.813,3.875],[3.813,16.125],[16.188,16.125],[16.125,7.813],[14,6.031],[12.75,3.875]],"c":true}]},{"i":{"x":0.667,"y":1},"o":{"x":0.167,"y":0.167},"t":10,"s":[{"i":[[0,0],[0,0],[0,0],[0,0],[0,0],[0,0]],"o":[[0,0],[0,0],[0,0],[0,0],[0,0],[0,0]],"v":[[3.813,3.875],[3.813,16.125],[16.188,16.125],[16.142,11.424],[13.101,8.736],[11.92,3.875]],"c":true}]},{"i":{"x":0.833,"y":0.833},"o":{"x":0.333,"y":0},"t":12,"s":[{"i":[[0,0],[0,0],[0,0],[0,0],[0,0],[0,0]],"o":[[0,0],[0,0],[0,0],[0,0],[0,0],[0,0]],"v":[[3.813,3.875],[3.813,16.125],[16.188,16.125],[16.188,12.5],[12.688,9.688],[11.938,3.875]],"c":true}]},{"i":{"x":0.667,"y":1},"o":{"x":0.167,"y":0.167},"t":14,"s":[{"i":[[0,0],[0,0],[0,0],[0,0],[0,0],[0,0]],"o":[[0,0],[0,0],[0,0],[0,0],[0,0],[0,0]],"v":[[3.813,3.875],[3.813,16.125],[16.188,16.125],[16.188,11.16],[13.333,8.352],[11.938,3.875]],"c":true}]},{"i":{"x":0.833,"y":0.833},"o":{"x":0.333,"y":0},"t":15,"s":[{"i":[[0,0],[0,0],[0,0],[0,0],[0,0],[0,0]],"o":[[0,0],[0,0],[0,0],[0,0],[0,0],[0,0]],"v":[[3.813,3.875],[3.813,16.125],[16.188,16.125],[16.188,9.375],[13.813,7.125],[11.938,3.875]],"c":true}]},{"i":{"x":0.667,"y":1},"o":{"x":0.167,"y":0.167},"t":16,"s":[{"i":[[0,0],[0,0],[0,0],[0,0],[0,0],[0,0]],"o":[[0,0],[0,0],[0,0],[0,0],[0,0],[0,0]],"v":[[3.813,3.875],[3.813,16.125],[16.217,16.125],[16.246,7.973],[14.145,6.617],[11.938,3.875]],"c":true}]},{"t":19,"s":[{"i":[[0,0],[0,0],[0,0],[0,0],[0,0],[0,0]],"o":[[0,0],[0,0],[0,0],[0,0],[0,0],[0,0]],"v":[[3.813,3.875],[3.813,16.125],[16.375,16.125],[16.375,9.375],[15.938,3.875],[11.938,3.875]],"c":true}]}],"ix":1},"o":{"a":0,"k":100,"ix":3},"x":{"a":0,"k":0,"ix":4},"nm":"Mask 1"}],"shapes":[{"ty":"gr","it":[{"ind":0,"ty":"sh","ix":1,"ks":{"a":0,"k":{"i":[[0,-2.8],[-2.8,0],[0,2.8],[2.8,0]],"o":[[0,2.8],[2.8,0],[0,-2.8],[-2.8,0]],"v":[[-5,0],[0,5],[5,0],[0,-5]],"c":true},"ix":2},"nm":"Path 1","mn":"ADBE Vector Shape - Group","hd":false},{"ty":"st","c":{"a":0,"k":[0,0,0,1],"ix":3},"o":{"a":0,"k":100,"ix":4},"w":{"a":0,"k":2,"ix":5},"lc":1,"lj":1,"ml":10,"bm":0,"nm":"Stroke 1","mn":"ADBE Vector Graphic - Stroke","hd":false},{"ty":"tr","p":{"a":0,"k":[10,10],"ix":2},"a":{"a":0,"k":[0,0],"ix":1},"s":{"a":0,"k":[100,100],"ix":3},"r":{"a":0,"k":0,"ix":6},"o":{"a":0,"k":100,"ix":7},"sk":{"a":0,"k":0,"ix":4},"sa":{"a":0,"k":0,"ix":5},"nm":"Transform"}],"nm":"Group 1","np":2,"cix":2,"bm":0,"ix":1,"mn":"ADBE Vector Group","hd":false}],"ip":0,"op":28,"st":0,"bm":0}],"markers":[]}