{"v":"5.5.8","fr":24,"ip":0,"op":28,"w":50,"h":50,"nm":"pos-terminal","ddd":0,"assets":[],"layers":[{"ddd":0,"ind":1,"ty":4,"nm":"POS Terminal","sr":1,"ks":{"o":{"a":0,"k":100,"ix":11},"r":{"a":0,"k":0,"ix":10},"p":{"a":1,"k":[{"i":{"x":0.3,"y":1},"o":{"x":0.333,"y":0},"t":5,"s":[23.6,20.5,0],"to":[0,-0.417,0],"ti":[0,0,0]},{"i":{"x":0.667,"y":1},"o":{"x":0.7,"y":0},"t":8,"s":[23.6,18,0],"to":[0,0,0],"ti":[0,-0.417,0]},{"i":{"x":0.833,"y":0.833},"o":{"x":0.167,"y":0.167},"t":10,"s":[23.6,20.5,0],"to":[0,0,0],"ti":[0,0,0]},{"i":{"x":0.3,"y":1},"o":{"x":0.333,"y":0},"t":17,"s":[23.6,20.5,0],"to":[0,-0.417,0],"ti":[0,0,0]},{"i":{"x":0.667,"y":1},"o":{"x":0.7,"y":0},"t":20,"s":[23.6,18,0],"to":[0,0,0],"ti":[0,-0.417,0]},{"t":22,"s":[23.6,20.5,0]}],"ix":2},"a":{"a":0,"k":[17.4,20.5,0],"ix":1},"s":{"a":0,"k":[100,100,100],"ix":6}},"ao":0,"shapes":[{"ty":"gr","it":[{"ind":0,"ty":"sh","ix":1,"ks":{"a":0,"k":{"i":[[0.596,0],[0,0],[0,0.623],[0,0],[-0.595,0],[0,0],[0,-0.623],[0,0]],"o":[[0,0],[-0.595,0],[0,0],[0,-0.623],[0,0],[0.596,0],[0,0],[0,0.623]],"v":[[7.395,4],[-7.395,4],[-8.5,2.844],[-8.5,-2.844],[-7.395,-4],[7.395,-4],[8.5,-2.844],[8.5,2.844]],"c":true},"ix":2},"nm":"Path 1","mn":"ADBE Vector Shape - Group","hd":false},{"ty":"st","c":{"a":0,"k":[0,0,0,1],"ix":3},"o":{"a":0,"k":100,"ix":4},"w":{"a":0,"k":2,"ix":5},"lc":2,"lj":2,"bm":0,"nm":"Stroke 1","mn":"ADBE Vector Graphic - Stroke","hd":false},{"ty":"tr","p":{"a":0,"k":[17.299,13],"ix":2},"a":{"a":0,"k":[0,0],"ix":1},"s":{"a":0,"k":[100,100],"ix":3},"r":{"a":0,"k":0,"ix":6},"o":{"a":0,"k":100,"ix":7},"sk":{"a":0,"k":0,"ix":4},"sa":{"a":0,"k":0,"ix":5},"nm":"Transform"}],"nm":"Group 1","np":2,"cix":2,"bm":0,"ix":1,"mn":"ADBE Vector Group","hd":false},{"ty":"gr","it":[{"ind":0,"ty":"sh","ix":1,"ks":{"a":0,"k":{"i":[[0.975,0],[0,0],[0,0.974],[0,0],[-0.974,0],[0,0],[0,-0.974],[0,0]],"o":[[0,0],[-0.974,0],[0,0],[0,-0.974],[0,0],[0.975,0],[0,0],[0,0.974]],"v":[[10.628,15.5],[-10.628,15.5],[-12.4,13.729],[-12.4,-13.729],[-10.628,-15.5],[10.628,-15.5],[12.4,-13.729],[12.4,13.729]],"c":true},"ix":2},"nm":"Path 1","mn":"ADBE Vector Shape - Group","hd":false},{"ty":"st","c":{"a":0,"k":[0,0,0,1],"ix":3},"o":{"a":0,"k":100,"ix":4},"w":{"a":0,"k":2,"ix":5},"lc":2,"lj":2,"bm":0,"nm":"Stroke 1","mn":"ADBE Vector Graphic - Stroke","hd":false},{"ty":"tr","p":{"a":0,"k":[17.399,20.5],"ix":2},"a":{"a":0,"k":[0,0],"ix":1},"s":{"a":0,"k":[100,100],"ix":3},"r":{"a":0,"k":0,"ix":6},"o":{"a":0,"k":100,"ix":7},"sk":{"a":0,"k":0,"ix":4},"sa":{"a":0,"k":0,"ix":5},"nm":"Transform"}],"nm":"Group 2","np":2,"cix":2,"bm":0,"ix":2,"mn":"ADBE Vector Group","hd":false},{"ty":"gr","it":[{"ind":0,"ty":"sh","ix":1,"ks":{"a":0,"k":{"i":[[0.429,0],[0,0],[0,0.384],[0,0],[-0.429,0],[0,0],[0,-0.384],[0,0]],"o":[[0,0],[-0.429,0],[0,0],[0,-0.384],[0,0],[0.429,0],[0,0],[0,0.384]],"v":[[1.758,6.5],[-1.757,6.5],[-2.529,5.808],[-2.529,4.192],[-1.757,3.5],[1.758,3.5],[2.529,4.192],[2.529,5.808]],"c":true},"ix":2},"nm":"Path 1","mn":"ADBE Vector Shape - Group","hd":false},{"ind":1,"ty":"sh","ix":2,"ks":{"a":0,"k":{"i":[[0.429,0],[0,0],[0,0.384],[0,0],[-0.429,0],[0,0],[0,-0.384],[0,0]],"o":[[0,0],[-0.429,0],[0,0],[0,-0.384],[0,0],[0.429,0],[0,0],[0,0.384]],"v":[[1.758,1.5],[-1.757,1.5],[-2.529,0.808],[-2.529,-0.808],[-1.757,-1.5],[1.758,-1.5],[2.529,-0.808],[2.529,0.808]],"c":true},"ix":2},"nm":"Path 2","mn":"ADBE Vector Shape - Group","hd":false},{"ind":2,"ty":"sh","ix":3,"ks":{"a":0,"k":{"i":[[0.429,0],[0,0],[0,0.384],[0,0],[-0.429,0],[0,0],[0,-0.384],[0,0]],"o":[[0,0],[-0.429,0],[0,0],[0,-0.384],[0,0],[0.429,0],[0,0],[0,0.384]],"v":[[1.758,-3.5],[-1.757,-3.5],[-2.529,-4.192],[-2.529,-5.808],[-1.757,-6.5],[1.758,-6.5],[2.529,-5.808],[2.529,-4.192]],"c":true},"ix":2},"nm":"Path 3","mn":"ADBE Vector Shape - Group","hd":false},{"ty":"mm","mm":1,"nm":"Merge Paths 1","mn":"ADBE Vector Filter - Merge","hd":false},{"ty":"fl","c":{"a":0,"k":[0,0,0,1],"ix":4},"o":{"a":0,"k":100,"ix":5},"r":1,"bm":0,"nm":"Fill 1","mn":"ADBE Vector Graphic - Fill","hd":false},{"ty":"tr","p":{"a":0,"k":[17.271,26.5],"ix":2},"a":{"a":0,"k":[0,0],"ix":1},"s":{"a":0,"k":[100,100],"ix":3},"r":{"a":0,"k":0,"ix":6},"o":{"a":0,"k":100,"ix":7},"sk":{"a":0,"k":0,"ix":4},"sa":{"a":0,"k":0,"ix":5},"nm":"Transform"}],"nm":"Group 3","np":5,"cix":2,"bm":0,"ix":3,"mn":"ADBE Vector Group","hd":false},{"ty":"gr","it":[{"ind":0,"ty":"sh","ix":1,"ks":{"a":0,"k":{"i":[[0.429,0],[0,0],[0,0.384],[0,0],[-0.427,0],[0,0],[0,-0.384],[0,0]],"o":[[0,0],[-0.427,0],[0,0],[0,-0.384],[0,0],[0.429,0],[0,0],[0,0.384]],"v":[[1.758,6.5],[-1.758,6.5],[-2.529,5.808],[-2.529,4.192],[-1.758,3.5],[1.758,3.5],[2.529,4.192],[2.529,5.808]],"c":true},"ix":2},"nm":"Path 1","mn":"ADBE Vector Shape - Group","hd":false},{"ind":1,"ty":"sh","ix":2,"ks":{"a":0,"k":{"i":[[0.429,0],[0,0],[0,0.384],[0,0],[-0.427,0],[0,0],[0,-0.384],[0,0]],"o":[[0,0],[-0.427,0],[0,0],[0,-0.384],[0,0],[0.429,0],[0,0],[0,0.384]],"v":[[1.758,1.5],[-1.758,1.5],[-2.529,0.808],[-2.529,-0.808],[-1.758,-1.5],[1.758,-1.5],[2.529,-0.808],[2.529,0.808]],"c":true},"ix":2},"nm":"Path 2","mn":"ADBE Vector Shape - Group","hd":false},{"ind":2,"ty":"sh","ix":3,"ks":{"a":0,"k":{"i":[[0.429,0],[0,0],[0,0.384],[0,0],[-0.427,0],[0,0],[0,-0.384],[0,0]],"o":[[0,0],[-0.427,0],[0,0],[0,-0.384],[0,0],[0.429,0],[0,0],[0,0.384]],"v":[[1.758,-3.5],[-1.758,-3.5],[-2.529,-4.192],[-2.529,-5.808],[-1.758,-6.5],[1.758,-6.5],[2.529,-5.808],[2.529,-4.192]],"c":true},"ix":2},"nm":"Path 3","mn":"ADBE Vector Shape - Group","hd":false},{"ty":"mm","mm":1,"nm":"Merge Paths 1","mn":"ADBE Vector Filter - Merge","hd":false},{"ty":"fl","c":{"a":0,"k":[0,0,0,1],"ix":4},"o":{"a":0,"k":100,"ix":5},"r":1,"bm":0,"nm":"Fill 1","mn":"ADBE Vector Graphic - Fill","hd":false},{"ty":"tr","p":{"a":0,"k":[24.271,26.5],"ix":2},"a":{"a":0,"k":[0,0],"ix":1},"s":{"a":0,"k":[100,100],"ix":3},"r":{"a":0,"k":0,"ix":6},"o":{"a":0,"k":100,"ix":7},"sk":{"a":0,"k":0,"ix":4},"sa":{"a":0,"k":0,"ix":5},"nm":"Transform"}],"nm":"Group 4","np":5,"cix":2,"bm":0,"ix":4,"mn":"ADBE Vector Group","hd":false},{"ty":"gr","it":[{"ind":0,"ty":"sh","ix":1,"ks":{"a":0,"k":{"i":[[0.429,0],[0,0],[0,0.384],[0,0],[-0.429,0],[0,0],[0,-0.384],[0,0]],"o":[[0,0],[-0.429,0],[0,0],[0,-0.384],[0,0],[0.429,0],[0,0],[0,0.384]],"v":[[1.758,6.5],[-1.757,6.5],[-2.529,5.808],[-2.529,4.192],[-1.757,3.5],[1.758,3.5],[2.529,4.192],[2.529,5.808]],"c":true},"ix":2},"nm":"Path 1","mn":"ADBE Vector Shape - Group","hd":false},{"ind":1,"ty":"sh","ix":2,"ks":{"a":0,"k":{"i":[[0.429,0],[0,0],[0,0.384],[0,0],[-0.429,0],[0,0],[0,-0.384],[0,0]],"o":[[0,0],[-0.429,0],[0,0],[0,-0.384],[0,0],[0.429,0],[0,0],[0,0.384]],"v":[[1.758,1.5],[-1.757,1.5],[-2.529,0.808],[-2.529,-0.808],[-1.757,-1.5],[1.758,-1.5],[2.529,-0.808],[2.529,0.808]],"c":true},"ix":2},"nm":"Path 2","mn":"ADBE Vector Shape - Group","hd":false},{"ind":2,"ty":"sh","ix":3,"ks":{"a":0,"k":{"i":[[0.429,0],[0,0],[0,0.384],[0,0],[-0.429,0],[0,0],[0,-0.384],[0,0]],"o":[[0,0],[-0.429,0],[0,0],[0,-0.384],[0,0],[0.429,0],[0,0],[0,0.384]],"v":[[1.758,-3.5],[-1.757,-3.5],[-2.529,-4.192],[-2.529,-5.808],[-1.757,-6.5],[1.758,-6.5],[2.529,-5.808],[2.529,-4.192]],"c":true},"ix":2},"nm":"Path 3","mn":"ADBE Vector Shape - Group","hd":false},{"ty":"mm","mm":1,"nm":"Merge Paths 1","mn":"ADBE Vector Filter - Merge","hd":false},{"ty":"fl","c":{"a":0,"k":[0,0,0,1],"ix":4},"o":{"a":0,"k":100,"ix":5},"r":1,"bm":0,"nm":"Fill 1","mn":"ADBE Vector Graphic - Fill","hd":false},{"ty":"tr","p":{"a":0,"k":[10.271,26.5],"ix":2},"a":{"a":0,"k":[0,0],"ix":1},"s":{"a":0,"k":[100,100],"ix":3},"r":{"a":0,"k":0,"ix":6},"o":{"a":0,"k":100,"ix":7},"sk":{"a":0,"k":0,"ix":4},"sa":{"a":0,"k":0,"ix":5},"nm":"Transform"}],"nm":"Group 5","np":5,"cix":2,"bm":0,"ix":5,"mn":"ADBE Vector Group","hd":false},{"ty":"gr","it":[{"ind":0,"ty":"sh","ix":1,"ks":{"a":0,"k":{"i":[[0,0],[0,0]],"o":[[0,0],[0,0]],"v":[[33.799,14],[33.799,33.2]],"c":false},"ix":2},"nm":"Path 1","mn":"ADBE Vector Shape - Group","hd":false},{"ty":"st","c":{"a":0,"k":[0,0,0,1],"ix":3},"o":{"a":0,"k":100,"ix":4},"w":{"a":0,"k":2,"ix":5},"lc":2,"lj":2,"bm":0,"nm":"Stroke 1","mn":"ADBE Vector Graphic - Stroke","hd":false},{"ty":"tr","p":{"a":0,"k":[0,0],"ix":2},"a":{"a":0,"k":[0,0],"ix":1},"s":{"a":0,"k":[100,100],"ix":3},"r":{"a":0,"k":0,"ix":6},"o":{"a":0,"k":100,"ix":7},"sk":{"a":0,"k":0,"ix":4},"sa":{"a":0,"k":0,"ix":5},"nm":"Transform"}],"nm":"Group 6","np":2,"cix":2,"bm":0,"ix":6,"mn":"ADBE Vector Group","hd":false}],"ip":0,"op":28,"st":0,"bm":0},{"ddd":0,"ind":2,"ty":4,"nm":"Mask ","parent":1,"td":1,"sr":1,"ks":{"o":{"a":0,"k":100,"ix":11},"r":{"a":0,"k":0,"ix":10},"p":{"a":0,"k":[18.299,38,0],"ix":2},"a":{"a":0,"k":[15.75,1.25,0],"ix":1},"s":{"a":0,"k":[100,100,100],"ix":6}},"ao":0,"shapes":[{"ty":"gr","it":[{"ind":0,"ty":"sh","ix":1,"ks":{"a":0,"k":{"i":[[0,0],[0,0],[0,0],[0,0]],"o":[[0,0],[0,0],[0,0],[0,0]],"v":[[15.5,1],[-15.5,1],[-15.5,-24.75],[15.5,-24.75]],"c":true},"ix":2},"nm":"Path 1","mn":"ADBE Vector Shape - Group","hd":false},{"ty":"fl","c":{"a":0,"k":[0,0,0,1],"ix":4},"o":{"a":0,"k":100,"ix":5},"r":1,"bm":0,"nm":"Fill 1","mn":"ADBE Vector Graphic - Fill","hd":false},{"ty":"tr","p":{"a":0,"k":[15.75,1.25],"ix":2},"a":{"a":0,"k":[0,0],"ix":1},"s":{"a":0,"k":[100,100],"ix":3},"r":{"a":0,"k":0,"ix":6},"o":{"a":0,"k":100,"ix":7},"sk":{"a":0,"k":0,"ix":4},"sa":{"a":0,"k":0,"ix":5},"nm":"Transform"}],"nm":"Group 1","np":2,"cix":2,"bm":0,"ix":1,"mn":"ADBE Vector Group","hd":false}],"ip":0,"op":28,"st":0,"bm":0},{"ddd":0,"ind":3,"ty":4,"nm":"Bank Card ","tt":2,"sr":1,"ks":{"o":{"a":0,"k":100,"ix":11},"r":{"a":0,"k":0,"ix":10},"p":{"a":1,"k":[{"i":{"x":0.667,"y":1},"o":{"x":0.333,"y":0},"t":3,"s":[23.471,63.5,0],"to":[0,-5.333,0],"ti":[0,4.833,0]},{"i":{"x":0.667,"y":1},"o":{"x":0.333,"y":0},"t":7,"s":[23.471,31.5,0],"to":[0,-4.833,0],"ti":[0,-0.5,0]},{"i":{"x":0.833,"y":0.833},"o":{"x":0.167,"y":0.167},"t":10,"s":[23.471,34.5,0],"to":[0,0,0],"ti":[0,0,0]},{"i":{"x":0.667,"y":1},"o":{"x":0.333,"y":0},"t":17,"s":[23.471,34.5,0],"to":[0,-0.5,0],"ti":[0,-4.833,0]},{"i":{"x":0.667,"y":1},"o":{"x":0.333,"y":0},"t":21,"s":[23.471,31.5,0],"to":[0,4.833,0],"ti":[0,-5.333,0]},{"t":24,"s":[23.471,63.5,0]}],"ix":2},"a":{"a":0,"k":[13.575,17,0],"ix":1},"s":{"a":0,"k":[100,100,100],"ix":6}},"ao":0,"shapes":[{"ty":"gr","it":[{"ind":0,"ty":"sh","ix":1,"ks":{"a":0,"k":{"i":[[0,0],[0,0],[0,0],[0,0]],"o":[[0,0],[0,0],[0,0],[0,0]],"v":[[-2.5,-12],[2.5,-12],[2.5,12],[-2.5,12]],"c":true},"ix":2},"nm":"Path 1","mn":"ADBE Vector Shape - Group","hd":false},{"ty":"fl","c":{"a":0,"k":[0,0,0,1],"ix":4},"o":{"a":0,"k":100,"ix":5},"r":1,"bm":0,"nm":"Fill 1","mn":"ADBE Vector Graphic - Fill","hd":false},{"ty":"tr","p":{"a":0,"k":[15.5,17],"ix":2},"a":{"a":0,"k":[0,0],"ix":1},"s":{"a":0,"k":[100,100],"ix":3},"r":{"a":0,"k":0,"ix":6},"o":{"a":0,"k":100,"ix":7},"sk":{"a":0,"k":0,"ix":4},"sa":{"a":0,"k":0,"ix":5},"nm":"Transform"}],"nm":"Group 1","np":2,"cix":2,"bm":0,"ix":1,"mn":"ADBE Vector Group","hd":false},{"ty":"gr","it":[{"ind":0,"ty":"sh","ix":1,"ks":{"a":0,"k":{"i":[[0,0],[0,0],[-1.499,0],[0,0],[0,1.6],[0,0],[0,0],[0,0],[1.406,0],[0,0],[0,-1.5],[0,0]],"o":[[0,0],[0,1.5],[0,0],[1.406,0],[0,0],[0,0],[0,0],[0,-1.6],[0,0],[-1.499,0],[0,0],[0,0]],"v":[[-8.575,2],[-8.575,9.2],[-5.951,12],[5.951,12],[8.575,9.2],[8.575,2],[8.575,-2],[8.575,-9.2],[5.951,-12],[-5.951,-12],[-8.575,-9.2],[-8.575,-2]],"c":true},"ix":2},"nm":"Path 1","mn":"ADBE Vector Shape - Group","hd":false},{"ty":"st","c":{"a":0,"k":[0,0,0,1],"ix":3},"o":{"a":0,"k":100,"ix":4},"w":{"a":0,"k":2,"ix":5},"lc":1,"lj":2,"bm":0,"nm":"Stroke 1","mn":"ADBE Vector Graphic - Stroke","hd":false},{"ty":"tr","p":{"a":0,"k":[13.575,17],"ix":2},"a":{"a":0,"k":[0,0],"ix":1},"s":{"a":0,"k":[100,100],"ix":3},"r":{"a":0,"k":0,"ix":6},"o":{"a":0,"k":100,"ix":7},"sk":{"a":0,"k":0,"ix":4},"sa":{"a":0,"k":0,"ix":5},"nm":"Transform"}],"nm":"Group 2","np":2,"cix":2,"bm":0,"ix":2,"mn":"ADBE Vector Group","hd":false}],"ip":0,"op":28,"st":0,"bm":0}],"markers":[]}